{
  "results": [
    {
      "command": "cargo build --jobs 16 --release --example breakout",
      "mean": 91.49505299278,
      "stddev": 0.7916643658992782,
      "median": 91.43298078378001,
      "user": 1280.6915401,
      "system": 31.162982759999995,
      "min": 90.52600686828,
      "max": 93.08212322628,
      "times": [
        92.16398323628,
        90.52600686828,
        91.82641044528,
        91.85569990928,
        91.02252559528,
        91.81411862928,
        90.70762987728,
        93.08212322628,
        90.90018920228,
        91.05184293828
      ],
      "exit_codes": [
        0,
        0,
        0,
        0,
        0,
        0,
        0,
        0,
        0,
        0
      ]
    }
  ]
}
