{
  "results": [
    {
      "command": "cargo build --jobs 8 --release --example breakout",
      "mean": 133.98400482666,
      "stddev": 0.3462868652503245,
      "median": 133.92765456326003,
      "user": 1023.2568940399999,
      "system": 24.995518119999993,
      "min": 133.59428523376002,
      "max": 134.74999208976,
      "times": [
        133.59428523376002,
        133.74453297676,
        134.74999208976,
        133.63452965576002,
        134.30532933476002,
        134.15698498476002,
        133.84319461076,
        133.95589025376,
        133.90536552976002,
        133.94994359676002
      ],
      "exit_codes": [
        0,
        0,
        0,
        0,
        0,
        0,
        0,
        0,
        0,
        0
      ]
    }
  ]
}
