{
  "results": [
    {
      "command": "cargo build --jobs 16 --release --example breakout",
      "mean": 89.34705964478,
      "stddev": 0.7908754151262064,
      "median": 89.05744192838,
      "user": 1278.10105882,
      "system": 30.672893499999997,
      "min": 88.42155828188,
      "max": 90.80868461588,
      "times": [
        89.59731753188,
        89.26737206188,
        88.96337267688,
        88.88431447488,
        90.64979002188,
        89.04175940188,
        88.76330292588,
        88.42155828188,
        90.80868461588,
        89.07312445488
      ],
      "exit_codes": [
        0,
        0,
        0,
        0,
        0,
        0,
        0,
        0,
        0,
        0
      ]
    }
  ]
}
