{
  "results": [
    {
      "command": "cargo build --jobs 8 --release --example breakout",
      "mean": 132.18948632756,
      "stddev": 0.08889950080610165,
      "median": 132.17187936606,
      "user": 1020.7142363999999,
      "system": 24.5892031,
      "min": 132.02535816905998,
      "max": 132.32893410806,
      "times": [
        132.02535816905998,
        132.27529172606,
        132.13444718105998,
        132.24829684006,
        132.17927327106,
        132.25690591705998,
        132.32893410806,
        132.16220323006,
        132.11966737205998,
        132.16448546106
      ],
      "exit_codes": [
        0,
        0,
        0,
        0,
        0,
        0,
        0,
        0,
        0,
        0
      ]
    }
  ]
}
