{
  "results": [
    {
      "command": "cargo build --jobs 16 --release --example breakout",
      "mean": 75.04492499332,
      "stddev": 0.42156220191373556,
      "median": 75.13160546062,
      "user": 1132.73282956,
      "system": 29.375456039999996,
      "min": 74.35815682312,
      "max": 75.53565337012,
      "times": [
        75.20537624712,
        74.83908105912,
        74.49256323412,
        75.52202622512,
        75.05783467412,
        75.38719071312,
        74.35815682312,
        75.31557083412001,
        74.73579675312,
        75.53565337012
      ],
      "exit_codes": [
        0,
        0,
        0,
        0,
        0,
        0,
        0,
        0,
        0,
        0
      ]
    }
  ]
}
