{
  "results": [
    {
      "command": "cargo build --jobs 8 --release --example breakout",
      "mean": 117.16995595230003,
      "stddev": 0.2366130183075631,
      "median": 117.1305719839,
      "user": 902.3013679599999,
      "system": 23.67125386,
      "min": 116.8810410764,
      "max": 117.7203799754,
      "times": [
        117.0486046594,
        117.7203799754,
        117.0202193474,
        117.1750567494,
        117.23502850839999,
        116.8810410764,
        117.0860872184,
        117.3436467944,
        117.2120300844,
        116.9774651094
      ],
      "exit_codes": [
        0,
        0,
        0,
        0,
        0,
        0,
        0,
        0,
        0,
        0
      ]
    }
  ]
}
