{
  "results": [
    {
      "command": "cargo build --jobs 16 --release --example breakout",
      "mean": 75.49179058586,
      "stddev": 0.2059662182023199,
      "median": 75.53888280916,
      "user": 1141.8731680799997,
      "system": 29.571066459999997,
      "min": 75.13439952166,
      "max": 75.76419427066,
      "times": [
        75.67863010166,
        75.63981416066,
        75.23415290466,
        75.76419427066,
        75.54615254766,
        75.13439952166,
        75.53161307066,
        75.41284714966,
        75.63949141966,
        75.33661071166
      ],
      "exit_codes": [
        0,
        0,
        0,
        0,
        0,
        0,
        0,
        0,
        0,
        0
      ]
    }
  ]
}
