{
  "results": [
    {
      "command": "cargo build --jobs 8 --release --example breakout",
      "mean": 117.92056986359998,
      "stddev": 1.0262416962927714,
      "median": 117.4889625896,
      "user": 903.5503096799999,
      "system": 23.92853374,
      "min": 117.3263983801,
      "max": 120.6837957531,
      "times": [
        117.3486047091,
        117.4294429561,
        117.3263983801,
        117.54848222310001,
        118.29437850810001,
        117.4105528731,
        117.7872352351,
        118.0474734781,
        117.3293345201,
        120.6837957531
      ],
      "exit_codes": [
        0,
        0,
        0,
        0,
        0,
        0,
        0,
        0,
        0,
        0
      ]
    }
  ]
}
