{
  "results": [
    {
      "command": "cargo build --jobs 16 --release --example breakout",
      "mean": 73.18062903962,
      "stddev": 0.37485684433777827,
      "median": 73.10806508742,
      "user": 1035.7323506,
      "system": 27.73108214,
      "min": 72.65506317242,
      "max": 74.12070275742,
      "times": [
        73.12602711942,
        73.06685679642,
        73.20084858842,
        73.27994809142001,
        73.07772545042,
        72.65506317242,
        73.09010305542,
        73.24431477842,
        72.94470058642,
        74.12070275742
      ],
      "exit_codes": [
        0,
        0,
        0,
        0,
        0,
        0,
        0,
        0,
        0,
        0
      ]
    }
  ]
}
