{
  "results": [
    {
      "command": "cargo build --jobs 8 --release --example breakout",
      "mean": 109.52366302234,
      "stddev": 0.18897773524053796,
      "median": 109.50015273854001,
      "user": 825.7199075599999,
      "system": 21.87816758,
      "min": 109.16448136104,
      "max": 109.80163791004,
      "times": [
        109.40285680603999,
        109.73057657304,
        109.80163791004,
        109.16448136104,
        109.47769484104,
        109.47619542704,
        109.52261063604,
        109.52606744404,
        109.40985256704,
        109.72465665804
      ],
      "exit_codes": [
        0,
        0,
        0,
        0,
        0,
        0,
        0,
        0,
        0,
        0
      ]
    }
  ]
}
