{
  "results": [
    {
      "command": "cargo build --jobs 8 --release --example breakout",
      "mean": 118.16749493504001,
      "stddev": 3.324168081855949,
      "median": 117.10847852014,
      "user": 902.4365974599999,
      "system": 24.781162639999998,
      "min": 117.06239862614,
      "max": 127.62759220214,
      "times": [
        117.10538402214,
        117.08645222214,
        117.09970705514,
        117.12368754914,
        127.62759220214,
        117.19025518414,
        117.09317575214,
        117.06239862614,
        117.11157301813999,
        117.17472371914
      ],
      "exit_codes": [
        0,
        0,
        0,
        0,
        0,
        0,
        0,
        0,
        0,
        0
      ]
    }
  ]
}
