{
  "results": [
    {
      "command": "cargo build --jobs 16 --release --example breakout",
      "mean": 75.11382556726001,
      "stddev": 0.3611603396886681,
      "median": 75.07923880586,
      "user": 1138.84428256,
      "system": 30.41495678,
      "min": 74.67907207036001,
      "max": 75.68293005336001,
      "times": [
        74.73579583536001,
        74.70592381236,
        74.67907207036001,
        75.24280721336001,
        75.28980502736,
        75.64976792836,
        75.68293005336001,
        75.07281027136,
        75.08566734036,
        74.99367612036
      ],
      "exit_codes": [
        0,
        0,
        0,
        0,
        0,
        0,
        0,
        0,
        0,
        0
      ]
    }
  ]
}
