{
  "results": [
    {
      "command": "cargo build --jobs 16 --release --example breakout",
      "mean": 95.84498967473999,
      "stddev": 0.9534829038067406,
      "median": 95.35362626464,
      "user": 1345.17992242,
      "system": 33.268183220000004,
      "min": 94.74747785964,
      "max": 97.33271644764,
      "times": [
        95.18359945264,
        97.04973025964,
        95.06981668864,
        96.61568241264,
        95.42358273964,
        96.64203902164,
        95.10158207564,
        95.28366978964,
        94.74747785964,
        97.33271644764
      ],
      "exit_codes": [
        0,
        0,
        0,
        0,
        0,
        0,
        0,
        0,
        0,
        0
      ]
    }
  ]
}
