{
  "results": [
    {
      "command": "cargo build --jobs 8 --release --example breakout",
      "mean": 127.09407892565999,
      "stddev": 0.7418172192570041,
      "median": 126.68378382116,
      "user": 974.5560045199998,
      "system": 24.47336242,
      "min": 126.38067700766,
      "max": 128.54354214966,
      "times": [
        127.57565854766,
        126.38067700766,
        126.56849426566001,
        126.71554012066,
        127.74860778166,
        126.39439117466,
        126.65043767366001,
        126.65202752166,
        127.71141301366,
        128.54354214966
      ],
      "exit_codes": [
        0,
        0,
        0,
        0,
        0,
        0,
        0,
        0,
        0,
        0
      ]
    }
  ]
}
