{
  "results": [
    {
      "command": "cargo build --jobs 8 --release --example breakout",
      "mean": 130.36479294418,
      "stddev": 0.18373930996793778,
      "median": 130.32527860168,
      "user": 998.21492798,
      "system": 24.56433404,
      "min": 130.14633009368,
      "max": 130.76336163068,
      "times": [
        130.21266168768,
        130.35344185668,
        130.28118583168,
        130.14633009368,
        130.29711534668002,
        130.44506196468,
        130.76336163068,
        130.41425218768,
        130.53083435668,
        130.20368448568001
      ],
      "exit_codes": [
        0,
        0,
        0,
        0,
        0,
        0,
        0,
        0,
        0,
        0
      ]
    }
  ]
}
