{
  "results": [
    {
      "command": "cargo build --jobs 8 --release --example breakout",
      "mean": 131.19236246251998,
      "stddev": 0.2365860720323467,
      "median": 131.12832022102,
      "user": 1007.15606902,
      "system": 24.82443076,
      "min": 130.92906165902,
      "max": 131.69006593102,
      "times": [
        131.02479039902,
        131.12972015302,
        130.96741759602,
        131.69006593102,
        131.42647441102,
        131.14073719702,
        131.12692028902,
        131.38019951302,
        130.92906165902,
        131.10823747702
      ],
      "exit_codes": [
        0,
        0,
        0,
        0,
        0,
        0,
        0,
        0,
        0,
        0
      ]
    }
  ]
}
