{
  "results": [
    {
      "command": "cargo build --jobs 8 --release --example breakout",
      "mean": 134.45787935366,
      "stddev": 0.2096174830877186,
      "median": 134.40396301296,
      "user": 1029.0745425799998,
      "system": 24.63650828,
      "min": 134.23029759696,
      "max": 134.76239433996,
      "times": [
        134.27036534796,
        134.59324351196,
        134.42099820696,
        134.72887034396,
        134.38692781896,
        134.76239433996,
        134.23029759696,
        134.29496255596,
        134.23233856296,
        134.65839525096
      ],
      "exit_codes": [
        0,
        0,
        0,
        0,
        0,
        0,
        0,
        0,
        0,
        0
      ]
    }
  ]
}
