{
  "results": [
    {
      "command": "cargo build --jobs 16 --release --example breakout",
      "mean": 92.31955933767999,
      "stddev": 1.122071167368874,
      "median": 91.99396800707999,
      "user": 1289.6347123399999,
      "system": 30.856524899999993,
      "min": 91.22662504658,
      "max": 94.35625535257999,
      "times": [
        93.02302953857999,
        91.56098263157999,
        91.26961899257999,
        91.22662504658,
        93.27542625158,
        91.35258438758,
        93.34041753958,
        92.42695338258,
        91.36370025357999,
        94.35625535257999
      ],
      "exit_codes": [
        0,
        0,
        0,
        0,
        0,
        0,
        0,
        0,
        0,
        0
      ]
    }
  ]
}
