{
  "results": [
    {
      "command": "cargo build --jobs 8 --release --example breakout",
      "mean": 119.84829447012001,
      "stddev": 0.1288285881542206,
      "median": 119.85551675642,
      "user": 907.3557341200001,
      "system": 24.728208820000003,
      "min": 119.56058943542,
      "max": 120.02467384741999,
      "times": [
        120.02467384741999,
        119.92760597441999,
        119.81112341641999,
        119.99526935041999,
        119.85255241041999,
        119.78924620241999,
        119.85848110242,
        119.79965068541999,
        119.86375227641999,
        119.56058943542
      ],
      "exit_codes": [
        0,
        0,
        0,
        0,
        0,
        0,
        0,
        0,
        0,
        0
      ]
    }
  ]
}
