{
  "results": [
    {
      "command": "cargo build --jobs 16 --release --example breakout",
      "mean": 78.41839596772,
      "stddev": 1.4055367717716707,
      "median": 78.02442208132,
      "user": 1141.06693176,
      "system": 30.212986519999998,
      "min": 77.51639737682,
      "max": 82.37048154282,
      "times": [
        78.02520056882,
        77.73852749082,
        82.37048154282,
        78.02364359382,
        77.91740239382,
        77.51639737682,
        78.00652498882,
        78.24908777882,
        78.15783584282,
        78.17885809982
      ],
      "exit_codes": [
        0,
        0,
        0,
        0,
        0,
        0,
        0,
        0,
        0,
        0
      ]
    }
  ]
}
