{
  "results": [
    {
      "command": "cargo build --jobs 8 --release --example breakout",
      "mean": 120.05789192249999,
      "stddev": 0.12323428365420153,
      "median": 120.085506758,
      "user": 908.5469439599999,
      "system": 24.522706039999996,
      "min": 119.86161019699999,
      "max": 120.22497754499999,
      "times": [
        119.884102622,
        120.22497754499999,
        120.143901182,
        120.173059455,
        119.86161019699999,
        120.06957778099999,
        119.988705556,
        120.101435735,
        119.98694388999999,
        120.144605262
      ],
      "exit_codes": [
        0,
        0,
        0,
        0,
        0,
        0,
        0,
        0,
        0,
        0
      ]
    }
  ]
}
