{
  "results": [
    {
      "command": "cargo build --jobs 16 --release --example breakout",
      "mean": 77.52022899591998,
      "stddev": 0.1910274830826879,
      "median": 77.48810761691999,
      "user": 1144.3011618,
      "system": 30.13687422,
      "min": 77.29189808092,
      "max": 77.94420477592,
      "times": [
        77.49163179892,
        77.48458343492,
        77.47917518092,
        77.38749693492,
        77.54701305192,
        77.34535813892,
        77.94420477592,
        77.50209611492,
        77.72883244692,
        77.29189808092
      ],
      "exit_codes": [
        0,
        0,
        0,
        0,
        0,
        0,
        0,
        0,
        0,
        0
      ]
    }
  ]
}
