{
  "results": [
    {
      "command": "cargo build --jobs 16 --release --example breakout",
      "mean": 80.1821415653,
      "stddev": 0.22030175581447595,
      "median": 80.2596729647,
      "user": 1154.72484904,
      "system": 30.253325,
      "min": 79.7935602737,
      "max": 80.4271087737,
      "times": [
        80.3801325237,
        80.1925364067,
        79.98837017369999,
        79.87236409069999,
        80.2607725427,
        79.7935602737,
        80.4271087737,
        80.3052645407,
        80.2585733867,
        80.34273294069999
      ],
      "exit_codes": [
        0,
        0,
        0,
        0,
        0,
        0,
        0,
        0,
        0,
        0
      ]
    }
  ]
}
