{
  "results": [
    {
      "command": "cargo build --jobs 8 --release --example breakout",
      "mean": 120.15672071162003,
      "stddev": 0.14842198182250993,
      "median": 120.12622005942,
      "user": 909.72792106,
      "system": 24.10866112,
      "min": 119.94573419092,
      "max": 120.33905555092,
      "times": [
        120.06708041492,
        120.32553582092,
        120.32473092092,
        120.33905555092,
        120.11812439892,
        120.25048481492,
        119.94573419092,
        119.94927758892,
        120.11286769492,
        120.13431571992
      ],
      "exit_codes": [
        0,
        0,
        0,
        0,
        0,
        0,
        0,
        0,
        0,
        0
      ]
    }
  ]
}
