{
  "results": [
    {
      "command": "cargo build --jobs 16 --release --example breakout",
      "mean": 77.36114371264,
      "stddev": 0.07107859565515266,
      "median": 77.35894547374,
      "user": 1146.62794302,
      "system": 29.516886459999995,
      "min": 77.27856401273999,
      "max": 77.43948865173999,
      "times": [
        77.31669418274,
        77.28202268173999,
        77.28087680574,
        77.39600837274,
        77.32188257474,
        77.27856401273999,
        77.42947016773999,
        77.43633811474,
        77.43009156174,
        77.43948865173999
      ],
      "exit_codes": [
        0,
        0,
        0,
        0,
        0,
        0,
        0,
        0,
        0,
        0
      ]
    }
  ]
}
