{
  "results": [
    {
      "command": "cargo build --jobs 8 --release --example breakout",
      "mean": 134.49758024426,
      "stddev": 0.18757932188481988,
      "median": 134.55401076466,
      "user": 1029.0736535199999,
      "system": 24.55823074,
      "min": 134.23074540266,
      "max": 134.75719341266,
      "times": [
        134.66908853966,
        134.35988627266,
        134.23074540266,
        134.75719341266,
        134.30636189866001,
        134.65851326866002,
        134.56593388966002,
        134.60825883966,
        134.54208763966,
        134.27773327866
      ],
      "exit_codes": [
        0,
        0,
        0,
        0,
        0,
        0,
        0,
        0,
        0,
        0
      ]
    }
  ]
}
