{
  "results": [
    {
      "command": "cargo build --jobs 8 --release --example breakout",
      "mean": 143.60114789008,
      "stddev": 0.12745324245924874,
      "median": 143.58422035638,
      "user": 1095.59547024,
      "system": 26.81126852,
      "min": 143.44974047438,
      "max": 143.84880296538,
      "times": [
        143.46947680038,
        143.44974047438,
        143.84880296538,
        143.46129711938,
        143.64259100438,
        143.71472897038,
        143.59343500838,
        143.57500570438,
        143.56408556937998,
        143.69231528438
      ],
      "exit_codes": [
        0,
        0,
        0,
        0,
        0,
        0,
        0,
        0,
        0,
        0
      ]
    }
  ]
}
