{
  "results": [
    {
      "command": "cargo build --jobs 8 --release --example breakout",
      "mean": 120.17393131134,
      "stddev": 0.1252478767552797,
      "median": 120.15220982804,
      "user": 909.54919568,
      "system": 24.129309080000002,
      "min": 120.00927601154,
      "max": 120.40132403054,
      "times": [
        120.00927601154,
        120.20505992353999,
        120.36288062554,
        120.15352190054,
        120.18281613053999,
        120.08018154154,
        120.40132403054,
        120.15089775554,
        120.05227993653999,
        120.14107525754
      ],
      "exit_codes": [
        0,
        0,
        0,
        0,
        0,
        0,
        0,
        0,
        0,
        0
      ]
    }
  ]
}
