{
  "results": [
    {
      "command": "cargo build --jobs 16 --release --example breakout",
      "mean": 77.39947463888001,
      "stddev": 0.14955664346636646,
      "median": 77.35852332808,
      "user": 1145.89845652,
      "system": 29.712603660000003,
      "min": 77.15273112358,
      "max": 77.63169256058,
      "times": [
        77.32872569158,
        77.38832096458,
        77.29149962758001,
        77.30556903858,
        77.53275649258,
        77.63169256058,
        77.30411697358001,
        77.15273112358,
        77.52150358558,
        77.53783033058001
      ],
      "exit_codes": [
        0,
        0,
        0,
        0,
        0,
        0,
        0,
        0,
        0,
        0
      ]
    }
  ]
}
