{
  "results": [
    {
      "command": "cargo build --jobs 16 --release --example breakout",
      "mean": 98.11306117017999,
      "stddev": 0.5179057322027953,
      "median": 98.03072752978,
      "user": 1358.0593821999996,
      "system": 33.74432928,
      "min": 97.28460650628,
      "max": 98.99917737328,
      "times": [
        97.59580392828,
        98.55728681328,
        98.06959556628,
        97.94724962728,
        97.28460650628,
        97.72547445228001,
        97.99185949328,
        98.99917737328,
        98.56447450728001,
        98.39508343428001
      ],
      "exit_codes": [
        0,
        0,
        0,
        0,
        0,
        0,
        0,
        0,
        0,
        0
      ]
    }
  ]
}
