{
  "results": [
    {
      "command": "cargo build --jobs 8 --release --example breakout",
      "mean": 143.58317453427998,
      "stddev": 0.22520029891988624,
      "median": 143.60761237728,
      "user": 1097.3738356,
      "system": 27.345001259999997,
      "min": 143.10720927978,
      "max": 143.83057815177997,
      "times": [
        143.60438046378,
        143.60326174577997,
        143.69801647378,
        143.80924535277998,
        143.76254638577998,
        143.10720927978,
        143.35016187477999,
        143.83057815177997,
        143.61084429078,
        143.45550132378
      ],
      "exit_codes": [
        0,
        0,
        0,
        0,
        0,
        0,
        0,
        0,
        0,
        0
      ]
    }
  ]
}
