{
  "results": [
    {
      "command": "cargo build --jobs 16 --release --example breakout",
      "mean": 98.23375830646,
      "stddev": 2.1112802217058473,
      "median": 98.03051554886,
      "user": 1374.26904102,
      "system": 33.95430528000001,
      "min": 95.96582623036001,
      "max": 103.73857435236,
      "times": [
        97.53830582036,
        95.96582623036001,
        98.02389156036,
        103.73857435236,
        98.23169481336001,
        98.35377379036,
        98.03713953736,
        96.23296832436,
        97.94139575636,
        98.27401287936
      ],
      "exit_codes": [
        0,
        0,
        0,
        0,
        0,
        0,
        0,
        0,
        0,
        0
      ]
    }
  ]
}
