{
  "results": [
    {
      "command": "cargo build --jobs 8 --release --example breakout",
      "mean": 106.62508063395998,
      "stddev": 0.3714035041996957,
      "median": 106.62888850486,
      "user": 804.43121172,
      "system": 21.905487500000003,
      "min": 106.19610281936,
      "max": 107.45807425135999,
      "times": [
        106.56658641035999,
        106.80080443736,
        106.59784328936,
        106.72139809235999,
        106.19610281936,
        106.65993372036,
        106.77047312136,
        106.23885191536,
        106.24073828236,
        107.45807425135999
      ],
      "exit_codes": [
        0,
        0,
        0,
        0,
        0,
        0,
        0,
        0,
        0,
        0
      ]
    }
  ]
}
