{
  "results": [
    {
      "command": "cargo build --jobs 8 --release --example breakout",
      "mean": 134.52453653586002,
      "stddev": 0.14465683485216757,
      "median": 134.53805126736,
      "user": 1028.8015176600002,
      "system": 24.613387080000003,
      "min": 134.21779329086002,
      "max": 134.73062797586002,
      "times": [
        134.54341494086,
        134.21779329086002,
        134.56143053486,
        134.65003853186002,
        134.52529994786002,
        134.63178791286,
        134.53268759386,
        134.73062797586002,
        134.38512853286,
        134.46715609686
      ],
      "exit_codes": [
        0,
        0,
        0,
        0,
        0,
        0,
        0,
        0,
        0,
        0
      ]
    }
  ]
}
