{
  "results": [
    {
      "command": "cargo build --jobs 8 --release --example breakout",
      "mean": 120.14946293092001,
      "stddev": 0.12468903457144218,
      "median": 120.11651310152,
      "user": 909.43447796,
      "system": 24.198357140000002,
      "min": 119.99788897552,
      "max": 120.41520453252,
      "times": [
        120.12196359652,
        120.16850722752,
        120.09569110752,
        120.41520453252,
        120.22496056852,
        120.05854312652,
        120.26633472952,
        120.11106260652,
        120.03447283852,
        119.99788897552
      ],
      "exit_codes": [
        0,
        0,
        0,
        0,
        0,
        0,
        0,
        0,
        0,
        0
      ]
    }
  ]
}
