{
  "results": [
    {
      "command": "cargo build --jobs 8 --release --example breakout",
      "mean": 120.34771273187998,
      "stddev": 0.2667290742323619,
      "median": 120.33827390517999,
      "user": 910.14099414,
      "system": 24.09014224,
      "min": 120.03037963618,
      "max": 120.85090751418,
      "times": [
        120.11552866218,
        120.56002413318,
        120.43675530418,
        120.23979250618,
        120.45601047618,
        120.85090751418,
        120.55710639418,
        120.16134647017999,
        120.06927622218,
        120.03037963618
      ],
      "exit_codes": [
        0,
        0,
        0,
        0,
        0,
        0,
        0,
        0,
        0,
        0
      ]
    }
  ]
}
