{
  "results": [
    {
      "command": "cargo build --jobs 16 --release --example breakout",
      "mean": 77.35420095923999,
      "stddev": 0.09648244535733078,
      "median": 77.31161635614001,
      "user": 1145.75952784,
      "system": 29.605880599999995,
      "min": 77.21078390614,
      "max": 77.50972733214,
      "times": [
        77.29457034514,
        77.48140491014,
        77.50972733214,
        77.45444654314,
        77.30546730014,
        77.30897499614,
        77.31425771614,
        77.29830942814,
        77.21078390614,
        77.36406711514
      ],
      "exit_codes": [
        0,
        0,
        0,
        0,
        0,
        0,
        0,
        0,
        0,
        0
      ]
    }
  ]
}
