{
  "results": [
    {
      "command": "cargo build --jobs 8 --release --example breakout",
      "mean": 117.33844896064,
      "stddev": 0.0938375520553969,
      "median": 117.36729509224,
      "user": 903.8847267800002,
      "system": 24.860678739999994,
      "min": 117.19036842924,
      "max": 117.44571390224,
      "times": [
        117.19036842924,
        117.23496697524,
        117.37621941124,
        117.44035060324,
        117.21010164524,
        117.44571390224,
        117.33898969524,
        117.35837077324,
        117.38773241024,
        117.40167576124
      ],
      "exit_codes": [
        0,
        0,
        0,
        0,
        0,
        0,
        0,
        0,
        0,
        0
      ]
    }
  ]
}
