{
  "results": [
    {
      "command": "cargo build --jobs 16 --release --example breakout",
      "mean": 75.31799137402,
      "stddev": 0.3514288398554467,
      "median": 75.37193550051998,
      "user": 1139.98931522,
      "system": 30.48166312,
      "min": 74.69869581751999,
      "max": 75.92630041352,
      "times": [
        75.31711203152,
        75.92630041352,
        75.47375279152,
        75.46692736252,
        75.01887017851999,
        75.59151640051999,
        74.94286774352,
        75.39039850351999,
        75.35347249751999,
        74.69869581751999
      ],
      "exit_codes": [
        0,
        0,
        0,
        0,
        0,
        0,
        0,
        0,
        0,
        0
      ]
    }
  ]
}
