{
  "results": [
    {
      "command": "cargo build --jobs 16 --release --example breakout",
      "mean": 78.0623902975,
      "stddev": 0.4027714231990211,
      "median": 78.084193062,
      "user": 1139.2363368799997,
      "system": 29.612606699999994,
      "min": 77.5361239015,
      "max": 78.8403831505,
      "times": [
        77.9922089985,
        78.29943603550001,
        77.6092088445,
        78.0709348135,
        77.5361239015,
        78.8403831505,
        78.20031173950001,
        78.0974513105,
        78.3632113415,
        77.6146328395
      ],
      "exit_codes": [
        0,
        0,
        0,
        0,
        0,
        0,
        0,
        0,
        0,
        0
      ]
    }
  ]
}
