{
  "results": [
    {
      "command": "cargo build --jobs 8 --release --example breakout",
      "mean": 130.49353711145997,
      "stddev": 0.2869262872009126,
      "median": 130.41561468696,
      "user": 1001.0554887199999,
      "system": 24.886341299999998,
      "min": 130.15560779446,
      "max": 130.97994676046,
      "times": [
        130.85710568346,
        130.37781475646,
        130.97994676046,
        130.41048658446,
        130.25682345546,
        130.74744710546,
        130.42074278946,
        130.15560779446,
        130.56303729645998,
        130.16635888846
      ],
      "exit_codes": [
        0,
        0,
        0,
        0,
        0,
        0,
        0,
        0,
        0,
        0
      ]
    }
  ]
}
