{
  "results": [
    {
      "command": "cargo build --jobs 16 --release --example breakout",
      "mean": 89.57183151157999,
      "stddev": 0.6607535618738175,
      "median": 89.59266398887999,
      "user": 1251.98544482,
      "system": 30.96374022,
      "min": 88.16397148288,
      "max": 90.59500591688,
      "times": [
        90.22702560588,
        89.39222227088,
        90.59500591688,
        89.88423315188,
        88.16397148288,
        89.65089104088,
        89.53443693688,
        89.84432644188,
        89.18155023788,
        89.24465202988
      ],
      "exit_codes": [
        0,
        0,
        0,
        0,
        0,
        0,
        0,
        0,
        0,
        0
      ]
    }
  ]
}
