{
  "results": [
    {
      "command": "cargo build --jobs 16 --release --example breakout",
      "mean": 79.76169995666,
      "stddev": 0.3522814433449745,
      "median": 79.75849755115999,
      "user": 1200.9863851999999,
      "system": 30.709525860000003,
      "min": 79.21598784766,
      "max": 80.38817249866,
      "times": [
        79.62931027565999,
        79.21598784766,
        79.60688445966,
        80.38817249866,
        80.11485428566,
        79.88768482665999,
        79.96319954965999,
        79.89673913266,
        79.46560178966,
        79.44856490066
      ],
      "exit_codes": [
        0,
        0,
        0,
        0,
        0,
        0,
        0,
        0,
        0,
        0
      ]
    }
  ]
}
