{
  "results": [
    {
      "command": "cargo build --jobs 8 --release --example breakout",
      "mean": 133.0498691852,
      "stddev": 3.002883429125886,
      "median": 132.108114726,
      "user": 1015.3904609799998,
      "system": 25.02823282,
      "min": 131.961365515,
      "max": 141.59211673000001,
      "times": [
        132.026785988,
        132.061731122,
        132.252143028,
        132.001134553,
        132.194494342,
        132.192691122,
        131.961365515,
        132.134533993,
        141.59211673000001,
        132.081695459
      ],
      "exit_codes": [
        0,
        0,
        0,
        0,
        0,
        0,
        0,
        0,
        0,
        0
      ]
    }
  ]
}
