{
  "results": [
    {
      "command": "cargo build --jobs 16 --release --example breakout",
      "mean": 90.11752442868,
      "stddev": 1.123818842429154,
      "median": 90.28804860208,
      "user": 1269.8839499199998,
      "system": 31.04710912,
      "min": 88.34842246657999,
      "max": 91.97527013358,
      "times": [
        90.82349014057999,
        90.15140412458,
        91.03973619258,
        89.08480073257999,
        88.34842246657999,
        91.97527013358,
        90.42469307958,
        89.20812692257999,
        90.90853033958,
        89.21077015457999
      ],
      "exit_codes": [
        0,
        0,
        0,
        0,
        0,
        0,
        0,
        0,
        0,
        0
      ]
    }
  ]
}
