{
  "results": [
    {
      "command": "cargo build --jobs 16 --release --example breakout",
      "mean": 78.00872251964,
      "stddev": 0.371933744801145,
      "median": 77.92745522714,
      "user": 1177.51019888,
      "system": 30.08786626,
      "min": 77.46473258214,
      "max": 78.61694653614,
      "times": [
        78.55430921914001,
        77.83040964714,
        78.00197646514,
        77.83386492814,
        78.61694653614,
        77.46473258214,
        77.86649190414,
        77.98841855014001,
        77.65309911014,
        78.27697625414001
      ],
      "exit_codes": [
        0,
        0,
        0,
        0,
        0,
        0,
        0,
        0,
        0,
        0
      ]
    }
  ]
}
