{
  "results": [
    {
      "command": "cargo build --jobs 8 --release --example breakout",
      "mean": 144.1341262218,
      "stddev": 1.7193062200168718,
      "median": 143.61465971489997,
      "user": 1095.48342326,
      "system": 27.09516242,
      "min": 143.41294238639998,
      "max": 149.01133785739998,
      "times": [
        143.4564690344,
        143.6654472114,
        143.7143564514,
        143.41294238639998,
        143.56387221839998,
        143.4317864924,
        143.8414110464,
        149.01133785739998,
        143.7014149314,
        143.5422245884
      ],
      "exit_codes": [
        0,
        0,
        0,
        0,
        0,
        0,
        0,
        0,
        0,
        0
      ]
    }
  ]
}
