{
  "results": [
    {
      "command": "cargo build --jobs 16 --release --example breakout",
      "mean": 97.15154671520001,
      "stddev": 1.0195806282106277,
      "median": 97.05248663120001,
      "user": 1374.99607002,
      "system": 33.460773679999996,
      "min": 95.89386435920001,
      "max": 98.4688965312,
      "times": [
        95.89386435920001,
        97.25716822720001,
        98.4688965312,
        96.24137955420001,
        98.31399107520001,
        96.84780503520001,
        97.7901778562,
        96.0070950642,
        98.33779233320001,
        96.3572971162
      ],
      "exit_codes": [
        0,
        0,
        0,
        0,
        0,
        0,
        0,
        0,
        0,
        0
      ]
    }
  ]
}
