{
  "results": [
    {
      "command": "cargo build --jobs 16 --release --example breakout",
      "mean": 92.22024941525999,
      "stddev": 1.246323736386541,
      "median": 91.52293634765999,
      "user": 1290.00652398,
      "system": 31.018637219999995,
      "min": 90.99652375216,
      "max": 94.57954392815999,
      "times": [
        93.55721014816,
        91.54851313216,
        90.99652375216,
        92.25586859815999,
        91.40524885116,
        91.49735956316,
        91.33302566616,
        94.57954392815999,
        93.63908275316,
        91.39011776016
      ],
      "exit_codes": [
        0,
        0,
        0,
        0,
        0,
        0,
        0,
        0,
        0,
        0
      ]
    }
  ]
}
