{
  "results": [
    {
      "command": "cargo build --jobs 8 --release --example breakout",
      "mean": 134.72219378798,
      "stddev": 0.20273626010892193,
      "median": 134.63194405498,
      "user": 1030.0864999199998,
      "system": 24.830111539999997,
      "min": 134.51290343798,
      "max": 135.10890436897998,
      "times": [
        134.59885743298,
        135.10890436897998,
        134.77615637098,
        134.57546966298,
        134.62617682298,
        134.59227480098,
        135.04294216698,
        134.63771128698,
        134.51290343798,
        134.75054152797998
      ],
      "exit_codes": [
        0,
        0,
        0,
        0,
        0,
        0,
        0,
        0,
        0,
        0
      ]
    }
  ]
}
