{
  "results": [
    {
      "command": "cargo build --jobs 16 --release --example breakout",
      "mean": 72.52019030948,
      "stddev": 0.3965030573877285,
      "median": 72.41437932198,
      "user": 1070.57866484,
      "system": 28.121280179999996,
      "min": 72.12324825297999,
      "max": 73.38194584998,
      "times": [
        72.14289585297999,
        72.52349208598,
        72.38747457398,
        72.97170350297999,
        72.67747365298,
        72.25530195297999,
        72.12324825297999,
        72.29708329997999,
        73.38194584998,
        72.44128406998
      ],
      "exit_codes": [
        0,
        0,
        0,
        0,
        0,
        0,
        0,
        0,
        0,
        0
      ]
    }
  ]
}
