{
  "results": [
    {
      "command": "cargo build --jobs 8 --release --example breakout",
      "mean": 112.64973800826002,
      "stddev": 0.2029572405506342,
      "median": 112.63585010506,
      "user": 850.35400656,
      "system": 22.69171804,
      "min": 112.25009253856,
      "max": 113.07692127956,
      "times": [
        112.75201368556,
        112.62768279555999,
        112.25009253856,
        113.07692127956,
        112.62659815955999,
        112.58791246556,
        112.71488252956,
        112.55589540256,
        112.64401741456,
        112.66136381156
      ],
      "exit_codes": [
        0,
        0,
        0,
        0,
        0,
        0,
        0,
        0,
        0,
        0
      ]
    }
  ]
}
