{
  "results": [
    {
      "command": "cargo build --jobs 8 --release --example breakout",
      "mean": 120.08750415941999,
      "stddev": 0.0661601757935785,
      "median": 120.09646660432,
      "user": 909.3472352000001,
      "system": 24.197786439999998,
      "min": 119.98799277182,
      "max": 120.18979022682,
      "times": [
        120.02065789881999,
        120.18979022682,
        120.02311678082,
        120.14501269182,
        120.08222998982,
        120.04415221981999,
        119.98799277182,
        120.13873120482,
        120.11070321881999,
        120.13265459082
      ],
      "exit_codes": [
        0,
        0,
        0,
        0,
        0,
        0,
        0,
        0,
        0,
        0
      ]
    }
  ]
}
