{
  "results": [
    {
      "command": "cargo build --jobs 8 --release --example breakout",
      "mean": 120.13335610326001,
      "stddev": 0.22514970854179825,
      "median": 120.09525077856,
      "user": 909.2434073799999,
      "system": 24.109237580000002,
      "min": 119.91725819806,
      "max": 120.71722208205999,
      "times": [
        120.02514169906,
        120.13104605705999,
        120.07590066606,
        120.16326568705999,
        119.94148250206,
        120.03614813406,
        120.11460089106,
        119.91725819806,
        120.21149511606,
        120.71722208205999
      ],
      "exit_codes": [
        0,
        0,
        0,
        0,
        0,
        0,
        0,
        0,
        0,
        0
      ]
    }
  ]
}
