{
  "results": [
    {
      "command": "cargo build --jobs 8 --release --example breakout",
      "mean": 134.58546999648,
      "stddev": 4.3717925353104174,
      "median": 133.16883993628,
      "user": 1022.55416628,
      "system": 24.945782519999998,
      "min": 132.91089658328,
      "max": 147.00200908527998,
      "times": [
        132.91089658328,
        133.09244005928,
        133.11592769528,
        133.22175217728,
        132.99202935728,
        133.25101037128,
        133.05168305728,
        147.00200908527998,
        133.28544473128,
        133.93150684728
      ],
      "exit_codes": [
        0,
        0,
        0,
        0,
        0,
        0,
        0,
        0,
        0,
        0
      ]
    }
  ]
}
