{
  "results": [
    {
      "command": "cargo build --jobs 8 --release --example breakout",
      "mean": 117.54131481095999,
      "stddev": 0.3210911753426644,
      "median": 117.51498857166,
      "user": 905.9186560800001,
      "system": 24.064793180000002,
      "min": 117.10227579066,
      "max": 118.01170248366,
      "times": [
        117.10227579066,
        118.01170248366,
        117.34424530166,
        117.98465263366,
        117.71501787566,
        117.26749057466,
        117.71261244765999,
        117.26722013166,
        117.68573184166,
        117.32219902866
      ],
      "exit_codes": [
        0,
        0,
        0,
        0,
        0,
        0,
        0,
        0,
        0,
        0
      ]
    }
  ]
}
