{
  "results": [
    {
      "command": "cargo build --jobs 8 --release --example breakout",
      "mean": 120.38373710056003,
      "stddev": 0.2190442583197853,
      "median": 120.33892954326001,
      "user": 910.4856255399998,
      "system": 24.124569020000003,
      "min": 120.14616358476,
      "max": 120.89299967176,
      "times": [
        120.28721139976,
        120.30841420476,
        120.18016648876,
        120.50745887876,
        120.14616358476,
        120.22812076076,
        120.36944488176,
        120.39298078976,
        120.89299967176,
        120.52441034476
      ],
      "exit_codes": [
        0,
        0,
        0,
        0,
        0,
        0,
        0,
        0,
        0,
        0
      ]
    }
  ]
}
