{
  "results": [
    {
      "command": "cargo build --jobs 16 --release --example breakout",
      "mean": 77.55574228066,
      "stddev": 0.22216164550651213,
      "median": 77.60224525656,
      "user": 1146.3785501999998,
      "system": 29.77439806,
      "min": 77.26652286656,
      "max": 77.89782311256,
      "times": [
        77.61111699956,
        77.61022466256,
        77.59426585056,
        77.67034539056,
        77.29800852356,
        77.89782311256,
        77.26652286656,
        77.83753447256,
        77.48397806256,
        77.28760286556
      ],
      "exit_codes": [
        0,
        0,
        0,
        0,
        0,
        0,
        0,
        0,
        0,
        0
      ]
    }
  ]
}
