{
  "results": [
    {
      "command": "cargo build --jobs 8 --release --example breakout",
      "mean": 129.11777601524,
      "stddev": 0.0696272310791978,
      "median": 129.09916097394,
      "user": 987.24789072,
      "system": 26.01558728,
      "min": 129.05200681094001,
      "max": 129.29892844494,
      "times": [
        129.09392670894002,
        129.10439523894001,
        129.07844688394002,
        129.12350123494002,
        129.05200681094001,
        129.08009447494,
        129.29892844494,
        129.14362520994,
        129.12915834394002,
        129.07367680094
      ],
      "exit_codes": [
        0,
        0,
        0,
        0,
        0,
        0,
        0,
        0,
        0,
        0
      ]
    }
  ]
}
