{
  "results": [
    {
      "command": "cargo build --jobs 8 --release --example breakout",
      "mean": 137.8883886681,
      "stddev": 0.14340833993934216,
      "median": 137.91159875350002,
      "user": 1059.82805346,
      "system": 25.652170619999993,
      "min": 137.6260203815,
      "max": 138.0836276995,
      "times": [
        137.8420012045,
        137.9817136625,
        137.9807999465,
        137.7408621385,
        138.0167971175,
        138.0836276995,
        137.6260203815,
        137.84267055150002,
        137.78886702350002,
        137.9805269555
      ],
      "exit_codes": [
        0,
        0,
        0,
        0,
        0,
        0,
        0,
        0,
        0,
        0
      ]
    }
  ]
}
