{
  "results": [
    {
      "command": "cargo build --jobs 16 --release --example breakout",
      "mean": 95.50130759222,
      "stddev": 2.0660620439099415,
      "median": 94.83372729412001,
      "user": 1326.61485024,
      "system": 31.882313800000002,
      "min": 94.46841686862001,
      "max": 101.30769620662001,
      "times": [
        95.22130802262001,
        94.95660519362,
        94.71084939462001,
        95.47064742162,
        94.61115679762001,
        94.59164179062,
        94.46841686862001,
        94.57837229162,
        95.09638193462001,
        101.30769620662001
      ],
      "exit_codes": [
        0,
        0,
        0,
        0,
        0,
        0,
        0,
        0,
        0,
        0
      ]
    }
  ]
}
