{
  "results": [
    {
      "command": "cargo build --jobs 8 --release --example breakout",
      "mean": 113.51277989709999,
      "stddev": 0.29649035920510164,
      "median": 113.43834494519999,
      "user": 857.7855106800001,
      "system": 22.329817560000002,
      "min": 113.2196949077,
      "max": 114.0897231487,
      "times": [
        113.7098461687,
        113.3961593057,
        113.2237056367,
        113.2790847747,
        113.48053058469999,
        113.8527747797,
        113.2196949077,
        114.0897231487,
        113.60246396069999,
        113.2738157037
      ],
      "exit_codes": [
        0,
        0,
        0,
        0,
        0,
        0,
        0,
        0,
        0,
        0
      ]
    }
  ]
}
