{
  "results": [
    {
      "command": "cargo build --jobs 16 --release --example breakout",
      "mean": 70.66441752026,
      "stddev": 0.34905801783597046,
      "median": 70.53587366145999,
      "user": 998.7564339200002,
      "system": 27.322054159999993,
      "min": 70.31728989096,
      "max": 71.33906460195999,
      "times": [
        70.49162932595999,
        70.88287572595999,
        70.37704552796,
        70.43285775196,
        71.09527435896,
        70.31728989096,
        71.33906460195999,
        70.34694144395999,
        70.58011799696,
        70.78107857796
      ],
      "exit_codes": [
        0,
        0,
        0,
        0,
        0,
        0,
        0,
        0,
        0,
        0
      ]
    }
  ]
}
