{
  "results": [
    {
      "command": "cargo build --jobs 8 --release --example breakout",
      "mean": 105.67822519522,
      "stddev": 0.3496829403966867,
      "median": 105.80769943912,
      "user": 797.2158430800001,
      "system": 21.61169778,
      "min": 105.03637519312,
      "max": 106.09349654812,
      "times": [
        105.81247225512,
        105.74367202412,
        105.03637519312,
        106.09349654812,
        105.82611771412,
        105.65105637111999,
        105.80292662312,
        105.85545755812,
        105.89620300712,
        105.06447465812
      ],
      "exit_codes": [
        0,
        0,
        0,
        0,
        0,
        0,
        0,
        0,
        0,
        0
      ]
    }
  ]
}
