{
  "results": [
    {
      "command": "cargo build --jobs 16 --release --example breakout",
      "mean": 72.81089501128,
      "stddev": 0.33214420075291273,
      "median": 72.73705095317999,
      "user": 1074.9942137399999,
      "system": 28.258578279999995,
      "min": 72.46699851268,
      "max": 73.47113895368,
      "times": [
        72.90694658468,
        72.60093748967999,
        73.47113895368,
        72.56803283068,
        72.65108054267999,
        73.25410754868,
        72.49395341668,
        72.82302136368,
        72.46699851268,
        72.87273286968
      ],
      "exit_codes": [
        0,
        0,
        0,
        0,
        0,
        0,
        0,
        0,
        0,
        0
      ]
    }
  ]
}
