{
  "results": [
    {
      "command": "cargo build --jobs 8 --release --example breakout",
      "mean": 121.78812050574001,
      "stddev": 0.17767613479954425,
      "median": 121.77710037253999,
      "user": 907.4566707800001,
      "system": 23.88228272,
      "min": 121.49378953254,
      "max": 122.06667034354,
      "times": [
        121.71583098054,
        121.95228834754,
        121.79743663154,
        121.64513258754,
        122.06667034354,
        121.49378953254,
        121.75676411354,
        121.81527696054,
        121.99727809654,
        121.64073746354
      ],
      "exit_codes": [
        0,
        0,
        0,
        0,
        0,
        0,
        0,
        0,
        0,
        0
      ]
    }
  ]
}
