{
  "results": [
    {
      "command": "cargo build --jobs 16 --release --example breakout",
      "mean": 97.45540427388,
      "stddev": 1.3395241067499384,
      "median": 97.35185499087999,
      "user": 1371.8869196999997,
      "system": 33.629795139999985,
      "min": 95.83662899838,
      "max": 100.54167239338,
      "times": [
        97.53212217538,
        96.51994574538,
        97.17158780637999,
        95.83662899838,
        98.41154818138,
        96.25951736137999,
        96.75614869537999,
        97.66226711438,
        100.54167239338,
        97.86260426738
      ],
      "exit_codes": [
        0,
        0,
        0,
        0,
        0,
        0,
        0,
        0,
        0,
        0
      ]
    }
  ]
}
