{
  "results": [
    {
      "command": "cargo build --jobs 8 --release --example breakout",
      "mean": 143.64983020752,
      "stddev": 0.113471628737097,
      "median": 143.62521292122,
      "user": 1095.6338695999998,
      "system": 27.028564199999998,
      "min": 143.50601893622,
      "max": 143.83186009322,
      "times": [
        143.61847906122,
        143.63194678122,
        143.50601893622,
        143.67978005522,
        143.60837808422,
        143.83186009322,
        143.54364947521998,
        143.71276951721998,
        143.82545084921998,
        143.53996922221998
      ],
      "exit_codes": [
        0,
        0,
        0,
        0,
        0,
        0,
        0,
        0,
        0,
        0
      ]
    }
  ]
}
