{
  "results": [
    {
      "command": "cargo build --jobs 8 --release --example breakout",
      "mean": 143.03237859934,
      "stddev": 0.23774152827026457,
      "median": 143.16627336124003,
      "user": 1095.3995781200001,
      "system": 27.23582288,
      "min": 142.64411006124,
      "max": 143.25602339324,
      "times": [
        143.21440883824002,
        142.64466698224,
        142.90577142124002,
        143.22534491824,
        143.18207180124,
        142.91884185524,
        143.25602339324,
        143.16153460124002,
        142.64411006124,
        143.17101212124
      ],
      "exit_codes": [
        0,
        0,
        0,
        0,
        0,
        0,
        0,
        0,
        0,
        0
      ]
    }
  ]
}
