{
  "results": [
    {
      "command": "cargo build --jobs 16 --release --example breakout",
      "mean": 97.15969806317999,
      "stddev": 0.8577425275288082,
      "median": 97.58543617597999,
      "user": 1371.49702554,
      "system": 33.723093160000005,
      "min": 95.67046062098,
      "max": 98.11046290297999,
      "times": [
        97.65877054098,
        97.78758013897999,
        96.21090051098,
        95.67046062098,
        96.45302435997999,
        97.75601028298,
        97.91526618498,
        96.52240327797999,
        98.11046290297999,
        97.51210181098
      ],
      "exit_codes": [
        0,
        0,
        0,
        0,
        0,
        0,
        0,
        0,
        0,
        0
      ]
    }
  ]
}
