{
  "results": [
    {
      "command": "cargo build --jobs 16 --release --example breakout",
      "mean": 75.9054690227,
      "stddev": 0.3989699653446859,
      "median": 76.0287556615,
      "user": 1142.90668314,
      "system": 29.35277052,
      "min": 75.284038675,
      "max": 76.41671569100001,
      "times": [
        76.41671569100001,
        75.975608335,
        75.871572683,
        76.10850333500001,
        76.295484513,
        76.081902988,
        75.537359775,
        76.16918699600001,
        75.284038675,
        75.31431723600001
      ],
      "exit_codes": [
        0,
        0,
        0,
        0,
        0,
        0,
        0,
        0,
        0,
        0
      ]
    }
  ]
}
