{
  "results": [
    {
      "command": "cargo build --jobs 16 --release --example breakout",
      "mean": 91.82570520082001,
      "stddev": 0.7643940816215662,
      "median": 91.61057266852,
      "user": 1287.40423016,
      "system": 31.499744120000003,
      "min": 91.22825591102,
      "max": 93.76561774402,
      "times": [
        91.67106892002,
        93.76561774402,
        92.29383574202001,
        91.37788789002,
        91.55007641702001,
        91.99629118902,
        91.30428973102,
        91.80758910802001,
        91.22825591102,
        91.26213935602
      ],
      "exit_codes": [
        0,
        0,
        0,
        0,
        0,
        0,
        0,
        0,
        0,
        0
      ]
    }
  ]
}
