{
  "results": [
    {
      "command": "cargo build --jobs 16 --release --example breakout",
      "mean": 75.60428037064,
      "stddev": 0.34273075311414186,
      "median": 75.65172221134,
      "user": 1139.5765101600002,
      "system": 30.550449920000005,
      "min": 75.03387436684001,
      "max": 76.08532005584,
      "times": [
        75.89278183884001,
        75.38301606784,
        76.08532005584,
        75.76977275684,
        75.53367166584,
        75.78228601284,
        75.03387436684001,
        75.94331823884,
        75.22194772384,
        75.39681497884
      ],
      "exit_codes": [
        0,
        0,
        0,
        0,
        0,
        0,
        0,
        0,
        0,
        0
      ]
    }
  ]
}
