{
  "results": [
    {
      "command": "cargo build --jobs 16 --release --example breakout",
      "mean": 79.97930445091998,
      "stddev": 0.16543311819060116,
      "median": 79.98725974121999,
      "user": 1200.4538923999999,
      "system": 30.816622799999994,
      "min": 79.65766053072,
      "max": 80.15783831172,
      "times": [
        80.10542129272,
        79.96546493672,
        79.78860415672,
        79.65766053072,
        79.96197322172,
        79.88024365672,
        80.00905454571999,
        80.12915374271999,
        80.15783831172,
        80.13763011372
      ],
      "exit_codes": [
        0,
        0,
        0,
        0,
        0,
        0,
        0,
        0,
        0,
        0
      ]
    }
  ]
}
