{
  "results": [
    {
      "command": "cargo build --jobs 8 --release --example breakout",
      "mean": 123.8057375239,
      "stddev": 0.13094785788070137,
      "median": 123.8183682368,
      "user": 949.85148524,
      "system": 25.13436994,
      "min": 123.61073741329999,
      "max": 123.9573342513,
      "times": [
        123.68992304529999,
        123.61073741329999,
        123.7404604723,
        123.7874886683,
        123.89306629629999,
        123.93774950029999,
        123.95086698329999,
        123.9573342513,
        123.8492478053,
        123.6405008033
      ],
      "exit_codes": [
        0,
        0,
        0,
        0,
        0,
        0,
        0,
        0,
        0,
        0
      ]
    }
  ]
}
