{
  "results": [
    {
      "command": "cargo build --jobs 16 --release --example breakout",
      "mean": 75.93139999534,
      "stddev": 1.1926017792419181,
      "median": 75.66072972434,
      "user": 1138.395849,
      "system": 30.417044299999997,
      "min": 74.95409636284,
      "max": 79.25416939784,
      "times": [
        75.62618973684,
        75.70169706184,
        75.79975932984,
        75.43631376484,
        75.64979900584,
        75.67166044284,
        75.75722617184,
        79.25416939784,
        74.95409636284,
        75.46308867884
      ],
      "exit_codes": [
        0,
        0,
        0,
        0,
        0,
        0,
        0,
        0,
        0,
        0
      ]
    }
  ]
}
