{
  "results": [
    {
      "command": "cargo build --jobs 8 --release --example breakout",
      "mean": 117.30394714232,
      "stddev": 0.1550315550511273,
      "median": 117.29252630862001,
      "user": 902.83202302,
      "system": 24.68000314,
      "min": 117.06807397812001,
      "max": 117.56280679412001,
      "times": [
        117.24529057212001,
        117.48396257112,
        117.30766992112001,
        117.18490144012,
        117.06807397812001,
        117.27961203312,
        117.15418849312,
        117.30544058412,
        117.44752503612001,
        117.56280679412001
      ],
      "exit_codes": [
        0,
        0,
        0,
        0,
        0,
        0,
        0,
        0,
        0,
        0
      ]
    }
  ]
}
