{
  "results": [
    {
      "command": "cargo build --jobs 16 --release --example breakout",
      "mean": 87.5482870234,
      "stddev": 0.9796462321534084,
      "median": 87.6678362195,
      "user": 1221.8378445599997,
      "system": 32.10082192,
      "min": 85.2054618825,
      "max": 88.9580670595,
      "times": [
        87.9510641275,
        87.4633448675,
        85.2054618825,
        87.6408596675,
        88.0004627475,
        87.6948127715,
        88.9580670595,
        88.2323517155,
        87.1567762195,
        87.1796691755
      ],
      "exit_codes": [
        0,
        0,
        0,
        0,
        0,
        0,
        0,
        0,
        0,
        0
      ]
    }
  ]
}
