{
  "results": [
    {
      "command": "cargo build --jobs 8 --release --example breakout",
      "mean": 127.42654322058002,
      "stddev": 0.12822131643088577,
      "median": 127.43404363368,
      "user": 975.0331751,
      "system": 25.816594939999998,
      "min": 127.17208346818,
      "max": 127.61119108418,
      "times": [
        127.47398539018,
        127.43313709418001,
        127.36682887618001,
        127.43079092618001,
        127.47481859418001,
        127.61119108418,
        127.57654064718001,
        127.43495017318001,
        127.29110595218,
        127.17208346818
      ],
      "exit_codes": [
        0,
        0,
        0,
        0,
        0,
        0,
        0,
        0,
        0,
        0
      ]
    }
  ]
}
