{
  "results": [
    {
      "command": "cargo build --jobs 16 --release --example breakout",
      "mean": 78.20787038139999,
      "stddev": 0.36053294229509114,
      "median": 78.23311337479998,
      "user": 1181.9815187599997,
      "system": 30.11564894,
      "min": 77.5453313008,
      "max": 78.73220845879999,
      "times": [
        78.3397822108,
        78.07393365979999,
        78.64655751779999,
        78.73220845879999,
        77.9521164218,
        78.13725758679999,
        78.4246914078,
        77.5453313008,
        78.32896916279999,
        77.89785608679999
      ],
      "exit_codes": [
        0,
        0,
        0,
        0,
        0,
        0,
        0,
        0,
        0,
        0
      ]
    }
  ]
}
