{
  "results": [
    {
      "command": "cargo build --jobs 8 --release --example breakout",
      "mean": 121.97333516235999,
      "stddev": 0.286837019529617,
      "median": 121.99595339416001,
      "user": 933.8561792,
      "system": 24.42982174,
      "min": 121.48052662966,
      "max": 122.31520576966,
      "times": [
        121.48052662966,
        121.97119823866001,
        122.00975445166,
        122.19175474566,
        121.98215233666001,
        121.68516786766,
        122.31520576966,
        122.19302372566,
        121.63650080066,
        122.26806705766
      ],
      "exit_codes": [
        0,
        0,
        0,
        0,
        0,
        0,
        0,
        0,
        0,
        0
      ]
    }
  ]
}
