{
  "results": [
    {
      "command": "cargo build --jobs 8 --release --example breakout",
      "mean": 117.33287206802001,
      "stddev": 0.20497820309404927,
      "median": 117.32671444992,
      "user": 904.56416966,
      "system": 23.795218479999996,
      "min": 117.00810898942001,
      "max": 117.80700349742,
      "times": [
        117.80700349742,
        117.00810898942001,
        117.20190952642001,
        117.35411298742001,
        117.45051134342,
        117.25672076942,
        117.36101537142001,
        117.23590929542,
        117.31324479042,
        117.34018410942001
      ],
      "exit_codes": [
        0,
        0,
        0,
        0,
        0,
        0,
        0,
        0,
        0,
        0
      ]
    }
  ]
}
