{
  "results": [
    {
      "command": "cargo build --jobs 16 --release --example breakout",
      "mean": 93.45892206792,
      "stddev": 4.538719782934676,
      "median": 92.09403361492,
      "user": 1283.29391102,
      "system": 31.415173160000002,
      "min": 91.34752020992,
      "max": 106.29443820792,
      "times": [
        92.92216593792,
        91.41401167692,
        91.34752020992,
        92.25752693992,
        92.66970513892001,
        91.63650171092,
        91.85928362692,
        92.25123361992,
        91.93683360992,
        106.29443820792
      ],
      "exit_codes": [
        0,
        0,
        0,
        0,
        0,
        0,
        0,
        0,
        0,
        0
      ]
    }
  ]
}
