{
  "results": [
    {
      "command": "cargo build --jobs 16 --release --example breakout",
      "mean": 77.29988818064001,
      "stddev": 0.1864985999198942,
      "median": 77.25842680284,
      "user": 1145.2139571,
      "system": 29.478574419999994,
      "min": 77.13622117734,
      "max": 77.80769060134,
      "times": [
        77.26394498134,
        77.25290862434001,
        77.17796751434001,
        77.80769060134,
        77.32139431834001,
        77.22822584134,
        77.27612297934,
        77.23785773534,
        77.13622117734,
        77.29654803334
      ],
      "exit_codes": [
        0,
        0,
        0,
        0,
        0,
        0,
        0,
        0,
        0,
        0
      ]
    }
  ]
}
