{
  "results": [
    {
      "command": "cargo build --jobs 8 --release --example breakout",
      "mean": 106.46592370393998,
      "stddev": 0.2794708394153773,
      "median": 106.51570367654,
      "user": 803.3679568,
      "system": 21.72852284,
      "min": 105.94105540103999,
      "max": 106.78980683204,
      "times": [
        106.53683430103999,
        106.60760709803999,
        106.47149570703999,
        106.02634662704,
        106.58839077204,
        106.44098398704,
        106.78980683204,
        105.94105540103999,
        106.49457305204,
        106.76214326204
      ],
      "exit_codes": [
        0,
        0,
        0,
        0,
        0,
        0,
        0,
        0,
        0,
        0
      ]
    }
  ]
}
