{
  "results": [
    {
      "command": "cargo build --jobs 8 --release --example breakout",
      "mean": 130.18761028050002,
      "stddev": 0.3414649579785067,
      "median": 130.13447088240002,
      "user": 998.1085341999999,
      "system": 24.81372566,
      "min": 129.6923833779,
      "max": 130.67302335990001,
      "times": [
        130.09072524290002,
        130.42989888990002,
        129.88301248090002,
        129.9367725339,
        130.48942065990002,
        130.67302335990001,
        129.9010231459,
        130.60162659190001,
        129.6923833779,
        130.17821652190003
      ],
      "exit_codes": [
        0,
        0,
        0,
        0,
        0,
        0,
        0,
        0,
        0,
        0
      ]
    }
  ]
}
