{
  "results": [
    {
      "command": "cargo build --jobs 16 --release --example breakout",
      "mean": 89.72521584986,
      "stddev": 0.4939045924745779,
      "median": 89.87055400096,
      "user": 1248.44621922,
      "system": 30.634559859999996,
      "min": 88.65796492096001,
      "max": 90.44619158696001,
      "times": [
        89.97396995696,
        90.01436326396,
        89.26967271296,
        89.47770415296,
        89.68478081396,
        89.98640308796001,
        89.94224296496,
        90.44619158696001,
        88.65796492096001,
        89.79886503696001
      ],
      "exit_codes": [
        0,
        0,
        0,
        0,
        0,
        0,
        0,
        0,
        0,
        0
      ]
    }
  ]
}
