{
  "results": [
    {
      "command": "cargo build --jobs 16 --release --example breakout",
      "mean": 77.25961036459998,
      "stddev": 0.20371440090568688,
      "median": 77.2171526235,
      "user": 1139.7853128399997,
      "system": 29.676435000000005,
      "min": 77.04963150399999,
      "max": 77.674998862,
      "times": [
        77.284355721,
        77.55224163199999,
        77.26497288899999,
        77.217814654,
        77.674998862,
        77.04963150399999,
        77.21649059299999,
        77.086459921,
        77.14074751499999,
        77.108390355
      ],
      "exit_codes": [
        0,
        0,
        0,
        0,
        0,
        0,
        0,
        0,
        0,
        0
      ]
    }
  ]
}
