{
  "results": [
    {
      "command": "cargo build --jobs 8 --release --example breakout",
      "mean": 121.9403877678,
      "stddev": 0.2952771784882035,
      "median": 121.890967677,
      "user": 930.85292188,
      "system": 24.37077984,
      "min": 121.3918107385,
      "max": 122.3486953845,
      "times": [
        121.3918107385,
        122.13928353850001,
        121.89296881450001,
        121.85254114450001,
        121.8889665395,
        122.21688323650001,
        121.7733431915,
        122.3486953845,
        121.66654100150001,
        122.2328440885
      ],
      "exit_codes": [
        0,
        0,
        0,
        0,
        0,
        0,
        0,
        0,
        0,
        0
      ]
    }
  ]
}
