{
  "results": [
    {
      "command": "cargo build --jobs 16 --release --example breakout",
      "mean": 78.29874146642001,
      "stddev": 0.2510929419086257,
      "median": 78.25818947572,
      "user": 1177.8626753599997,
      "system": 30.04977974,
      "min": 77.86540910272,
      "max": 78.74952170072,
      "times": [
        78.29964672572,
        78.16724299372,
        78.74952170072,
        78.34010654772,
        78.51700363772,
        78.15569405672,
        78.53744303772,
        78.13861463572,
        78.21673222572,
        77.86540910272
      ],
      "exit_codes": [
        0,
        0,
        0,
        0,
        0,
        0,
        0,
        0,
        0,
        0
      ]
    }
  ]
}
