{
  "results": [
    {
      "command": "cargo build --jobs 16 --release --example breakout",
      "mean": 81.55300690828001,
      "stddev": 0.6115233236267077,
      "median": 81.62022414008001,
      "user": 1203.65426646,
      "system": 30.953879559999997,
      "min": 80.59245910808,
      "max": 82.85447627608,
      "times": [
        82.85447627608,
        81.23660342208,
        81.69854207308,
        81.70913993308,
        81.44287251108,
        81.61050866208001,
        80.86750488408,
        80.59245910808,
        81.62993961808,
        81.88802259508
      ],
      "exit_codes": [
        0,
        0,
        0,
        0,
        0,
        0,
        0,
        0,
        0,
        0
      ]
    }
  ]
}
