{
  "results": [
    {
      "command": "cargo build --jobs 8 --release --example breakout",
      "mean": 125.16058327318001,
      "stddev": 0.3208881041614421,
      "median": 125.26406684338,
      "user": 958.3994702399999,
      "system": 24.83983348,
      "min": 124.58790807988,
      "max": 125.53177115788,
      "times": [
        125.34617311788,
        125.18196056888,
        125.53177115788,
        124.58790807988,
        125.51763112488,
        124.85819478287999,
        124.93543895388,
        125.39611593688,
        124.90338478187999,
        125.34725422688
      ],
      "exit_codes": [
        0,
        0,
        0,
        0,
        0,
        0,
        0,
        0,
        0,
        0
      ]
    }
  ]
}
