{
  "results": [
    {
      "command": "cargo build --jobs 8 --release --example breakout",
      "mean": 134.44487820780003,
      "stddev": 0.19739151197202312,
      "median": 134.4246436076,
      "user": 1024.85517966,
      "system": 25.287250999999998,
      "min": 134.1140684401,
      "max": 134.8156470651,
      "times": [
        134.3581080991,
        134.2568195201,
        134.4353537961,
        134.6047226921,
        134.50014511310002,
        134.59624428610002,
        134.3537396471,
        134.8156470651,
        134.1140684401,
        134.4139334191
      ],
      "exit_codes": [
        0,
        0,
        0,
        0,
        0,
        0,
        0,
        0,
        0,
        0
      ]
    }
  ]
}
