{
  "results": [
    {
      "command": "cargo build --jobs 8 --release --example breakout",
      "mean": 116.0239848809,
      "stddev": 0.2694260571760193,
      "median": 115.9881949718,
      "user": 870.5328279199999,
      "system": 22.872338299999996,
      "min": 115.6979284883,
      "max": 116.46456360929999,
      "times": [
        115.71482719629999,
        116.46456360929999,
        115.9329318043,
        115.6979284883,
        116.1970839263,
        115.94366824629999,
        116.3798460883,
        115.74951831329999,
        116.03272169729999,
        116.12675943929999
      ],
      "exit_codes": [
        0,
        0,
        0,
        0,
        0,
        0,
        0,
        0,
        0,
        0
      ]
    }
  ]
}
