{
  "results": [
    {
      "command": "cargo build --jobs 16 --release --example breakout",
      "mean": 97.09103908794,
      "stddev": 0.5519576100605412,
      "median": 97.02374513123999,
      "user": 1337.38846102,
      "system": 33.201663579999995,
      "min": 96.36998154273999,
      "max": 97.78645010174,
      "times": [
        96.51328192173999,
        97.58663003174,
        97.01709845974,
        97.78645010174,
        96.49801413774,
        97.03039180274,
        97.76971515874,
        96.36998154273999,
        97.57269435974,
        96.76613336273999
      ],
      "exit_codes": [
        0,
        0,
        0,
        0,
        0,
        0,
        0,
        0,
        0,
        0
      ]
    }
  ]
}
