{
  "results": [
    {
      "command": "cargo build --jobs 16 --release --example breakout",
      "mean": 96.90721011320002,
      "stddev": 0.974029182862843,
      "median": 96.72555601479999,
      "user": 1344.0945588399998,
      "system": 33.223636240000005,
      "min": 95.8092931443,
      "max": 98.8419873453,
      "times": [
        97.1522437093,
        95.8092931443,
        96.1136747253,
        96.2988683203,
        97.5352695193,
        97.2345781553,
        97.8125662323,
        98.8419873453,
        96.0327413413,
        96.24087863929999
      ],
      "exit_codes": [
        0,
        0,
        0,
        0,
        0,
        0,
        0,
        0,
        0,
        0
      ]
    }
  ]
}
