{
  "results": [
    {
      "command": "cargo build --jobs 8 --release --example breakout",
      "mean": 117.06533992138,
      "stddev": 0.21860455124722844,
      "median": 116.99252377168,
      "user": 901.0897327999999,
      "system": 23.6719112,
      "min": 116.84100558218,
      "max": 117.39809647618,
      "times": [
        116.87149237318,
        116.96982745518,
        117.25451641718,
        116.89905906118,
        117.39411888818,
        116.86181774918,
        117.01522008818,
        116.84100558218,
        117.14824512318,
        117.39809647618
      ],
      "exit_codes": [
        0,
        0,
        0,
        0,
        0,
        0,
        0,
        0,
        0,
        0
      ]
    }
  ]
}
