{
  "results": [
    {
      "command": "cargo build --jobs 16 --release --example breakout",
      "mean": 75.66463317643999,
      "stddev": 0.24196533610285004,
      "median": 75.70095456634,
      "user": 1137.79869718,
      "system": 29.265543079999997,
      "min": 75.25324110134,
      "max": 75.98858529034,
      "times": [
        75.60607930834,
        75.25324110134,
        75.88535481534,
        75.81134684934,
        75.88805124534,
        75.45536878234,
        75.50218016534,
        75.79582982434,
        75.46029438234,
        75.98858529034
      ],
      "exit_codes": [
        0,
        0,
        0,
        0,
        0,
        0,
        0,
        0,
        0,
        0
      ]
    }
  ]
}
