{
  "results": [
    {
      "command": "cargo build --jobs 8 --release --example breakout",
      "mean": 121.91920521309999,
      "stddev": 0.09356120553751382,
      "median": 121.921158819,
      "user": 921.84717848,
      "system": 24.837273160000002,
      "min": 121.7327525675,
      "max": 122.1067937215,
      "times": [
        121.7327525675,
        121.92675009749999,
        121.9360868835,
        122.1067937215,
        121.91607590449999,
        121.92624173349999,
        121.87251605649999,
        121.89806024949999,
        121.88806286249999,
        121.9887120545
      ],
      "exit_codes": [
        0,
        0,
        0,
        0,
        0,
        0,
        0,
        0,
        0,
        0
      ]
    }
  ]
}
