{
  "results": [
    {
      "command": "cargo build --jobs 16 --release --example breakout",
      "mean": 77.73072296596,
      "stddev": 0.3873768205696234,
      "median": 77.66594045816001,
      "user": 1146.6639858,
      "system": 29.868629020000004,
      "min": 77.37309376566,
      "max": 78.61640867066001,
      "times": [
        78.61640867066001,
        77.44226220666,
        77.64792122366,
        77.68395969266,
        77.69817082366,
        77.37309376566,
        77.73087674966,
        77.55335549766001,
        78.17331460766,
        77.38786642166001
      ],
      "exit_codes": [
        0,
        0,
        0,
        0,
        0,
        0,
        0,
        0,
        0,
        0
      ]
    }
  ]
}
