{
  "results": [
    {
      "command": "cargo build --jobs 8 --release --example breakout",
      "mean": 120.17696976431998,
      "stddev": 0.16043211107885588,
      "median": 120.18755889452,
      "user": 910.4238516600001,
      "system": 24.365326020000005,
      "min": 119.83709285302,
      "max": 120.37055386602,
      "times": [
        119.83709285302,
        120.32222968602,
        120.18072326702,
        120.19439452201999,
        120.13237147602,
        120.23489562502,
        120.01530694202,
        120.37055386602,
        120.33471640402,
        120.14741300202
      ],
      "exit_codes": [
        0,
        0,
        0,
        0,
        0,
        0,
        0,
        0,
        0,
        0
      ]
    }
  ]
}
