{
  "results": [
    {
      "command": "cargo build --jobs 16 --release --example breakout",
      "mean": 77.70942589858001,
      "stddev": 0.2848393138206058,
      "median": 77.80570243548001,
      "user": 1146.0613933,
      "system": 29.765602360000003,
      "min": 77.21498771698,
      "max": 78.04886066098,
      "times": [
        77.48132779498,
        77.29566072898,
        78.04886066098,
        77.90657242498,
        77.81150244098001,
        77.79990242998001,
        77.71984869798,
        77.98196491998,
        77.83363116998001,
        77.21498771698
      ],
      "exit_codes": [
        0,
        0,
        0,
        0,
        0,
        0,
        0,
        0,
        0,
        0
      ]
    }
  ]
}
