{
  "results": [
    {
      "command": "cargo build --jobs 16 --release --example breakout",
      "mean": 71.50694909776001,
      "stddev": 0.6819769702318718,
      "median": 71.44985123356,
      "user": 1009.4017352200001,
      "system": 27.40340546,
      "min": 70.47634468256,
      "max": 72.57357839856,
      "times": [
        72.57357839856,
        71.00825546956,
        71.80994878356,
        70.47634468256,
        70.78279867056,
        71.26802105256,
        71.87460256556,
        72.41987572756,
        71.63168141455999,
        71.22438421256
      ],
      "exit_codes": [
        0,
        0,
        0,
        0,
        0,
        0,
        0,
        0,
        0,
        0
      ]
    }
  ]
}
