{
  "results": [
    {
      "command": "cargo build --jobs 16 --release --example breakout",
      "mean": 98.51666253498001,
      "stddev": 4.8923090430920455,
      "median": 97.02931294628002,
      "user": 1334.2762871399998,
      "system": 32.835536659999995,
      "min": 96.05721448778,
      "max": 112.29204350578,
      "times": [
        97.00500575678001,
        96.99149073978,
        96.05721448778,
        97.05657403678,
        98.36683053778,
        97.82870377678,
        97.05362013578001,
        96.34660304078,
        96.16853933178,
        112.29204350578
      ],
      "exit_codes": [
        0,
        0,
        0,
        0,
        0,
        0,
        0,
        0,
        0,
        0
      ]
    }
  ]
}
