{
  "results": [
    {
      "command": "cargo build --jobs 8 --release --example breakout",
      "mean": 139.24787963844,
      "stddev": 0.18661514137624383,
      "median": 139.26189134484002,
      "user": 1067.2160640200002,
      "system": 26.27377088,
      "min": 139.00691808634002,
      "max": 139.67639695934,
      "times": [
        139.27984576334,
        139.24393692634,
        139.32564407334002,
        139.28289675234,
        139.10932539334001,
        139.67639695934,
        139.00691808634002,
        139.18290090334,
        139.31238296634,
        139.05854856034
      ],
      "exit_codes": [
        0,
        0,
        0,
        0,
        0,
        0,
        0,
        0,
        0,
        0
      ]
    }
  ]
}
