{
  "results": [
    {
      "command": "cargo build --jobs 16 --release --example breakout",
      "mean": 97.46434370376,
      "stddev": 3.689657028007518,
      "median": 96.26437705626,
      "user": 1334.93932556,
      "system": 32.765985979999996,
      "min": 95.84360623326,
      "max": 107.89872892826,
      "times": [
        107.89872892826,
        96.44626865326,
        97.31443100626001,
        96.14774317126,
        96.12775450926,
        95.86133468626001,
        96.47481573726,
        96.18876548926,
        95.84360623326,
        96.33998862326
      ],
      "exit_codes": [
        0,
        0,
        0,
        0,
        0,
        0,
        0,
        0,
        0,
        0
      ]
    }
  ]
}
