{
  "results": [
    {
      "command": "cargo build --jobs 8 --release --example breakout",
      "mean": 139.53019194546,
      "stddev": 0.1253384256777857,
      "median": 139.51817429896,
      "user": 1074.9032490000002,
      "system": 26.66494364,
      "min": 139.37638293296,
      "max": 139.72279710496,
      "times": [
        139.72279710496,
        139.44495171396,
        139.56530506896001,
        139.41697720696,
        139.56151834696,
        139.71931665096,
        139.37638293296,
        139.41327431296,
        139.47483025096,
        139.60656586496
      ],
      "exit_codes": [
        0,
        0,
        0,
        0,
        0,
        0,
        0,
        0,
        0,
        0
      ]
    }
  ]
}
