{
  "results": [
    {
      "command": "cargo build --jobs 16 --release --example breakout",
      "mean": 83.46223405575998,
      "stddev": 1.155902276560618,
      "median": 83.31204178566,
      "user": 1211.17289184,
      "system": 31.554416359999998,
      "min": 81.73936121515999,
      "max": 85.65849338116,
      "times": [
        82.76428905515999,
        84.29989692916,
        82.34348371515999,
        81.73936121515999,
        83.41431363715999,
        85.65849338116,
        83.20976993416,
        82.73605416416,
        84.34132169015999,
        84.11535683615999
      ],
      "exit_codes": [
        0,
        0,
        0,
        0,
        0,
        0,
        0,
        0,
        0,
        0
      ]
    }
  ]
}
