{
  "results": [
    {
      "command": "cargo build --jobs 16 --release --example breakout",
      "mean": 94.49974638714001,
      "stddev": 5.216786071399843,
      "median": 92.58540920684,
      "user": 1312.27912724,
      "system": 32.23419522,
      "min": 91.65034335084,
      "max": 109.12125085283999,
      "times": [
        92.58490566184,
        92.56478039784,
        109.12125085283999,
        92.51214701984,
        94.65143366384,
        92.01461043184,
        92.58591275184,
        94.09170705884,
        93.22037268184,
        91.65034335084
      ],
      "exit_codes": [
        0,
        0,
        0,
        0,
        0,
        0,
        0,
        0,
        0,
        0
      ]
    }
  ]
}
