{
  "results": [
    {
      "command": "cargo build --jobs 8 --release --example breakout",
      "mean": 137.1745939508,
      "stddev": 0.34446412073125404,
      "median": 137.0998121254,
      "user": 1048.4722166799997,
      "system": 26.009395180000002,
      "min": 136.8695186354,
      "max": 138.09821277240002,
      "times": [
        137.1027234924,
        137.1197818124,
        137.0969007584,
        138.09821277240002,
        137.2583954944,
        136.8695186354,
        137.0561628694,
        136.9185918114,
        137.19448020640002,
        137.03117165540002
      ],
      "exit_codes": [
        0,
        0,
        0,
        0,
        0,
        0,
        0,
        0,
        0,
        0
      ]
    }
  ]
}
