{
  "results": [
    {
      "command": "cargo build --jobs 16 --release --example breakout",
      "mean": 77.94396038582002,
      "stddev": 0.2686107596179089,
      "median": 77.84602365252,
      "user": 1156.1428278399997,
      "system": 29.768155739999997,
      "min": 77.67344555102,
      "max": 78.39538102702001,
      "times": [
        77.79646798402,
        77.81863774302,
        78.27196002702,
        77.98549600602,
        77.70272198102,
        78.39538102702001,
        77.87340956202,
        77.67654146502,
        78.24554251202,
        77.67344555102
      ],
      "exit_codes": [
        0,
        0,
        0,
        0,
        0,
        0,
        0,
        0,
        0,
        0
      ]
    }
  ]
}
