{
  "results": [
    {
      "command": "cargo build --jobs 16 --release --example breakout",
      "mean": 75.58414128337999,
      "stddev": 0.21253123776198643,
      "median": 75.62181741928,
      "user": 1141.1752273200002,
      "system": 29.59242348,
      "min": 75.22308211228,
      "max": 75.82292255728,
      "times": [
        75.62534089828,
        75.66555290928,
        75.78460173328,
        75.39600470828,
        75.81833358528,
        75.61829394028,
        75.58461350328,
        75.30266688628,
        75.22308211228,
        75.82292255728
      ],
      "exit_codes": [
        0,
        0,
        0,
        0,
        0,
        0,
        0,
        0,
        0,
        0
      ]
    }
  ]
}
