{
  "results": [
    {
      "command": "cargo build --jobs 8 --release --example breakout",
      "mean": 117.43869349705999,
      "stddev": 0.22641843900539343,
      "median": 117.40481888476,
      "user": 903.7243068999999,
      "system": 23.961112839999995,
      "min": 117.16241611426,
      "max": 117.97042094926,
      "times": [
        117.42081604426001,
        117.16241611426,
        117.39656773526,
        117.28965788126,
        117.65295178126,
        117.97042094926,
        117.34056642026,
        117.41307003426,
        117.44914284726,
        117.29132516326
      ],
      "exit_codes": [
        0,
        0,
        0,
        0,
        0,
        0,
        0,
        0,
        0,
        0
      ]
    }
  ]
}
