{
  "results": [
    {
      "command": "cargo build --jobs 8 --release --example breakout",
      "mean": 117.11012479939998,
      "stddev": 0.11000554752132234,
      "median": 117.1177304415,
      "user": 902.70760244,
      "system": 24.778875239999998,
      "min": 116.9049612095,
      "max": 117.3238223805,
      "times": [
        117.3238223805,
        117.0583928225,
        117.1201897525,
        117.1699801405,
        117.1193646415,
        117.1927637125,
        117.0414085525,
        117.0542685405,
        116.9049612095,
        117.1160962415
      ],
      "exit_codes": [
        0,
        0,
        0,
        0,
        0,
        0,
        0,
        0,
        0,
        0
      ]
    }
  ]
}
