{
  "results": [
    {
      "command": "cargo build --jobs 16 --release --example breakout",
      "mean": 76.27836058317999,
      "stddev": 2.8991194380060943,
      "median": 75.36639272608,
      "user": 1136.4606126,
      "system": 30.3234658,
      "min": 75.11885586358,
      "max": 84.52066714157999,
      "times": [
        75.46973544558,
        75.63151637957999,
        75.39596380757999,
        75.40298065757999,
        75.26192754258,
        75.31670009858,
        84.52066714157999,
        75.11885586358,
        75.32843725058,
        75.33682164458
      ],
      "exit_codes": [
        0,
        0,
        0,
        0,
        0,
        0,
        0,
        0,
        0,
        0
      ]
    }
  ]
}
