{
  "results": [
    {
      "command": "cargo build --jobs 16 --release --example breakout",
      "mean": 77.33214026277999,
      "stddev": 0.25184508622924545,
      "median": 77.32788444018,
      "user": 1142.1457667,
      "system": 29.421747379999992,
      "min": 77.04208316518,
      "max": 77.88335337218,
      "times": [
        77.37820040718,
        77.88335337218,
        77.31379611318,
        77.11177910118,
        77.04208316518,
        77.38610437918,
        77.34197276718,
        77.07474965618,
        77.56015963318,
        77.22920403318
      ],
      "exit_codes": [
        0,
        0,
        0,
        0,
        0,
        0,
        0,
        0,
        0,
        0
      ]
    }
  ]
}
