{
  "results": [
    {
      "command": "cargo build --jobs 8 --release --example breakout",
      "mean": 120.26847097897999,
      "stddev": 0.2527881893339763,
      "median": 120.30705777918,
      "user": 903.3560974,
      "system": 23.7454294,
      "min": 119.65121067918,
      "max": 120.58570919418,
      "times": [
        120.34861514018,
        120.58570919418,
        120.51502748018,
        120.27268537818,
        120.33642033218,
        120.14108145218,
        119.65121067918,
        120.31195081018,
        120.21984457517999,
        120.30216474818
      ],
      "exit_codes": [
        0,
        0,
        0,
        0,
        0,
        0,
        0,
        0,
        0,
        0
      ]
    }
  ]
}
