{
  "results": [
    {
      "command": "cargo build --jobs 8 --release --example breakout",
      "mean": 125.26160456631999,
      "stddev": 0.14026659914196207,
      "median": 125.25241936972,
      "user": 959.7879516999999,
      "system": 25.641001620000004,
      "min": 125.04141582922,
      "max": 125.51718791521999,
      "times": [
        125.51718791521999,
        125.31609095121999,
        125.40032936221999,
        125.35260106522,
        125.16566021422,
        125.22168657222,
        125.28315216722,
        125.17376435722,
        125.04141582922,
        125.14415722922
      ],
      "exit_codes": [
        0,
        0,
        0,
        0,
        0,
        0,
        0,
        0,
        0,
        0
      ]
    }
  ]
}
