{
  "results": [
    {
      "command": "cargo build --jobs 16 --release --example breakout",
      "mean": 75.87692443084,
      "stddev": 0.276795530817299,
      "median": 75.90363234963999,
      "user": 1144.7200717399999,
      "system": 29.37107464,
      "min": 75.23947490014,
      "max": 76.16443581614,
      "times": [
        75.73389237814,
        76.03968690214,
        75.99877874414,
        75.79342327314001,
        75.23947490014,
        76.16443581614,
        75.80848595514,
        76.15715860014001,
        76.06753069114,
        75.76637704814
      ],
      "exit_codes": [
        0,
        0,
        0,
        0,
        0,
        0,
        0,
        0,
        0,
        0
      ]
    }
  ]
}
