{
  "results": [
    {
      "command": "cargo build --jobs 8 --release --example breakout",
      "mean": 117.36916053095999,
      "stddev": 0.2598988169972793,
      "median": 117.40681363826,
      "user": 904.6634433400001,
      "system": 23.742378959999996,
      "min": 116.87995666526,
      "max": 117.85745290426,
      "times": [
        117.34935154726,
        117.85745290426,
        117.46509051926,
        117.12939865526,
        117.23982271926,
        117.46427572926001,
        116.87995666526,
        117.50780394426,
        117.48947847926,
        117.30897414626
      ],
      "exit_codes": [
        0,
        0,
        0,
        0,
        0,
        0,
        0,
        0,
        0,
        0
      ]
    }
  ]
}
