{
  "results": [
    {
      "command": "cargo build --jobs 16 --release --example breakout",
      "mean": 74.97303658636,
      "stddev": 0.5018059664235408,
      "median": 74.97872744536,
      "user": 1097.60081124,
      "system": 28.4264927,
      "min": 74.20776250486,
      "max": 75.65746891386,
      "times": [
        75.65746891386,
        74.20776250486,
        75.32347805885999,
        74.61402475685999,
        74.46464498786,
        74.65417103786,
        74.67110251586,
        75.40066721385999,
        75.45069349885999,
        75.28635237486
      ],
      "exit_codes": [
        0,
        0,
        0,
        0,
        0,
        0,
        0,
        0,
        0,
        0
      ]
    }
  ]
}
