{
  "results": [
    {
      "command": "cargo build --jobs 16 --release --example breakout",
      "mean": 82.35762250272,
      "stddev": 0.27859175801055197,
      "median": 82.33919848992001,
      "user": 1234.2820992,
      "system": 33.818919820000005,
      "min": 81.92296353492,
      "max": 82.94386117092,
      "times": [
        82.46448570092001,
        81.92296353492,
        82.37497262492,
        82.33478705092001,
        82.34360992892,
        82.57865071892,
        82.27552150992001,
        82.28377284392,
        82.05359994292,
        82.94386117092
      ],
      "exit_codes": [
        0,
        0,
        0,
        0,
        0,
        0,
        0,
        0,
        0,
        0
      ]
    }
  ]
}
