{
  "results": [
    {
      "command": "cargo build --jobs 8 --release --example breakout",
      "mean": 127.90639759752003,
      "stddev": 0.3860998536577863,
      "median": 127.69620703292,
      "user": 977.4113818,
      "system": 27.871784460000004,
      "min": 127.47047035542,
      "max": 128.43297408342,
      "times": [
        127.67988437142,
        128.38051036841998,
        127.47047035542,
        127.71068837642001,
        127.62161735342,
        128.43297408342,
        127.68172568942,
        128.24220842941997,
        127.52501055142001,
        128.31888639642
      ],
      "exit_codes": [
        0,
        0,
        0,
        0,
        0,
        0,
        0,
        0,
        0,
        0
      ]
    }
  ]
}
