{
  "results": [
    {
      "command": "cargo build --jobs 8 --release --example breakout",
      "mean": 122.5583729176,
      "stddev": 0.1763943739298987,
      "median": 122.54839762499999,
      "user": 924.1957985399998,
      "system": 24.75097624,
      "min": 122.3305451655,
      "max": 122.9270542015,
      "times": [
        122.4139907555,
        122.5601439435,
        122.5696033995,
        122.4150124465,
        122.53665130649999,
        122.63103272049999,
        122.3305451655,
        122.7438686795,
        122.45582655749999,
        122.9270542015
      ],
      "exit_codes": [
        0,
        0,
        0,
        0,
        0,
        0,
        0,
        0,
        0,
        0
      ]
    }
  ]
}
