{
  "results": [
    {
      "command": "cargo build --jobs 16 --release --example breakout",
      "mean": 80.60891223025999,
      "stddev": 0.4564689666670171,
      "median": 80.79157188616,
      "user": 1163.5272543799997,
      "system": 30.2470282,
      "min": 79.75075124616001,
      "max": 81.04193527116,
      "times": [
        80.21090856016001,
        80.86667233116,
        79.75075124616001,
        79.97818145016001,
        80.93692172716001,
        80.74518246516,
        80.76477027416,
        81.04193527116,
        80.97542547916001,
        80.81837349816
      ],
      "exit_codes": [
        0,
        0,
        0,
        0,
        0,
        0,
        0,
        0,
        0,
        0
      ]
    }
  ]
}
