{
  "results": [
    {
      "command": "cargo build --jobs 8 --release --example breakout",
      "mean": 121.95424272192,
      "stddev": 0.33046294987203617,
      "median": 121.83901819881999,
      "user": 935.18789124,
      "system": 24.407682059999996,
      "min": 121.66264257432,
      "max": 122.75182997431999,
      "times": [
        122.15960002332,
        121.66264257432,
        121.84405952131999,
        121.90865156832,
        122.16548532931999,
        121.80571480232,
        121.71317060631999,
        121.69729594332,
        121.83397687632,
        122.75182997431999
      ],
      "exit_codes": [
        0,
        0,
        0,
        0,
        0,
        0,
        0,
        0,
        0,
        0
      ]
    }
  ]
}
