{
  "results": [
    {
      "command": "cargo build --jobs 16 --release --example breakout",
      "mean": 78.2594407649,
      "stddev": 0.22790723360874898,
      "median": 78.1496666756,
      "user": 1179.5856559400002,
      "system": 30.4542087,
      "min": 77.97630678760001,
      "max": 78.6564615446,
      "times": [
        77.97630678760001,
        78.1296300116,
        78.50056263660001,
        78.1526019196,
        78.1406675666,
        78.0238083926,
        78.4419270936,
        78.1467314316,
        78.4257102646,
        78.6564615446
      ],
      "exit_codes": [
        0,
        0,
        0,
        0,
        0,
        0,
        0,
        0,
        0,
        0
      ]
    }
  ]
}
