{
  "results": [
    {
      "command": "cargo build --jobs 8 --release --example breakout",
      "mean": 134.72854790027995,
      "stddev": 0.13568366306476837,
      "median": 134.72047169037998,
      "user": 1029.54749602,
      "system": 24.996296899999997,
      "min": 134.44659665138,
      "max": 134.90168725537998,
      "times": [
        134.85525551237998,
        134.72497563937998,
        134.44659665138,
        134.86791444137998,
        134.77666495137998,
        134.60442788938,
        134.67692339637998,
        134.90168725537998,
        134.71506552437998,
        134.71596774137998
      ],
      "exit_codes": [
        0,
        0,
        0,
        0,
        0,
        0,
        0,
        0,
        0,
        0
      ]
    }
  ]
}
