{
  "results": [
    {
      "command": "cargo build --jobs 16 --release --example breakout",
      "mean": 92.92386309714,
      "stddev": 1.2413679261819683,
      "median": 92.45559453773998,
      "user": 1289.22312456,
      "system": 31.211669359999995,
      "min": 91.23385374924,
      "max": 94.61500274123999,
      "times": [
        92.41905800624,
        93.97320436023999,
        91.23385374924,
        91.71629222824,
        94.11140747124,
        94.46935311224,
        92.49213106923999,
        92.03457610123999,
        94.61500274123999,
        92.17375213224
      ],
      "exit_codes": [
        0,
        0,
        0,
        0,
        0,
        0,
        0,
        0,
        0,
        0
      ]
    }
  ]
}
