{
  "results": [
    {
      "command": "cargo build --jobs 16 --release --example breakout",
      "mean": 73.45082137294,
      "stddev": 0.3174913001082828,
      "median": 73.41138655624,
      "user": 1074.0711932399997,
      "system": 28.347006079999993,
      "min": 72.80101138274,
      "max": 73.88332082174,
      "times": [
        73.88332082174,
        73.43278496374,
        72.80101138274,
        73.34238010874,
        73.38998814874,
        73.82831173274,
        73.27671031974,
        73.61282599974,
        73.26760606474001,
        73.67327418674
      ],
      "exit_codes": [
        0,
        0,
        0,
        0,
        0,
        0,
        0,
        0,
        0,
        0
      ]
    }
  ]
}
