{
  "results": [
    {
      "command": "cargo build --jobs 16 --release --example breakout",
      "mean": 77.51812339685999,
      "stddev": 0.21149958810914357,
      "median": 77.46841050365998,
      "user": 1139.5529247199997,
      "system": 29.650999380000002,
      "min": 77.27492807466,
      "max": 78.01151670166,
      "times": [
        77.40807264765999,
        77.44956654965999,
        77.48725445765999,
        77.36812585665999,
        78.01151670166,
        77.37025293865999,
        77.50138562266,
        77.27492807466,
        77.66185762865999,
        77.64827349065999
      ],
      "exit_codes": [
        0,
        0,
        0,
        0,
        0,
        0,
        0,
        0,
        0,
        0
      ]
    }
  ]
}
