{
  "results": [
    {
      "command": "cargo build --jobs 8 --release --example breakout",
      "mean": 106.9587896134,
      "stddev": 0.3715381118332389,
      "median": 107.07071048179999,
      "user": 805.2637462399999,
      "system": 21.680006660000004,
      "min": 106.2314275828,
      "max": 107.3166065888,
      "times": [
        106.95420993479999,
        107.2897490378,
        107.23275253579999,
        106.4032870348,
        107.06151338379999,
        107.0799075798,
        106.2314275828,
        107.1849685798,
        106.8334738758,
        107.3166065888
      ],
      "exit_codes": [
        0,
        0,
        0,
        0,
        0,
        0,
        0,
        0,
        0,
        0
      ]
    }
  ]
}
