{
  "results": [
    {
      "command": "cargo build --jobs 16 --release --example breakout",
      "mean": 71.32127215085998,
      "stddev": 0.7846518988944069,
      "median": 71.34863581146,
      "user": 1008.57008368,
      "system": 27.44019882,
      "min": 69.82588157446,
      "max": 72.57107299745999,
      "times": [
        71.19044851646,
        71.98401081745999,
        71.11942471446,
        71.87853121946,
        72.57107299745999,
        69.82588157446,
        70.38528395446,
        71.33537482746,
        71.36189679546,
        71.56079609145999
      ],
      "exit_codes": [
        0,
        0,
        0,
        0,
        0,
        0,
        0,
        0,
        0,
        0
      ]
    }
  ]
}
