{
  "results": [
    {
      "command": "cargo build --jobs 16 --release --example breakout",
      "mean": 78.50372735062001,
      "stddev": 0.23089528040996996,
      "median": 78.57175672372,
      "user": 1178.75453562,
      "system": 30.056929500000003,
      "min": 78.02163135472,
      "max": 78.84926597972,
      "times": [
        78.36384183972,
        78.61741640272,
        78.38467528272,
        78.60046583772,
        78.84926597972,
        78.61986871972,
        78.54304760972,
        78.02163135472,
        78.68661079072,
        78.35044968872
      ],
      "exit_codes": [
        0,
        0,
        0,
        0,
        0,
        0,
        0,
        0,
        0,
        0
      ]
    }
  ]
}
