{
  "results": [
    {
      "command": "cargo build --jobs 8 --release --example breakout",
      "mean": 127.15097801910001,
      "stddev": 0.10091232142544326,
      "median": 127.1468620883,
      "user": 972.5144820599999,
      "system": 25.6175402,
      "min": 126.92179689929999,
      "max": 127.30955165629999,
      "times": [
        127.1403949293,
        127.1638040173,
        127.14173498129999,
        126.92179689929999,
        127.2474679273,
        127.09980085929999,
        127.19150474429999,
        127.1443678563,
        127.30955165629999,
        127.1493563203
      ],
      "exit_codes": [
        0,
        0,
        0,
        0,
        0,
        0,
        0,
        0,
        0,
        0
      ]
    }
  ]
}
