{
  "results": [
    {
      "command": "cargo build --jobs 16 --release --example breakout",
      "mean": 74.61821180288,
      "stddev": 0.5223175516576894,
      "median": 74.60245367318,
      "user": 1098.9088739200001,
      "system": 28.422032179999995,
      "min": 74.03534106667999,
      "max": 75.53857863868,
      "times": [
        74.08517404167999,
        74.69881935368,
        74.03534106667999,
        75.06854668668,
        74.59042544068,
        75.21296088868,
        75.53857863868,
        74.61448190568,
        74.07720194568,
        74.26058806067999
      ],
      "exit_codes": [
        0,
        0,
        0,
        0,
        0,
        0,
        0,
        0,
        0,
        0
      ]
    }
  ]
}
