{
  "results": [
    {
      "command": "cargo build --jobs 8 --release --example breakout",
      "mean": 115.18402789022,
      "stddev": 0.1902173290124924,
      "median": 115.18618623622,
      "user": 870.6957076799999,
      "system": 22.640726299999997,
      "min": 114.91612916072,
      "max": 115.52294399172,
      "times": [
        114.94673342872,
        115.21423319872,
        115.34200254171999,
        115.52294399172,
        114.91612916072,
        115.25436245972,
        115.32910639772,
        115.15813927372,
        115.14083270572,
        115.01579574371999
      ],
      "exit_codes": [
        0,
        0,
        0,
        0,
        0,
        0,
        0,
        0,
        0,
        0
      ]
    }
  ]
}
