{
  "results": [
    {
      "command": "cargo build --jobs 8 --release --example breakout",
      "mean": 120.42453634249998,
      "stddev": 0.10067115537952294,
      "median": 120.43964593999999,
      "user": 904.0331380199998,
      "system": 23.73329494,
      "min": 120.22198886449999,
      "max": 120.57567313749999,
      "times": [
        120.22198886449999,
        120.4746338815,
        120.4871663945,
        120.4384640725,
        120.4041779505,
        120.48505404149999,
        120.2966243755,
        120.57567313749999,
        120.4408278075,
        120.4207528995
      ],
      "exit_codes": [
        0,
        0,
        0,
        0,
        0,
        0,
        0,
        0,
        0,
        0
      ]
    }
  ]
}
