{
  "results": [
    {
      "command": "cargo build --jobs 8 --release --example breakout",
      "mean": 134.5111831403,
      "stddev": 0.2614620295377341,
      "median": 134.428851975,
      "user": 1029.5915530799998,
      "system": 24.958655919999998,
      "min": 134.234142475,
      "max": 134.848941822,
      "times": [
        134.255309277,
        134.834658958,
        134.750312291,
        134.234142475,
        134.4592509,
        134.778161432,
        134.39845305,
        134.283924048,
        134.26867715,
        134.848941822
      ],
      "exit_codes": [
        0,
        0,
        0,
        0,
        0,
        0,
        0,
        0,
        0,
        0
      ]
    }
  ]
}
