{
  "results": [
    {
      "command": "cargo build --jobs 16 --release --example breakout",
      "mean": 93.02609541126,
      "stddev": 0.7319367476960095,
      "median": 93.01548395506,
      "user": 1289.5692841599998,
      "system": 31.071697819999997,
      "min": 91.43857214556,
      "max": 93.93795352956,
      "times": [
        93.35638563256,
        92.86738919156,
        93.16357871856,
        93.92488130956,
        93.44776938756,
        91.43857214556,
        92.62069241356001,
        92.66157181656,
        92.84215996756,
        93.93795352956
      ],
      "exit_codes": [
        0,
        0,
        0,
        0,
        0,
        0,
        0,
        0,
        0,
        0
      ]
    }
  ]
}
