{
  "results": [
    {
      "command": "cargo build --jobs 8 --release --example breakout",
      "mean": 117.05298906007997,
      "stddev": 0.09258285499365608,
      "median": 117.05815507608,
      "user": 903.50979554,
      "system": 24.006302240000004,
      "min": 116.91792629758,
      "max": 117.21370869958,
      "times": [
        117.21370869958,
        117.14097554157999,
        117.07371919357999,
        117.06145696157999,
        117.05485319057999,
        117.11878964758,
        117.01361327257999,
        116.91792629758,
        116.92104497257999,
        117.01380282358
      ],
      "exit_codes": [
        0,
        0,
        0,
        0,
        0,
        0,
        0,
        0,
        0,
        0
      ]
    }
  ]
}
