{
  "results": [
    {
      "command": "cargo build --jobs 16 --release --example breakout",
      "mean": 75.14613034258001,
      "stddev": 0.3119732672967378,
      "median": 75.22440051798,
      "user": 1139.7499955399994,
      "system": 29.42416758,
      "min": 74.64849858948,
      "max": 75.48408848448,
      "times": [
        74.73472608848,
        75.42128068048,
        74.64849858948,
        75.21005448148,
        75.21221014848,
        75.27818648048,
        74.77617937648,
        75.23659088748,
        75.48408848448,
        75.45948820848
      ],
      "exit_codes": [
        0,
        0,
        0,
        0,
        0,
        0,
        0,
        0,
        0,
        0
      ]
    }
  ]
}
