{
  "results": [
    {
      "command": "cargo build --jobs 8 --release --example breakout",
      "mean": 117.11845375483999,
      "stddev": 0.06409307939223148,
      "median": 117.13633593474,
      "user": 903.4431575799997,
      "system": 24.9400093,
      "min": 116.99752418873999,
      "max": 117.19430388673999,
      "times": [
        117.16742136773999,
        117.14163229473999,
        116.99752418873999,
        117.11560700273999,
        117.19430388673999,
        117.13103957474,
        117.01717196274,
        117.10690136974,
        117.16673700973999,
        117.14619889074
      ],
      "exit_codes": [
        0,
        0,
        0,
        0,
        0,
        0,
        0,
        0,
        0,
        0
      ]
    }
  ]
}
