{
  "results": [
    {
      "command": "cargo build --jobs 8 --release --example breakout",
      "mean": 133.23806791462,
      "stddev": 0.2717928658196359,
      "median": 133.23432202072001,
      "user": 1024.02584772,
      "system": 24.84245328,
      "min": 132.92618108122,
      "max": 133.65801827922,
      "times": [
        133.17972542222,
        132.97496078922,
        133.00836186621999,
        132.92618108122,
        133.51738805022,
        133.28891861922,
        133.65801827922,
        132.93683224322,
        133.51111994822,
        133.37917284722
      ],
      "exit_codes": [
        0,
        0,
        0,
        0,
        0,
        0,
        0,
        0,
        0,
        0
      ]
    }
  ]
}
