{
  "results": [
    {
      "command": "cargo build --jobs 16 --release --example breakout",
      "mean": 72.2102900935,
      "stddev": 0.1210490843071839,
      "median": 72.1898119276,
      "user": 1068.6740265800001,
      "system": 27.948706919999996,
      "min": 72.04373222560001,
      "max": 72.37847061560001,
      "times": [
        72.1362304916,
        72.1274969196,
        72.37847061560001,
        72.3565760006,
        72.2205083206,
        72.04373222560001,
        72.1591155346,
        72.28125271260001,
        72.0691262346,
        72.3303918796
      ],
      "exit_codes": [
        0,
        0,
        0,
        0,
        0,
        0,
        0,
        0,
        0,
        0
      ]
    }
  ]
}
