{
  "results": [
    {
      "command": "cargo build --jobs 8 --release --example breakout",
      "mean": 112.28723597225999,
      "stddev": 0.20174838696712824,
      "median": 112.30350605395999,
      "user": 848.04145818,
      "system": 22.72054128,
      "min": 111.94948007095999,
      "max": 112.56955001796,
      "times": [
        112.56955001796,
        111.94948007095999,
        112.15821505695999,
        112.44532140496,
        112.39637012995999,
        112.32300828695999,
        111.99606801696,
        112.28400382096,
        112.46860482395999,
        112.28173809296
      ],
      "exit_codes": [
        0,
        0,
        0,
        0,
        0,
        0,
        0,
        0,
        0,
        0
      ]
    }
  ]
}
