{
  "results": [
    {
      "command": "cargo build --jobs 8 --release --example breakout",
      "mean": 120.15119159835999,
      "stddev": 0.5916180773386956,
      "median": 120.02281058946001,
      "user": 903.97433338,
      "system": 23.7301484,
      "min": 119.55914189396,
      "max": 121.38889916996,
      "times": [
        120.39303714596001,
        120.53289498496001,
        120.25513197896001,
        119.55914189396,
        119.73142362496,
        119.59721423596001,
        120.60020241896001,
        119.66348132996,
        121.38889916996,
        119.79048919996
      ],
      "exit_codes": [
        0,
        0,
        0,
        0,
        0,
        0,
        0,
        0,
        0,
        0
      ]
    }
  ]
}
