{
  "results": [
    {
      "command": "cargo build --jobs 16 --release --example breakout",
      "mean": 77.30221210936,
      "stddev": 0.154640877654677,
      "median": 77.29668508576,
      "user": 1143.2657986199997,
      "system": 29.540210039999998,
      "min": 77.08086372526,
      "max": 77.63485126426,
      "times": [
        77.36453365026,
        77.32208246426,
        77.08086372526,
        77.29557459426,
        77.43396587426001,
        77.22099800926,
        77.17718303626,
        77.19427289826001,
        77.29779557726,
        77.63485126426
      ],
      "exit_codes": [
        0,
        0,
        0,
        0,
        0,
        0,
        0,
        0,
        0,
        0
      ]
    }
  ]
}
