{
  "results": [
    {
      "command": "cargo build --jobs 16 --release --example breakout",
      "mean": 73.84862053296,
      "stddev": 0.34706602318798757,
      "median": 73.91169609195998,
      "user": 1086.10819412,
      "system": 28.305064820000002,
      "min": 73.36165035546,
      "max": 74.24535167245999,
      "times": [
        74.02446684345999,
        74.24535167245999,
        73.45775937746,
        73.79892534045999,
        74.14105901446,
        73.73139786045999,
        74.11042917546,
        74.21514910946,
        73.36165035546,
        73.40001658045999
      ],
      "exit_codes": [
        0,
        0,
        0,
        0,
        0,
        0,
        0,
        0,
        0,
        0
      ]
    }
  ]
}
