{
  "results": [
    {
      "command": "cargo build --jobs 16 --release --example breakout",
      "mean": 92.30273287468,
      "stddev": 1.2477326675107143,
      "median": 91.90795402618,
      "user": 1289.78380956,
      "system": 31.005762859999994,
      "min": 90.53634610118,
      "max": 94.13392637418,
      "times": [
        94.13392637418,
        90.53634610118,
        91.39350375718,
        91.73021896618,
        91.37473917918,
        93.82666453618,
        91.28981381518,
        93.43729081518,
        92.08568908618,
        93.21913611618
      ],
      "exit_codes": [
        0,
        0,
        0,
        0,
        0,
        0,
        0,
        0,
        0,
        0
      ]
    }
  ]
}
