{
  "results": [
    {
      "command": "cargo build --jobs 8 --release --example breakout",
      "mean": 123.61457457213999,
      "stddev": 0.3210336661642199,
      "median": 123.48966469724,
      "user": 951.2224378999997,
      "system": 25.06956282,
      "min": 123.25341057524,
      "max": 124.36983550324,
      "times": [
        123.76581463324,
        123.35644878724,
        123.48481479124,
        124.36983550324,
        123.25341057524,
        123.61024294624,
        123.47394180824,
        123.86882081824,
        123.46790125524,
        123.49451460324
      ],
      "exit_codes": [
        0,
        0,
        0,
        0,
        0,
        0,
        0,
        0,
        0,
        0
      ]
    }
  ]
}
