{
  "results": [
    {
      "command": "cargo build --jobs 16 --release --example breakout",
      "mean": 96.79262273354,
      "stddev": 0.7826516689449327,
      "median": 96.98152863894,
      "user": 1336.82640664,
      "system": 33.41766616,
      "min": 95.22648191894,
      "max": 98.17129434594,
      "times": [
        97.14647431994,
        97.18857101194,
        96.02440234694,
        96.69783830793999,
        97.07324980093999,
        96.97412661694,
        96.98893066094,
        95.22648191894,
        96.43485800494,
        98.17129434594
      ],
      "exit_codes": [
        0,
        0,
        0,
        0,
        0,
        0,
        0,
        0,
        0,
        0
      ]
    }
  ]
}
