{
  "results": [
    {
      "command": "cargo build --jobs 8 --release --example breakout",
      "mean": 109.44954592493998,
      "stddev": 0.11227048924002023,
      "median": 109.47634930653999,
      "user": 826.6951394000001,
      "system": 22.17427134,
      "min": 109.24588311753999,
      "max": 109.61095710254,
      "times": [
        109.48507717154,
        109.31383182854,
        109.50866890054,
        109.38228906754,
        109.55797219754,
        109.40755384654,
        109.51560457554,
        109.24588311753999,
        109.61095710254,
        109.46762144153999
      ],
      "exit_codes": [
        0,
        0,
        0,
        0,
        0,
        0,
        0,
        0,
        0,
        0
      ]
    }
  ]
}
