{
  "results": [
    {
      "command": "cargo build --jobs 8 --release --example breakout",
      "mean": 117.21677350163998,
      "stddev": 0.2738236580702914,
      "median": 117.16054124484,
      "user": 902.6408479999998,
      "system": 23.800045459999996,
      "min": 116.82452198934,
      "max": 117.77438044034,
      "times": [
        117.45938129634,
        117.01477291334,
        117.33497470934,
        117.21297284933999,
        117.34891228133999,
        117.77438044034,
        117.10810964034,
        117.10809308633999,
        116.98161581034,
        116.82452198934
      ],
      "exit_codes": [
        0,
        0,
        0,
        0,
        0,
        0,
        0,
        0,
        0,
        0
      ]
    }
  ]
}
