{
  "results": [
    {
      "command": "cargo build --jobs 16 --release --example breakout",
      "mean": 78.07259051946,
      "stddev": 0.39234861059727344,
      "median": 78.13080767016001,
      "user": 1145.35674324,
      "system": 30.027767519999998,
      "min": 77.33339010616,
      "max": 78.76277980316,
      "times": [
        77.82455397516,
        78.41072551116,
        78.15831914716,
        77.77930761716,
        78.76277980316,
        78.22025674116,
        77.33339010616,
        77.87873153315999,
        78.10329619316,
        78.25454456716
      ],
      "exit_codes": [
        0,
        0,
        0,
        0,
        0,
        0,
        0,
        0,
        0,
        0
      ]
    }
  ]
}
