{
  "results": [
    {
      "command": "cargo build --jobs 16 --release --example breakout",
      "mean": 91.22243400016,
      "stddev": 0.8645219280105213,
      "median": 90.99312370656,
      "user": 1280.31560004,
      "system": 31.22974218,
      "min": 90.23111686456001,
      "max": 92.93540485356,
      "times": [
        92.93540485356,
        90.57050381256,
        91.08065521056001,
        90.23111686456001,
        90.90559220256,
        91.73819541856001,
        90.68342749456001,
        91.55448851256,
        90.36970217756,
        92.15525345456001
      ],
      "exit_codes": [
        0,
        0,
        0,
        0,
        0,
        0,
        0,
        0,
        0,
        0
      ]
    }
  ]
}
