{
  "results": [
    {
      "command": "cargo build --jobs 8 --release --example breakout",
      "mean": 132.85274529384,
      "stddev": 0.23772625072628195,
      "median": 132.80469426974003,
      "user": 1021.7556761399999,
      "system": 25.009310879999997,
      "min": 132.60634114624,
      "max": 133.38653407524,
      "times": [
        132.60634114624,
        132.63102176124002,
        132.91145264524002,
        133.03947874124,
        132.96319148024,
        132.74353526624,
        133.38653407524,
        132.63650928324,
        132.80437589224002,
        132.80501264724
      ],
      "exit_codes": [
        0,
        0,
        0,
        0,
        0,
        0,
        0,
        0,
        0,
        0
      ]
    }
  ]
}
