{
  "results": [
    {
      "command": "cargo build --jobs 8 --release --example breakout",
      "mean": 120.16939594232001,
      "stddev": 0.16510298003409982,
      "median": 120.16778812992,
      "user": 908.9288557999998,
      "system": 24.742759619999998,
      "min": 119.97955327042,
      "max": 120.47079560642,
      "times": [
        120.22370635642,
        120.24886494441999,
        120.00460401341999,
        120.11186990342,
        120.25233048742,
        120.33893803942,
        119.98091897942,
        120.08237782242,
        119.97955327042,
        120.47079560642
      ],
      "exit_codes": [
        0,
        0,
        0,
        0,
        0,
        0,
        0,
        0,
        0,
        0
      ]
    }
  ]
}
