{
  "results": [
    {
      "command": "cargo build --jobs 16 --release --example breakout",
      "mean": 78.124066338,
      "stddev": 0.22092191954429868,
      "median": 78.1025962841,
      "user": 1143.9960077999997,
      "system": 30.303887839999998,
      "min": 77.8514702661,
      "max": 78.6285174991,
      "times": [
        77.8514702661,
        77.9570569141,
        78.1360596691,
        77.9589945911,
        77.9962182161,
        78.1190855371,
        78.6285174991,
        78.2097738861,
        78.2973797701,
        78.0861070311
      ],
      "exit_codes": [
        0,
        0,
        0,
        0,
        0,
        0,
        0,
        0,
        0,
        0
      ]
    }
  ]
}
