{
  "results": [
    {
      "command": "cargo build --jobs 8 --release --example breakout",
      "mean": 106.28939319962001,
      "stddev": 0.23777184753062872,
      "median": 106.34343069162,
      "user": 801.5688528,
      "system": 21.655499479999996,
      "min": 105.77886444212,
      "max": 106.52350188012,
      "times": [
        106.33488532012,
        106.35197606312,
        106.48587764012,
        105.97893099512,
        106.44353394612,
        106.44438364812,
        105.77886444212,
        106.22987633812001,
        106.52350188012,
        106.32210172312
      ],
      "exit_codes": [
        0,
        0,
        0,
        0,
        0,
        0,
        0,
        0,
        0,
        0
      ]
    }
  ]
}
