{
  "results": [
    {
      "command": "cargo build --jobs 16 --release --example breakout",
      "mean": 78.35906266519999,
      "stddev": 0.2421394069485731,
      "median": 78.3696337364,
      "user": 1180.0738010199998,
      "system": 30.314165539999998,
      "min": 78.04828582239999,
      "max": 78.7348973294,
      "times": [
        78.6060417244,
        78.7348973294,
        78.5514752244,
        78.0715421834,
        78.04828582239999,
        78.4321063284,
        78.50821691739999,
        78.3071611444,
        78.12122136539999,
        78.2096786124
      ],
      "exit_codes": [
        0,
        0,
        0,
        0,
        0,
        0,
        0,
        0,
        0,
        0
      ]
    }
  ]
}
