{
  "results": [
    {
      "command": "cargo build --jobs 8 --release --example breakout",
      "mean": 121.71331753753998,
      "stddev": 0.1940999862274784,
      "median": 121.65529304594,
      "user": 933.88050546,
      "system": 24.67547854,
      "min": 121.47719976194,
      "max": 122.13129799794,
      "times": [
        121.47719976194,
        122.13129799794,
        121.65425288294,
        121.91206997393999,
        121.55370517294,
        121.65633320894,
        121.63413727794,
        121.71099958094,
        121.57840388394,
        121.82477563393999
      ],
      "exit_codes": [
        0,
        0,
        0,
        0,
        0,
        0,
        0,
        0,
        0,
        0
      ]
    }
  ]
}
