{
  "results": [
    {
      "command": "cargo build --jobs 16 --release --example breakout",
      "mean": 77.55594393174,
      "stddev": 0.4081834933766566,
      "median": 77.40668571594,
      "user": 1144.77363974,
      "system": 29.649526319999996,
      "min": 77.25011037994,
      "max": 78.61606002394,
      "times": [
        77.30103679294,
        77.31688522294,
        77.25011037994,
        77.44826906694,
        77.35476759394,
        77.72258896593999,
        77.36745442594,
        77.44591700593999,
        77.73634983894,
        78.61606002394
      ],
      "exit_codes": [
        0,
        0,
        0,
        0,
        0,
        0,
        0,
        0,
        0,
        0
      ]
    }
  ]
}
