{
  "results": [
    {
      "command": "cargo build --jobs 8 --release --example breakout",
      "mean": 120.09658142284002,
      "stddev": 0.12602425713843454,
      "median": 120.11056290124,
      "user": 909.64269398,
      "system": 24.178824959999996,
      "min": 119.89677432774,
      "max": 120.31335436874001,
      "times": [
        120.10434730274001,
        120.17647705474,
        120.01312064874,
        120.04483140574001,
        120.15461157474,
        120.20509973374,
        120.11677849974001,
        119.94041931174,
        120.31335436874001,
        119.89677432774
      ],
      "exit_codes": [
        0,
        0,
        0,
        0,
        0,
        0,
        0,
        0,
        0,
        0
      ]
    }
  ]
}
