{
  "results": [
    {
      "command": "cargo build --jobs 16 --release --example breakout",
      "mean": 77.15347543396001,
      "stddev": 0.40868323606146945,
      "median": 77.15951111226,
      "user": 1167.62380168,
      "system": 29.768321999999994,
      "min": 76.61825060276,
      "max": 77.86684255476001,
      "times": [
        77.46406303676001,
        76.71496531076001,
        76.93537121476001,
        77.32520363776001,
        76.61825060276,
        76.73460538476,
        77.86684255476001,
        77.11409005576,
        77.55643037276,
        77.20493216876001
      ],
      "exit_codes": [
        0,
        0,
        0,
        0,
        0,
        0,
        0,
        0,
        0,
        0
      ]
    }
  ]
}
