{
  "results": [
    {
      "command": "cargo build --jobs 8 --release --example breakout",
      "mean": 120.06246485046002,
      "stddev": 0.18618898783041685,
      "median": 120.03726689566,
      "user": 908.1553438999999,
      "system": 24.625490319999997,
      "min": 119.74785624866,
      "max": 120.36826047065999,
      "times": [
        120.29195812565999,
        119.74785624866,
        120.36826047065999,
        119.94502514466,
        119.98195894666,
        120.10859403066,
        120.02432009265999,
        119.90717690465999,
        120.05021369865999,
        120.19928484165999
      ],
      "exit_codes": [
        0,
        0,
        0,
        0,
        0,
        0,
        0,
        0,
        0,
        0
      ]
    }
  ]
}
