{
  "results": [
    {
      "command": "cargo build --jobs 16 --release --example breakout",
      "mean": 87.39230181674,
      "stddev": 1.0127970034361862,
      "median": 87.58706368624001,
      "user": 1233.6626102999999,
      "system": 29.208919459999997,
      "min": 85.41172658674,
      "max": 88.58027475574,
      "times": [
        87.68970332774,
        87.45500095774,
        88.33054214974,
        87.86729491974,
        87.85984830574,
        87.48442404474001,
        85.82020796374,
        85.41172658674,
        88.58027475574,
        87.42399515574
      ],
      "exit_codes": [
        0,
        0,
        0,
        0,
        0,
        0,
        0,
        0,
        0,
        0
      ]
    }
  ]
}
