{
  "results": [
    {
      "command": "cargo build --jobs 16 --release --example breakout",
      "mean": 88.31224273263999,
      "stddev": 0.48846602896912306,
      "median": 88.29898253434,
      "user": 1235.36249144,
      "system": 32.411478779999996,
      "min": 87.51779867784,
      "max": 89.19183781284,
      "times": [
        89.19183781284,
        88.28393996684,
        88.31402510184,
        88.07053628984,
        87.81642579384,
        88.44605579684,
        88.43071234184,
        88.12896047884,
        87.51779867784,
        88.92213506584
      ],
      "exit_codes": [
        0,
        0,
        0,
        0,
        0,
        0,
        0,
        0,
        0,
        0
      ]
    }
  ]
}
