{
  "results": [
    {
      "command": "cargo build --jobs 8 --release --example breakout",
      "mean": 129.13729153938,
      "stddev": 0.16214727535837317,
      "median": 129.12096115948,
      "user": 987.60645962,
      "system": 26.066881239999997,
      "min": 128.95000399548002,
      "max": 129.43547823548002,
      "times": [
        128.97341417048,
        129.43547823548002,
        129.03291769848002,
        129.26203237548,
        129.28511405548,
        129.15439512448,
        129.08752719448,
        129.22110811648,
        128.97092442748,
        128.95000399548002
      ],
      "exit_codes": [
        0,
        0,
        0,
        0,
        0,
        0,
        0,
        0,
        0,
        0
      ]
    }
  ]
}
