{
  "results": [
    {
      "command": "cargo build --jobs 8 --release --example breakout",
      "mean": 142.61492211292,
      "stddev": 0.36375983967105074,
      "median": 142.43186415131999,
      "user": 1095.7359939000003,
      "system": 27.02939414,
      "min": 142.20577649781998,
      "max": 143.25730783682,
      "times": [
        142.20577649781998,
        142.95050548582,
        142.34735396381998,
        142.44959477281998,
        142.75253565382,
        142.31600814581998,
        142.39250903881998,
        143.25730783682,
        143.06349620382,
        142.41413352982
      ],
      "exit_codes": [
        0,
        0,
        0,
        0,
        0,
        0,
        0,
        0,
        0,
        0
      ]
    }
  ]
}
