{
  "results": [
    {
      "command": "cargo build --jobs 8 --release --example breakout",
      "mean": 125.62848087268,
      "stddev": 0.13089070873496803,
      "median": 125.65716119128,
      "user": 961.0233501600002,
      "system": 27.61079522,
      "min": 125.39930390778,
      "max": 125.79384416478,
      "times": [
        125.64564493078,
        125.77144818778,
        125.61697236677999,
        125.68081746978,
        125.56798606177999,
        125.70901106478,
        125.39930390778,
        125.79384416478,
        125.43110312078,
        125.66867745178
      ],
      "exit_codes": [
        0,
        0,
        0,
        0,
        0,
        0,
        0,
        0,
        0,
        0
      ]
    }
  ]
}
