{
  "results": [
    {
      "command": "cargo build --jobs 8 --release --example breakout",
      "mean": 119.14089960135998,
      "stddev": 0.23401092628684694,
      "median": 119.15810715885999,
      "user": 914.1870067200001,
      "system": 24.031088199999996,
      "min": 118.84082853986,
      "max": 119.55985570786,
      "times": [
        118.84082853986,
        118.96475387385999,
        118.98931247786,
        118.85430667786,
        119.19013382985999,
        119.16744137986,
        119.14877293785999,
        119.38657686586,
        119.55985570786,
        119.30701372285999
      ],
      "exit_codes": [
        0,
        0,
        0,
        0,
        0,
        0,
        0,
        0,
        0,
        0
      ]
    }
  ]
}
