{
  "results": [
    {
      "command": "cargo build --jobs 16 --release --example breakout",
      "mean": 76.82810346026,
      "stddev": 0.36355554305680093,
      "median": 76.70414219176001,
      "user": 1155.2443874800001,
      "system": 29.656850319999997,
      "min": 76.47399168726,
      "max": 77.61347897626,
      "times": [
        77.61347897626,
        76.71441921426,
        76.67683978926,
        76.87940253626,
        76.47399168726,
        76.55761764126001,
        76.89473360226,
        77.27951288626001,
        76.69386516926001,
        76.49717310026
      ],
      "exit_codes": [
        0,
        0,
        0,
        0,
        0,
        0,
        0,
        0,
        0,
        0
      ]
    }
  ]
}
