{
  "results": [
    {
      "command": "cargo build --jobs 16 --release --example breakout",
      "mean": 80.26559544947999,
      "stddev": 0.1887500619726138,
      "median": 80.31904037838,
      "user": 1201.0099989999999,
      "system": 30.883965519999993,
      "min": 79.81482609688,
      "max": 80.51417905288,
      "times": [
        80.33403515488,
        80.30580887688,
        79.81482609688,
        80.19300173687999,
        80.34340799787999,
        80.39650598288,
        80.33227187988,
        80.51417905288,
        80.13859493487999,
        80.28332278088
      ],
      "exit_codes": [
        0,
        0,
        0,
        0,
        0,
        0,
        0,
        0,
        0,
        0
      ]
    }
  ]
}
