{
  "results": [
    {
      "command": "cargo build --jobs 8 --release --example breakout",
      "mean": 120.13942327772,
      "stddev": 0.14524222643060816,
      "median": 120.10160633961999,
      "user": 909.1292195399999,
      "system": 24.199595179999996,
      "min": 119.87293940011999,
      "max": 120.35701953211999,
      "times": [
        120.19428956312,
        120.09994350811999,
        120.33164559411999,
        120.23980772312,
        119.87293940011999,
        120.06250739411999,
        120.10326917111999,
        120.35701953211999,
        120.03467096412,
        120.09813992712
      ],
      "exit_codes": [
        0,
        0,
        0,
        0,
        0,
        0,
        0,
        0,
        0,
        0
      ]
    }
  ]
}
