{
  "results": [
    {
      "command": "cargo build --jobs 16 --release --example breakout",
      "mean": 77.35340014260001,
      "stddev": 0.1792932869930533,
      "median": 77.32357329639999,
      "user": 1145.3757696799998,
      "system": 29.54349406,
      "min": 77.0747212699,
      "max": 77.64198163789999,
      "times": [
        77.2947520179,
        77.0747212699,
        77.35239457489999,
        77.39500242689999,
        77.64198163789999,
        77.2705862199,
        77.5660801059,
        77.2118421399,
        77.5228131169,
        77.20382791589999
      ],
      "exit_codes": [
        0,
        0,
        0,
        0,
        0,
        0,
        0,
        0,
        0,
        0
      ]
    }
  ]
}
