{
  "results": [
    {
      "command": "cargo build --jobs 8 --release --example breakout",
      "mean": 143.76618657246,
      "stddev": 0.14082477277236402,
      "median": 143.76702056455997,
      "user": 1097.5984013599998,
      "system": 27.01303476,
      "min": 143.57450161706,
      "max": 143.95548705906,
      "times": [
        143.57450161706,
        143.88441451306,
        143.66868476605998,
        143.66078110205999,
        143.84658821706,
        143.93390994106,
        143.95548705906,
        143.69548645406,
        143.60345738006,
        143.83855467505998
      ],
      "exit_codes": [
        0,
        0,
        0,
        0,
        0,
        0,
        0,
        0,
        0,
        0
      ]
    }
  ]
}
