{
  "results": [
    {
      "command": "cargo build --jobs 16 --release --example breakout",
      "mean": 97.61824785714,
      "stddev": 1.0368580195807873,
      "median": 97.48691859984,
      "user": 1373.99014102,
      "system": 33.5859686,
      "min": 96.11667083584,
      "max": 99.89231208884,
      "times": [
        98.02317487484,
        97.78028808084,
        97.17286532984,
        98.18058863083999,
        97.19354911884,
        96.11667083584,
        99.89231208884,
        96.91133236984,
        98.09299384783999,
        96.81870339384
      ],
      "exit_codes": [
        0,
        0,
        0,
        0,
        0,
        0,
        0,
        0,
        0,
        0
      ]
    }
  ]
}
