{
  "results": [
    {
      "command": "cargo build --jobs 8 --release --example breakout",
      "mean": 110.59704968852002,
      "stddev": 0.1571470587295709,
      "median": 110.53026346141999,
      "user": 836.4540953600001,
      "system": 21.9178366,
      "min": 110.43745685492,
      "max": 110.89530131592,
      "times": [
        110.50828616592,
        110.47599238692,
        110.46058451592,
        110.74944225792,
        110.89530131592,
        110.47482180291999,
        110.73821048492,
        110.55224075692,
        110.67816034292,
        110.43745685492
      ],
      "exit_codes": [
        0,
        0,
        0,
        0,
        0,
        0,
        0,
        0,
        0,
        0
      ]
    }
  ]
}
