{
  "results": [
    {
      "command": "cargo build --jobs 16 --release --example breakout",
      "mean": 71.26363224728,
      "stddev": 0.5528454034984911,
      "median": 71.34780822438,
      "user": 1009.62284604,
      "system": 27.469817979999995,
      "min": 70.43734637688,
      "max": 72.20818691788,
      "times": [
        72.20818691788,
        70.71109467888,
        71.27488593288,
        70.43734637688,
        71.64908258988,
        71.60223979188,
        71.15901249788,
        70.58236924188,
        71.42073051588,
        71.59137392888
      ],
      "exit_codes": [
        0,
        0,
        0,
        0,
        0,
        0,
        0,
        0,
        0,
        0
      ]
    }
  ]
}
