{
  "results": [
    {
      "command": "cargo build --jobs 16 --release --example breakout",
      "mean": 73.38445562810001,
      "stddev": 0.41261449976557385,
      "median": 73.32109850930001,
      "user": 1074.9233056799999,
      "system": 28.246743759999998,
      "min": 72.9604980488,
      "max": 74.2569070328,
      "times": [
        73.1915370768,
        72.9993254868,
        73.6632426868,
        73.64387428680001,
        74.2569070328,
        73.45065994180001,
        72.97078400580001,
        73.14965434080001,
        73.55807337380001,
        72.9604980488
      ],
      "exit_codes": [
        0,
        0,
        0,
        0,
        0,
        0,
        0,
        0,
        0,
        0
      ]
    }
  ]
}
