{
  "results": [
    {
      "command": "cargo build --jobs 16 --release --example breakout",
      "mean": 77.82041723853999,
      "stddev": 0.2971876547715057,
      "median": 77.75448973083999,
      "user": 1153.84647224,
      "system": 29.914793239999995,
      "min": 77.41163711384,
      "max": 78.53578145084,
      "times": [
        77.87182094984,
        77.66618752384,
        77.80726597184,
        78.00200899784,
        77.70171348984,
        77.69329645584,
        77.41163711384,
        78.53578145084,
        77.66177281584,
        77.85268761584
      ],
      "exit_codes": [
        0,
        0,
        0,
        0,
        0,
        0,
        0,
        0,
        0,
        0
      ]
    }
  ]
}
