{
  "results": [
    {
      "command": "cargo build --jobs 8 --release --example breakout",
      "mean": 121.04536964145998,
      "stddev": 0.15383093163947179,
      "median": 121.01467126746,
      "user": 912.01625828,
      "system": 24.185497660000003,
      "min": 120.75175810196001,
      "max": 121.27710571896,
      "times": [
        120.75175810196001,
        121.02501137896,
        121.27710571896,
        120.99198646696,
        120.98152445896,
        121.05902673696,
        120.97069704296,
        121.11605525996,
        121.00433115596,
        121.27620009296
      ],
      "exit_codes": [
        0,
        0,
        0,
        0,
        0,
        0,
        0,
        0,
        0,
        0
      ]
    }
  ]
}
