{
  "results": [
    {
      "command": "cargo build --jobs 8 --release --example breakout",
      "mean": 117.20120239682001,
      "stddev": 0.38865911268601383,
      "median": 117.14302925122001,
      "user": 901.68078654,
      "system": 23.801075859999997,
      "min": 116.57074883072,
      "max": 117.83481423072001,
      "times": [
        117.14744923872,
        117.27628472172,
        117.71979647672,
        117.13860926372001,
        116.88132539472001,
        117.00652470772,
        117.48127743472001,
        117.83481423072001,
        116.57074883072,
        116.95519366872001
      ],
      "exit_codes": [
        0,
        0,
        0,
        0,
        0,
        0,
        0,
        0,
        0,
        0
      ]
    }
  ]
}
