{
  "results": [
    {
      "command": "cargo build --jobs 8 --release --example breakout",
      "mean": 104.82498922716002,
      "stddev": 0.33173135205149634,
      "median": 104.80745366306,
      "user": 791.03406954,
      "system": 21.85623238,
      "min": 104.45086736806,
      "max": 105.23502285406,
      "times": [
        105.20189101306,
        104.50636035906,
        104.58715614306,
        104.53903937706,
        105.09776984806,
        105.23502285406,
        104.49884372506,
        104.45086736806,
        105.10519040106,
        105.02775118306
      ],
      "exit_codes": [
        0,
        0,
        0,
        0,
        0,
        0,
        0,
        0,
        0,
        0
      ]
    }
  ]
}
