{
  "results": [
    {
      "command": "cargo build --jobs 16 --release --example breakout",
      "mean": 73.22658997878,
      "stddev": 0.981658788925476,
      "median": 73.04111136998,
      "user": 1042.9736871999999,
      "system": 27.8388958,
      "min": 71.92277304497999,
      "max": 74.53534777397999,
      "times": [
        74.46559172798,
        74.53534777397999,
        72.11545604698,
        74.49876236598,
        71.92277304497999,
        73.26511618997999,
        73.34886092298,
        72.81710654998,
        72.74671198498,
        72.55017317997999
      ],
      "exit_codes": [
        0,
        0,
        0,
        0,
        0,
        0,
        0,
        0,
        0,
        0
      ]
    }
  ]
}
