{
  "results": [
    {
      "command": "cargo build --jobs 8 --release --example breakout",
      "mean": 110.7458680514,
      "stddev": 0.09339218040220044,
      "median": 110.7353717022,
      "user": 833.28591682,
      "system": 22.17972288,
      "min": 110.6190882532,
      "max": 110.87746588819999,
      "times": [
        110.8272913232,
        110.65031663719999,
        110.82828403719999,
        110.6940832002,
        110.87746588819999,
        110.7125754082,
        110.8421770842,
        110.6190882532,
        110.7581679962,
        110.6492306862
      ],
      "exit_codes": [
        0,
        0,
        0,
        0,
        0,
        0,
        0,
        0,
        0,
        0
      ]
    }
  ]
}
