{
  "results": [
    {
      "command": "cargo build --jobs 16 --release --example breakout",
      "mean": 75.25781584875999,
      "stddev": 0.36168004722140623,
      "median": 75.36627146686,
      "user": 1140.1316122399999,
      "system": 29.542313720000003,
      "min": 74.78389465286,
      "max": 75.71656060785999,
      "times": [
        74.78389465286,
        74.81698162085999,
        75.40953641486,
        75.06321087885999,
        75.50443471886,
        75.59327610685999,
        75.32300651886,
        74.79734671585999,
        75.56991025186,
        75.71656060785999
      ],
      "exit_codes": [
        0,
        0,
        0,
        0,
        0,
        0,
        0,
        0,
        0,
        0
      ]
    }
  ]
}
