{
  "results": [
    {
      "command": "cargo build --jobs 16 --release --example breakout",
      "mean": 76.29326044387999,
      "stddev": 2.969261817878275,
      "median": 75.33114337007999,
      "user": 1139.9385165199997,
      "system": 29.1280396,
      "min": 74.92139428758,
      "max": 84.70000942258,
      "times": [
        84.70000942258,
        75.84644166358,
        75.02931837058,
        75.42641142257999,
        75.19378704158,
        75.68577505357999,
        74.92139428758,
        75.20635381758,
        75.68723804157999,
        75.23587531758
      ],
      "exit_codes": [
        0,
        0,
        0,
        0,
        0,
        0,
        0,
        0,
        0,
        0
      ]
    }
  ]
}
