{
  "results": [
    {
      "command": "cargo build --jobs 8 --release --example breakout",
      "mean": 117.20487240468,
      "stddev": 0.11153102442833263,
      "median": 117.16953777228,
      "user": 903.6571993599998,
      "system": 24.170084839999998,
      "min": 117.00158728978,
      "max": 117.40056069978,
      "times": [
        117.16780658678,
        117.16709024778001,
        117.34471249478,
        117.17126895778,
        117.15948534578,
        117.27234099778,
        117.00158728978,
        117.15760682678001,
        117.40056069978,
        117.20626459978
      ],
      "exit_codes": [
        0,
        0,
        0,
        0,
        0,
        0,
        0,
        0,
        0,
        0
      ]
    }
  ]
}
