{
  "results": [
    {
      "command": "cargo build --jobs 16 --release --example breakout",
      "mean": 81.60481858128,
      "stddev": 0.310561579295943,
      "median": 81.57306933358001,
      "user": 1234.96043364,
      "system": 31.40753306,
      "min": 81.21470362508,
      "max": 82.36539619708,
      "times": [
        81.21470362508,
        82.36539619708,
        81.31584005708,
        81.63825188408,
        81.68103495908,
        81.48514975908,
        81.57254380808,
        81.57359485908,
        81.72445614608,
        81.47721451808
      ],
      "exit_codes": [
        0,
        0,
        0,
        0,
        0,
        0,
        0,
        0,
        0,
        0
      ]
    }
  ]
}
