{
  "results": [
    {
      "command": "cargo build --jobs 16 --release --example breakout",
      "mean": 89.76516981068002,
      "stddev": 0.6796102478050368,
      "median": 89.50091703538,
      "user": 1278.91972424,
      "system": 30.742438579999998,
      "min": 89.09938341538,
      "max": 91.32333568238,
      "times": [
        89.27534880138,
        89.89468688338,
        91.32333568238,
        89.41131955938,
        89.09938341538,
        89.31642538538,
        89.59051451138,
        90.46743304038,
        89.90650696038,
        89.36674386738
      ],
      "exit_codes": [
        0,
        0,
        0,
        0,
        0,
        0,
        0,
        0,
        0,
        0
      ]
    }
  ]
}
