{
  "results": [
    {
      "command": "cargo build --jobs 16 --release --example breakout",
      "mean": 71.13504444347998,
      "stddev": 1.0284998919917547,
      "median": 70.87655529707999,
      "user": 1005.0500834999999,
      "system": 27.672102539999997,
      "min": 69.52395579307999,
      "max": 72.69269370708,
      "times": [
        72.69269370708,
        70.89092329607999,
        70.86218729807999,
        71.69456542408,
        70.83116558507999,
        70.70582868508,
        72.41755864407999,
        69.86956368608,
        71.86200231608,
        69.52395579307999
      ],
      "exit_codes": [
        0,
        0,
        0,
        0,
        0,
        0,
        0,
        0,
        0,
        0
      ]
    }
  ]
}
