{
  "results": [
    {
      "command": "cargo build --jobs 16 --release --example breakout",
      "mean": 75.51353943610002,
      "stddev": 0.2773714386544187,
      "median": 75.58936792680001,
      "user": 1139.66686108,
      "system": 30.50942346,
      "min": 74.9102549018,
      "max": 75.82678742680001,
      "times": [
        74.9102549018,
        75.82678742680001,
        75.64431603380001,
        75.32227960680001,
        75.8044526478,
        75.51922969980001,
        75.65922358780001,
        75.2701146028,
        75.5868635658,
        75.5918722878
      ],
      "exit_codes": [
        0,
        0,
        0,
        0,
        0,
        0,
        0,
        0,
        0,
        0
      ]
    }
  ]
}
