{
  "results": [
    {
      "command": "cargo build --jobs 16 --release --example breakout",
      "mean": 93.85971559534002,
      "stddev": 1.1702555981454168,
      "median": 94.37150320264,
      "user": 1305.5431522799997,
      "system": 30.784759559999998,
      "min": 91.93761918064,
      "max": 95.24468639164,
      "times": [
        94.07235730864001,
        94.49760739964,
        95.24468639164,
        94.42484550664,
        94.84026999564,
        92.35599900964,
        92.40939350764,
        94.31816089864,
        94.49621675464,
        91.93761918064
      ],
      "exit_codes": [
        0,
        0,
        0,
        0,
        0,
        0,
        0,
        0,
        0,
        0
      ]
    }
  ]
}
