{
  "results": [
    {
      "command": "cargo build --jobs 16 --release --example breakout",
      "mean": 70.88716490562,
      "stddev": 0.9920956242238498,
      "median": 70.80507502872001,
      "user": 1001.8295134799998,
      "system": 27.491963519999995,
      "min": 69.26484554422001,
      "max": 72.70886127922,
      "times": [
        71.28493255922001,
        69.26484554422001,
        70.89556744022,
        70.09165708522,
        70.08023324022001,
        70.71458261722,
        70.57037372622001,
        71.97007006222,
        72.70886127922,
        71.29052550222
      ],
      "exit_codes": [
        0,
        0,
        0,
        0,
        0,
        0,
        0,
        0,
        0,
        0
      ]
    }
  ]
}
