{
  "results": [
    {
      "command": "cargo build --jobs 8 --release --example breakout",
      "mean": 105.94776628096,
      "stddev": 0.3472647536176157,
      "median": 105.82479514156,
      "user": 799.3873814599998,
      "system": 21.94370324,
      "min": 105.53004182756,
      "max": 106.48205503656,
      "times": [
        105.85779215555999,
        105.53004182756,
        105.57771020156,
        105.79179812756,
        106.30085689156,
        105.75211664956,
        106.27385632955999,
        106.26116930356,
        105.65026628656,
        106.48205503656
      ],
      "exit_codes": [
        0,
        0,
        0,
        0,
        0,
        0,
        0,
        0,
        0,
        0
      ]
    }
  ]
}
