{
  "results": [
    {
      "command": "cargo build --jobs 16 --release --example breakout",
      "mean": 75.95971378216001,
      "stddev": 0.20940805550041133,
      "median": 75.93565132596001,
      "user": 1146.92200146,
      "system": 28.809988119999996,
      "min": 75.66265540346001,
      "max": 76.31830296146,
      "times": [
        75.77506220446,
        76.10618163946,
        75.66265540346001,
        76.31830296146,
        76.17335230446001,
        75.79592662346,
        76.01307846246,
        75.85822418946,
        76.08200425046,
        75.81234978246
      ],
      "exit_codes": [
        0,
        0,
        0,
        0,
        0,
        0,
        0,
        0,
        0,
        0
      ]
    }
  ]
}
