{
  "results": [
    {
      "command": "cargo build --jobs 8 --release --example breakout",
      "mean": 118.29689044206,
      "stddev": 0.16426730054771038,
      "median": 118.26015106886,
      "user": 907.33684634,
      "system": 24.14535968,
      "min": 118.14389224486,
      "max": 118.71870785985999,
      "times": [
        118.14389224486,
        118.22470346285999,
        118.71870785985999,
        118.40548694985999,
        118.16618738285999,
        118.26486127486,
        118.23680834685999,
        118.28724840685999,
        118.25544086286,
        118.26556762886
      ],
      "exit_codes": [
        0,
        0,
        0,
        0,
        0,
        0,
        0,
        0,
        0,
        0
      ]
    }
  ]
}
