{
  "results": [
    {
      "command": "cargo build --jobs 16 --release --example breakout",
      "mean": 76.16262301448,
      "stddev": 0.2067490959482275,
      "median": 76.17242888548,
      "user": 1146.0048319000002,
      "system": 29.710635160000002,
      "min": 75.82709955298,
      "max": 76.44382574298,
      "times": [
        76.44382574298,
        76.02528433398,
        76.19161098298,
        76.29849535097999,
        76.43455442998,
        76.22416923898,
        76.14218135198,
        75.88576237198,
        76.15324678798,
        75.82709955298
      ],
      "exit_codes": [
        0,
        0,
        0,
        0,
        0,
        0,
        0,
        0,
        0,
        0
      ]
    }
  ]
}
