{
  "results": [
    {
      "command": "cargo build --jobs 16 --release --example breakout",
      "mean": 89.98782847240001,
      "stddev": 0.39776937893198144,
      "median": 90.1121975161,
      "user": 1248.01159756,
      "system": 30.62649672,
      "min": 89.0327170056,
      "max": 90.3988251826,
      "times": [
        89.0327170056,
        89.9650203576,
        90.1615353096,
        89.7871235646,
        90.3546620166,
        90.2068601076,
        89.7471461476,
        90.0972583356,
        90.3988251826,
        90.1271366966
      ],
      "exit_codes": [
        0,
        0,
        0,
        0,
        0,
        0,
        0,
        0,
        0,
        0
      ]
    }
  ]
}
