{
  "results": [
    {
      "command": "cargo build --jobs 8 --release --example breakout",
      "mean": 115.76994039896002,
      "stddev": 0.19283938486554988,
      "median": 115.75824954496001,
      "user": 868.7508199,
      "system": 22.671989579999995,
      "min": 115.48876614146,
      "max": 116.16097485146001,
      "times": [
        115.76003329246001,
        115.74670776146,
        116.16097485146001,
        115.49346854346001,
        115.91770720746001,
        115.75646579746001,
        115.79892446746001,
        115.48876614146,
        115.75562133846,
        115.82073458846
      ],
      "exit_codes": [
        0,
        0,
        0,
        0,
        0,
        0,
        0,
        0,
        0,
        0
      ]
    }
  ]
}
