{
  "results": [
    {
      "command": "cargo build --jobs 8 --release --example breakout",
      "mean": 130.25043675622,
      "stddev": 0.22849086687275724,
      "median": 130.29004580482,
      "user": 999.2917908,
      "system": 24.555221979999995,
      "min": 129.95209051382002,
      "max": 130.71280797582,
      "times": [
        129.95209051382002,
        130.33337850582,
        130.14733655382003,
        130.39605628282,
        130.24771080882002,
        130.33238080082,
        130.71280797582,
        129.98645011782,
        130.35050330782002,
        130.04565269482
      ],
      "exit_codes": [
        0,
        0,
        0,
        0,
        0,
        0,
        0,
        0,
        0,
        0
      ]
    }
  ]
}
