{
  "results": [
    {
      "command": "cargo build --jobs 8 --release --example breakout",
      "mean": 117.46263106660001,
      "stddev": 0.4222792983042959,
      "median": 117.3905580208,
      "user": 904.3942803399999,
      "system": 23.82099946,
      "min": 116.9358683353,
      "max": 118.1854069133,
      "times": [
        116.9358683353,
        117.9326908943,
        117.1120515953,
        117.3268774023,
        117.0868311243,
        117.4542386393,
        117.1483105773,
        117.9064721243,
        118.1854069133,
        117.5375630603
      ],
      "exit_codes": [
        0,
        0,
        0,
        0,
        0,
        0,
        0,
        0,
        0,
        0
      ]
    }
  ]
}
