{
  "results": [
    {
      "command": "cargo build --jobs 16 --release --example breakout",
      "mean": 73.02635197276001,
      "stddev": 0.23355480848806875,
      "median": 72.95245189266001,
      "user": 1074.1544296199997,
      "system": 28.20613732,
      "min": 72.77497768166,
      "max": 73.40322384866,
      "times": [
        72.82094209666,
        73.14180356066001,
        72.93292220466,
        73.32354533666,
        72.77497768166,
        73.24183485666,
        72.78384395066,
        72.97198158066,
        73.40322384866,
        72.86844461066
      ],
      "exit_codes": [
        0,
        0,
        0,
        0,
        0,
        0,
        0,
        0,
        0,
        0
      ]
    }
  ]
}
