{
  "results": [
    {
      "command": "cargo build --jobs 8 --release --example breakout",
      "mean": 113.11913530335998,
      "stddev": 0.19665298409806592,
      "median": 113.09967938526,
      "user": 854.8897684400001,
      "system": 22.71023414,
      "min": 112.82359410526,
      "max": 113.40466108726,
      "times": [
        112.82359410526,
        113.00055408025999,
        113.40466108726,
        113.30116951126,
        112.90147370326,
        113.05455435926,
        113.02279438926,
        113.15561929626,
        113.14480441126,
        113.38212809026
      ],
      "exit_codes": [
        0,
        0,
        0,
        0,
        0,
        0,
        0,
        0,
        0,
        0
      ]
    }
  ]
}
