{
  "results": [
    {
      "command": "cargo build --jobs 8 --release --example breakout",
      "mean": 121.12924056698,
      "stddev": 0.23010965841986425,
      "median": 121.09185831378,
      "user": 913.26274394,
      "system": 24.31315036,
      "min": 120.78600959028,
      "max": 121.62622194128,
      "times": [
        121.62622194128,
        120.78600959028,
        121.18389563528,
        121.13876722128,
        121.04494940628,
        120.98742499628,
        120.99821084727999,
        121.23337954328,
        120.98424169128,
        121.30930479727999
      ],
      "exit_codes": [
        0,
        0,
        0,
        0,
        0,
        0,
        0,
        0,
        0,
        0
      ]
    }
  ]
}
