{
  "results": [
    {
      "command": "cargo build --jobs 16 --release --example breakout",
      "mean": 78.08100543440001,
      "stddev": 0.3566889607582379,
      "median": 78.0072913245,
      "user": 1155.10188194,
      "system": 29.88148504,
      "min": 77.5687521825,
      "max": 78.71671073050001,
      "times": [
        78.62556994750001,
        78.1999386575,
        78.71671073050001,
        77.9197552415,
        77.9666076145,
        77.7620229475,
        77.5687521825,
        77.9200987625,
        78.0479750345,
        78.0826232255
      ],
      "exit_codes": [
        0,
        0,
        0,
        0,
        0,
        0,
        0,
        0,
        0,
        0
      ]
    }
  ]
}
