{
  "results": [
    {
      "command": "cargo build --jobs 16 --release --example breakout",
      "mean": 80.06256964939999,
      "stddev": 0.2793989968095029,
      "median": 80.2039536995,
      "user": 1202.29667268,
      "system": 30.73318991999999,
      "min": 79.6078557745,
      "max": 80.35841685749999,
      "times": [
        79.85868899949999,
        80.2792389295,
        80.1438556025,
        80.29681468449999,
        80.35841685749999,
        80.2755343895,
        79.80123288249999,
        79.6078557745,
        80.2640517965,
        79.7400065775
      ],
      "exit_codes": [
        0,
        0,
        0,
        0,
        0,
        0,
        0,
        0,
        0,
        0
      ]
    }
  ]
}
