{
  "results": [
    {
      "command": "cargo build --jobs 8 --release --example breakout",
      "mean": 133.01026053561998,
      "stddev": 0.11647132455922722,
      "median": 133.00373836082,
      "user": 1022.4325523,
      "system": 24.586297639999998,
      "min": 132.83016012682,
      "max": 133.16430133882,
      "times": [
        133.15646547582,
        132.93078614982,
        133.01843684381998,
        133.16430133882,
        132.98903987782,
        133.12806553782,
        132.91980519682,
        132.89867488282,
        132.83016012682,
        133.06686992582
      ],
      "exit_codes": [
        0,
        0,
        0,
        0,
        0,
        0,
        0,
        0,
        0,
        0
      ]
    }
  ]
}
