{
  "results": [
    {
      "command": "cargo build --jobs 8 --release --example breakout",
      "mean": 139.47240579168,
      "stddev": 0.23990748965985742,
      "median": 139.49205351438,
      "user": 1067.1846688800001,
      "system": 26.871487780000002,
      "min": 139.16644287137999,
      "max": 139.88993161438,
      "times": [
        139.57545968437998,
        139.16644287137999,
        139.21137302538,
        139.60154974437998,
        139.40864734438,
        139.67091553537998,
        139.19423158938,
        139.88993161438,
        139.62910367738,
        139.37640283038
      ],
      "exit_codes": [
        0,
        0,
        0,
        0,
        0,
        0,
        0,
        0,
        0,
        0
      ]
    }
  ]
}
