{
  "results": [
    {
      "command": "cargo build --jobs 8 --release --example breakout",
      "mean": 126.99067551792,
      "stddev": 0.36807430661621254,
      "median": 127.13210059772,
      "user": 971.2114027799998,
      "system": 27.86726452,
      "min": 126.28581261672,
      "max": 127.34921184672,
      "times": [
        127.16138380272,
        127.21336438872,
        127.34921184672,
        127.03006928171999,
        127.12549516672,
        126.28581261672,
        127.13870602872,
        127.30705945672,
        126.91085232271999,
        126.38480026772
      ],
      "exit_codes": [
        0,
        0,
        0,
        0,
        0,
        0,
        0,
        0,
        0,
        0
      ]
    }
  ]
}
