{
  "results": [
    {
      "command": "cargo build --jobs 16 --release --example breakout",
      "mean": 81.44141190328,
      "stddev": 0.3065621688576756,
      "median": 81.39363985028,
      "user": 1226.86722206,
      "system": 33.95598836,
      "min": 81.04522005928,
      "max": 82.08263387728,
      "times": [
        82.08263387728,
        81.10634764728,
        81.61039308228,
        81.22949525628,
        81.70190990528,
        81.36704492528,
        81.33158828527999,
        81.04522005928,
        81.51925121928,
        81.42023477528
      ],
      "exit_codes": [
        0,
        0,
        0,
        0,
        0,
        0,
        0,
        0,
        0,
        0
      ]
    }
  ]
}
