{
  "results": [
    {
      "command": "cargo build --jobs 8 --release --example breakout",
      "mean": 122.16832608084,
      "stddev": 0.31858247291943353,
      "median": 122.27097883134,
      "user": 936.3749732599999,
      "system": 24.4842592,
      "min": 121.67735637434001,
      "max": 122.60041483534,
      "times": [
        121.67735637434001,
        122.29153560834,
        122.46504687234,
        122.29197115534001,
        122.60041483534,
        121.77263589734,
        121.94680407734,
        121.91646692334,
        122.25042205434,
        122.47060701034
      ],
      "exit_codes": [
        0,
        0,
        0,
        0,
        0,
        0,
        0,
        0,
        0,
        0
      ]
    }
  ]
}
