{
  "results": [
    {
      "command": "cargo build --jobs 16 --release --example breakout",
      "mean": 79.57074345684,
      "stddev": 3.053996370055975,
      "median": 78.62263976704,
      "user": 1183.8070003400003,
      "system": 30.107342319999997,
      "min": 78.15006508854,
      "max": 88.22285176254,
      "times": [
        78.86694537554,
        78.85507208154,
        79.13703741954001,
        78.46188825954,
        78.65666009154,
        88.22285176254,
        78.58861944254001,
        78.15006508854,
        78.49237290654,
        78.27592214054
      ],
      "exit_codes": [
        0,
        0,
        0,
        0,
        0,
        0,
        0,
        0,
        0,
        0
      ]
    }
  ]
}
