{
  "results": [
    {
      "command": "cargo build --jobs 8 --release --example breakout",
      "mean": 120.54276471320001,
      "stddev": 0.3201494363328826,
      "median": 120.4481813813,
      "user": 923.4879323600001,
      "system": 24.24986816,
      "min": 120.17759477930001,
      "max": 121.0750336743,
      "times": [
        120.3817296393,
        120.3146464693,
        121.0750336743,
        120.9373266103,
        120.1927532303,
        120.7367759873,
        120.5146331233,
        120.78431495630001,
        120.3128386623,
        120.17759477930001
      ],
      "exit_codes": [
        0,
        0,
        0,
        0,
        0,
        0,
        0,
        0,
        0,
        0
      ]
    }
  ]
}
