{
  "results": [
    {
      "command": "cargo build --jobs 8 --release --example breakout",
      "mean": 120.31869144329998,
      "stddev": 0.11797642070698007,
      "median": 120.3435171517,
      "user": 905.52832392,
      "system": 24.048277900000002,
      "min": 120.1004820452,
      "max": 120.50139097819999,
      "times": [
        120.3768771072,
        120.2581745522,
        120.3983936062,
        120.3545183652,
        120.1612229902,
        120.3864908802,
        120.3325159382,
        120.3168479702,
        120.50139097819999,
        120.1004820452
      ],
      "exit_codes": [
        0,
        0,
        0,
        0,
        0,
        0,
        0,
        0,
        0,
        0
      ]
    }
  ]
}
