{
  "results": [
    {
      "command": "cargo build --jobs 8 --release --example breakout",
      "mean": 120.46965469919999,
      "stddev": 0.11009720453654015,
      "median": 120.48437367220001,
      "user": 903.9607152000001,
      "system": 23.796911679999997,
      "min": 120.3130625287,
      "max": 120.6231256657,
      "times": [
        120.6231256657,
        120.3207138597,
        120.4051363617,
        120.5393369317,
        120.3970499527,
        120.43310629470001,
        120.3130625287,
        120.5356410497,
        120.5845960357,
        120.5447783117
      ],
      "exit_codes": [
        0,
        0,
        0,
        0,
        0,
        0,
        0,
        0,
        0,
        0
      ]
    }
  ]
}
