{
  "results": [
    {
      "command": "cargo build --jobs 16 --release --example breakout",
      "mean": 78.58274206892,
      "stddev": 4.367672454553966,
      "median": 77.20537330701998,
      "user": 1142.6961618,
      "system": 29.53851672,
      "min": 76.98393520402,
      "max": 91.00792205101999,
      "times": [
        77.19356670101999,
        77.13151193802,
        77.12791983401999,
        77.48100861601999,
        77.15440134302,
        91.00792205101999,
        76.98393520402,
        77.30805967901999,
        77.21717991301999,
        77.22191541001999
      ],
      "exit_codes": [
        0,
        0,
        0,
        0,
        0,
        0,
        0,
        0,
        0,
        0
      ]
    }
  ]
}
