{
  "results": [
    {
      "command": "cargo build --jobs 8 --release --example breakout",
      "mean": 120.295844146,
      "stddev": 0.21349055127512065,
      "median": 120.3124896285,
      "user": 904.1296523799999,
      "system": 23.754483479999998,
      "min": 119.9892834175,
      "max": 120.5371378355,
      "times": [
        120.5371378355,
        120.2287836215,
        120.5116203715,
        119.9892834175,
        120.00991129250001,
        120.4454047515,
        120.5257163975,
        120.3961956355,
        120.1301756655,
        120.1842124715
      ],
      "exit_codes": [
        0,
        0,
        0,
        0,
        0,
        0,
        0,
        0,
        0,
        0
      ]
    }
  ]
}
