{
  "results": [
    {
      "command": "cargo build --jobs 16 --release --example breakout",
      "mean": 77.2019522536,
      "stddev": 0.11473960904107013,
      "median": 77.1941250374,
      "user": 1143.09272706,
      "system": 29.493501679999998,
      "min": 77.01467427940001,
      "max": 77.3962961424,
      "times": [
        77.1913896874,
        77.2029731674,
        77.3718228724,
        77.01467427940001,
        77.14633200040001,
        77.19686038740001,
        77.3962961424,
        77.08963175640001,
        77.1832763404,
        77.2262659024
      ],
      "exit_codes": [
        0,
        0,
        0,
        0,
        0,
        0,
        0,
        0,
        0,
        0
      ]
    }
  ]
}
