{
  "results": [
    {
      "command": "cargo build --jobs 8 --release --example breakout",
      "mean": 134.69459321238,
      "stddev": 0.11789620659919929,
      "median": 134.69478111318,
      "user": 1030.0611816599999,
      "system": 24.80990218,
      "min": 134.52124350568,
      "max": 134.90751449468,
      "times": [
        134.66347266968,
        134.72608955668,
        134.75008990468,
        134.60254093268,
        134.52124350568,
        134.79785814768,
        134.77938529668,
        134.59600822768,
        134.90751449468,
        134.60172938768
      ],
      "exit_codes": [
        0,
        0,
        0,
        0,
        0,
        0,
        0,
        0,
        0,
        0
      ]
    }
  ]
}
