{
  "results": [
    {
      "command": "cargo build --jobs 16 --release --example breakout",
      "mean": 73.09818869752,
      "stddev": 0.7258529914601893,
      "median": 72.90745219642,
      "user": 1069.27607794,
      "system": 28.174057219999998,
      "min": 72.29745567342,
      "max": 74.23505006742,
      "times": [
        72.67249098342,
        72.56067393742,
        74.09164240942,
        73.75418454542,
        72.29745567342,
        73.14241340942,
        73.31740772542001,
        72.60369069142,
        72.30687753242,
        74.23505006742
      ],
      "exit_codes": [
        0,
        0,
        0,
        0,
        0,
        0,
        0,
        0,
        0,
        0
      ]
    }
  ]
}
