{
  "results": [
    {
      "command": "cargo build --jobs 8 --release --example breakout",
      "mean": 112.8664393083,
      "stddev": 0.36110515255268016,
      "median": 112.6934374886,
      "user": 851.3739903,
      "system": 22.690870759999996,
      "min": 112.4799229266,
      "max": 113.4789087696,
      "times": [
        112.5795055516,
        112.6112035306,
        112.6465975476,
        112.64503233159999,
        112.4799229266,
        113.4789087696,
        112.7402774296,
        113.1890896476,
        112.8950711806,
        113.3987841676
      ],
      "exit_codes": [
        0,
        0,
        0,
        0,
        0,
        0,
        0,
        0,
        0,
        0
      ]
    }
  ]
}
