{
  "results": [
    {
      "command": "cargo build --jobs 8 --release --example breakout",
      "mean": 120.15335268755999,
      "stddev": 0.1715992610495112,
      "median": 120.18569604246,
      "user": 909.4896854599999,
      "system": 24.178204419999997,
      "min": 119.71448415895999,
      "max": 120.30880950996,
      "times": [
        119.71448415895999,
        120.18476959696,
        120.09938250296,
        120.30880950996,
        120.18662248796,
        120.17441839096,
        120.27591756496,
        120.28728968896,
        120.08084237496,
        120.22099059896
      ],
      "exit_codes": [
        0,
        0,
        0,
        0,
        0,
        0,
        0,
        0,
        0,
        0
      ]
    }
  ]
}
