{
  "results": [
    {
      "command": "cargo build --jobs 16 --release --example breakout",
      "mean": 77.51338705898002,
      "stddev": 0.34371301046571945,
      "median": 77.33097161968,
      "user": 1145.10941182,
      "system": 29.691586899999997,
      "min": 77.27264839418,
      "max": 78.24635429318,
      "times": [
        77.32944476418,
        77.31900766018,
        77.30140658018,
        77.33249847518,
        77.27264839418,
        77.33415066518,
        77.30518278818,
        77.74349623018,
        78.24635429318,
        77.94968073918
      ],
      "exit_codes": [
        0,
        0,
        0,
        0,
        0,
        0,
        0,
        0,
        0,
        0
      ]
    }
  ]
}
