{
  "results": [
    {
      "command": "cargo build --jobs 8 --release --example breakout",
      "mean": 117.35598409231997,
      "stddev": 0.3808812446685,
      "median": 117.14777667921999,
      "user": 904.6767144600001,
      "system": 23.955709719999994,
      "min": 116.96813762572,
      "max": 117.94326993372,
      "times": [
        117.42721366472,
        117.02421976372,
        116.96813762572,
        117.09046366072,
        117.85679334972,
        117.94326993372,
        117.15423510971999,
        117.83607476371999,
        117.11811480272,
        117.14131824872
      ],
      "exit_codes": [
        0,
        0,
        0,
        0,
        0,
        0,
        0,
        0,
        0,
        0
      ]
    }
  ]
}
