{
  "results": [
    {
      "command": "cargo build --jobs 16 --release --example breakout",
      "mean": 77.47905896382,
      "stddev": 0.17772806637128027,
      "median": 77.45099957401999,
      "user": 1146.7797929399999,
      "system": 29.65988506,
      "min": 77.19572972952,
      "max": 77.79611002451999,
      "times": [
        77.79611002451999,
        77.50926261952,
        77.36364113252,
        77.62679124152,
        77.19572972952,
        77.33894571751999,
        77.58669873552,
        77.60972331552,
        77.37095059351999,
        77.39273652851999
      ],
      "exit_codes": [
        0,
        0,
        0,
        0,
        0,
        0,
        0,
        0,
        0,
        0
      ]
    }
  ]
}
