{
  "results": [
    {
      "command": "cargo build --jobs 16 --release --example breakout",
      "mean": 88.16013361604,
      "stddev": 0.43305600174816056,
      "median": 88.28513082324,
      "user": 1223.3370751199998,
      "system": 32.1903007,
      "min": 87.44002835974,
      "max": 88.90338439274,
      "times": [
        87.62535030574,
        88.07730365674,
        88.46041206673999,
        88.23306008374,
        88.34313201174,
        88.90338439274,
        88.36826575174,
        87.44002835974,
        88.33720156273999,
        87.81319796874
      ],
      "exit_codes": [
        0,
        0,
        0,
        0,
        0,
        0,
        0,
        0,
        0,
        0
      ]
    }
  ]
}
