{
  "results": [
    {
      "command": "cargo build --jobs 8 --release --example breakout",
      "mean": 118.83873643232,
      "stddev": 0.17660637126039377,
      "median": 118.77290162032,
      "user": 898.9187396,
      "system": 24.046926,
      "min": 118.61272794182,
      "max": 119.14013292282,
      "times": [
        119.14013292282,
        118.61272794182,
        118.76143743681999,
        118.85603124181999,
        118.66650403682,
        118.78327907881999,
        118.76252416182,
        118.72796837482,
        119.00689768682,
        119.06986144081999
      ],
      "exit_codes": [
        0,
        0,
        0,
        0,
        0,
        0,
        0,
        0,
        0,
        0
      ]
    }
  ]
}
