{
  "results": [
    {
      "command": "cargo build --jobs 16 --release --example breakout",
      "mean": 77.51436469157998,
      "stddev": 0.2748176278469318,
      "median": 77.45228134697999,
      "user": 1140.70325078,
      "system": 29.714534219999997,
      "min": 77.18688885297999,
      "max": 78.02274178898,
      "times": [
        77.18688885297999,
        77.68518273197999,
        77.33003545198,
        77.48373760198,
        77.89230336797999,
        77.46071202697999,
        77.21187428297999,
        77.42632014297999,
        78.02274178898,
        77.44385066698
      ],
      "exit_codes": [
        0,
        0,
        0,
        0,
        0,
        0,
        0,
        0,
        0,
        0
      ]
    }
  ]
}
