{
  "results": [
    {
      "command": "cargo build --jobs 8 --release --example breakout",
      "mean": 120.23549960464001,
      "stddev": 0.19338056009554952,
      "median": 120.29025097054,
      "user": 906.1993916199999,
      "system": 24.075812719999995,
      "min": 119.95067293854001,
      "max": 120.46062260654,
      "times": [
        120.44648504054001,
        120.28598159154001,
        119.96477483554001,
        120.43346992054,
        119.95067293854001,
        120.31400579854001,
        120.29452034954001,
        120.10686215254,
        120.46062260654,
        120.09760081254001
      ],
      "exit_codes": [
        0,
        0,
        0,
        0,
        0,
        0,
        0,
        0,
        0,
        0
      ]
    }
  ]
}
