{
  "results": [
    {
      "command": "cargo build --jobs 16 --release --example breakout",
      "mean": 78.29814823640001,
      "stddev": 0.29301929128968435,
      "median": 78.274856608,
      "user": 1180.86900432,
      "system": 30.391959719999996,
      "min": 77.8769763535,
      "max": 78.82113508549999,
      "times": [
        78.0472232245,
        78.1539644895,
        78.33354006649999,
        78.57432582349999,
        77.8769763535,
        78.0326024365,
        78.59200166849999,
        78.31100477049999,
        78.82113508549999,
        78.2387084455
      ],
      "exit_codes": [
        0,
        0,
        0,
        0,
        0,
        0,
        0,
        0,
        0,
        0
      ]
    }
  ]
}
