{
  "results": [
    {
      "command": "cargo build --jobs 8 --release --example breakout",
      "mean": 117.46027648852001,
      "stddev": 0.27353940429596046,
      "median": 117.47849496042,
      "user": 904.35748774,
      "system": 23.63222692,
      "min": 117.01496935042,
      "max": 117.82360773442001,
      "times": [
        117.53983220542,
        117.47189887242,
        117.04179196042,
        117.82226960742,
        117.58898212442,
        117.82360773442001,
        117.48509104842,
        117.46900872442001,
        117.01496935042,
        117.34531325742
      ],
      "exit_codes": [
        0,
        0,
        0,
        0,
        0,
        0,
        0,
        0,
        0,
        0
      ]
    }
  ]
}
