{
  "results": [
    {
      "command": "cargo build --jobs 8 --release --example breakout",
      "mean": 123.54750104224001,
      "stddev": 0.1771059354344265,
      "median": 123.52761269254,
      "user": 949.58013694,
      "system": 25.04394868,
      "min": 123.28501104454,
      "max": 123.82674773354,
      "times": [
        123.28501104454,
        123.50498514554,
        123.45181537454,
        123.66560559354,
        123.65271268654,
        123.55024023954,
        123.82674773354,
        123.40037086954,
        123.76482032654,
        123.37270140854
      ],
      "exit_codes": [
        0,
        0,
        0,
        0,
        0,
        0,
        0,
        0,
        0,
        0
      ]
    }
  ]
}
