{
  "results": [
    {
      "command": "cargo build --jobs 16 --release --example breakout",
      "mean": 77.8620228454,
      "stddev": 0.17644120648790346,
      "median": 77.8882938351,
      "user": 1143.28487042,
      "system": 30.117274519999995,
      "min": 77.5738669106,
      "max": 78.12194605660001,
      "times": [
        77.97761919860001,
        77.6256191986,
        77.89013265860001,
        78.12194605660001,
        77.8160569636,
        78.05560595060001,
        77.7414384776,
        77.93148802760001,
        77.5738669106,
        77.8864550116
      ],
      "exit_codes": [
        0,
        0,
        0,
        0,
        0,
        0,
        0,
        0,
        0,
        0
      ]
    }
  ]
}
