{
  "results": [
    {
      "command": "cargo build --jobs 16 --release --example breakout",
      "mean": 90.56838887650001,
      "stddev": 2.602390614648813,
      "median": 89.8140636011,
      "user": 1251.15330204,
      "system": 30.640504999999997,
      "min": 87.9937749521,
      "max": 97.6958302421,
      "times": [
        89.7575287951,
        97.6958302421,
        89.8193662451,
        90.52015495010001,
        89.6318939641,
        89.7732938221,
        87.9937749521,
        90.1039892251,
        90.5792956121,
        89.8087609571
      ],
      "exit_codes": [
        0,
        0,
        0,
        0,
        0,
        0,
        0,
        0,
        0,
        0
      ]
    }
  ]
}
