{
  "results": [
    {
      "command": "cargo build --jobs 8 --release --example breakout",
      "mean": 117.24089640935999,
      "stddev": 0.12272671792702318,
      "median": 117.22634587166,
      "user": 904.097281,
      "system": 24.725289039999996,
      "min": 117.00385709666,
      "max": 117.42864591066001,
      "times": [
        117.22106026466,
        117.36719743066,
        117.23163147866,
        117.42864591066001,
        117.00385709666,
        117.34936249466,
        117.18339555066001,
        117.15720662266,
        117.28573135066,
        117.18087589366
      ],
      "exit_codes": [
        0,
        0,
        0,
        0,
        0,
        0,
        0,
        0,
        0,
        0
      ]
    }
  ]
}
