{
  "results": [
    {
      "command": "cargo build --jobs 16 --release --example breakout",
      "mean": 82.14178718862,
      "stddev": 0.5951014058572047,
      "median": 81.84646044892,
      "user": 1233.19505394,
      "system": 31.31584646,
      "min": 81.53272569241999,
      "max": 83.51805094241999,
      "times": [
        81.53272569241999,
        81.83314279042,
        81.81163845341999,
        81.71112068542,
        81.85977810742,
        83.51805094241999,
        81.80312830742,
        82.55441177841999,
        82.25938994741999,
        82.53448518142
      ],
      "exit_codes": [
        0,
        0,
        0,
        0,
        0,
        0,
        0,
        0,
        0,
        0
      ]
    }
  ]
}
