{
  "results": [
    {
      "command": "cargo build --jobs 8 --release --example breakout",
      "mean": 127.63990607756,
      "stddev": 0.17876193299963877,
      "median": 127.68010497035999,
      "user": 975.81305374,
      "system": 25.335753759999996,
      "min": 127.24388849786,
      "max": 127.83554712886,
      "times": [
        127.72121552985999,
        127.80873319486,
        127.66968947286,
        127.69052046786,
        127.63008693985999,
        127.83554712886,
        127.24388849786,
        127.60889795386,
        127.75158421485999,
        127.43889737485999
      ],
      "exit_codes": [
        0,
        0,
        0,
        0,
        0,
        0,
        0,
        0,
        0,
        0
      ]
    }
  ]
}
