{
  "results": [
    {
      "command": "cargo build --jobs 8 --release --example breakout",
      "mean": 120.33537775923999,
      "stddev": 0.24418227606791534,
      "median": 120.38309817493999,
      "user": 904.49198448,
      "system": 23.758475479999998,
      "min": 119.93332482343999,
      "max": 120.68090599744,
      "times": [
        120.51701821644,
        120.51824499343999,
        120.28592439344,
        120.48027195643999,
        120.48478034944,
        120.18382580244,
        120.68090599744,
        119.99346923243999,
        120.27601182744,
        119.93332482343999
      ],
      "exit_codes": [
        0,
        0,
        0,
        0,
        0,
        0,
        0,
        0,
        0,
        0
      ]
    }
  ]
}
