{
  "results": [
    {
      "command": "cargo build --jobs 16 --release --example breakout",
      "mean": 77.37820788951998,
      "stddev": 0.1292136972941365,
      "median": 77.36065501632001,
      "user": 1145.5118272599998,
      "system": 29.60928778,
      "min": 77.19071434282,
      "max": 77.62174680582,
      "times": [
        77.34128332782,
        77.42395077681999,
        77.36855629282,
        77.62174680582,
        77.50023518982,
        77.46584210782,
        77.19071434282,
        77.35275373982,
        77.27214405882,
        77.24485225282
      ],
      "exit_codes": [
        0,
        0,
        0,
        0,
        0,
        0,
        0,
        0,
        0,
        0
      ]
    }
  ]
}
