{
  "results": [
    {
      "command": "cargo build --jobs 16 --release --example breakout",
      "mean": 94.76273976808001,
      "stddev": 4.35394718704037,
      "median": 93.61089862477999,
      "user": 1286.6589247600002,
      "system": 31.63856814,
      "min": 91.84323821128,
      "max": 106.98607675827999,
      "times": [
        93.46384110027999,
        106.98607675827999,
        93.75795614928,
        91.84323821128,
        93.08553554928,
        94.51568074128,
        93.14651283828,
        93.91005922228,
        93.88938582528,
        93.02911128528
      ],
      "exit_codes": [
        0,
        0,
        0,
        0,
        0,
        0,
        0,
        0,
        0,
        0
      ]
    }
  ]
}
