{
  "results": [
    {
      "command": "cargo build --jobs 8 --release --example breakout",
      "mean": 134.70953500318,
      "stddev": 0.17042010304347494,
      "median": 134.69790524258002,
      "user": 1029.14050972,
      "system": 25.39266516,
      "min": 134.39886594408,
      "max": 134.99041888508,
      "times": [
        134.64395294208,
        134.67632206408,
        134.77457514608002,
        134.57707842108002,
        134.88993343908,
        134.39886594408,
        134.82667801708,
        134.71948842108,
        134.59803675208002,
        134.99041888508
      ],
      "exit_codes": [
        0,
        0,
        0,
        0,
        0,
        0,
        0,
        0,
        0,
        0
      ]
    }
  ]
}
