{
  "results": [
    {
      "command": "cargo build --jobs 16 --release --example breakout",
      "mean": 80.27735699988,
      "stddev": 0.14202968545118064,
      "median": 80.26031643168,
      "user": 1154.61137728,
      "system": 30.174917939999993,
      "min": 80.05474934767999,
      "max": 80.49038508167999,
      "times": [
        80.21038922868,
        80.05474934767999,
        80.43599382667999,
        80.13459300167999,
        80.40391097668,
        80.49038508167999,
        80.16281460767999,
        80.26360719668,
        80.36010106468,
        80.25702566668
      ],
      "exit_codes": [
        0,
        0,
        0,
        0,
        0,
        0,
        0,
        0,
        0,
        0
      ]
    }
  ]
}
