{
  "results": [
    {
      "command": "cargo build --jobs 8 --release --example breakout",
      "mean": 126.89483470261999,
      "stddev": 0.17229887553550852,
      "median": 126.88214203332,
      "user": 972.6700148399999,
      "system": 25.64232612,
      "min": 126.65104098482,
      "max": 127.22724426481999,
      "times": [
        126.75018567481999,
        127.22724426481999,
        126.87432463581999,
        126.65104098482,
        127.09874265482,
        126.88995943082,
        126.97130886382,
        126.91741657082,
        126.82532315281999,
        126.74280079281999
      ],
      "exit_codes": [
        0,
        0,
        0,
        0,
        0,
        0,
        0,
        0,
        0,
        0
      ]
    }
  ]
}
