{
  "results": [
    {
      "command": "cargo build --jobs 16 --release --example breakout",
      "mean": 87.05979182077999,
      "stddev": 0.5788876374444887,
      "median": 87.19283094578,
      "user": 1218.7633779999999,
      "system": 31.9080829,
      "min": 85.70129988078,
      "max": 87.84960606477999,
      "times": [
        87.84960606477999,
        87.13219504278,
        87.02755206478,
        85.70129988078,
        86.53175300678,
        87.22159869078,
        87.16406320077999,
        87.29559120978,
        87.42401112178,
        87.25024792478
      ],
      "exit_codes": [
        0,
        0,
        0,
        0,
        0,
        0,
        0,
        0,
        0,
        0
      ]
    }
  ]
}
