{
  "results": [
    {
      "command": "cargo build --jobs 16 --release --example breakout",
      "mean": 78.34168373923998,
      "stddev": 0.3423892925976489,
      "median": 78.25336429464,
      "user": 1180.72245448,
      "system": 30.39686828,
      "min": 77.86864165114,
      "max": 78.88028194214,
      "times": [
        78.88028194214,
        78.04441715013999,
        78.82387874614,
        78.63169034213999,
        78.13616948314,
        77.86864165114,
        78.16148363814,
        78.10602608514,
        78.41900340314,
        78.34524495113999
      ],
      "exit_codes": [
        0,
        0,
        0,
        0,
        0,
        0,
        0,
        0,
        0,
        0
      ]
    }
  ]
}
