{
  "results": [
    {
      "command": "cargo build --jobs 8 --release --example breakout",
      "mean": 121.70874862445999,
      "stddev": 0.2549470275135087,
      "median": 121.58918122925999,
      "user": 933.5890608799998,
      "system": 24.669595679999993,
      "min": 121.45189459375999,
      "max": 122.14325539176,
      "times": [
        121.49068574376,
        121.48004562976,
        122.14325539176,
        121.92878367376,
        121.45189459375999,
        121.61108762776,
        121.56727483076,
        121.95573675476,
        121.94212198475999,
        121.51660001376
      ],
      "exit_codes": [
        0,
        0,
        0,
        0,
        0,
        0,
        0,
        0,
        0,
        0
      ]
    }
  ]
}
