{
  "results": [
    {
      "command": "cargo build --jobs 8 --release --example breakout",
      "mean": 138.19889484079997,
      "stddev": 0.31723851730250285,
      "median": 138.1274908264,
      "user": 1061.49884238,
      "system": 26.432121679999995,
      "min": 137.9115575294,
      "max": 139.06193754839998,
      "times": [
        138.21185674539998,
        137.9115575294,
        138.01370001139998,
        138.1281475934,
        138.1466670914,
        138.06897656939998,
        138.23381418039997,
        138.12683405939998,
        138.0854570794,
        139.06193754839998
      ],
      "exit_codes": [
        0,
        0,
        0,
        0,
        0,
        0,
        0,
        0,
        0,
        0
      ]
    }
  ]
}
