{
  "results": [
    {
      "command": "cargo build --jobs 16 --release --example breakout",
      "mean": 95.47854971162002,
      "stddev": 0.5599608664101241,
      "median": 95.31793624112001,
      "user": 1329.44966702,
      "system": 32.81769324,
      "min": 94.90050499762,
      "max": 96.88191080562001,
      "times": [
        95.19321315062001,
        95.17731269762001,
        95.03264026262,
        95.62158985562,
        96.88191080562001,
        95.30142421662,
        95.65385145662,
        95.33444826562001,
        95.68860140762,
        94.90050499762
      ],
      "exit_codes": [
        0,
        0,
        0,
        0,
        0,
        0,
        0,
        0,
        0,
        0
      ]
    }
  ]
}
