{
  "results": [
    {
      "command": "cargo build --jobs 16 --release --example breakout",
      "mean": 93.80661504254002,
      "stddev": 4.937410564949579,
      "median": 92.55688751704,
      "user": 1284.9574719199998,
      "system": 31.46136438,
      "min": 90.77452288504,
      "max": 107.49567719504,
      "times": [
        92.18574708004,
        107.49567719504,
        94.25607082504,
        91.30851763904,
        92.92802795404,
        93.01072949804,
        91.73017081004001,
        90.77452288504,
        91.00641445604,
        93.37027208304
      ],
      "exit_codes": [
        0,
        0,
        0,
        0,
        0,
        0,
        0,
        0,
        0,
        0
      ]
    }
  ]
}
