{
  "results": [
    {
      "command": "cargo build --jobs 8 --release --example breakout",
      "mean": 131.95811483466,
      "stddev": 0.14071487997974616,
      "median": 131.95355747115997,
      "user": 1014.93296898,
      "system": 24.87016102,
      "min": 131.73430177166,
      "max": 132.25124121566,
      "times": [
        131.86864934666,
        131.99661603465998,
        131.87369462066,
        131.91587013566,
        132.05859149966,
        132.02382749865998,
        131.99124480665998,
        131.86711141665998,
        131.73430177166,
        132.25124121566
      ],
      "exit_codes": [
        0,
        0,
        0,
        0,
        0,
        0,
        0,
        0,
        0,
        0
      ]
    }
  ]
}
