{
  "results": [
    {
      "command": "cargo build --jobs 16 --release --example breakout",
      "mean": 90.6999365998,
      "stddev": 3.1329286688402367,
      "median": 90.28222399650001,
      "user": 1268.29957934,
      "system": 31.134456379999996,
      "min": 88.46700160750001,
      "max": 99.0990679465,
      "times": [
        90.4282702695,
        99.0990679465,
        88.6884358795,
        90.1411077565,
        90.42334023650001,
        88.8081201965,
        91.2629340855,
        91.0496744105,
        88.46700160750001,
        88.6314136095
      ],
      "exit_codes": [
        0,
        0,
        0,
        0,
        0,
        0,
        0,
        0,
        0,
        0
      ]
    }
  ]
}
