{
  "results": [
    {
      "command": "cargo build --jobs 8 --release --example breakout",
      "mean": 123.69738017270001,
      "stddev": 0.21624144722195382,
      "median": 123.70966596950001,
      "user": 949.65848712,
      "system": 25.046858779999997,
      "min": 123.373023223,
      "max": 124.051351063,
      "times": [
        123.568971542,
        123.905864395,
        123.505160858,
        124.051351063,
        123.779668208,
        123.479286954,
        123.68460965,
        123.734722289,
        123.891143545,
        123.373023223
      ],
      "exit_codes": [
        0,
        0,
        0,
        0,
        0,
        0,
        0,
        0,
        0,
        0
      ]
    }
  ]
}
