{
  "results": [
    {
      "command": "cargo build --jobs 8 --release --example breakout",
      "mean": 133.58400503822,
      "stddev": 0.3905447948767098,
      "median": 133.55512345531997,
      "user": 1022.2119643,
      "system": 25.17721626,
      "min": 133.11244171732,
      "max": 134.06437850531998,
      "times": [
        134.03830197931998,
        133.56808705432,
        133.18987903331998,
        133.54215985631998,
        133.11244171732,
        133.26675659731998,
        134.05898454232,
        133.17139407032,
        134.06437850531998,
        133.82766702632
      ],
      "exit_codes": [
        0,
        0,
        0,
        0,
        0,
        0,
        0,
        0,
        0,
        0
      ]
    }
  ]
}
