{
  "results": [
    {
      "command": "cargo build --jobs 16 --release --example breakout",
      "mean": 91.15261376980001,
      "stddev": 1.1465666028205703,
      "median": 90.58981144840001,
      "user": 1280.59710388,
      "system": 31.42822966,
      "min": 90.07876834540001,
      "max": 93.3095137604,
      "times": [
        90.5333432534,
        93.3095137604,
        90.3160539344,
        91.9194211594,
        90.6462796434,
        90.07876834540001,
        92.7005293994,
        90.41884885740001,
        90.12429471040001,
        91.4790846344
      ],
      "exit_codes": [
        0,
        0,
        0,
        0,
        0,
        0,
        0,
        0,
        0,
        0
      ]
    }
  ]
}
