{
  "results": [
    {
      "command": "cargo build --jobs 8 --release --example breakout",
      "mean": 121.82632027752,
      "stddev": 0.2963789328119406,
      "median": 121.86350867222001,
      "user": 907.8840680199999,
      "system": 23.882765779999996,
      "min": 121.28927152772,
      "max": 122.14605066772,
      "times": [
        121.35518424372,
        122.03421648172,
        121.83513682772,
        121.28927152772,
        121.74708462072,
        121.84543645572,
        122.14605066772,
        122.14003990672,
        121.98920115472,
        121.88158088872
      ],
      "exit_codes": [
        0,
        0,
        0,
        0,
        0,
        0,
        0,
        0,
        0,
        0
      ]
    }
  ]
}
