{
  "results": [
    {
      "command": "cargo build --jobs 8 --release --example breakout",
      "mean": 143.51256242467997,
      "stddev": 0.2021348040580145,
      "median": 143.51624468628,
      "user": 1095.41862726,
      "system": 26.6586319,
      "min": 143.09900902678,
      "max": 143.85392038978,
      "times": [
        143.09900902678,
        143.85392038978,
        143.68970753078,
        143.63775703978,
        143.50783139478,
        143.52465797778,
        143.54021497378,
        143.49446371878,
        143.41491225078,
        143.36314994378
      ],
      "exit_codes": [
        0,
        0,
        0,
        0,
        0,
        0,
        0,
        0,
        0,
        0
      ]
    }
  ]
}
