{
  "results": [
    {
      "command": "cargo build --jobs 16 --release --example breakout",
      "mean": 97.88070311768,
      "stddev": 0.5861357212668415,
      "median": 98.12897689238,
      "user": 1374.0535856399997,
      "system": 33.45006385999999,
      "min": 96.58878457738,
      "max": 98.38090400637999,
      "times": [
        98.30943535137999,
        98.38090400637999,
        97.43420344638,
        96.58878457738,
        97.82742874338,
        98.15331417738,
        98.33707496337999,
        98.30992572238,
        98.10463960738,
        97.36132058138
      ],
      "exit_codes": [
        0,
        0,
        0,
        0,
        0,
        0,
        0,
        0,
        0,
        0
      ]
    }
  ]
}
