{
  "results": [
    {
      "command": "cargo build --jobs 16 --release --example breakout",
      "mean": 81.50596368794001,
      "stddev": 0.23811740339907847,
      "median": 81.45259186214,
      "user": 1234.9029580400002,
      "system": 31.369944739999994,
      "min": 81.25866617964,
      "max": 81.91385566064,
      "times": [
        81.47218823864,
        81.56436029764,
        81.43299548564,
        81.37146778564001,
        81.59285851664,
        81.28532370564,
        81.27867130564,
        81.91385566064,
        81.88924970364,
        81.25866617964
      ],
      "exit_codes": [
        0,
        0,
        0,
        0,
        0,
        0,
        0,
        0,
        0,
        0
      ]
    }
  ]
}
