{
  "results": [
    {
      "command": "cargo build --jobs 16 --release --example breakout",
      "mean": 77.2670313632,
      "stddev": 0.6053117005313492,
      "median": 76.9984907997,
      "user": 1136.35871942,
      "system": 29.44277102,
      "min": 76.8398258982,
      "max": 78.4461913482,
      "times": [
        76.9780618992,
        78.3513802752,
        78.4461913482,
        76.8398258982,
        77.0299725932,
        76.8896315792,
        76.97380193720001,
        77.0189197002,
        77.2171437482,
        76.9253846532
      ],
      "exit_codes": [
        0,
        0,
        0,
        0,
        0,
        0,
        0,
        0,
        0,
        0
      ]
    }
  ]
}
