{
  "results": [
    {
      "command": "cargo build --jobs 16 --release --example breakout",
      "mean": 76.01656219926,
      "stddev": 0.31470634763900174,
      "median": 76.10883346766,
      "user": 1144.7431244399997,
      "system": 29.569061599999998,
      "min": 75.44954902216,
      "max": 76.35387749516,
      "times": [
        76.31170161716,
        76.06766935116,
        75.44954902216,
        76.14999758416,
        75.98502946216,
        76.26548428116,
        76.21934056716,
        76.35387749516,
        75.58167722516,
        75.78129538716
      ],
      "exit_codes": [
        0,
        0,
        0,
        0,
        0,
        0,
        0,
        0,
        0,
        0
      ]
    }
  ]
}
