{
  "results": [
    {
      "command": "cargo build --jobs 8 --release --example breakout",
      "mean": 127.75061032542001,
      "stddev": 2.400443092624787,
      "median": 127.03821469082,
      "user": 972.2145458800002,
      "system": 25.60561204,
      "min": 126.75218851382,
      "max": 134.57206881182,
      "times": [
        126.84961246882,
        126.75218851382,
        127.01243694482,
        126.98317636182,
        126.87955361882,
        134.57206881182,
        127.06399243682,
        127.13523351482,
        127.09370751082,
        127.16413307182
      ],
      "exit_codes": [
        0,
        0,
        0,
        0,
        0,
        0,
        0,
        0,
        0,
        0
      ]
    }
  ]
}
