{
  "results": [
    {
      "command": "cargo build --jobs 16 --release --example breakout",
      "mean": 86.98013958474,
      "stddev": 1.1087396894202917,
      "median": 87.25824400144,
      "user": 1217.8905160999998,
      "system": 31.943293339999997,
      "min": 84.91052167894,
      "max": 88.25315656994,
      "times": [
        84.91052167894,
        87.78760590894,
        85.28166613794001,
        87.79616022294,
        86.47778751894,
        87.10028064994,
        87.41482042894,
        87.67772915694,
        88.25315656994,
        87.10166757394
      ],
      "exit_codes": [
        0,
        0,
        0,
        0,
        0,
        0,
        0,
        0,
        0,
        0
      ]
    }
  ]
}
