{
  "results": [
    {
      "command": "cargo build --jobs 8 --release --example breakout",
      "mean": 123.79249065654001,
      "stddev": 0.176701885476207,
      "median": 123.80879474444001,
      "user": 949.8379170800002,
      "system": 25.0730041,
      "min": 123.48678569494,
      "max": 124.10905961094,
      "times": [
        123.48678569494,
        123.89379816294,
        123.76476120194,
        123.87321521394,
        123.80936408394,
        123.78272882494,
        124.10905961094,
        123.80822540494,
        123.53803174394,
        123.85893662294
      ],
      "exit_codes": [
        0,
        0,
        0,
        0,
        0,
        0,
        0,
        0,
        0,
        0
      ]
    }
  ]
}
