{
  "results": [
    {
      "command": "cargo build --jobs 16 --release --example breakout",
      "mean": 79.70172987788,
      "stddev": 0.3328817257090861,
      "median": 79.55934029988,
      "user": 1201.68887838,
      "system": 30.757935879999998,
      "min": 79.36950553638,
      "max": 80.21071942138,
      "times": [
        79.50798239838001,
        79.61069820138,
        79.38200944938,
        80.00817706938001,
        79.48055271638,
        79.97655392438,
        80.09552068038,
        79.36950553638,
        80.21071942138,
        79.37557938138
      ],
      "exit_codes": [
        0,
        0,
        0,
        0,
        0,
        0,
        0,
        0,
        0,
        0
      ]
    }
  ]
}
