{
  "results": [
    {
      "command": "cargo build --jobs 16 --release --example breakout",
      "mean": 75.47148054374,
      "stddev": 0.3286568511886123,
      "median": 75.48451942654,
      "user": 1139.7911417199998,
      "system": 30.383067839999995,
      "min": 74.93712331104,
      "max": 75.94293575004,
      "times": [
        75.94293575004,
        75.64768922604,
        75.03904319504,
        75.74492035304,
        75.39367048704,
        75.29758230304,
        74.93712331104,
        75.79812573304,
        75.57536836604,
        75.33834671304
      ],
      "exit_codes": [
        0,
        0,
        0,
        0,
        0,
        0,
        0,
        0,
        0,
        0
      ]
    }
  ]
}
