{
  "results": [
    {
      "command": "cargo build --jobs 8 --release --example breakout",
      "mean": 117.33057593022,
      "stddev": 0.08934495564036156,
      "median": 117.35041790812,
      "user": 903.7007230400001,
      "system": 24.768623759999997,
      "min": 117.17020368061999,
      "max": 117.42854302362,
      "times": [
        117.20499174462,
        117.29942982262,
        117.17020368061999,
        117.29585552862,
        117.42776638261999,
        117.36225698062,
        117.41587632262,
        117.34468781362,
        117.35614800262,
        117.42854302362
      ],
      "exit_codes": [
        0,
        0,
        0,
        0,
        0,
        0,
        0,
        0,
        0,
        0
      ]
    }
  ]
}
