{
  "results": [
    {
      "command": "cargo build --jobs 8 --release --example breakout",
      "mean": 131.62691330974,
      "stddev": 0.09630754758138592,
      "median": 131.64329157204003,
      "user": 1001.06770334,
      "system": 24.575940539999998,
      "min": 131.50913983404,
      "max": 131.75125193304,
      "times": [
        131.50913983404,
        131.75125193304,
        131.55592815304,
        131.71926815304,
        131.69488146704,
        131.65425426704002,
        131.72459874604002,
        131.51040098404002,
        131.51708068304,
        131.63232887704
      ],
      "exit_codes": [
        0,
        0,
        0,
        0,
        0,
        0,
        0,
        0,
        0,
        0
      ]
    }
  ]
}
