{
  "results": [
    {
      "command": "cargo build --jobs 16 --release --example breakout",
      "mean": 92.39304850811999,
      "stddev": 4.039467823452669,
      "median": 91.19598046211999,
      "user": 1250.2402353,
      "system": 30.721498779999997,
      "min": 90.46677413312,
      "max": 103.84480269512,
      "times": [
        103.84480269512,
        91.10413143312,
        91.02799436512,
        91.78191842112,
        91.30902948612,
        90.46677413312,
        91.31241945411999,
        91.18848980412,
        90.69145416912,
        91.20347112012
      ],
      "exit_codes": [
        0,
        0,
        0,
        0,
        0,
        0,
        0,
        0,
        0,
        0
      ]
    }
  ]
}
