{
  "results": [
    {
      "command": "cargo build --jobs 8 --release --example breakout",
      "mean": 143.62115291362,
      "stddev": 0.07784837064885587,
      "median": 143.62170074682,
      "user": 1096.7393761,
      "system": 27.19211212,
      "min": 143.48559844532,
      "max": 143.72345754332,
      "times": [
        143.50588656131998,
        143.60510233832,
        143.60504211132,
        143.72345754332,
        143.63829915532,
        143.67905671232,
        143.69533649132,
        143.60330295432,
        143.67044682332,
        143.48559844532
      ],
      "exit_codes": [
        0,
        0,
        0,
        0,
        0,
        0,
        0,
        0,
        0,
        0
      ]
    }
  ]
}
