{
  "results": [
    {
      "command": "cargo build --jobs 16 --release --example breakout",
      "mean": 77.78237490453998,
      "stddev": 0.5158727370731808,
      "median": 77.58488175363999,
      "user": 1145.5788623599997,
      "system": 29.61803554,
      "min": 77.41583935364,
      "max": 79.10621035064,
      "times": [
        77.61749779264,
        77.91811849064,
        77.43145376464,
        79.10621035064,
        77.45621031563999,
        78.04344148564,
        77.55226571464,
        77.41583935364,
        77.83137567164,
        77.45133610564
      ],
      "exit_codes": [
        0,
        0,
        0,
        0,
        0,
        0,
        0,
        0,
        0,
        0
      ]
    }
  ]
}
