{
  "results": [
    {
      "command": "cargo build --jobs 16 --release --example breakout",
      "mean": 76.08715513266,
      "stddev": 0.3713997159343302,
      "median": 76.12427963895999,
      "user": 1144.19527102,
      "system": 29.306433820000002,
      "min": 75.40222225896001,
      "max": 76.52049194296,
      "times": [
        76.52049194296,
        75.40222225896001,
        76.50391622396,
        75.93498407996,
        76.41896926096,
        75.99534457996,
        75.60353107196,
        76.18771333196,
        76.06084594596,
        76.24353262996
      ],
      "exit_codes": [
        0,
        0,
        0,
        0,
        0,
        0,
        0,
        0,
        0,
        0
      ]
    }
  ]
}
