{
  "results": [
    {
      "command": "cargo build --jobs 8 --release --example breakout",
      "mean": 119.23503381692001,
      "stddev": 5.347867683039182,
      "median": 117.71446868722,
      "user": 904.5338509400001,
      "system": 23.692598519999997,
      "min": 117.18335105622,
      "max": 134.43780312022,
      "times": [
        117.82335914822,
        117.18335105622,
        117.68099824422,
        117.33015636422,
        134.43780312022,
        117.74793913022,
        117.81454725722,
        117.19153297322,
        117.37088149922,
        117.76976937622
      ],
      "exit_codes": [
        0,
        0,
        0,
        0,
        0,
        0,
        0,
        0,
        0,
        0
      ]
    }
  ]
}
