{
  "results": [
    {
      "command": "cargo build --jobs 8 --release --example breakout",
      "mean": 117.33343612154002,
      "stddev": 0.15571278646592734,
      "median": 117.34336991894,
      "user": 904.89403262,
      "system": 23.791135619999995,
      "min": 116.99091751643999,
      "max": 117.54265449844,
      "times": [
        117.31796928544,
        117.54265449844,
        117.23765557243999,
        117.45930534744,
        117.47417938144,
        117.38522608843999,
        117.24590072244,
        117.31178225044,
        116.99091751643999,
        117.36877055244
      ],
      "exit_codes": [
        0,
        0,
        0,
        0,
        0,
        0,
        0,
        0,
        0,
        0
      ]
    }
  ]
}
