{
  "results": [
    {
      "command": "cargo build --jobs 16 --release --example breakout",
      "mean": 75.86280581764001,
      "stddev": 0.2355715734635575,
      "median": 75.89839092544,
      "user": 1143.11217546,
      "system": 29.469000980000004,
      "min": 75.38747973494,
      "max": 76.10807979994,
      "times": [
        75.94758049594,
        75.38747973494,
        76.04328451394001,
        76.10807979994,
        76.08765852994,
        75.68272075194001,
        75.67257471794001,
        76.07731433394001,
        75.84920135494,
        75.77216394294001
      ],
      "exit_codes": [
        0,
        0,
        0,
        0,
        0,
        0,
        0,
        0,
        0,
        0
      ]
    }
  ]
}
