{
  "results": [
    {
      "command": "cargo build --jobs 16 --release --example breakout",
      "mean": 87.19227650133999,
      "stddev": 0.5649176897952483,
      "median": 87.37534057034,
      "user": 1218.8668301799999,
      "system": 31.97761718,
      "min": 85.85822306784,
      "max": 87.74181620083999,
      "times": [
        87.13539921784,
        87.06051472584,
        87.40232445784,
        87.51500059384,
        87.34835668283999,
        87.50317184884,
        85.85822306784,
        87.74181620083999,
        86.67885024284,
        87.67910797484
      ],
      "exit_codes": [
        0,
        0,
        0,
        0,
        0,
        0,
        0,
        0,
        0,
        0
      ]
    }
  ]
}
