{
  "results": [
    {
      "command": "cargo build --jobs 8 --release --example breakout",
      "mean": 139.49077631422,
      "stddev": 0.27283102038736134,
      "median": 139.51080790411999,
      "user": 1069.54212288,
      "system": 26.60967218,
      "min": 139.04612727411998,
      "max": 139.85326264712,
      "times": [
        139.46249998212,
        139.11173224312,
        139.80284269112,
        139.29464361712,
        139.69186846411998,
        139.54018122212,
        139.62317041512,
        139.85326264712,
        139.48143458612,
        139.04612727411998
      ],
      "exit_codes": [
        0,
        0,
        0,
        0,
        0,
        0,
        0,
        0,
        0,
        0
      ]
    }
  ]
}
