{
  "results": [
    {
      "command": "cargo build --jobs 16 --release --example breakout",
      "mean": 75.55572138512,
      "stddev": 0.2806375271923659,
      "median": 75.60901262952001,
      "user": 1142.8010236,
      "system": 30.432957119999998,
      "min": 75.12045280852,
      "max": 75.85944551352,
      "times": [
        75.44925196352,
        75.16293181852001,
        75.76914165552,
        75.31548072152,
        75.62553376652001,
        75.82182249052,
        75.12045280852,
        75.85944551352,
        75.59249149252,
        75.84066162052
      ],
      "exit_codes": [
        0,
        0,
        0,
        0,
        0,
        0,
        0,
        0,
        0,
        0
      ]
    }
  ]
}
