{
  "results": [
    {
      "command": "cargo build --jobs 8 --release --example breakout",
      "mean": 117.46409682619999,
      "stddev": 0.15254708330010136,
      "median": 117.42865611900001,
      "user": 905.3021814999998,
      "system": 24.848070760000002,
      "min": 117.3050826795,
      "max": 117.8385108325,
      "times": [
        117.4297713135,
        117.3052773225,
        117.8385108325,
        117.3050826795,
        117.5395405415,
        117.42754092450001,
        117.5326633885,
        117.40918046750001,
        117.42986560050001,
        117.42353519150001
      ],
      "exit_codes": [
        0,
        0,
        0,
        0,
        0,
        0,
        0,
        0,
        0,
        0
      ]
    }
  ]
}
