{
  "results": [
    {
      "command": "cargo build --jobs 16 --release --example breakout",
      "mean": 80.29386320854,
      "stddev": 0.2968850442769205,
      "median": 80.27062606274,
      "user": 1215.49344074,
      "system": 31.069667239999994,
      "min": 79.90150875874,
      "max": 80.80313428674,
      "times": [
        80.26120652774,
        80.08095356374,
        80.28004559774,
        80.64025074274,
        80.29220594374,
        80.11402841274,
        79.90150875874,
        80.80313428674,
        80.58331545474,
        79.98198279674
      ],
      "exit_codes": [
        0,
        0,
        0,
        0,
        0,
        0,
        0,
        0,
        0,
        0
      ]
    }
  ]
}
