{
  "results": [
    {
      "command": "cargo build --jobs 8 --release --example breakout",
      "mean": 125.55490138100001,
      "stddev": 0.1614273446495178,
      "median": 125.59412227759998,
      "user": 961.8339903,
      "system": 25.234403999999998,
      "min": 125.18563417159999,
      "max": 125.6976264116,
      "times": [
        125.6726064526,
        125.6817174326,
        125.18563417159999,
        125.4211793546,
        125.63226667359999,
        125.6976264116,
        125.6856474806,
        125.55597788159999,
        125.4725773556,
        125.5437805956
      ],
      "exit_codes": [
        0,
        0,
        0,
        0,
        0,
        0,
        0,
        0,
        0,
        0
      ]
    }
  ]
}
