{
  "results": [
    {
      "command": "cargo build --jobs 16 --release --example breakout",
      "mean": 75.33804093338001,
      "stddev": 0.25008987265960714,
      "median": 75.24239773948,
      "user": 1139.7871061199999,
      "system": 30.380913099999997,
      "min": 75.03808989348,
      "max": 75.70514920148,
      "times": [
        75.24072793848,
        75.06289505348,
        75.49431898948,
        75.19971237248001,
        75.70432511948,
        75.70514920148,
        75.24406754048,
        75.16345659848,
        75.03808989348,
        75.52766662648
      ],
      "exit_codes": [
        0,
        0,
        0,
        0,
        0,
        0,
        0,
        0,
        0,
        0
      ]
    }
  ]
}
