{
  "results": [
    {
      "command": "cargo build --jobs 8 --release --example breakout",
      "mean": 117.98130169842003,
      "stddev": 2.301000001889146,
      "median": 117.27322309922,
      "user": 903.8831546600002,
      "system": 24.8203779,
      "min": 117.08449631722,
      "max": 124.52192943022001,
      "times": [
        117.08449631722,
        117.39673730622,
        117.38263151022001,
        117.31408202222,
        117.23236417622,
        117.19600171622001,
        117.15671159722001,
        117.13074806122,
        124.52192943022001,
        117.39731484722
      ],
      "exit_codes": [
        0,
        0,
        0,
        0,
        0,
        0,
        0,
        0,
        0,
        0
      ]
    }
  ]
}
