{
  "results": [
    {
      "command": "cargo build --jobs 8 --release --example breakout",
      "mean": 107.81213554996002,
      "stddev": 0.5688906644556944,
      "median": 108.01381223985999,
      "user": 811.3025646199999,
      "system": 22.020498179999997,
      "min": 106.98692229836,
      "max": 108.50417633836,
      "times": [
        107.30599716335999,
        108.20423656636,
        107.26534796036,
        107.94956342136,
        108.21768148136,
        108.43307726036,
        108.50417633836,
        108.07806105835999,
        106.98692229836,
        107.17629195136
      ],
      "exit_codes": [
        0,
        0,
        0,
        0,
        0,
        0,
        0,
        0,
        0,
        0
      ]
    }
  ]
}
