{
  "results": [
    {
      "command": "cargo build --jobs 16 --release --example breakout",
      "mean": 71.09568166996,
      "stddev": 0.6018853836586707,
      "median": 70.89572666896001,
      "user": 1013.8317567799999,
      "system": 27.564380519999997,
      "min": 70.51867462496,
      "max": 72.12156460196,
      "times": [
        70.57611673596,
        71.55340010996001,
        70.51867462496,
        71.11798019596,
        72.12156460196,
        70.67347314196,
        71.40325671496001,
        70.53783559596,
        71.85031086396,
        70.60420411396001
      ],
      "exit_codes": [
        0,
        0,
        0,
        0,
        0,
        0,
        0,
        0,
        0,
        0
      ]
    }
  ]
}
