{
  "results": [
    {
      "command": "cargo build --jobs 8 --release --example breakout",
      "mean": 127.31174115218,
      "stddev": 0.16752738230439396,
      "median": 127.28631790128,
      "user": 974.6823465399999,
      "system": 27.779979320000002,
      "min": 127.05436454728,
      "max": 127.52435286528001,
      "times": [
        127.19243472628001,
        127.16784582228,
        127.51578952028001,
        127.45803330128001,
        127.05436454728,
        127.52435286528001,
        127.30403864028001,
        127.26859716228,
        127.45951964528001,
        127.17243529128001
      ],
      "exit_codes": [
        0,
        0,
        0,
        0,
        0,
        0,
        0,
        0,
        0,
        0
      ]
    }
  ]
}
