{
  "results": [
    {
      "command": "cargo build --jobs 8 --release --example breakout",
      "mean": 118.04611660820004,
      "stddev": 2.635027634946168,
      "median": 117.2327360578,
      "user": 904.1125403600001,
      "system": 24.793870860000002,
      "min": 116.9795170428,
      "max": 125.5327086388,
      "times": [
        116.9795170428,
        117.5713631168,
        117.21955848980001,
        125.5327086388,
        117.25675098180001,
        117.1043211968,
        117.1974933088,
        117.0962681198,
        117.2572715608,
        117.2459136258
      ],
      "exit_codes": [
        0,
        0,
        0,
        0,
        0,
        0,
        0,
        0,
        0,
        0
      ]
    }
  ]
}
