{
  "results": [
    {
      "command": "cargo build --jobs 16 --release --example breakout",
      "mean": 75.65194544044,
      "stddev": 0.25263411981433065,
      "median": 75.72218958463999,
      "user": 1139.6223039000001,
      "system": 30.509534139999992,
      "min": 75.15987355364,
      "max": 76.01630316063999,
      "times": [
        75.15987355364,
        75.77556539764,
        75.76787664164,
        76.01630316063999,
        75.74529819963999,
        75.69908096964,
        75.44765486364,
        75.44117126964,
        75.90718841163999,
        75.55944193664
      ],
      "exit_codes": [
        0,
        0,
        0,
        0,
        0,
        0,
        0,
        0,
        0,
        0
      ]
    }
  ]
}
