{
  "results": [
    {
      "command": "cargo build --jobs 8 --release --example breakout",
      "mean": 133.37221456406002,
      "stddev": 0.35751277787502705,
      "median": 133.24202033496,
      "user": 1022.7701182200001,
      "system": 25.24281426,
      "min": 132.97572945446,
      "max": 134.09796530546,
      "times": [
        133.64102261846,
        133.26671200246,
        133.08389291546,
        134.09796530546,
        133.37287236546,
        133.77899554146,
        133.19908963746,
        132.97572945446,
        133.08853713246,
        133.21732866746
      ],
      "exit_codes": [
        0,
        0,
        0,
        0,
        0,
        0,
        0,
        0,
        0,
        0
      ]
    }
  ]
}
