{
  "results": [
    {
      "command": "cargo build --jobs 16 --release --example breakout",
      "mean": 73.358978482,
      "stddev": 0.3745292954431078,
      "median": 73.37573695110001,
      "user": 1074.70044172,
      "system": 28.277358099999997,
      "min": 72.7317317041,
      "max": 74.1402184791,
      "times": [
        73.48538740810001,
        73.3693327851,
        73.3823097491,
        73.3821411171,
        74.1402184791,
        73.6030702291,
        72.9550728311,
        73.23123719610001,
        73.3092833211,
        72.7317317041
      ],
      "exit_codes": [
        0,
        0,
        0,
        0,
        0,
        0,
        0,
        0,
        0,
        0
      ]
    }
  ]
}
