{
  "results": [
    {
      "command": "cargo build --jobs 16 --release --example breakout",
      "mean": 87.35732962281999,
      "stddev": 0.5763106941459899,
      "median": 87.41646575421998,
      "user": 1216.5799541000001,
      "system": 30.5342897,
      "min": 86.27651061322,
      "max": 88.18226518122,
      "times": [
        87.36171550921999,
        87.63392189422,
        87.24862595222,
        87.66031298122,
        87.47121599922,
        88.18226518122,
        87.97267861521999,
        87.12677162221999,
        86.63927786021999,
        86.27651061322
      ],
      "exit_codes": [
        0,
        0,
        0,
        0,
        0,
        0,
        0,
        0,
        0,
        0
      ]
    }
  ]
}
