{
  "results": [
    {
      "command": "cargo build --jobs 16 --release --example breakout",
      "mean": 80.3431390845,
      "stddev": 0.3001198283348781,
      "median": 80.2247967924,
      "user": 1212.00148454,
      "system": 31.020255879999997,
      "min": 80.0487276739,
      "max": 81.02262150189999,
      "times": [
        80.0487276739,
        80.17938869289999,
        80.3373805499,
        80.6642998499,
        80.2053616199,
        80.4516559849,
        80.0723613869,
        80.2149918409,
        81.02262150189999,
        80.2346017439
      ],
      "exit_codes": [
        0,
        0,
        0,
        0,
        0,
        0,
        0,
        0,
        0,
        0
      ]
    }
  ]
}
