{
  "results": [
    {
      "command": "cargo build --jobs 8 --release --example breakout",
      "mean": 124.94103470053999,
      "stddev": 0.23277444547464052,
      "median": 124.87514791084,
      "user": 958.7453726,
      "system": 25.10181304,
      "min": 124.67889739934,
      "max": 125.37755808534,
      "times": [
        125.37755808534,
        124.90047207933999,
        124.79437614134,
        124.87080859234,
        124.77295707034,
        124.81452881434,
        124.67889739934,
        124.99357650134,
        124.87948722934,
        125.32768509234
      ],
      "exit_codes": [
        0,
        0,
        0,
        0,
        0,
        0,
        0,
        0,
        0,
        0
      ]
    }
  ]
}
