{
  "results": [
    {
      "command": "cargo build --jobs 8 --release --example breakout",
      "mean": 139.05453790308,
      "stddev": 0.3325079811618081,
      "median": 138.94677013508002,
      "user": 1060.79122278,
      "system": 26.189165860000003,
      "min": 138.76046699208,
      "max": 139.75484208408,
      "times": [
        138.98861913608002,
        138.90515405508,
        138.93186702508,
        139.51876502108001,
        139.75484208408,
        138.96167324508002,
        139.14977165008,
        138.76046699208,
        138.79725433908,
        138.77696548308
      ],
      "exit_codes": [
        0,
        0,
        0,
        0,
        0,
        0,
        0,
        0,
        0,
        0
      ]
    }
  ]
}
