{
  "results": [
    {
      "command": "cargo build --jobs 16 --release --example breakout",
      "mean": 78.78186085813999,
      "stddev": 0.2592042762348703,
      "median": 78.78630324294,
      "user": 1155.0011322,
      "system": 30.17160094,
      "min": 78.27975950244,
      "max": 79.14432299144,
      "times": [
        79.08371032244,
        78.76243641344,
        78.94786815844,
        78.58224876844,
        79.14432299144,
        78.66959834144001,
        78.61339319444001,
        78.27975950244,
        78.92510081644001,
        78.81017007244
      ],
      "exit_codes": [
        0,
        0,
        0,
        0,
        0,
        0,
        0,
        0,
        0,
        0
      ]
    }
  ]
}
