{
  "results": [
    {
      "command": "cargo build --jobs 16 --release --example breakout",
      "mean": 78.83641961517999,
      "stddev": 0.26876000591864785,
      "median": 78.81812739588,
      "user": 1181.0007451400002,
      "system": 29.95347288,
      "min": 78.50789238387999,
      "max": 79.36087225988,
      "times": [
        79.07973864888,
        78.98860792488,
        78.91604751087999,
        78.80676067188,
        78.50789238387999,
        78.82949411988,
        78.53614366488,
        79.36087225988,
        78.54389511688,
        78.79474384987999
      ],
      "exit_codes": [
        0,
        0,
        0,
        0,
        0,
        0,
        0,
        0,
        0,
        0
      ]
    }
  ]
}
