{
  "results": [
    {
      "command": "cargo build --jobs 16 --release --example breakout",
      "mean": 79.67857226414,
      "stddev": 0.2549931246081705,
      "median": 79.61578647324001,
      "user": 1202.8827615999996,
      "system": 30.86488536,
      "min": 79.39145764124001,
      "max": 80.06594507524001,
      "times": [
        79.90444306924,
        79.39997844524001,
        80.06594507524001,
        79.56194632624,
        79.39145764124001,
        79.41484899224001,
        79.94467791424,
        79.89965214124001,
        79.53314641624,
        79.66962662024001
      ],
      "exit_codes": [
        0,
        0,
        0,
        0,
        0,
        0,
        0,
        0,
        0,
        0
      ]
    }
  ]
}
