{
  "results": [
    {
      "command": "cargo build --jobs 8 --release --example breakout",
      "mean": 117.10908181970001,
      "stddev": 0.14539807110289102,
      "median": 117.0952238216,
      "user": 902.0474826400001,
      "system": 24.65333546,
      "min": 116.8679420941,
      "max": 117.33364685810001,
      "times": [
        117.0029598911,
        117.1583798251,
        117.1475819221,
        117.3322340201,
        117.13184955310001,
        117.00927971910001,
        117.0483462241,
        117.0585980901,
        116.8679420941,
        117.33364685810001
      ],
      "exit_codes": [
        0,
        0,
        0,
        0,
        0,
        0,
        0,
        0,
        0,
        0
      ]
    }
  ]
}
