{
  "results": [
    {
      "command": "cargo build --jobs 16 --release --example breakout",
      "mean": 75.50074507981999,
      "stddev": 0.8105588090622219,
      "median": 75.43917525232,
      "user": 1140.9049363000001,
      "system": 30.616912199999994,
      "min": 74.55115914232,
      "max": 77.34527875031999,
      "times": [
        75.39242815232,
        75.52280465432,
        76.19158963432,
        77.34527875031999,
        75.48592235232,
        75.02249266032,
        75.38363744432,
        74.56544998732,
        75.54668802031999,
        74.55115914232
      ],
      "exit_codes": [
        0,
        0,
        0,
        0,
        0,
        0,
        0,
        0,
        0,
        0
      ]
    }
  ]
}
