{
  "results": [
    {
      "command": "cargo build --jobs 16 --release --example breakout",
      "mean": 92.85636272154,
      "stddev": 2.531470696519528,
      "median": 92.47600970303999,
      "user": 1281.41678482,
      "system": 31.059844579999996,
      "min": 90.51551655703999,
      "max": 99.62760835604,
      "times": [
        92.68065004404,
        92.64588084204,
        92.14286597403999,
        91.31531088903999,
        91.20931278804,
        99.62760835604,
        92.44055995704,
        92.51145944903999,
        90.51551655703999,
        93.47446235903999
      ],
      "exit_codes": [
        0,
        0,
        0,
        0,
        0,
        0,
        0,
        0,
        0,
        0
      ]
    }
  ]
}
