{
  "results": [
    {
      "command": "cargo build --jobs 8 --release --example breakout",
      "mean": 115.06592265383999,
      "stddev": 0.17616936623177187,
      "median": 115.05524374974,
      "user": 869.68264608,
      "system": 22.606996340000002,
      "min": 114.72866314924,
      "max": 115.30799593924,
      "times": [
        115.18622640824,
        114.88666787424,
        115.06624672624,
        114.72866314924,
        115.19513061624,
        115.24863812224,
        114.98164776724,
        115.30799593924,
        115.01376916224,
        115.04424077324
      ],
      "exit_codes": [
        0,
        0,
        0,
        0,
        0,
        0,
        0,
        0,
        0,
        0
      ]
    }
  ]
}
