{
  "results": [
    {
      "command": "cargo build --jobs 16 --release --example breakout",
      "mean": 97.581468935,
      "stddev": 0.733234346878304,
      "median": 97.59067298420001,
      "user": 1372.09350686,
      "system": 33.95294946,
      "min": 96.16929669170001,
      "max": 99.05630286670001,
      "times": [
        97.25117327470001,
        97.84612465970001,
        96.16929669170001,
        97.1201972857,
        99.05630286670001,
        97.4029584707,
        97.9612679107,
        97.4469205947,
        97.8260222217,
        97.7344253737
      ],
      "exit_codes": [
        0,
        0,
        0,
        0,
        0,
        0,
        0,
        0,
        0,
        0
      ]
    }
  ]
}
