{
  "results": [
    {
      "command": "cargo build --jobs 8 --release --example breakout",
      "mean": 143.65404218563998,
      "stddev": 0.14699837404562505,
      "median": 143.67577528663998,
      "user": 1095.60847886,
      "system": 26.95186653999999,
      "min": 143.39031438214,
      "max": 143.84026856414,
      "times": [
        143.47410350413998,
        143.61281396714,
        143.82298618214,
        143.57276318214,
        143.67330474514,
        143.84026856414,
        143.68291618613998,
        143.39031438214,
        143.79270531513998,
        143.67824582813998
      ],
      "exit_codes": [
        0,
        0,
        0,
        0,
        0,
        0,
        0,
        0,
        0,
        0
      ]
    }
  ]
}
