{
  "results": [
    {
      "command": "cargo build --jobs 16 --release --example breakout",
      "mean": 79.7130891762,
      "stddev": 0.25160684541532274,
      "median": 79.6859867062,
      "user": 1200.35413104,
      "system": 30.842547359999998,
      "min": 79.37980310569999,
      "max": 80.1107741227,
      "times": [
        79.4593749137,
        79.6731788267,
        79.6890942297,
        79.68287918269999,
        80.1107741227,
        79.8872074917,
        79.4514012237,
        79.7176880227,
        79.37980310569999,
        80.0794906427
      ],
      "exit_codes": [
        0,
        0,
        0,
        0,
        0,
        0,
        0,
        0,
        0,
        0
      ]
    }
  ]
}
