{
  "results": [
    {
      "command": "cargo build --jobs 8 --release --example breakout",
      "mean": 123.64073415752,
      "stddev": 0.29685499581086827,
      "median": 123.54486136302,
      "user": 949.2661322799999,
      "system": 24.992858959999996,
      "min": 123.40840329402,
      "max": 124.41422112602,
      "times": [
        123.55263542002,
        123.66255037502,
        123.70384919902,
        123.42704468302,
        123.53708730602,
        123.75836692701999,
        124.41422112602,
        123.49571328102,
        123.40840329402,
        123.44746996402
      ],
      "exit_codes": [
        0,
        0,
        0,
        0,
        0,
        0,
        0,
        0,
        0,
        0
      ]
    }
  ]
}
