{
  "results": [
    {
      "command": "cargo build --jobs 8 --release --example breakout",
      "mean": 121.91534621134001,
      "stddev": 0.18295015199314638,
      "median": 121.91440708184,
      "user": 933.5688253799999,
      "system": 24.414950980000004,
      "min": 121.65537505584,
      "max": 122.28063816884,
      "times": [
        121.72032594683999,
        121.93444790283999,
        121.89436626084,
        121.77032395584,
        121.96123620184,
        122.28063816884,
        122.09545144184,
        121.97424056784,
        121.65537505584,
        121.86705661084
      ],
      "exit_codes": [
        0,
        0,
        0,
        0,
        0,
        0,
        0,
        0,
        0,
        0
      ]
    }
  ]
}
