{
  "results": [
    {
      "command": "cargo build --jobs 8 --release --example breakout",
      "mean": 134.01432681277998,
      "stddev": 0.14172764509663874,
      "median": 133.97774324507998,
      "user": 1021.8148153799999,
      "system": 25.0257476,
      "min": 133.86268669458,
      "max": 134.32466758558,
      "times": [
        134.01334000557998,
        134.32466758558,
        133.92486920258,
        133.89301823058,
        133.89716248258,
        134.08452278558,
        134.10605963257998,
        133.94214648457998,
        133.86268669458,
        134.09479502358
      ],
      "exit_codes": [
        0,
        0,
        0,
        0,
        0,
        0,
        0,
        0,
        0,
        0
      ]
    }
  ]
}
