{
  "results": [
    {
      "command": "cargo build --jobs 16 --release --example breakout",
      "mean": 93.6795820419,
      "stddev": 4.54936872058816,
      "median": 92.6290659409,
      "user": 1278.8427796800001,
      "system": 31.19915648,
      "min": 90.8726932919,
      "max": 106.29334966190001,
      "times": [
        106.29334966190001,
        91.4834263379,
        91.1551105879,
        92.34010594290001,
        92.9180259389,
        93.4733498179,
        93.8919665309,
        91.4246095119,
        92.9431827969,
        90.8726932919
      ],
      "exit_codes": [
        0,
        0,
        0,
        0,
        0,
        0,
        0,
        0,
        0,
        0
      ]
    }
  ]
}
