{
  "results": [
    {
      "command": "cargo build --jobs 8 --release --example breakout",
      "mean": 121.23648993937998,
      "stddev": 0.14476570639907077,
      "median": 121.20715831978,
      "user": 917.0109175599998,
      "system": 24.606641959999997,
      "min": 121.04846043078,
      "max": 121.46396799178,
      "times": [
        121.18185098277999,
        121.44651127478,
        121.28962508078,
        121.46396799178,
        121.32126604478,
        121.05495464578,
        121.18299384378,
        121.04846043078,
        121.14394630278,
        121.23132279578
      ],
      "exit_codes": [
        0,
        0,
        0,
        0,
        0,
        0,
        0,
        0,
        0,
        0
      ]
    }
  ]
}
