{
  "results": [
    {
      "command": "cargo build --jobs 16 --release --example breakout",
      "mean": 79.50080430559998,
      "stddev": 0.5984662935492336,
      "median": 79.6092515071,
      "user": 1154.7440121,
      "system": 30.067530639999994,
      "min": 78.6875116276,
      "max": 80.2223414936,
      "times": [
        79.9736583956,
        79.0626859036,
        79.6511471036,
        80.0618508346,
        80.1054826446,
        78.6969206036,
        78.6875116276,
        79.5673559106,
        78.9790885386,
        80.2223414936
      ],
      "exit_codes": [
        0,
        0,
        0,
        0,
        0,
        0,
        0,
        0,
        0,
        0
      ]
    }
  ]
}
