{
  "results": [
    {
      "command": "cargo build --jobs 8 --release --example breakout",
      "mean": 142.91979728363998,
      "stddev": 0.3782322209410776,
      "median": 142.81434207723998,
      "user": 1097.62035266,
      "system": 27.075886439999998,
      "min": 142.54785315924,
      "max": 143.61746884724,
      "times": [
        142.96889141324,
        142.54785315924,
        142.80534546924,
        142.76521082924,
        142.82333868524,
        142.67801947424,
        143.61746884724,
        142.86955649723998,
        143.56750340424,
        142.55478505724
      ],
      "exit_codes": [
        0,
        0,
        0,
        0,
        0,
        0,
        0,
        0,
        0,
        0
      ]
    }
  ]
}
