{
  "results": [
    {
      "command": "cargo build --jobs 8 --release --example breakout",
      "mean": 106.30296500322001,
      "stddev": 0.37167237874602493,
      "median": 106.33018673702,
      "user": 802.1379928199999,
      "system": 21.809825340000003,
      "min": 105.75820283102,
      "max": 106.95136020102001,
      "times": [
        105.75820283102,
        106.41560401902001,
        106.13324632702,
        106.34375875602001,
        105.81741607002,
        106.65895508002001,
        106.95136020102001,
        106.56203576102,
        106.31661471802,
        106.07245626902001
      ],
      "exit_codes": [
        0,
        0,
        0,
        0,
        0,
        0,
        0,
        0,
        0,
        0
      ]
    }
  ]
}
