{
  "results": [
    {
      "command": "cargo build --jobs 16 --release --example breakout",
      "mean": 97.00990370188,
      "stddev": 0.7329966682150004,
      "median": 97.13941894358,
      "user": 1365.7556372599997,
      "system": 33.61864118,
      "min": 95.80109273458001,
      "max": 97.89896359658,
      "times": [
        97.89896359658,
        97.73690230658,
        97.13356075658,
        97.82626513458,
        97.30003123158001,
        96.75548289458,
        96.08683412558,
        97.14527713058,
        95.80109273458001,
        96.41462710758
      ],
      "exit_codes": [
        0,
        0,
        0,
        0,
        0,
        0,
        0,
        0,
        0,
        0
      ]
    }
  ]
}
