{
  "results": [
    {
      "command": "cargo build --jobs 8 --release --example breakout",
      "mean": 142.49636978031998,
      "stddev": 0.14206363783617762,
      "median": 142.49528759722,
      "user": 1090.9803497799999,
      "system": 27.033887019999998,
      "min": 142.22457743372001,
      "max": 142.71559691372002,
      "times": [
        142.63007433072002,
        142.71559691372002,
        142.55835145472,
        142.49530671072,
        142.22457743372001,
        142.49526848372,
        142.37039981272,
        142.60561534572,
        142.46936953772,
        142.39913777972
      ],
      "exit_codes": [
        0,
        0,
        0,
        0,
        0,
        0,
        0,
        0,
        0,
        0
      ]
    }
  ]
}
