{
  "results": [
    {
      "command": "cargo build --jobs 8 --release --example breakout",
      "mean": 130.9792405117,
      "stddev": 2.504091277615724,
      "median": 130.26513769590002,
      "user": 998.3453475800001,
      "system": 24.518028379999997,
      "min": 129.75672870190002,
      "max": 138.0478801239,
      "times": [
        129.75672870190002,
        130.3218489029,
        129.8618139769,
        138.0478801239,
        130.20842648890002,
        130.5886471629,
        130.5716767689,
        129.84065058890002,
        130.01975724090002,
        130.5749751609
      ],
      "exit_codes": [
        0,
        0,
        0,
        0,
        0,
        0,
        0,
        0,
        0,
        0
      ]
    }
  ]
}
