{
  "results": [
    {
      "command": "cargo build --jobs 16 --release --example breakout",
      "mean": 89.72195409692,
      "stddev": 0.6246050499303148,
      "median": 89.72950695542,
      "user": 1249.1234457799997,
      "system": 30.59492548,
      "min": 88.53175806892,
      "max": 90.41156099192,
      "times": [
        90.05609781692,
        89.64391717992001,
        89.63725157492,
        89.47233072392001,
        90.31533267392,
        90.41156099192,
        88.93828389492,
        88.53175806892,
        89.81509673092,
        90.39791131292
      ],
      "exit_codes": [
        0,
        0,
        0,
        0,
        0,
        0,
        0,
        0,
        0,
        0
      ]
    }
  ]
}
