{
  "results": [
    {
      "command": "cargo build --jobs 8 --release --example breakout",
      "mean": 117.66459728675997,
      "stddev": 0.1753664983935985,
      "median": 117.70836007195999,
      "user": 903.1124452800001,
      "system": 24.051171139999997,
      "min": 117.34459928746,
      "max": 117.92824583846,
      "times": [
        117.92824583846,
        117.46336108946,
        117.82969834846,
        117.74651073845999,
        117.60951594846,
        117.54930516146,
        117.34459928746,
        117.75801631146,
        117.68076012345999,
        117.73596002046
      ],
      "exit_codes": [
        0,
        0,
        0,
        0,
        0,
        0,
        0,
        0,
        0,
        0
      ]
    }
  ]
}
