{
  "results": [
    {
      "command": "cargo build --jobs 16 --release --example breakout",
      "mean": 78.26003401532,
      "stddev": 0.2531559862542196,
      "median": 78.18084808652,
      "user": 1179.0272690199997,
      "system": 30.440323539999998,
      "min": 77.91230758252,
      "max": 78.67055996852,
      "times": [
        78.58225697752,
        77.91230758252,
        78.01409709552,
        78.25457291652,
        78.13794122451999,
        78.20405628952,
        78.53802461752,
        78.67055996852,
        78.15763988351999,
        78.12888359752
      ],
      "exit_codes": [
        0,
        0,
        0,
        0,
        0,
        0,
        0,
        0,
        0,
        0
      ]
    }
  ]
}
