{
  "results": [
    {
      "command": "cargo build --jobs 16 --release --example breakout",
      "mean": 93.18750857676,
      "stddev": 1.192659083986096,
      "median": 93.25362383796,
      "user": 1287.88337076,
      "system": 31.247479959999993,
      "min": 91.14245011896,
      "max": 94.84913175696,
      "times": [
        92.61787369296,
        94.37066819696,
        93.90417796196,
        94.10307099096,
        94.84913175696,
        92.88085761096,
        91.68690614296,
        93.62639006496,
        92.69355922996,
        91.14245011896
      ],
      "exit_codes": [
        0,
        0,
        0,
        0,
        0,
        0,
        0,
        0,
        0,
        0
      ]
    }
  ]
}
