{
  "results": [
    {
      "command": "cargo build --jobs 8 --release --example breakout",
      "mean": 106.56048534606,
      "stddev": 0.22350520265615606,
      "median": 106.54850709966001,
      "user": 806.2164979599999,
      "system": 21.752753839999993,
      "min": 106.23706672316,
      "max": 106.84182643616,
      "times": [
        106.46463704916,
        106.23706672316,
        106.42554176216001,
        106.41969572016001,
        106.75652147116,
        106.70390348916,
        106.83953600716,
        106.84182643616,
        106.28374765216,
        106.63237715016001
      ],
      "exit_codes": [
        0,
        0,
        0,
        0,
        0,
        0,
        0,
        0,
        0,
        0
      ]
    }
  ]
}
