{
  "results": [
    {
      "command": "cargo build --jobs 16 --release --example breakout",
      "mean": 71.17318692351999,
      "stddev": 0.4206982040307221,
      "median": 71.32994128062,
      "user": 1010.7908199399999,
      "system": 27.506827039999997,
      "min": 70.17825121461999,
      "max": 71.57243100462,
      "times": [
        71.41127909062,
        71.02159456862,
        70.83868519362,
        71.39446742862,
        71.10086662562,
        71.55441154761999,
        71.57243100462,
        71.37092311162,
        71.28895944962,
        70.17825121461999
      ],
      "exit_codes": [
        0,
        0,
        0,
        0,
        0,
        0,
        0,
        0,
        0,
        0
      ]
    }
  ]
}
