{
  "results": [
    {
      "command": "cargo build --jobs 8 --release --example breakout",
      "mean": 128.08022661783997,
      "stddev": 0.11864818710343898,
      "median": 128.10452126784,
      "user": 982.05123322,
      "system": 24.507473179999998,
      "min": 127.83098987634,
      "max": 128.21715315434,
      "times": [
        127.83098987634,
        128.17495486734,
        128.14970195434,
        128.21715315434,
        128.07180702134,
        128.10832258634,
        128.18229030634,
        128.10071994934,
        127.95588146834,
        128.01044499434
      ],
      "exit_codes": [
        0,
        0,
        0,
        0,
        0,
        0,
        0,
        0,
        0,
        0
      ]
    }
  ]
}
