{
  "results": [
    {
      "command": "cargo build --jobs 16 --release --example breakout",
      "mean": 87.6064173405,
      "stddev": 0.6718605788839642,
      "median": 87.7656387159,
      "user": 1230.78060282,
      "system": 30.490234039999997,
      "min": 85.8980542684,
      "max": 88.16153129839999,
      "times": [
        88.0676449194,
        87.2347108214,
        88.16153129839999,
        85.8980542684,
        87.5018133734,
        87.5804251534,
        87.8863547914,
        88.1149549764,
        87.6449226404,
        87.9737611624
      ],
      "exit_codes": [
        0,
        0,
        0,
        0,
        0,
        0,
        0,
        0,
        0,
        0
      ]
    }
  ]
}
