{
  "results": [
    {
      "command": "cargo build --jobs 8 --release --example breakout",
      "mean": 119.10996194909998,
      "stddev": 0.18749622489186227,
      "median": 119.1061105566,
      "user": 913.8404561999998,
      "system": 24.06104302,
      "min": 118.7834937121,
      "max": 119.4197464521,
      "times": [
        119.1892390731,
        119.1100432891,
        119.1021778241,
        119.4197464521,
        118.9565976771,
        119.2011450351,
        119.0002546241,
        118.9999598751,
        118.7834937121,
        119.3369619291
      ],
      "exit_codes": [
        0,
        0,
        0,
        0,
        0,
        0,
        0,
        0,
        0,
        0
      ]
    }
  ]
}
