{
  "results": [
    {
      "command": "cargo build --jobs 8 --release --example breakout",
      "mean": 121.08973359516001,
      "stddev": 0.15892367518076114,
      "median": 121.12366544306,
      "user": 911.2603335799998,
      "system": 24.208755319999998,
      "min": 120.81300772256,
      "max": 121.26607878056001,
      "times": [
        121.19172853456,
        120.98170422656,
        121.13376850656,
        121.20490627556,
        120.86108597856,
        121.11356237956001,
        121.26607878056001,
        121.26049669656,
        121.07099685056001,
        120.81300772256
      ],
      "exit_codes": [
        0,
        0,
        0,
        0,
        0,
        0,
        0,
        0,
        0,
        0
      ]
    }
  ]
}
