{
  "results": [
    {
      "command": "cargo build --jobs 8 --release --example breakout",
      "mean": 120.93243011048,
      "stddev": 0.1314585594156687,
      "median": 120.96380458077999,
      "user": 910.6471589999999,
      "system": 24.21786522,
      "min": 120.57098673128,
      "max": 121.03546855128,
      "times": [
        120.96215214528,
        120.91751070628,
        121.03546855128,
        120.97910233528,
        120.57098673128,
        120.93980451228,
        120.96206335028,
        120.96545701628,
        120.97448712428,
        121.01726863228001
      ],
      "exit_codes": [
        0,
        0,
        0,
        0,
        0,
        0,
        0,
        0,
        0,
        0
      ]
    }
  ]
}
