{
  "results": [
    {
      "command": "cargo build --jobs 8 --release --example breakout",
      "mean": 134.90177948852002,
      "stddev": 0.1507310490658325,
      "median": 134.87040606752,
      "user": 1034.1580732799998,
      "system": 25.619212700000002,
      "min": 134.74656858152002,
      "max": 135.20467118452,
      "times": [
        134.88008045452,
        134.80195642152,
        134.91086327552,
        134.92522347752,
        135.20467118452,
        134.78841446952,
        134.86073168052002,
        134.74656858152002,
        135.12060888052002,
        134.77867645952
      ],
      "exit_codes": [
        0,
        0,
        0,
        0,
        0,
        0,
        0,
        0,
        0,
        0
      ]
    }
  ]
}
