{
  "results": [
    {
      "command": "cargo build --jobs 16 --release --example breakout",
      "mean": 92.58518919702,
      "stddev": 1.6024254450861168,
      "median": 93.05633596262,
      "user": 1296.1956395,
      "system": 31.92261912,
      "min": 89.43531599811999,
      "max": 94.29748789812,
      "times": [
        93.29844202711999,
        89.96688720211999,
        94.29748789812,
        93.11487124512,
        93.25430395612,
        93.95070917912,
        92.59201762212,
        92.99780068012,
        89.43531599811999,
        92.94405616211999
      ],
      "exit_codes": [
        0,
        0,
        0,
        0,
        0,
        0,
        0,
        0,
        0,
        0
      ]
    }
  ]
}
