{
  "results": [
    {
      "command": "cargo build --jobs 16 --release --example breakout",
      "mean": 77.88112155078,
      "stddev": 0.23576071385474276,
      "median": 77.82658442898,
      "user": 1143.84809872,
      "system": 30.18028984,
      "min": 77.60236740548,
      "max": 78.32534414547999,
      "times": [
        77.74537225847999,
        77.69231127248,
        78.10536517947999,
        78.32534414547999,
        78.09631608148,
        77.72163099347999,
        77.90779659948,
        77.67041093248,
        77.94430063947999,
        77.60236740548
      ],
      "exit_codes": [
        0,
        0,
        0,
        0,
        0,
        0,
        0,
        0,
        0,
        0
      ]
    }
  ]
}
