{
  "results": [
    {
      "command": "cargo build --jobs 8 --release --example breakout",
      "mean": 143.07375180104,
      "stddev": 1.0278502116224937,
      "median": 142.79073150784,
      "user": 1096.49724482,
      "system": 27.323080599999997,
      "min": 142.38799088684,
      "max": 145.87549488983998,
      "times": [
        142.93412131284,
        142.38799088684,
        143.07874189583998,
        142.64734170283998,
        142.41577984384,
        142.51411329884,
        143.15361515384,
        143.13662130984,
        142.59369771584,
        145.87549488983998
      ],
      "exit_codes": [
        0,
        0,
        0,
        0,
        0,
        0,
        0,
        0,
        0,
        0
      ]
    }
  ]
}
