{
  "results": [
    {
      "command": "cargo build --jobs 16 --release --example breakout",
      "mean": 97.25046087106,
      "stddev": 0.8581351305170293,
      "median": 97.42823706496,
      "user": 1373.6852200399999,
      "system": 33.8593818,
      "min": 95.82761561545999,
      "max": 98.60547550545999,
      "times": [
        97.68086693846,
        97.44535269046,
        97.28573440746,
        98.07020022345999,
        95.82761561545999,
        97.52385651146,
        96.14669955645999,
        97.41112143945999,
        96.50768582245999,
        98.60547550545999
      ],
      "exit_codes": [
        0,
        0,
        0,
        0,
        0,
        0,
        0,
        0,
        0,
        0
      ]
    }
  ]
}
