{
  "results": [
    {
      "command": "cargo build --jobs 16 --release --example breakout",
      "mean": 80.60002035004,
      "stddev": 0.3466206317233056,
      "median": 80.69698706494,
      "user": 1161.46266384,
      "system": 30.2592152,
      "min": 79.78820162944,
      "max": 80.92404254044,
      "times": [
        80.72708416744,
        80.72317113044001,
        80.62830642244,
        80.20572111044,
        80.85584581644,
        79.78820162944,
        80.84066979644,
        80.92404254044,
        80.67080299944,
        80.63635788744
      ],
      "exit_codes": [
        0,
        0,
        0,
        0,
        0,
        0,
        0,
        0,
        0,
        0
      ]
    }
  ]
}
