{
  "results": [
    {
      "command": "cargo build --jobs 16 --release --example breakout",
      "mean": 74.96497002397999,
      "stddev": 0.3110556656028615,
      "median": 75.07795688787999,
      "user": 1134.2774995199998,
      "system": 29.336987179999994,
      "min": 74.24729065737999,
      "max": 75.32952034338,
      "times": [
        75.09099075137999,
        74.24729065737999,
        75.15919587738,
        75.12223155138,
        74.79298310237999,
        74.81491002137999,
        75.21085757537999,
        75.32952034338,
        75.06492302438,
        74.81679733537999
      ],
      "exit_codes": [
        0,
        0,
        0,
        0,
        0,
        0,
        0,
        0,
        0,
        0
      ]
    }
  ]
}
