{
  "results": [
    {
      "command": "cargo build --jobs 16 --release --example breakout",
      "mean": 82.26023634539999,
      "stddev": 0.058334868389158516,
      "median": 82.2625339155,
      "user": 1234.5741577799997,
      "system": 33.45302582,
      "min": 82.140291735,
      "max": 82.363819737,
      "times": [
        82.246391301,
        82.230965106,
        82.291273339,
        82.363819737,
        82.27867653,
        82.233266978,
        82.28636780800001,
        82.29472110500001,
        82.236589815,
        82.140291735
      ],
      "exit_codes": [
        0,
        0,
        0,
        0,
        0,
        0,
        0,
        0,
        0,
        0
      ]
    }
  ]
}
