{
  "results": [
    {
      "command": "cargo build --jobs 16 --release --example breakout",
      "mean": 92.34362511702,
      "stddev": 0.7236112289260073,
      "median": 92.22674670772,
      "user": 1294.6594316800001,
      "system": 31.46660068,
      "min": 91.50966611722,
      "max": 93.51835018022,
      "times": [
        92.22112798222,
        91.79604159322,
        91.50966611722,
        93.50586403822,
        91.93262039322,
        92.24669821222,
        92.85233168022,
        93.51835018022,
        91.62118554022,
        92.23236543322
      ],
      "exit_codes": [
        0,
        0,
        0,
        0,
        0,
        0,
        0,
        0,
        0,
        0
      ]
    }
  ]
}
