{
  "results": [
    {
      "command": "cargo build --jobs 8 --release --example breakout",
      "mean": 134.97920739935998,
      "stddev": 0.6027426928945112,
      "median": 134.84605692206003,
      "user": 1033.43063024,
      "system": 25.266671259999995,
      "min": 134.56755838656,
      "max": 136.66548368656,
      "times": [
        134.85018608556,
        134.86298848956,
        134.56755838656,
        134.84192775856002,
        134.75312798756002,
        134.69293219556002,
        134.86150438656,
        134.73317666556,
        136.66548368656,
        134.96318835156
      ],
      "exit_codes": [
        0,
        0,
        0,
        0,
        0,
        0,
        0,
        0,
        0,
        0
      ]
    }
  ]
}
