{
  "results": [
    {
      "command": "cargo build --jobs 8 --release --example breakout",
      "mean": 122.39701718926001,
      "stddev": 3.4911869768182235,
      "median": 121.32466595675999,
      "user": 917.1244916399999,
      "system": 24.55966928,
      "min": 120.97653733326,
      "max": 132.32129363526002,
      "times": [
        121.21517203725999,
        121.57577425826,
        121.37399339426,
        121.14472149526,
        132.32129363526002,
        121.33416142425999,
        121.49037046325999,
        120.97653733326,
        121.22297736226,
        121.31517048926
      ],
      "exit_codes": [
        0,
        0,
        0,
        0,
        0,
        0,
        0,
        0,
        0,
        0
      ]
    }
  ]
}
