{
  "results": [
    {
      "command": "cargo build --jobs 8 --release --example breakout",
      "mean": 136.59025297086,
      "stddev": 0.16119579956180657,
      "median": 136.56127786206002,
      "user": 1046.0886550799999,
      "system": 25.58287976,
      "min": 136.43698979706002,
      "max": 136.97459234906,
      "times": [
        136.53960186806,
        136.66493679106,
        136.49940234306,
        136.58458368806,
        136.97459234906,
        136.45242312806002,
        136.43698979706002,
        136.58295385606002,
        136.46716079306,
        136.69988509506
      ],
      "exit_codes": [
        0,
        0,
        0,
        0,
        0,
        0,
        0,
        0,
        0,
        0
      ]
    }
  ]
}
