{
  "results": [
    {
      "command": "cargo build --jobs 16 --release --example breakout",
      "mean": 92.56852355916001,
      "stddev": 0.6295963287492725,
      "median": 92.45757300296,
      "user": 1311.7695177800001,
      "system": 31.879194599999998,
      "min": 91.88896194446,
      "max": 93.76139691846,
      "times": [
        92.51641780446,
        93.76139691846,
        93.58273645746,
        91.90183097046,
        92.49887266446,
        92.56616637446,
        91.88896194446,
        92.41627334146,
        92.33997950746,
        92.21259960846
      ],
      "exit_codes": [
        0,
        0,
        0,
        0,
        0,
        0,
        0,
        0,
        0,
        0
      ]
    }
  ]
}
