{
  "results": [
    {
      "command": "cargo build --jobs 16 --release --example breakout",
      "mean": 74.50709431631999,
      "stddev": 0.4956397154068777,
      "median": 74.33238820052,
      "user": 1096.6344131800001,
      "system": 28.25213882,
      "min": 73.94630852102,
      "max": 75.33865720701999,
      "times": [
        74.43902725401999,
        73.94630852102,
        74.95786989502,
        74.12951352201999,
        74.08110393802,
        74.65658242901999,
        75.16373827902,
        74.13239297102,
        75.33865720701999,
        74.22574914702
      ],
      "exit_codes": [
        0,
        0,
        0,
        0,
        0,
        0,
        0,
        0,
        0,
        0
      ]
    }
  ]
}
