{
  "results": [
    {
      "command": "cargo build --jobs 8 --release --example breakout",
      "mean": 115.09636575495999,
      "stddev": 0.21710172310313203,
      "median": 115.12659129416,
      "user": 868.75153768,
      "system": 22.627111839999998,
      "min": 114.58797846166,
      "max": 115.40942068065999,
      "times": [
        115.26744815466,
        115.40942068065999,
        115.20112898466,
        115.15302313465999,
        115.12697364366,
        115.03594772166,
        114.95923438065999,
        114.58797846166,
        115.09629344266,
        115.12620894466
      ],
      "exit_codes": [
        0,
        0,
        0,
        0,
        0,
        0,
        0,
        0,
        0,
        0
      ]
    }
  ]
}
