{
  "results": [
    {
      "command": "cargo build --jobs 8 --release --example breakout",
      "mean": 118.27129511742001,
      "stddev": 2.4619543335106266,
      "median": 117.52270659211999,
      "user": 906.37843648,
      "system": 24.127444819999997,
      "min": 117.29103870362,
      "max": 125.26425266362,
      "times": [
        117.32412169062,
        117.48275322562,
        117.50179703062,
        125.26425266362,
        117.80686827962,
        117.29103870362,
        117.62021638162,
        117.33077787762,
        117.54750916761999,
        117.54361615362
      ],
      "exit_codes": [
        0,
        0,
        0,
        0,
        0,
        0,
        0,
        0,
        0,
        0
      ]
    }
  ]
}
