{
  "results": [
    {
      "command": "cargo build --jobs 16 --release --example breakout",
      "mean": 75.07397035374001,
      "stddev": 0.2928042551468591,
      "median": 75.07035239423999,
      "user": 1139.3923097399997,
      "system": 29.399896379999994,
      "min": 74.66797737124,
      "max": 75.47422457424,
      "times": [
        75.47422457424,
        75.01191233723999,
        75.32791318424,
        75.42637129724,
        74.74893470624,
        74.93085817424,
        75.25330573424,
        74.76941370723999,
        74.66797737124,
        75.12879245124
      ],
      "exit_codes": [
        0,
        0,
        0,
        0,
        0,
        0,
        0,
        0,
        0,
        0
      ]
    }
  ]
}
