{
  "results": [
    {
      "command": "cargo build --jobs 8 --release --example breakout",
      "mean": 117.01356459428,
      "stddev": 0.0979595687284099,
      "median": 117.00932076138001,
      "user": 903.0781901199998,
      "system": 24.010291699999996,
      "min": 116.82604663738,
      "max": 117.17643842638,
      "times": [
        116.97688466538001,
        117.05168594238,
        117.11819445038,
        116.93763153338,
        117.03684219738001,
        116.98179932538001,
        117.17643842638,
        117.05752650838001,
        116.82604663738,
        116.97259625638
      ],
      "exit_codes": [
        0,
        0,
        0,
        0,
        0,
        0,
        0,
        0,
        0,
        0
      ]
    }
  ]
}
