{
  "results": [
    {
      "command": "cargo build --jobs 8 --release --example breakout",
      "mean": 117.48533302792,
      "stddev": 0.19356745663982747,
      "median": 117.51257024932,
      "user": 904.77008248,
      "system": 23.73490562,
      "min": 117.11036618632001,
      "max": 117.71225624332,
      "times": [
        117.58395620832,
        117.71225624332,
        117.65019929232001,
        117.66901822332001,
        117.43954078932,
        117.30629016032,
        117.11036618632001,
        117.44118429032001,
        117.60794837132,
        117.33257051432001
      ],
      "exit_codes": [
        0,
        0,
        0,
        0,
        0,
        0,
        0,
        0,
        0,
        0
      ]
    }
  ]
}
