{
  "results": [
    {
      "command": "cargo build --jobs 8 --release --example breakout",
      "mean": 117.48576600282001,
      "stddev": 0.0941760160219432,
      "median": 117.47991424822001,
      "user": 905.50591282,
      "system": 24.87166618,
      "min": 117.36393265572,
      "max": 117.65814104472001,
      "times": [
        117.50275504572001,
        117.36393265572,
        117.39095631472,
        117.56427524872001,
        117.42371832972,
        117.53461875072,
        117.45707345072,
        117.65814104472001,
        117.40134197372001,
        117.56084721372001
      ],
      "exit_codes": [
        0,
        0,
        0,
        0,
        0,
        0,
        0,
        0,
        0,
        0
      ]
    }
  ]
}
