{
  "results": [
    {
      "command": "cargo build --jobs 8 --release --example breakout",
      "mean": 130.31279038064002,
      "stddev": 0.10230099845652732,
      "median": 130.31374443814002,
      "user": 997.9227660000003,
      "system": 24.45423246,
      "min": 130.12460175814002,
      "max": 130.43449405514002,
      "times": [
        130.41444910714,
        130.19269963014,
        130.27999934914,
        130.40896395514,
        130.34748952714,
        130.27201207214,
        130.43449405514002,
        130.12460175814002,
        130.27352337414,
        130.37967097814
      ],
      "exit_codes": [
        0,
        0,
        0,
        0,
        0,
        0,
        0,
        0,
        0,
        0
      ]
    }
  ]
}
