{
  "results": [
    {
      "command": "cargo build --jobs 16 --release --example breakout",
      "mean": 89.72701002166,
      "stddev": 0.4111093430222244,
      "median": 89.73365808746,
      "user": 1247.3006177399998,
      "system": 30.50302744,
      "min": 88.82503253946,
      "max": 90.40597243546,
      "times": [
        89.57546806446,
        89.89802206746,
        89.76009433646,
        90.05122499646001,
        89.53047337446,
        90.40597243546,
        88.82503253946,
        89.60475551146,
        89.70722183846,
        89.91183505246
      ],
      "exit_codes": [
        0,
        0,
        0,
        0,
        0,
        0,
        0,
        0,
        0,
        0
      ]
    }
  ]
}
