{
  "results": [
    {
      "command": "cargo build --jobs 8 --release --example breakout",
      "mean": 139.62866484138,
      "stddev": 0.22079886160996173,
      "median": 139.68409951837998,
      "user": 1068.0958576199998,
      "system": 26.93774216,
      "min": 139.32604258738,
      "max": 139.87929220337998,
      "times": [
        139.83784936638,
        139.32604258738,
        139.36857926538,
        139.73153668037997,
        139.38592820937998,
        139.63666235638,
        139.83411542738,
        139.87929220337998,
        139.46901531638,
        139.81762700137998
      ],
      "exit_codes": [
        0,
        0,
        0,
        0,
        0,
        0,
        0,
        0,
        0,
        0
      ]
    }
  ]
}
