{
  "results": [
    {
      "command": "cargo build --jobs 16 --release --example breakout",
      "mean": 96.77936125126,
      "stddev": 0.4900170668760117,
      "median": 96.65981878646,
      "user": 1336.8323088399998,
      "system": 33.51520128,
      "min": 96.09825658946,
      "max": 97.48700298845999,
      "times": [
        97.40624039146,
        96.47557319546,
        96.76536544945999,
        96.20190815046,
        96.53899110546,
        96.09825658946,
        97.03575902246,
        97.23024349646,
        96.55427212346,
        97.48700298845999
      ],
      "exit_codes": [
        0,
        0,
        0,
        0,
        0,
        0,
        0,
        0,
        0,
        0
      ]
    }
  ]
}
