{
  "results": [
    {
      "command": "cargo build --jobs 8 --release --example breakout",
      "mean": 117.22116988837999,
      "stddev": 0.18907569459012172,
      "median": 117.21389650038,
      "user": 904.2854629000001,
      "system": 23.631249439999998,
      "min": 116.89911323887999,
      "max": 117.58364457788,
      "times": [
        117.40580043688,
        117.31023618788,
        117.04662651187999,
        117.24234269288,
        116.89911323887999,
        117.58364457788,
        117.18567026887999,
        117.20744675088,
        117.22034624988,
        117.11047196788
      ],
      "exit_codes": [
        0,
        0,
        0,
        0,
        0,
        0,
        0,
        0,
        0,
        0
      ]
    }
  ]
}
