{
  "results": [
    {
      "command": "cargo build --jobs 16 --release --example breakout",
      "mean": 91.58772539712,
      "stddev": 1.0435960856433308,
      "median": 91.68540326032,
      "user": 1274.14089376,
      "system": 31.40463218,
      "min": 90.38190639732,
      "max": 93.45215460932,
      "times": [
        91.89464961931999,
        93.45215460932,
        90.55718604831999,
        90.51924352932,
        91.53524400732,
        91.95480796932,
        90.38190639732,
        90.82160884932,
        91.83556251332,
        92.92489042832
      ],
      "exit_codes": [
        0,
        0,
        0,
        0,
        0,
        0,
        0,
        0,
        0,
        0
      ]
    }
  ]
}
