{
  "results": [
    {
      "command": "cargo build --jobs 8 --release --example breakout",
      "mean": 133.06263931974,
      "stddev": 0.27324399878943795,
      "median": 133.03634605733998,
      "user": 1018.2860610200001,
      "system": 25.17015726,
      "min": 132.64388985934,
      "max": 133.63235666833998,
      "times": [
        132.64388985934,
        133.04342712134,
        132.77254887933998,
        132.92522787334,
        133.63235666833998,
        133.00331432433998,
        133.02926499333998,
        133.28727152533997,
        133.15221966133998,
        133.13687229133998
      ],
      "exit_codes": [
        0,
        0,
        0,
        0,
        0,
        0,
        0,
        0,
        0,
        0
      ]
    }
  ]
}
