{
  "results": [
    {
      "command": "cargo build --jobs 16 --release --example breakout",
      "mean": 77.80679470812001,
      "stddev": 0.14852946066988165,
      "median": 77.80265700402,
      "user": 1151.30977166,
      "system": 29.821403859999997,
      "min": 77.64593129352001,
      "max": 78.17125169652,
      "times": [
        77.82134650652,
        77.79238487552,
        77.64593129352001,
        78.17125169652,
        77.80750764552,
        77.79780636252,
        77.69381242052,
        77.65210040752001,
        77.83846206852,
        77.84734380452001
      ],
      "exit_codes": [
        0,
        0,
        0,
        0,
        0,
        0,
        0,
        0,
        0,
        0
      ]
    }
  ]
}
