{
  "results": [
    {
      "command": "cargo build --jobs 16 --release --example breakout",
      "mean": 83.80742756484,
      "stddev": 2.502815491115446,
      "median": 83.12789001954,
      "user": 1210.136454,
      "system": 31.260563299999994,
      "min": 81.74470994904,
      "max": 90.47294846604001,
      "times": [
        83.10179200204,
        83.67225005704,
        83.16160761004001,
        82.86388934504001,
        82.40426247204,
        82.43285268504,
        85.06597502504,
        90.47294846604001,
        83.15398803704001,
        81.74470994904
      ],
      "exit_codes": [
        0,
        0,
        0,
        0,
        0,
        0,
        0,
        0,
        0,
        0
      ]
    }
  ]
}
