{
  "results": [
    {
      "command": "cargo build --jobs 8 --release --example breakout",
      "mean": 126.14931061908001,
      "stddev": 0.20519534062704678,
      "median": 126.20045697108,
      "user": 964.86363566,
      "system": 25.156643499999994,
      "min": 125.68589592458,
      "max": 126.36985088758,
      "times": [
        125.95840339258,
        126.04644828558,
        126.18464497357999,
        126.33882935558,
        126.20258068558,
        125.68589592458,
        126.20835851458,
        126.19833325658,
        126.29976091457999,
        126.36985088758
      ],
      "exit_codes": [
        0,
        0,
        0,
        0,
        0,
        0,
        0,
        0,
        0,
        0
      ]
    }
  ]
}
