{
  "results": [
    {
      "command": "cargo build --jobs 8 --release --example breakout",
      "mean": 116.81919159911999,
      "stddev": 0.21505231471678854,
      "median": 116.86370823862,
      "user": 898.65203074,
      "system": 23.99949792,
      "min": 116.52497248612,
      "max": 117.15519508912,
      "times": [
        116.60895870212,
        116.64670877512,
        116.93146325812,
        116.52497248612,
        117.15519508912,
        116.58999310012,
        116.99983138812,
        116.91695926812,
        117.00737671512,
        116.81045720912
      ],
      "exit_codes": [
        0,
        0,
        0,
        0,
        0,
        0,
        0,
        0,
        0,
        0
      ]
    }
  ]
}
