{
  "results": [
    {
      "command": "cargo build --jobs 16 --release --example breakout",
      "mean": 75.37994578670002,
      "stddev": 0.3266391683415591,
      "median": 75.462956655,
      "user": 1139.2594494000002,
      "system": 30.3861337,
      "min": 74.647854604,
      "max": 75.724690756,
      "times": [
        75.560318666,
        75.661571154,
        75.724690756,
        75.42182968300001,
        75.49677443300001,
        75.48798729900001,
        74.647854604,
        74.97605674600001,
        75.384448515,
        75.437926011
      ],
      "exit_codes": [
        0,
        0,
        0,
        0,
        0,
        0,
        0,
        0,
        0,
        0
      ]
    }
  ]
}
