{
  "results": [
    {
      "command": "cargo build --jobs 16 --release --example breakout",
      "mean": 76.14578696582001,
      "stddev": 0.3163949153878049,
      "median": 76.11579196082,
      "user": 1142.2174660800001,
      "system": 29.25558958,
      "min": 75.65381985082,
      "max": 76.55075767682,
      "times": [
        75.65381985082,
        76.55075767682,
        75.98076205282,
        76.46247609682,
        76.54692879682,
        75.76619072382,
        76.30293099582,
        76.14946837382,
        75.96241954282,
        76.08211554782001
      ],
      "exit_codes": [
        0,
        0,
        0,
        0,
        0,
        0,
        0,
        0,
        0,
        0
      ]
    }
  ]
}
