{
  "results": [
    {
      "command": "cargo build --jobs 8 --release --example breakout",
      "mean": 121.84304650776001,
      "stddev": 0.35095383094837973,
      "median": 121.82914288126,
      "user": 936.1101073200001,
      "system": 24.466174759999998,
      "min": 121.42102585276001,
      "max": 122.27998673576,
      "times": [
        122.27998673576,
        122.26974314076,
        122.06824867176,
        121.42102585276001,
        121.81922339076,
        121.44120483776001,
        121.50575481876001,
        121.55704584976,
        122.22916940776001,
        121.83906237176001
      ],
      "exit_codes": [
        0,
        0,
        0,
        0,
        0,
        0,
        0,
        0,
        0,
        0
      ]
    }
  ]
}
