{
  "results": [
    {
      "command": "cargo build --jobs 16 --release --example breakout",
      "mean": 78.59936592246001,
      "stddev": 0.15310991088952142,
      "median": 78.58620944556,
      "user": 1182.08173218,
      "system": 30.04670888,
      "min": 78.41150993456,
      "max": 78.96820939656,
      "times": [
        78.41150993456,
        78.60887445756,
        78.56560080656,
        78.64671926356,
        78.49874524156,
        78.49785559856,
        78.50621279456,
        78.60681808456,
        78.68311364656,
        78.96820939656
      ],
      "exit_codes": [
        0,
        0,
        0,
        0,
        0,
        0,
        0,
        0,
        0,
        0
      ]
    }
  ]
}
