{
  "results": [
    {
      "command": "cargo build --jobs 8 --release --example breakout",
      "mean": 122.33776303346,
      "stddev": 0.14518653595484102,
      "median": 122.34424677976,
      "user": 922.4933544600001,
      "system": 24.800554639999998,
      "min": 122.07900732126001,
      "max": 122.61816435126,
      "times": [
        122.32231220826,
        122.61816435126,
        122.17487044526001,
        122.42470157126,
        122.39333387126001,
        122.36618135126001,
        122.29869922226001,
        122.30505982526,
        122.07900732126001,
        122.39530016726
      ],
      "exit_codes": [
        0,
        0,
        0,
        0,
        0,
        0,
        0,
        0,
        0,
        0
      ]
    }
  ]
}
