{
  "results": [
    {
      "command": "cargo build --jobs 16 --release --example breakout",
      "mean": 80.45133886200001,
      "stddev": 0.25683615201646015,
      "median": 80.5092711481,
      "user": 1161.8258133200002,
      "system": 30.2770509,
      "min": 79.94768564110001,
      "max": 80.71178177110001,
      "times": [
        80.6675013051,
        80.5375289991,
        80.43879752010001,
        80.5836829621,
        80.4810132971,
        80.0894956301,
        80.71178177110001,
        80.3594141651,
        80.69648732910001,
        79.94768564110001
      ],
      "exit_codes": [
        0,
        0,
        0,
        0,
        0,
        0,
        0,
        0,
        0,
        0
      ]
    }
  ]
}
