{
  "results": [
    {
      "command": "cargo build --jobs 16 --release --example breakout",
      "mean": 78.37868564914001,
      "stddev": 0.3588250429170354,
      "median": 78.33114232764001,
      "user": 1180.5424692,
      "system": 30.036605599999994,
      "min": 77.70473336264,
      "max": 78.90412868064,
      "times": [
        78.23382279064,
        78.32135150064,
        77.70473336264,
        78.34093315464,
        78.28909094964,
        78.90412868064,
        78.01364811664,
        78.57572533864001,
        78.78538789564,
        78.61803470164
      ],
      "exit_codes": [
        0,
        0,
        0,
        0,
        0,
        0,
        0,
        0,
        0,
        0
      ]
    }
  ]
}
