{
  "results": [
    {
      "command": "cargo build --jobs 16 --release --example breakout",
      "mean": 92.44053863186,
      "stddev": 0.9643674215272399,
      "median": 92.36542404155999,
      "user": 1284.48128534,
      "system": 31.260574339999998,
      "min": 91.06721076906,
      "max": 94.63885624906,
      "times": [
        92.27024070806,
        92.44633789305999,
        91.58870845106,
        92.73845486405999,
        94.63885624906,
        92.28451019005999,
        92.76172863005999,
        91.73740464106,
        91.06721076906,
        92.87193392306
      ],
      "exit_codes": [
        0,
        0,
        0,
        0,
        0,
        0,
        0,
        0,
        0,
        0
      ]
    }
  ]
}
