{
  "results": [
    {
      "command": "cargo build --jobs 8 --release --example breakout",
      "mean": 134.14898892486,
      "stddev": 0.18206072949629135,
      "median": 134.06910193426,
      "user": 1025.3681421600002,
      "system": 25.065398679999994,
      "min": 134.02377683926,
      "max": 134.61654868026,
      "times": [
        134.05851562226,
        134.17814890626,
        134.02377683926,
        134.61654868026,
        134.07403311326,
        134.04565636025998,
        134.06417075526,
        134.12424773226,
        134.27662044925998,
        134.02817079026
      ],
      "exit_codes": [
        0,
        0,
        0,
        0,
        0,
        0,
        0,
        0,
        0,
        0
      ]
    }
  ]
}
