{
  "results": [
    {
      "command": "cargo build --jobs 16 --release --example breakout",
      "mean": 77.94431447194,
      "stddev": 0.3233545148681767,
      "median": 78.01079415434,
      "user": 1143.45023222,
      "system": 30.19921046,
      "min": 77.26219712684001,
      "max": 78.32434804184001,
      "times": [
        77.88798921784,
        78.20614899384,
        77.62677251284,
        78.18766859784,
        78.12598568684001,
        77.26219712684001,
        77.78511779984001,
        78.14131411984,
        78.32434804184001,
        77.89560262184001
      ],
      "exit_codes": [
        0,
        0,
        0,
        0,
        0,
        0,
        0,
        0,
        0,
        0
      ]
    }
  ]
}
