{
  "results": [
    {
      "command": "cargo build --jobs 8 --release --example breakout",
      "mean": 120.03558065912003,
      "stddev": 0.13585519380010644,
      "median": 120.08608403272001,
      "user": 908.14554982,
      "system": 24.76451808,
      "min": 119.81788586072,
      "max": 120.23265572272,
      "times": [
        120.12924369972,
        120.08993416072,
        120.08223390472,
        120.23265572272,
        119.86754340672,
        119.93839165572001,
        120.10847413272,
        119.93791917872001,
        119.81788586072,
        120.15152486872
      ],
      "exit_codes": [
        0,
        0,
        0,
        0,
        0,
        0,
        0,
        0,
        0,
        0
      ]
    }
  ]
}
