{
  "results": [
    {
      "command": "cargo build --jobs 8 --release --example breakout",
      "mean": 134.08026913001999,
      "stddev": 0.11727098860800116,
      "median": 134.08365171312002,
      "user": 1021.67265638,
      "system": 25.013423279999994,
      "min": 133.89115493712,
      "max": 134.24272808812,
      "times": [
        133.89826743812,
        134.06257382812,
        134.23359595612,
        134.06403766012002,
        134.08107736812002,
        134.09953343312,
        133.89115493712,
        134.08622605812002,
        134.14349653312001,
        134.24272808812
      ],
      "exit_codes": [
        0,
        0,
        0,
        0,
        0,
        0,
        0,
        0,
        0,
        0
      ]
    }
  ]
}
