{
  "results": [
    {
      "command": "cargo build --jobs 16 --release --example breakout",
      "mean": 92.16256838929999,
      "stddev": 1.255677560798996,
      "median": 91.8377357346,
      "user": 1280.1142418600002,
      "system": 31.316152639999995,
      "min": 90.3221178881,
      "max": 94.1063783911,
      "times": [
        93.7340580241,
        91.3502475131,
        91.2726510441,
        91.1000215861,
        92.6981043071,
        93.3666336701,
        90.3221178881,
        91.7218220501,
        91.9536494191,
        94.1063783911
      ],
      "exit_codes": [
        0,
        0,
        0,
        0,
        0,
        0,
        0,
        0,
        0,
        0
      ]
    }
  ]
}
