{
  "results": [
    {
      "command": "cargo build --jobs 16 --release --example breakout",
      "mean": 76.07792681421999,
      "stddev": 0.408041192744522,
      "median": 76.08739040292001,
      "user": 1142.26232118,
      "system": 29.390437019999997,
      "min": 75.45519840342,
      "max": 76.69778029542,
      "times": [
        76.28624561842,
        76.69778029542,
        75.45519840342,
        76.58102045342001,
        75.45684878042,
        76.18710567542,
        76.09664876842001,
        76.03620024742,
        76.07813203742,
        75.90408786242
      ],
      "exit_codes": [
        0,
        0,
        0,
        0,
        0,
        0,
        0,
        0,
        0,
        0
      ]
    }
  ]
}
