{
  "results": [
    {
      "command": "cargo build --jobs 8 --release --example breakout",
      "mean": 121.57703667694,
      "stddev": 0.17010684338022972,
      "median": 121.63819930224,
      "user": 920.5347897599999,
      "system": 24.989556000000004,
      "min": 121.19869743224,
      "max": 121.74737013424,
      "times": [
        121.66091584624,
        121.73759737524,
        121.62128084224,
        121.41261119824,
        121.65316780924,
        121.19869743224,
        121.74737013424,
        121.46232752723999,
        121.63443341323999,
        121.64196519123999
      ],
      "exit_codes": [
        0,
        0,
        0,
        0,
        0,
        0,
        0,
        0,
        0,
        0
      ]
    }
  ]
}
