{
  "results": [
    {
      "command": "cargo build --jobs 16 --release --example breakout",
      "mean": 80.54543339536,
      "stddev": 0.42992305180021273,
      "median": 80.42865517636,
      "user": 1156.4988229999997,
      "system": 30.4000608,
      "min": 80.12928990185999,
      "max": 81.69831930886,
      "times": [
        80.42542642186,
        80.40271261086,
        80.43188393086,
        80.55724281386,
        80.30851394285999,
        80.64081796986,
        80.53381766086,
        80.32630939186,
        80.12928990185999,
        81.69831930886
      ],
      "exit_codes": [
        0,
        0,
        0,
        0,
        0,
        0,
        0,
        0,
        0,
        0
      ]
    }
  ]
}
