{
  "results": [
    {
      "command": "cargo build --jobs 8 --release --example breakout",
      "mean": 117.19522758937997,
      "stddev": 0.26142040842728265,
      "median": 117.26440849017999,
      "user": 903.5303294399998,
      "system": 23.686125580000002,
      "min": 116.81826883868,
      "max": 117.60957218968,
      "times": [
        117.12570475668,
        117.31611096868,
        117.32201350068,
        117.44984614068,
        116.83563630767999,
        116.94630621067999,
        117.60957218968,
        116.81826883868,
        117.27130398167999,
        117.25751299868
      ],
      "exit_codes": [
        0,
        0,
        0,
        0,
        0,
        0,
        0,
        0,
        0,
        0
      ]
    }
  ]
}
