{
  "results": [
    {
      "command": "cargo build --jobs 16 --release --example breakout",
      "mean": 75.96360777732,
      "stddev": 0.2577074549084191,
      "median": 75.96072252002,
      "user": 1140.02334822,
      "system": 29.175959359999997,
      "min": 75.40770355952,
      "max": 76.28216121052,
      "times": [
        76.02897256051999,
        75.96282652952,
        75.78508525152,
        75.85931896452,
        75.40770355952,
        75.90684127851999,
        76.28216121052,
        76.18272724252,
        76.26182266552,
        75.95861851052
      ],
      "exit_codes": [
        0,
        0,
        0,
        0,
        0,
        0,
        0,
        0,
        0,
        0
      ]
    }
  ]
}
