{
  "results": [
    {
      "command": "cargo build --jobs 16 --release --example breakout",
      "mean": 79.09622579898,
      "stddev": 0.16918925865150733,
      "median": 79.12297286798,
      "user": 1169.27645928,
      "system": 29.85307034,
      "min": 78.83380268098,
      "max": 79.28729769198,
      "times": [
        79.19066498497999,
        79.26430878098,
        78.83380268098,
        79.28729769198,
        79.08455949898,
        79.26513892598,
        78.93017272297999,
        79.15279287998,
        78.86036696698,
        79.09315285598
      ],
      "exit_codes": [
        0,
        0,
        0,
        0,
        0,
        0,
        0,
        0,
        0,
        0
      ]
    }
  ]
}
