{
  "results": [
    {
      "command": "cargo build --jobs 8 --release --example breakout",
      "mean": 143.04423648457998,
      "stddev": 0.7648299674152632,
      "median": 142.76776662778,
      "user": 1094.01694318,
      "system": 27.3787455,
      "min": 142.55372431478,
      "max": 145.11439786577998,
      "times": [
        142.63990004777997,
        143.02566504677998,
        142.86996844377998,
        145.11439786577998,
        143.36408200078,
        142.55372431478,
        142.83115150877998,
        142.65691254877999,
        142.68218132177998,
        142.70438174678
      ],
      "exit_codes": [
        0,
        0,
        0,
        0,
        0,
        0,
        0,
        0,
        0,
        0
      ]
    }
  ]
}
