{
  "results": [
    {
      "command": "cargo build --jobs 16 --release --example breakout",
      "mean": 76.96994736376,
      "stddev": 0.33443502662657915,
      "median": 77.00198979766,
      "user": 1167.2514074800001,
      "system": 29.84288016,
      "min": 76.42651923516,
      "max": 77.45215076216,
      "times": [
        76.54828895116,
        77.02697555916,
        76.97700403616,
        76.71673620716,
        77.45215076216,
        77.28688487216,
        76.89994144016,
        76.42651923516,
        77.32010408216,
        77.04486849216
      ],
      "exit_codes": [
        0,
        0,
        0,
        0,
        0,
        0,
        0,
        0,
        0,
        0
      ]
    }
  ]
}
