{
  "results": [
    {
      "command": "cargo build --jobs 16 --release --example breakout",
      "mean": 78.13431444838002,
      "stddev": 0.2163992660197391,
      "median": 78.12351304918,
      "user": 1178.1604373399998,
      "system": 30.01335648,
      "min": 77.76750640268,
      "max": 78.41953413468,
      "times": [
        78.40047334568,
        77.99452113168,
        78.38167746468001,
        77.93647627668001,
        78.02080284068,
        78.17512678868,
        78.41953413468,
        78.12918590068,
        78.11784019768001,
        77.76750640268
      ],
      "exit_codes": [
        0,
        0,
        0,
        0,
        0,
        0,
        0,
        0,
        0,
        0
      ]
    }
  ]
}
