{
  "results": [
    {
      "command": "cargo build --jobs 8 --release --example breakout",
      "mean": 122.33632216458003,
      "stddev": 0.279469316614435,
      "median": 122.37827978157999,
      "user": 936.4423129,
      "system": 24.4331503,
      "min": 121.75593668457999,
      "max": 122.68907182158,
      "times": [
        122.39654922657999,
        122.58637590858,
        122.27706837958,
        122.41569097358,
        122.36001033657999,
        122.29552779858,
        122.01083815658,
        122.68907182158,
        122.57615235957999,
        121.75593668457999
      ],
      "exit_codes": [
        0,
        0,
        0,
        0,
        0,
        0,
        0,
        0,
        0,
        0
      ]
    }
  ]
}
