{
  "results": [
    {
      "command": "cargo build --jobs 8 --release --example breakout",
      "mean": 107.71520985004,
      "stddev": 0.6515772960785128,
      "median": 107.72892649913999,
      "user": 811.15308342,
      "system": 21.91739152,
      "min": 107.00777287214,
      "max": 108.42275277214,
      "times": [
        108.39355814114,
        108.42275277214,
        107.05415617314,
        108.32020659113999,
        107.00777287214,
        107.13370340514,
        108.22390498514,
        107.07861282713999,
        107.23394801314,
        108.28348272014
      ],
      "exit_codes": [
        0,
        0,
        0,
        0,
        0,
        0,
        0,
        0,
        0,
        0
      ]
    }
  ]
}
