{
  "results": [
    {
      "command": "cargo build --jobs 8 --release --example breakout",
      "mean": 109.88300899935999,
      "stddev": 0.06890403630647852,
      "median": 109.87455698686,
      "user": 827.32360622,
      "system": 22.162508479999996,
      "min": 109.81020160336,
      "max": 110.02163023236,
      "times": [
        110.02163023236,
        109.81020160336,
        109.81547314536,
        109.82622018036,
        109.83226276936,
        109.95750441535999,
        109.90609339536,
        109.89467753036,
        109.85443644336,
        109.91159027836
      ],
      "exit_codes": [
        0,
        0,
        0,
        0,
        0,
        0,
        0,
        0,
        0,
        0
      ]
    }
  ]
}
