{
  "results": [
    {
      "command": "cargo build --jobs 16 --release --example breakout",
      "mean": 72.64396735956,
      "stddev": 0.7487274777919957,
      "median": 72.80871637666,
      "user": 1034.6007209599998,
      "system": 27.718273399999998,
      "min": 71.65694216366,
      "max": 73.72385067265999,
      "times": [
        73.23436418266,
        73.72385067265999,
        72.09880183366,
        73.26656913166,
        72.66900802566,
        73.22980246566,
        71.65694216366,
        72.94842472766,
        71.68244583766,
        71.92946455466
      ],
      "exit_codes": [
        0,
        0,
        0,
        0,
        0,
        0,
        0,
        0,
        0,
        0
      ]
    }
  ]
}
