{
  "results": [
    {
      "command": "cargo build --jobs 8 --release --example breakout",
      "mean": 117.43993239626002,
      "stddev": 0.11898083513528994,
      "median": 117.42276242726001,
      "user": 904.80939946,
      "system": 24.82201092,
      "min": 117.30734303126,
      "max": 117.67333091926001,
      "times": [
        117.30734303126,
        117.34626972526,
        117.33019941726,
        117.59862150026001,
        117.42250094126001,
        117.46616873126001,
        117.47478370926001,
        117.67333091926001,
        117.42302391326001,
        117.35708207426
      ],
      "exit_codes": [
        0,
        0,
        0,
        0,
        0,
        0,
        0,
        0,
        0,
        0
      ]
    }
  ]
}
