{
  "results": [
    {
      "command": "cargo build --jobs 16 --release --example breakout",
      "mean": 75.96756083977999,
      "stddev": 0.14469260055459315,
      "median": 75.96195143098001,
      "user": 1141.0921263599998,
      "system": 29.200851120000003,
      "min": 75.76696622448,
      "max": 76.19040498848,
      "times": [
        76.10021269548,
        75.89052511647999,
        76.19040498848,
        75.78916819148,
        76.10453393348,
        75.85045788248,
        75.76696622448,
        75.92884501448,
        76.05943650348,
        75.99505784748
      ],
      "exit_codes": [
        0,
        0,
        0,
        0,
        0,
        0,
        0,
        0,
        0,
        0
      ]
    }
  ]
}
