{
  "results": [
    {
      "command": "cargo build --jobs 16 --release --example breakout",
      "mean": 93.19094306386,
      "stddev": 5.531305097729717,
      "median": 91.45580141696001,
      "user": 1272.5740883400001,
      "system": 31.31948528,
      "min": 90.45006177396,
      "max": 108.70744006596,
      "times": [
        91.26429636196,
        90.74344332596,
        93.19993541796,
        91.64730647196001,
        108.70744006596,
        90.54678044996,
        90.69650400496,
        92.70866765896,
        91.94499510696001,
        90.45006177396
      ],
      "exit_codes": [
        0,
        0,
        0,
        0,
        0,
        0,
        0,
        0,
        0,
        0
      ]
    }
  ]
}
