{
  "results": [
    {
      "command": "cargo build --jobs 8 --release --example breakout",
      "mean": 133.03939381081997,
      "stddev": 0.12127550550842367,
      "median": 133.06971181341999,
      "user": 1017.7998152799998,
      "system": 25.114905,
      "min": 132.76370562992,
      "max": 133.18077257392,
      "times": [
        132.95298058192,
        133.05168020591998,
        132.76370562992,
        133.18077257392,
        133.05418701591998,
        133.08523661092,
        133.08754784991999,
        133.13062950591998,
        132.95482668492,
        133.13237144892
      ],
      "exit_codes": [
        0,
        0,
        0,
        0,
        0,
        0,
        0,
        0,
        0,
        0
      ]
    }
  ]
}
