{
  "results": [
    {
      "command": "cargo build --jobs 8 --release --example breakout",
      "mean": 113.18519068442001,
      "stddev": 0.3433839319249682,
      "median": 113.02486471872001,
      "user": 855.29520758,
      "system": 22.735518879999994,
      "min": 112.90161507672,
      "max": 114.00150675172,
      "times": [
        113.01680073872001,
        113.09452966272,
        113.03292869872,
        112.90161507672,
        112.97683729672,
        114.00150675172,
        113.01258321772,
        113.30113485672,
        113.53779741572001,
        112.97617312872
      ],
      "exit_codes": [
        0,
        0,
        0,
        0,
        0,
        0,
        0,
        0,
        0,
        0
      ]
    }
  ]
}
