{
  "results": [
    {
      "command": "cargo build --jobs 16 --release --example breakout",
      "mean": 80.57826776054,
      "stddev": 0.2252896291334077,
      "median": 80.59613663204,
      "user": 1161.86840692,
      "system": 30.18975512,
      "min": 80.02504298304,
      "max": 80.83863912204001,
      "times": [
        80.53619015604,
        80.63480570904,
        80.02504298304,
        80.65307134904,
        80.83863912204001,
        80.81895095904,
        80.53267418804,
        80.51703584404,
        80.55746755504,
        80.66879974004
      ],
      "exit_codes": [
        0,
        0,
        0,
        0,
        0,
        0,
        0,
        0,
        0,
        0
      ]
    }
  ]
}
