{
  "results": [
    {
      "command": "cargo build --jobs 8 --release --example breakout",
      "mean": 122.2158494874,
      "stddev": 0.2619358388515616,
      "median": 122.3126437571,
      "user": 922.2109217199999,
      "system": 24.8153731,
      "min": 121.5397542391,
      "max": 122.47696921010001,
      "times": [
        122.1004248751,
        122.3786461021,
        122.2971743221,
        122.3281131921,
        122.47696921010001,
        122.3488992271,
        122.1825417471,
        122.17685177310001,
        121.5397542391,
        122.3291201861
      ],
      "exit_codes": [
        0,
        0,
        0,
        0,
        0,
        0,
        0,
        0,
        0,
        0
      ]
    }
  ]
}
