{
  "results": [
    {
      "command": "cargo build --jobs 8 --release --example breakout",
      "mean": 117.33041573744,
      "stddev": 0.16830763470958462,
      "median": 117.24976344633998,
      "user": 904.1677445199999,
      "system": 24.85119628,
      "min": 117.12834711884,
      "max": 117.57779065084,
      "times": [
        117.52786072283999,
        117.57779065084,
        117.24855796883999,
        117.42956728384,
        117.23468688684,
        117.12834711884,
        117.53227364984,
        117.18088284084,
        117.19322132783999,
        117.25096892383999
      ],
      "exit_codes": [
        0,
        0,
        0,
        0,
        0,
        0,
        0,
        0,
        0,
        0
      ]
    }
  ]
}
