{
  "results": [
    {
      "command": "cargo build --jobs 8 --release --example breakout",
      "mean": 108.05206370622,
      "stddev": 0.4870857210812261,
      "median": 107.90614968232,
      "user": 818.1847399999999,
      "system": 21.917350579999997,
      "min": 107.58181014682,
      "max": 108.92610304682,
      "times": [
        107.80932448282,
        107.64510736782,
        108.00297488182,
        108.54805002982,
        107.67043288082,
        108.92610304682,
        107.58181014682,
        108.03724057282,
        107.64369602482,
        108.65589762782
      ],
      "exit_codes": [
        0,
        0,
        0,
        0,
        0,
        0,
        0,
        0,
        0,
        0
      ]
    }
  ]
}
