{
  "results": [
    {
      "command": "cargo build --jobs 16 --release --example breakout",
      "mean": 71.70376308704002,
      "stddev": 0.930526363321827,
      "median": 71.70998446624,
      "user": 1024.4087816,
      "system": 27.532996760000003,
      "min": 70.35942769024001,
      "max": 73.20964213824,
      "times": [
        72.54165671924001,
        71.78533284424,
        72.49419364524,
        72.09321416424001,
        70.65459507024,
        70.35942769024001,
        71.61957007224001,
        73.20964213824,
        70.64536243824,
        71.63463608824
      ],
      "exit_codes": [
        0,
        0,
        0,
        0,
        0,
        0,
        0,
        0,
        0,
        0
      ]
    }
  ]
}
