{
  "results": [
    {
      "command": "cargo build --jobs 16 --release --example breakout",
      "mean": 84.37110545668,
      "stddev": 1.4810415353279713,
      "median": 83.99590523298,
      "user": 1210.99643588,
      "system": 31.59495738,
      "min": 82.51007358598,
      "max": 86.40926016098,
      "times": [
        82.51007358598,
        82.92287923698,
        84.03197578798,
        83.33367760398,
        82.96960096897999,
        86.07177325698,
        86.40926016098,
        85.72427645098,
        83.95983467798,
        85.77770283598
      ],
      "exit_codes": [
        0,
        0,
        0,
        0,
        0,
        0,
        0,
        0,
        0,
        0
      ]
    }
  ]
}
