{
  "results": [
    {
      "command": "cargo build --jobs 8 --release --example breakout",
      "mean": 126.22921482612,
      "stddev": 0.31087302679538475,
      "median": 126.16572120972,
      "user": 965.1426498199999,
      "system": 25.46173794,
      "min": 125.72062577472,
      "max": 126.75583561772001,
      "times": [
        126.06460820372,
        126.75583561772001,
        126.22832642172,
        126.06196289472,
        126.37790815672,
        126.05966938072001,
        125.72062577472,
        126.11167604172,
        126.21976637772,
        126.69176939172
      ],
      "exit_codes": [
        0,
        0,
        0,
        0,
        0,
        0,
        0,
        0,
        0,
        0
      ]
    }
  ]
}
