{
  "results": [
    {
      "command": "cargo build --jobs 8 --release --example breakout",
      "mean": 138.45718897078,
      "stddev": 0.39282587952396836,
      "median": 138.50700832437997,
      "user": 1052.09030022,
      "system": 26.514454539999996,
      "min": 137.90140605437998,
      "max": 139.22802298338,
      "times": [
        138.10117851938,
        138.74674084838,
        138.05719081638,
        138.56572447038,
        138.55795286437998,
        139.22802298338,
        138.69360517637998,
        138.45606378437998,
        138.26400419037998,
        137.90140605437998
      ],
      "exit_codes": [
        0,
        0,
        0,
        0,
        0,
        0,
        0,
        0,
        0,
        0
      ]
    }
  ]
}
