{
  "results": [
    {
      "command": "cargo build --jobs 8 --release --example breakout",
      "mean": 120.99230067354002,
      "stddev": 0.17551540720963715,
      "median": 121.01327025774,
      "user": 912.8432010400002,
      "system": 24.265461179999996,
      "min": 120.75770747724,
      "max": 121.35481669824,
      "times": [
        121.09286108324001,
        120.89282678724,
        121.03609796224,
        121.07445578124,
        120.75770747724,
        121.35481669824,
        120.99044255324,
        120.78208525924,
        121.06307993924,
        120.87863319424001
      ],
      "exit_codes": [
        0,
        0,
        0,
        0,
        0,
        0,
        0,
        0,
        0,
        0
      ]
    }
  ]
}
