{
  "results": [
    {
      "command": "cargo build --jobs 8 --release --example breakout",
      "mean": 120.45208409527997,
      "stddev": 0.2269393274615934,
      "median": 120.37962794608,
      "user": 911.0954024999999,
      "system": 23.987992339999998,
      "min": 120.24823414858,
      "max": 120.99721722458,
      "times": [
        120.64102237858,
        120.47750066358,
        120.28995391258,
        120.40600609958,
        120.29226392758,
        120.30575548558,
        120.35324979258,
        120.24823414858,
        120.99721722458,
        120.50963731958
      ],
      "exit_codes": [
        0,
        0,
        0,
        0,
        0,
        0,
        0,
        0,
        0,
        0
      ]
    }
  ]
}
