{
  "results": [
    {
      "command": "cargo build --jobs 16 --release --example breakout",
      "mean": 89.73532750048,
      "stddev": 1.3003828955139436,
      "median": 89.38788779448001,
      "user": 1272.3597771999998,
      "system": 30.835571839999993,
      "min": 88.31970013648,
      "max": 91.62216005448,
      "times": [
        91.62216005448,
        88.67188756748,
        88.42954120348,
        90.02106384648,
        90.82827223748001,
        91.15583801648,
        88.31970013648,
        88.75471174248,
        90.90643292448,
        88.64366727548
      ],
      "exit_codes": [
        0,
        0,
        0,
        0,
        0,
        0,
        0,
        0,
        0,
        0
      ]
    }
  ]
}
