{
  "results": [
    {
      "command": "cargo build --jobs 8 --release --example breakout",
      "mean": 120.4886187587,
      "stddev": 0.11505274214098134,
      "median": 120.51173497190001,
      "user": 904.10025744,
      "system": 23.70826374,
      "min": 120.27148289040001,
      "max": 120.6631820404,
      "times": [
        120.5432978874,
        120.40377670740001,
        120.4623307634,
        120.36859606440001,
        120.27148289040001,
        120.6631820404,
        120.57021654040001,
        120.5798347494,
        120.5021925284,
        120.52127741540001
      ],
      "exit_codes": [
        0,
        0,
        0,
        0,
        0,
        0,
        0,
        0,
        0,
        0
      ]
    }
  ]
}
