{
  "results": [
    {
      "command": "cargo build --jobs 8 --release --example breakout",
      "mean": 116.77107694796,
      "stddev": 0.24707685283651554,
      "median": 116.77349749556001,
      "user": 897.8513251600001,
      "system": 24.00135006,
      "min": 116.34242773406001,
      "max": 117.15400290806001,
      "times": [
        116.34242773406001,
        116.98936201506001,
        117.15400290806001,
        116.95389539706001,
        116.57140625506001,
        116.51221501206001,
        116.72242420306,
        116.92280018206,
        116.71766498506001,
        116.82457078806
      ],
      "exit_codes": [
        0,
        0,
        0,
        0,
        0,
        0,
        0,
        0,
        0,
        0
      ]
    }
  ]
}
