{
  "results": [
    {
      "command": "cargo build --jobs 16 --release --example breakout",
      "mean": 72.39489206824001,
      "stddev": 0.5984632159037238,
      "median": 72.36152628984001,
      "user": 1027.6513061399999,
      "system": 27.502127759999997,
      "min": 71.41983125734001,
      "max": 73.50806750134001,
      "times": [
        71.97038629534,
        72.30202597034001,
        71.87408142134001,
        72.90612703334001,
        71.41983125734001,
        73.50806750134001,
        72.18813909234001,
        72.91039842434,
        72.44883707734,
        72.42102660934
      ],
      "exit_codes": [
        0,
        0,
        0,
        0,
        0,
        0,
        0,
        0,
        0,
        0
      ]
    }
  ]
}
