{
  "results": [
    {
      "command": "cargo build --jobs 8 --release --example breakout",
      "mean": 108.83147513782001,
      "stddev": 0.19039068924244126,
      "median": 108.86520895082,
      "user": 819.8689344800001,
      "system": 21.8338969,
      "min": 108.57673652332001,
      "max": 109.02832202232,
      "times": [
        108.70067388632,
        109.01391033832,
        108.63971592232001,
        109.01189087032,
        108.58857712432,
        108.57673652332001,
        109.02450678932,
        108.91183226332001,
        109.02832202232,
        108.81858563832
      ],
      "exit_codes": [
        0,
        0,
        0,
        0,
        0,
        0,
        0,
        0,
        0,
        0
      ]
    }
  ]
}
