{
  "results": [
    {
      "command": "cargo build --jobs 16 --release --example breakout",
      "mean": 76.02553606766,
      "stddev": 0.38943672388968253,
      "median": 76.17113826106001,
      "user": 1142.1653316799998,
      "system": 29.364228999999995,
      "min": 75.20245322156,
      "max": 76.38739536656,
      "times": [
        76.15511581256,
        75.20245322156,
        76.35421625656001,
        76.18716070956,
        76.38739536656,
        76.35538614656001,
        75.97740046756,
        76.21190126656,
        75.89013337656,
        75.53419805256
      ],
      "exit_codes": [
        0,
        0,
        0,
        0,
        0,
        0,
        0,
        0,
        0,
        0
      ]
    }
  ]
}
