{
  "results": [
    {
      "command": "cargo build --jobs 8 --release --example breakout",
      "mean": 117.31136724699999,
      "stddev": 0.2760719124217016,
      "median": 117.27961356579999,
      "user": 904.0936313600001,
      "system": 23.754055,
      "min": 116.9279571768,
      "max": 117.8554176128,
      "times": [
        117.2715049678,
        117.6029019548,
        117.4588889048,
        116.9279571768,
        117.8554176128,
        116.9715919448,
        117.3002404008,
        117.2442900718,
        117.2877221638,
        117.1931572718
      ],
      "exit_codes": [
        0,
        0,
        0,
        0,
        0,
        0,
        0,
        0,
        0,
        0
      ]
    }
  ]
}
