{
  "results": [
    {
      "command": "cargo build --jobs 16 --release --example breakout",
      "mean": 88.26694780049999,
      "stddev": 0.378474880176135,
      "median": 88.2924461638,
      "user": 1223.1988161,
      "system": 32.16003334,
      "min": 87.6129471973,
      "max": 88.8206753253,
      "times": [
        88.50763101929999,
        88.6888895963,
        87.6129471973,
        88.21089917329999,
        88.0938145373,
        88.8206753253,
        87.8409841583,
        88.47519717429999,
        88.3739931543,
        88.0444466693
      ],
      "exit_codes": [
        0,
        0,
        0,
        0,
        0,
        0,
        0,
        0,
        0,
        0
      ]
    }
  ]
}
