{
  "results": [
    {
      "command": "cargo build --jobs 8 --release --example breakout",
      "mean": 127.73446426656001,
      "stddev": 0.6030689146634479,
      "median": 127.47150822236,
      "user": 977.9181743000001,
      "system": 25.8889095,
      "min": 127.16160087086,
      "max": 128.76846238785998,
      "times": [
        127.36076106686,
        128.57676958285998,
        127.58225537786,
        128.36712401786,
        127.23571979986,
        127.31705420185999,
        127.31666326886,
        127.16160087086,
        128.76846238785998,
        127.65823209086
      ],
      "exit_codes": [
        0,
        0,
        0,
        0,
        0,
        0,
        0,
        0,
        0,
        0
      ]
    }
  ]
}
