{
  "results": [
    {
      "command": "cargo build --jobs 8 --release --example breakout",
      "mean": 121.60206722474,
      "stddev": 0.29778800017187734,
      "median": 121.52455766084,
      "user": 936.1534511399999,
      "system": 23.980624719999994,
      "min": 121.22779869334,
      "max": 122.14547828334,
      "times": [
        121.95417580534,
        121.32649805834001,
        121.57030685334,
        121.47880846834,
        121.34995162834001,
        121.76539238334,
        121.22779869334,
        121.76901095034,
        122.14547828334,
        121.43325112334
      ],
      "exit_codes": [
        0,
        0,
        0,
        0,
        0,
        0,
        0,
        0,
        0,
        0
      ]
    }
  ]
}
