{
  "results": [
    {
      "command": "cargo build --jobs 8 --release --example breakout",
      "mean": 122.05706196256001,
      "stddev": 0.30774252043408973,
      "median": 122.09145927216,
      "user": 935.4148324799999,
      "system": 24.36426016,
      "min": 121.57722749766,
      "max": 122.51967491966,
      "times": [
        121.77030490866001,
        121.77651918066,
        121.84723285066,
        122.32467794966,
        122.51967491966,
        122.38807088066001,
        122.13312532566,
        122.04979321866,
        121.57722749766,
        122.18399289366
      ],
      "exit_codes": [
        0,
        0,
        0,
        0,
        0,
        0,
        0,
        0,
        0,
        0
      ]
    }
  ]
}
