{
  "results": [
    {
      "command": "cargo build --jobs 16 --release --example breakout",
      "mean": 79.18385281584,
      "stddev": 0.6632810541895459,
      "median": 79.14286220264,
      "user": 1154.0147887399999,
      "system": 30.02585178,
      "min": 78.00466103014,
      "max": 80.12072453314,
      "times": [
        79.76982720514,
        78.00466103014,
        78.86035613614,
        79.21888590814,
        78.66360391314,
        78.81803925114,
        80.09670577614,
        79.16373146814,
        80.12072453314,
        79.12199293713999
      ],
      "exit_codes": [
        0,
        0,
        0,
        0,
        0,
        0,
        0,
        0,
        0,
        0
      ]
    }
  ]
}
