{
  "results": [
    {
      "command": "cargo build --jobs 8 --release --example breakout",
      "mean": 121.2619570544,
      "stddev": 0.12757049359506642,
      "median": 121.2858124533,
      "user": 916.9843146400002,
      "system": 24.52332238,
      "min": 121.08549567029999,
      "max": 121.4746298183,
      "times": [
        121.08549567029999,
        121.3204999873,
        121.2609814033,
        121.1740267793,
        121.1221541943,
        121.3324668213,
        121.3106435033,
        121.4746298183,
        121.1429557013,
        121.3957166653
      ],
      "exit_codes": [
        0,
        0,
        0,
        0,
        0,
        0,
        0,
        0,
        0,
        0
      ]
    }
  ]
}
