{
  "results": [
    {
      "command": "cargo build --jobs 8 --release --example breakout",
      "mean": 143.75754403102002,
      "stddev": 0.3334338292011178,
      "median": 143.68496654932,
      "user": 1095.21330758,
      "system": 27.094642899999997,
      "min": 143.46030380082,
      "max": 144.63535884682,
      "times": [
        143.63047281982,
        143.58516928682,
        143.78584536082,
        143.79371261882,
        144.63535884682,
        143.54559134282,
        143.55520344082,
        143.46030380082,
        143.84432251382,
        143.73946027882
      ],
      "exit_codes": [
        0,
        0,
        0,
        0,
        0,
        0,
        0,
        0,
        0,
        0
      ]
    }
  ]
}
