{
  "results": [
    {
      "command": "cargo build --jobs 8 --release --example breakout",
      "mean": 136.02556165544,
      "stddev": 0.2625718762185477,
      "median": 136.06481624204002,
      "user": 1042.1955872600001,
      "system": 24.40705344,
      "min": 135.56510174004,
      "max": 136.41209176404,
      "times": [
        135.56510174004,
        136.41209176404,
        136.20461535004,
        136.26475046004,
        135.82358984104002,
        135.99532628604,
        136.13430619804,
        135.71608898404,
        136.16087587104002,
        135.97887006004
      ],
      "exit_codes": [
        0,
        0,
        0,
        0,
        0,
        0,
        0,
        0,
        0,
        0
      ]
    }
  ]
}
