{
  "results": [
    {
      "command": "cargo build --jobs 16 --release --example breakout",
      "mean": 93.78570036586,
      "stddev": 0.9494114076440149,
      "median": 94.14865538956,
      "user": 1305.0532125799998,
      "system": 30.569121059999997,
      "min": 91.63162220456,
      "max": 94.54453416756,
      "times": [
        92.54168009056,
        94.21691058256,
        91.63162220456,
        94.04743823856,
        94.49158421656,
        94.08040019656,
        94.34092593456,
        94.23083189156,
        94.54453416756,
        93.73107613556
      ],
      "exit_codes": [
        0,
        0,
        0,
        0,
        0,
        0,
        0,
        0,
        0,
        0
      ]
    }
  ]
}
