{
  "results": [
    {
      "command": "cargo build --jobs 16 --release --example breakout",
      "mean": 90.12924029308,
      "stddev": 0.5511383354640725,
      "median": 90.22158345328,
      "user": 1255.44210398,
      "system": 30.49179572,
      "min": 88.99737101328,
      "max": 90.71526390828001,
      "times": [
        90.32713611728,
        89.48159602228,
        90.64773579228,
        88.99737101328,
        90.71526390828001,
        90.25536054428,
        90.09772891528,
        90.18780636228,
        90.68426284628,
        89.89814140928
      ],
      "exit_codes": [
        0,
        0,
        0,
        0,
        0,
        0,
        0,
        0,
        0,
        0
      ]
    }
  ]
}
