{
  "results": [
    {
      "command": "cargo build --jobs 8 --release --example breakout",
      "mean": 131.3953839641,
      "stddev": 1.5090508572699808,
      "median": 130.91329730500001,
      "user": 1002.7285260799999,
      "system": 24.46532046,
      "min": 130.478579679,
      "max": 135.648425921,
      "times": [
        130.87119645800001,
        130.478579679,
        130.853884697,
        131.160780152,
        131.009342965,
        130.94427129000002,
        131.267349188,
        130.88232332,
        135.648425921,
        130.837685971
      ],
      "exit_codes": [
        0,
        0,
        0,
        0,
        0,
        0,
        0,
        0,
        0,
        0
      ]
    }
  ]
}
