{
  "results": [
    {
      "command": "cargo build --jobs 8 --release --example breakout",
      "mean": 139.55272023476002,
      "stddev": 0.2119988454832395,
      "median": 139.60227834336,
      "user": 1069.94888428,
      "system": 26.418771919999994,
      "min": 139.14326185686,
      "max": 139.82820610486002,
      "times": [
        139.72016601086,
        139.31050518986,
        139.82820610486002,
        139.14326185686,
        139.62988219786,
        139.54834502686,
        139.38920537686,
        139.65586147486002,
        139.72709461986,
        139.57467448886
      ],
      "exit_codes": [
        0,
        0,
        0,
        0,
        0,
        0,
        0,
        0,
        0,
        0
      ]
    }
  ]
}
