{
  "results": [
    {
      "command": "cargo build --jobs 16 --release --example breakout",
      "mean": 95.89224408712,
      "stddev": 0.22859871833409018,
      "median": 95.84206737331999,
      "user": 1339.8150077799999,
      "system": 32.985878819999996,
      "min": 95.55003334782,
      "max": 96.34180151482,
      "times": [
        95.86993284082,
        95.78682165182,
        95.75693237482,
        96.34180151482,
        95.55003334782,
        96.04088517682,
        95.68909215782,
        95.96500692282001,
        96.10773297782,
        95.81420190582
      ],
      "exit_codes": [
        0,
        0,
        0,
        0,
        0,
        0,
        0,
        0,
        0,
        0
      ]
    }
  ]
}
