{
  "results": [
    {
      "command": "cargo build --jobs 16 --release --example breakout",
      "mean": 79.94168949884,
      "stddev": 0.18531384294175973,
      "median": 79.92398751764,
      "user": 1201.6231603399997,
      "system": 30.819848359999998,
      "min": 79.65488681164,
      "max": 80.23507747264,
      "times": [
        80.23507747264,
        79.89041046364,
        79.65488681164,
        79.71359270964,
        79.87610148364,
        79.95756457163999,
        79.98899392564,
        79.87723763264,
        80.01809632264,
        80.20493359464
      ],
      "exit_codes": [
        0,
        0,
        0,
        0,
        0,
        0,
        0,
        0,
        0,
        0
      ]
    }
  ]
}
