{
  "results": [
    {
      "command": "cargo build --jobs 8 --release --example breakout",
      "mean": 123.77433108588002,
      "stddev": 0.1030403653002305,
      "median": 123.78753687558,
      "user": 950.2715275,
      "system": 25.1394485,
      "min": 123.59690771508001,
      "max": 123.93279457708,
      "times": [
        123.81998364608,
        123.84991315408,
        123.75435586408001,
        123.75509010508,
        123.93279457708,
        123.85930562008001,
        123.64517896808,
        123.82110850608001,
        123.59690771508001,
        123.70867270308001
      ],
      "exit_codes": [
        0,
        0,
        0,
        0,
        0,
        0,
        0,
        0,
        0,
        0
      ]
    }
  ]
}
