{
  "results": [
    {
      "command": "cargo build --jobs 8 --release --example breakout",
      "mean": 119.84597695876,
      "stddev": 0.11027789931344498,
      "median": 119.85871042046,
      "user": 907.2796876599999,
      "system": 24.725536480000002,
      "min": 119.68140291296001,
      "max": 119.97728928496001,
      "times": [
        119.68140291296001,
        119.92823813396001,
        119.77844101596,
        119.82130250296001,
        119.95064502196,
        119.73043627696,
        119.73314478796,
        119.89611833796,
        119.97728928496001,
        119.96275131196
      ],
      "exit_codes": [
        0,
        0,
        0,
        0,
        0,
        0,
        0,
        0,
        0,
        0
      ]
    }
  ]
}
