{
  "results": [
    {
      "command": "cargo build --jobs 16 --release --example breakout",
      "mean": 78.87800405082,
      "stddev": 2.95776416381361,
      "median": 78.02971088742001,
      "user": 1142.50819886,
      "system": 30.147567480000003,
      "min": 77.69989842592,
      "max": 87.28107223492,
      "times": [
        78.15243434592,
        77.73760400792,
        78.15742759592,
        77.73861107392,
        77.85882592292,
        87.28107223492,
        78.02935807192,
        77.69989842592,
        78.03006370292,
        78.09474512592
      ],
      "exit_codes": [
        0,
        0,
        0,
        0,
        0,
        0,
        0,
        0,
        0,
        0
      ]
    }
  ]
}
