{
  "results": [
    {
      "command": "cargo build --jobs 8 --release --example breakout",
      "mean": 133.91038870990002,
      "stddev": 0.19226350172999812,
      "median": 133.91144651040003,
      "user": 1022.61336892,
      "system": 24.647897699999998,
      "min": 133.63946570890002,
      "max": 134.1605742119,
      "times": [
        133.89969752890002,
        134.1605742119,
        133.9231954919,
        133.63946570890002,
        134.0863115349,
        134.1323361679,
        133.82993282290002,
        134.04141862490002,
        133.6856857269,
        133.70526927990002
      ],
      "exit_codes": [
        0,
        0,
        0,
        0,
        0,
        0,
        0,
        0,
        0,
        0
      ]
    }
  ]
}
