{
  "results": [
    {
      "command": "cargo build --jobs 16 --release --example breakout",
      "mean": 77.88379346462001,
      "stddev": 0.1936257692824814,
      "median": 77.87809234562,
      "user": 1142.4684078799996,
      "system": 30.082879779999995,
      "min": 77.60253245862,
      "max": 78.21692556762001,
      "times": [
        77.95675972162,
        77.93302565162,
        78.08965375862,
        78.02855644362,
        77.82315903962001,
        78.21692556762001,
        77.60253245862,
        77.74032258162,
        77.74085524862001,
        77.70614417462001
      ],
      "exit_codes": [
        0,
        0,
        0,
        0,
        0,
        0,
        0,
        0,
        0,
        0
      ]
    }
  ]
}
