{
  "results": [
    {
      "command": "cargo build --jobs 16 --release --example breakout",
      "mean": 77.32916577218,
      "stddev": 0.11371700819599968,
      "median": 77.30835305778001,
      "user": 1144.73783194,
      "system": 29.968932719999998,
      "min": 77.18671680078,
      "max": 77.50251283078,
      "times": [
        77.44221735578,
        77.27986452378,
        77.31473043478,
        77.22412479078001,
        77.50251283078,
        77.47354595678,
        77.36586869678,
        77.20010065078,
        77.30197568078,
        77.18671680078
      ],
      "exit_codes": [
        0,
        0,
        0,
        0,
        0,
        0,
        0,
        0,
        0,
        0
      ]
    }
  ]
}
