{
  "results": [
    {
      "command": "cargo build --jobs 8 --release --example breakout",
      "mean": 116.67811404234001,
      "stddev": 0.14371022000695438,
      "median": 116.65167554263999,
      "user": 899.22195058,
      "system": 23.877727899999996,
      "min": 116.47560700414,
      "max": 116.98021274314,
      "times": [
        116.65010322114,
        116.53760785614,
        116.98021274314,
        116.60093672514,
        116.72614464014,
        116.65324786414,
        116.79245471214,
        116.75685063714,
        116.47560700414,
        116.60797502014
      ],
      "exit_codes": [
        0,
        0,
        0,
        0,
        0,
        0,
        0,
        0,
        0,
        0
      ]
    }
  ]
}
