{
  "results": [
    {
      "command": "cargo build --jobs 8 --release --example breakout",
      "mean": 118.15746151508002,
      "stddev": 0.1589850088921743,
      "median": 118.11774576238,
      "user": 906.3791538400001,
      "system": 24.011977239999997,
      "min": 117.91698725588,
      "max": 118.48771717488,
      "times": [
        117.91698725588,
        118.07968208087999,
        118.03904784788,
        118.10494542088,
        118.25517132888,
        118.31048497588,
        118.15637619288,
        118.09365676888,
        118.13054610388,
        118.48771717488
      ],
      "exit_codes": [
        0,
        0,
        0,
        0,
        0,
        0,
        0,
        0,
        0,
        0
      ]
    }
  ]
}
