{
  "results": [
    {
      "command": "cargo build --jobs 16 --release --example breakout",
      "mean": 75.97503124772001,
      "stddev": 0.16231123475857792,
      "median": 75.98880551202001,
      "user": 1145.5878553599998,
      "system": 29.599965279999992,
      "min": 75.65100489502001,
      "max": 76.19936857202,
      "times": [
        75.84483830102,
        75.85689401602001,
        76.11309752602,
        75.93891283402,
        76.03102044602001,
        75.94659057802001,
        76.12097304502001,
        76.19936857202,
        75.65100489502001,
        76.04761226402
      ],
      "exit_codes": [
        0,
        0,
        0,
        0,
        0,
        0,
        0,
        0,
        0,
        0
      ]
    }
  ]
}
