{
  "results": [
    {
      "command": "cargo build --jobs 8 --release --example breakout",
      "mean": 123.78320297745998,
      "stddev": 0.2086555935447604,
      "median": 123.79605900886,
      "user": 950.1325937400001,
      "system": 25.021361679999995,
      "min": 123.53075835285999,
      "max": 124.14476527186,
      "times": [
        123.54824306485999,
        124.14476527186,
        123.55949312685999,
        123.85872530886,
        123.75392988585999,
        123.66313937186,
        123.83818813186,
        123.97911978786,
        123.53075835285999,
        123.95566747186
      ],
      "exit_codes": [
        0,
        0,
        0,
        0,
        0,
        0,
        0,
        0,
        0,
        0
      ]
    }
  ]
}
