{
  "results": [
    {
      "command": "cargo build --jobs 16 --release --example breakout",
      "mean": 79.73727740238,
      "stddev": 0.26081591736314785,
      "median": 79.78663604108,
      "user": 1200.7606450400003,
      "system": 30.69159012,
      "min": 79.32946213208001,
      "max": 80.06902601108,
      "times": [
        79.42355861908,
        80.06902601108,
        80.04139075008,
        79.44868686008,
        79.91555325908,
        79.32946213208001,
        79.73892613408,
        79.87458900108,
        79.69723530908,
        79.83434594808
      ],
      "exit_codes": [
        0,
        0,
        0,
        0,
        0,
        0,
        0,
        0,
        0,
        0
      ]
    }
  ]
}
