{
  "results": [
    {
      "command": "cargo build --jobs 8 --release --example breakout",
      "mean": 117.14154122846,
      "stddev": 0.12247700149783777,
      "median": 117.12283590866,
      "user": 902.9708846399999,
      "system": 24.77413284,
      "min": 116.93388150516,
      "max": 117.36345018016,
      "times": [
        116.93388150516,
        117.12502840616,
        117.16300582716,
        117.13187443416,
        117.11574734016,
        117.36345018016,
        117.31697216016,
        117.05871649616,
        117.12064341116,
        117.08609252416
      ],
      "exit_codes": [
        0,
        0,
        0,
        0,
        0,
        0,
        0,
        0,
        0,
        0
      ]
    }
  ]
}
