{
  "results": [
    {
      "command": "cargo build --jobs 8 --release --example breakout",
      "mean": 117.18782516772,
      "stddev": 0.40704054001718776,
      "median": 117.12997886032,
      "user": 901.9668010799999,
      "system": 23.799061939999998,
      "min": 116.72250524732,
      "max": 117.87631712932,
      "times": [
        117.07720850432,
        117.81005265332,
        117.24580336932,
        116.75905115932,
        117.87631712932,
        117.39311774732,
        116.72250524732,
        117.18274921632,
        116.82619728632,
        116.98524936432
      ],
      "exit_codes": [
        0,
        0,
        0,
        0,
        0,
        0,
        0,
        0,
        0,
        0
      ]
    }
  ]
}
