{
  "results": [
    {
      "command": "cargo build --jobs 8 --release --example breakout",
      "mean": 127.1907723752,
      "stddev": 0.0963136111832016,
      "median": 127.19396187730001,
      "user": 972.4390297200001,
      "system": 25.673191319999994,
      "min": 127.0613644063,
      "max": 127.3172855153,
      "times": [
        127.1324101143,
        127.08754065229999,
        127.2220969753,
        127.0613644063,
        127.2890100163,
        127.3172855153,
        127.0936334963,
        127.3120302233,
        127.1658267793,
        127.2265255733
      ],
      "exit_codes": [
        0,
        0,
        0,
        0,
        0,
        0,
        0,
        0,
        0,
        0
      ]
    }
  ]
}
