{
  "results": [
    {
      "command": "cargo build --jobs 16 --release --example breakout",
      "mean": 87.20904195278001,
      "stddev": 1.0417866347709437,
      "median": 87.46458851418001,
      "user": 1217.3210593,
      "system": 31.94037131999999,
      "min": 85.17084986568,
      "max": 88.33804746668,
      "times": [
        87.90374919168,
        87.13592580468,
        88.33804746668,
        87.30185377168,
        85.17084986568,
        87.50116181268,
        85.54981663468,
        87.71558705068,
        88.04541271368,
        87.42801521568
      ],
      "exit_codes": [
        0,
        0,
        0,
        0,
        0,
        0,
        0,
        0,
        0,
        0
      ]
    }
  ]
}
