{
  "results": [
    {
      "command": "cargo build --jobs 8 --release --example breakout",
      "mean": 122.50589272734003,
      "stddev": 0.4986745749811155,
      "median": 122.32876269594,
      "user": 922.66026656,
      "system": 24.957304559999994,
      "min": 122.01655336494,
      "max": 123.53167183494,
      "times": [
        122.22605710094,
        122.32111112894,
        123.53167183494,
        122.01655336494,
        122.30571823994,
        122.36861134694,
        122.33641426294,
        122.23157657494,
        123.31855138794,
        122.40266203094
      ],
      "exit_codes": [
        0,
        0,
        0,
        0,
        0,
        0,
        0,
        0,
        0,
        0
      ]
    }
  ]
}
