{
  "results": [
    {
      "command": "cargo build --jobs 16 --release --example breakout",
      "mean": 80.59595803446,
      "stddev": 0.20159951679933458,
      "median": 80.65301668236,
      "user": 1162.3874653799999,
      "system": 30.256455419999998,
      "min": 80.10750483436,
      "max": 80.76713204536,
      "times": [
        80.73964634236,
        80.38333998936,
        80.63837413636,
        80.70559302136,
        80.66765922836,
        80.70331217436,
        80.10750483436,
        80.62789000336,
        80.76713204536,
        80.61912856936
      ],
      "exit_codes": [
        0,
        0,
        0,
        0,
        0,
        0,
        0,
        0,
        0,
        0
      ]
    }
  ]
}
