{
  "results": [
    {
      "command": "cargo build --jobs 16 --release --example breakout",
      "mean": 98.72773394154,
      "stddev": 4.442477092745754,
      "median": 97.64384448004,
      "user": 1372.8076177399998,
      "system": 33.525740080000006,
      "min": 95.79165507504,
      "max": 111.15276331503999,
      "times": [
        97.63718530503999,
        96.56000352903999,
        111.15276331503999,
        97.74259224104,
        97.16788035104,
        98.19092960404,
        95.79165507504,
        96.76130094103999,
        98.62252539904,
        97.65050365504
      ],
      "exit_codes": [
        0,
        0,
        0,
        0,
        0,
        0,
        0,
        0,
        0,
        0
      ]
    }
  ]
}
