{
  "results": [
    {
      "command": "cargo build --jobs 8 --release --example breakout",
      "mean": 142.64664225342,
      "stddev": 0.1677617942841042,
      "median": 142.66680591232,
      "user": 1096.36159332,
      "system": 27.00255492,
      "min": 142.24358427682,
      "max": 142.86045026782,
      "times": [
        142.65598057882002,
        142.62986630082,
        142.24358427682,
        142.67763124582,
        142.57795019082002,
        142.58821007182001,
        142.86045026782,
        142.71376833582002,
        142.81282579382002,
        142.70615547182
      ],
      "exit_codes": [
        0,
        0,
        0,
        0,
        0,
        0,
        0,
        0,
        0,
        0
      ]
    }
  ]
}
