{
  "results": [
    {
      "command": "cargo build --jobs 8 --release --example breakout",
      "mean": 120.26484538764001,
      "stddev": 0.17919688907050238,
      "median": 120.34660600053999,
      "user": 910.13896988,
      "system": 24.132860379999997,
      "min": 119.85752296804,
      "max": 120.41548803004,
      "times": [
        120.34060021404,
        120.40075028704,
        119.85752296804,
        120.35261178703999,
        120.11126736403999,
        120.28312515504,
        120.37119418804,
        120.12918070703999,
        120.38671317603999,
        120.41548803004
      ],
      "exit_codes": [
        0,
        0,
        0,
        0,
        0,
        0,
        0,
        0,
        0,
        0
      ]
    }
  ]
}
