{
  "results": [
    {
      "command": "cargo build --jobs 8 --release --example breakout",
      "mean": 125.00941985538002,
      "stddev": 0.24735930203701803,
      "median": 125.04539879638,
      "user": 958.5997523399999,
      "system": 24.98810538,
      "min": 124.49282629888,
      "max": 125.34155058088001,
      "times": [
        125.14411652588001,
        125.34155058088001,
        125.03156348688,
        125.12982724688001,
        125.24731012688001,
        124.49282629888,
        125.05923410588001,
        124.92165757488,
        124.73906358888,
        124.98704901788001
      ],
      "exit_codes": [
        0,
        0,
        0,
        0,
        0,
        0,
        0,
        0,
        0,
        0
      ]
    }
  ]
}
