{
  "results": [
    {
      "command": "cargo build --jobs 8 --release --example breakout",
      "mean": 122.17119148067998,
      "stddev": 0.15500309836802448,
      "median": 122.16746480548,
      "user": 932.4537951599999,
      "system": 24.490507960000002,
      "min": 121.89813709448,
      "max": 122.42667763048,
      "times": [
        122.16112123948,
        122.42667763048,
        122.17380837148,
        122.13049213348,
        122.08682526948,
        122.36517244548,
        122.26626086048,
        121.89813709448,
        122.17653378948,
        122.02688597248
      ],
      "exit_codes": [
        0,
        0,
        0,
        0,
        0,
        0,
        0,
        0,
        0,
        0
      ]
    }
  ]
}
