{
  "results": [
    {
      "command": "cargo build --jobs 16 --release --example breakout",
      "mean": 78.62183838892,
      "stddev": 0.18988155554471753,
      "median": 78.54857088441999,
      "user": 1181.7281901999997,
      "system": 30.036650100000003,
      "min": 78.42801221392,
      "max": 79.04271959392,
      "times": [
        78.48987404491999,
        78.82512651191999,
        78.50812360491999,
        78.52535512191999,
        78.42801221392,
        78.72976221491999,
        78.57178664691999,
        78.59345669892,
        78.50416723692,
        79.04271959392
      ],
      "exit_codes": [
        0,
        0,
        0,
        0,
        0,
        0,
        0,
        0,
        0,
        0
      ]
    }
  ]
}
