{
  "results": [
    {
      "command": "cargo build --jobs 8 --release --example breakout",
      "mean": 130.1800151422,
      "stddev": 0.13274698042673735,
      "median": 130.1835113018,
      "user": 998.5835362,
      "system": 24.365500939999997,
      "min": 129.9385910843,
      "max": 130.3567520713,
      "times": [
        130.2435843083,
        130.33233126529998,
        130.0949507903,
        130.1362462023,
        130.2921208063,
        130.0735856393,
        129.9385910843,
        130.3567520713,
        130.10121285329998,
        130.2307764013
      ],
      "exit_codes": [
        0,
        0,
        0,
        0,
        0,
        0,
        0,
        0,
        0,
        0
      ]
    }
  ]
}
