{
  "results": [
    {
      "command": "cargo build --jobs 16 --release --example breakout",
      "mean": 89.30899215489998,
      "stddev": 0.5203323941729826,
      "median": 89.3344912872,
      "user": 1249.72838246,
      "system": 30.325544779999994,
      "min": 88.0535138817,
      "max": 90.1135083157,
      "times": [
        89.33849397569999,
        89.5812553657,
        88.0535138817,
        89.54656267269999,
        89.1435886577,
        89.22781102969999,
        90.1135083157,
        89.2394244687,
        89.5152745827,
        89.3304885987
      ],
      "exit_codes": [
        0,
        0,
        0,
        0,
        0,
        0,
        0,
        0,
        0,
        0
      ]
    }
  ]
}
