{
  "results": [
    {
      "command": "cargo build --jobs 16 --release --example breakout",
      "mean": 95.43490925562,
      "stddev": 0.6714905570573094,
      "median": 95.56336208601999,
      "user": 1329.92395558,
      "system": 33.168208879999995,
      "min": 93.95613263802,
      "max": 96.03664341502,
      "times": [
        95.85308217501999,
        95.99187781802,
        95.54909521802,
        95.93907718302,
        95.39163896801999,
        94.57871932002,
        95.47519686702,
        96.03664341502,
        93.95613263802,
        95.57762895402
      ],
      "exit_codes": [
        0,
        0,
        0,
        0,
        0,
        0,
        0,
        0,
        0,
        0
      ]
    }
  ]
}
