{
  "results": [
    {
      "command": "cargo build --jobs 8 --release --example breakout",
      "mean": 121.79212670417999,
      "stddev": 0.3895586407530558,
      "median": 121.74621639458,
      "user": 933.2488773999997,
      "system": 24.729909239999998,
      "min": 121.29692502208,
      "max": 122.67789314908,
      "times": [
        121.29692502208,
        121.43232588808,
        122.67789314908,
        121.67218082008,
        121.89981623208001,
        121.82025196908,
        121.95739759908001,
        121.57109423008,
        121.56914622108,
        122.02423591108001
      ],
      "exit_codes": [
        0,
        0,
        0,
        0,
        0,
        0,
        0,
        0,
        0,
        0
      ]
    }
  ]
}
