{
  "results": [
    {
      "command": "cargo build --jobs 16 --release --example breakout",
      "mean": 78.28462535073999,
      "stddev": 0.22902663939127096,
      "median": 78.26167866093999,
      "user": 1180.8158756999999,
      "system": 30.496152779999996,
      "min": 77.99371133744,
      "max": 78.59482300744,
      "times": [
        78.31117163044,
        78.58493738044,
        78.20029063144,
        77.99371133744,
        78.01964444244,
        78.21218569144,
        78.04671569444,
        78.59482300744,
        78.36389756844,
        78.51887612344
      ],
      "exit_codes": [
        0,
        0,
        0,
        0,
        0,
        0,
        0,
        0,
        0,
        0
      ]
    }
  ]
}
