{
  "results": [
    {
      "command": "cargo build --jobs 16 --release --example breakout",
      "mean": 70.91867349108001,
      "stddev": 0.669038679312666,
      "median": 71.05249210198,
      "user": 1001.2060023199999,
      "system": 27.359719140000003,
      "min": 69.22892818148,
      "max": 71.64284211548,
      "times": [
        71.64284211548,
        71.45053192348,
        70.99131220048,
        70.65119352148,
        71.11367200348,
        69.22892818148,
        71.29469529848,
        71.20686240248,
        70.81008506748,
        70.79661219648
      ],
      "exit_codes": [
        0,
        0,
        0,
        0,
        0,
        0,
        0,
        0,
        0,
        0
      ]
    }
  ]
}
