{
  "results": [
    {
      "command": "cargo build --jobs 8 --release --example breakout",
      "mean": 106.22309274720001,
      "stddev": 0.3797588803720056,
      "median": 106.29599695440001,
      "user": 801.0073625399999,
      "system": 21.71361022,
      "min": 105.70481491890001,
      "max": 106.8939051459,
      "times": [
        106.1577958469,
        106.26835610190001,
        105.83083219490001,
        105.70481491890001,
        105.7458251509,
        106.8939051459,
        106.60872211990001,
        106.37199321790001,
        106.32504496790001,
        106.32363780690001
      ],
      "exit_codes": [
        0,
        0,
        0,
        0,
        0,
        0,
        0,
        0,
        0,
        0
      ]
    }
  ]
}
