{
  "results": [
    {
      "command": "cargo build --jobs 8 --release --example breakout",
      "mean": 124.98744701810001,
      "stddev": 0.22341394362387418,
      "median": 125.0245263203,
      "user": 957.13374552,
      "system": 24.99565168,
      "min": 124.45931050280001,
      "max": 125.21856834180001,
      "times": [
        124.8617345838,
        125.1887324378,
        125.0646737248,
        124.98437891580001,
        124.9238513108,
        125.0943079818,
        124.9096246358,
        124.45931050280001,
        125.1692877458,
        125.21856834180001
      ],
      "exit_codes": [
        0,
        0,
        0,
        0,
        0,
        0,
        0,
        0,
        0,
        0
      ]
    }
  ]
}
