{
  "results": [
    {
      "command": "cargo build --jobs 16 --release --example breakout",
      "mean": 82.07119289296,
      "stddev": 1.3634189895737612,
      "median": 81.69947105706,
      "user": 1202.3185324800002,
      "system": 31.01430312,
      "min": 80.55896547856,
      "max": 84.81655461056,
      "times": [
        84.81655461056,
        84.23932915556,
        81.89995922256,
        80.55896547856,
        81.09349740256,
        81.79599066456,
        81.89998235056,
        81.60295144956,
        81.42815807456,
        81.37654052056
      ],
      "exit_codes": [
        0,
        0,
        0,
        0,
        0,
        0,
        0,
        0,
        0,
        0
      ]
    }
  ]
}
