{
  "results": [
    {
      "command": "cargo build --jobs 16 --release --example breakout",
      "mean": 81.0675395287,
      "stddev": 0.989692582348511,
      "median": 80.6784975493,
      "user": 1215.3496945,
      "system": 31.10337424,
      "min": 80.0442235273,
      "max": 82.9211690253,
      "times": [
        81.6633679153,
        82.9211690253,
        80.55212895529999,
        80.4436383813,
        82.5895985823,
        80.48753924329999,
        80.32602808829999,
        80.0442235273,
        80.8428354253,
        80.8048661433
      ],
      "exit_codes": [
        0,
        0,
        0,
        0,
        0,
        0,
        0,
        0,
        0,
        0
      ]
    }
  ]
}
