{
  "results": [
    {
      "command": "cargo build --jobs 8 --release --example breakout",
      "mean": 121.75355558854001,
      "stddev": 0.2977578094898087,
      "median": 121.68862321404,
      "user": 933.1776388399998,
      "system": 24.440139820000002,
      "min": 121.47940965704,
      "max": 122.49891248003999,
      "times": [
        121.71650687604,
        121.47940965704,
        121.63357849804,
        121.72574008804,
        122.49891248003999,
        121.51763590504,
        121.54408950204,
        121.95304152204,
        121.80590180504,
        121.66073955204
      ],
      "exit_codes": [
        0,
        0,
        0,
        0,
        0,
        0,
        0,
        0,
        0,
        0
      ]
    }
  ]
}
