{
  "results": [
    {
      "command": "cargo build --jobs 16 --release --example breakout",
      "mean": 78.40535712746,
      "stddev": 0.8023890432533582,
      "median": 78.18683375376,
      "user": 1177.22423396,
      "system": 30.0423645,
      "min": 77.79784095226,
      "max": 80.56400949026,
      "times": [
        78.44202110326,
        77.79784095226,
        78.56943136726,
        78.35315054426,
        77.94457359726,
        78.02051696326,
        77.95285100626,
        78.41530825426,
        77.99386799626,
        80.56400949026
      ],
      "exit_codes": [
        0,
        0,
        0,
        0,
        0,
        0,
        0,
        0,
        0,
        0
      ]
    }
  ]
}
