{
  "results": [
    {
      "command": "cargo build --jobs 16 --release --example breakout",
      "mean": 77.82132586358,
      "stddev": 0.24666235883205737,
      "median": 77.78661068418,
      "user": 1154.2753725799998,
      "system": 29.893152280000002,
      "min": 77.47955965768,
      "max": 78.17270601567999,
      "times": [
        77.65776680667999,
        77.61959951067999,
        78.02535678567999,
        78.17270601567999,
        78.03310143168,
        78.10041345068,
        77.55153360867999,
        77.47955965768,
        77.77440211768,
        77.79881925068
      ],
      "exit_codes": [
        0,
        0,
        0,
        0,
        0,
        0,
        0,
        0,
        0,
        0
      ]
    }
  ]
}
