{
  "results": [
    {
      "command": "cargo build --jobs 8 --release --example breakout",
      "mean": 121.17962378885997,
      "stddev": 0.4557272605684336,
      "median": 121.08650178476,
      "user": 912.2958048599997,
      "system": 24.2224968,
      "min": 120.79532145176,
      "max": 122.44340757676,
      "times": [
        120.79532145176,
        121.13360364576,
        121.14398386575999,
        121.06955829476,
        122.44340757676,
        120.98022973776,
        121.10793869076,
        121.01876553276,
        120.99998381776,
        121.10344527475999
      ],
      "exit_codes": [
        0,
        0,
        0,
        0,
        0,
        0,
        0,
        0,
        0,
        0
      ]
    }
  ]
}
