{
  "results": [
    {
      "command": "cargo build --jobs 8 --release --example breakout",
      "mean": 127.38863371657999,
      "stddev": 0.12078886782293868,
      "median": 127.36946900217998,
      "user": 974.7617436,
      "system": 25.83220289999999,
      "min": 127.20079984867999,
      "max": 127.58542827368,
      "times": [
        127.44224609567999,
        127.38334730167999,
        127.35559070267999,
        127.58542827368,
        127.52103793468,
        127.33109318368,
        127.33427438668,
        127.20079984867999,
        127.24686980467999,
        127.48564963368
      ],
      "exit_codes": [
        0,
        0,
        0,
        0,
        0,
        0,
        0,
        0,
        0,
        0
      ]
    }
  ]
}
