{
  "results": [
    {
      "command": "cargo build --jobs 16 --release --example breakout",
      "mean": 76.02196244259999,
      "stddev": 0.23539119663927363,
      "median": 76.0005841628,
      "user": 1139.60778224,
      "system": 29.34887134,
      "min": 75.74543398079999,
      "max": 76.3805517308,
      "times": [
        75.7478961538,
        75.87066971079999,
        76.2213827328,
        75.9424517028,
        76.3805517308,
        75.78283728679999,
        76.24839406779999,
        76.22129043679999,
        76.05871662279999,
        75.74543398079999
      ],
      "exit_codes": [
        0,
        0,
        0,
        0,
        0,
        0,
        0,
        0,
        0,
        0
      ]
    }
  ]
}
