{
  "results": [
    {
      "command": "cargo build --jobs 8 --release --example breakout",
      "mean": 117.98893856658,
      "stddev": 2.344537579395248,
      "median": 117.28928614608,
      "user": 902.6033806199999,
      "system": 23.753785099999998,
      "min": 116.78166766608001,
      "max": 124.58252205508,
      "times": [
        116.95488313608,
        117.43092379008,
        117.24243656808001,
        117.06489602808,
        116.78166766608001,
        117.02347687108,
        118.09753319408,
        117.33613572408001,
        117.37491063308,
        124.58252205508
      ],
      "exit_codes": [
        0,
        0,
        0,
        0,
        0,
        0,
        0,
        0,
        0,
        0
      ]
    }
  ]
}
