{
  "results": [
    {
      "command": "cargo build --jobs 8 --release --example breakout",
      "mean": 117.20534638031998,
      "stddev": 0.2025408463040186,
      "median": 117.26087705932,
      "user": 902.9409058599998,
      "system": 24.676438499999996,
      "min": 116.88216628031999,
      "max": 117.46858312132,
      "times": [
        117.06376322631999,
        117.46858312132,
        117.24130935832,
        117.45594215531999,
        117.31642952931999,
        117.28044476032,
        116.88216628031999,
        117.32893338532,
        116.99951933432,
        117.01637265231999
      ],
      "exit_codes": [
        0,
        0,
        0,
        0,
        0,
        0,
        0,
        0,
        0,
        0
      ]
    }
  ]
}
