{
  "results": [
    {
      "command": "cargo build --jobs 8 --release --example breakout",
      "mean": 119.71657776227998,
      "stddev": 0.22770625828392396,
      "median": 119.71333994908,
      "user": 905.3908447800001,
      "system": 24.278586099999995,
      "min": 119.45288009658,
      "max": 120.28876642358,
      "times": [
        119.71831315458,
        119.78603521958,
        119.55508769757999,
        119.75080401058,
        119.45288009658,
        119.70836674358,
        120.28876642358,
        119.63154618957999,
        119.54299278558,
        119.73098530158
      ],
      "exit_codes": [
        0,
        0,
        0,
        0,
        0,
        0,
        0,
        0,
        0,
        0
      ]
    }
  ]
}
