{
  "results": [
    {
      "command": "cargo build --jobs 16 --release --example breakout",
      "mean": 77.22081261942002,
      "stddev": 0.15516504673486944,
      "median": 77.22185229332001,
      "user": 1140.24062866,
      "system": 29.998041,
      "min": 77.02025787132,
      "max": 77.51630320732001,
      "times": [
        77.42117270332001,
        77.20863522532001,
        77.51630320732001,
        77.23506936132,
        77.03593560532,
        77.13416088432001,
        77.25338772032,
        77.14579018032,
        77.23741343532001,
        77.02025787132
      ],
      "exit_codes": [
        0,
        0,
        0,
        0,
        0,
        0,
        0,
        0,
        0,
        0
      ]
    }
  ]
}
