{
  "results": [
    {
      "command": "cargo build --jobs 8 --release --example breakout",
      "mean": 142.59563012282,
      "stddev": 0.2357775369400974,
      "median": 142.48629119212,
      "user": 1095.9411315399998,
      "system": 27.3124232,
      "min": 142.35380932812,
      "max": 143.04648123112,
      "times": [
        142.35380932812,
        142.78852661112,
        142.74933630412002,
        142.48663817312,
        143.04648123112,
        142.48594421112,
        142.81649031912002,
        142.43305289712,
        142.41403229012002,
        142.38198986312
      ],
      "exit_codes": [
        0,
        0,
        0,
        0,
        0,
        0,
        0,
        0,
        0,
        0
      ]
    }
  ]
}
