{
  "results": [
    {
      "command": "cargo build --jobs 8 --release --example breakout",
      "mean": 134.76909181486002,
      "stddev": 0.13397206424206612,
      "median": 134.79753030746002,
      "user": 1031.2980576000002,
      "system": 24.964098559999996,
      "min": 134.54722193396,
      "max": 134.91677324996,
      "times": [
        134.54722193396,
        134.88327985896,
        134.77036011396,
        134.86420402596,
        134.61753348196,
        134.74083321596,
        134.82470050096,
        134.61899399996,
        134.91677324996,
        134.90701776696
      ],
      "exit_codes": [
        0,
        0,
        0,
        0,
        0,
        0,
        0,
        0,
        0,
        0
      ]
    }
  ]
}
