{
  "results": [
    {
      "command": "cargo build --jobs 8 --release --example breakout",
      "mean": 122.12975840627999,
      "stddev": 0.4572821711686567,
      "median": 122.07504553417999,
      "user": 934.34998688,
      "system": 24.693688260000002,
      "min": 121.60716546718,
      "max": 122.80277403817999,
      "times": [
        121.60716546718,
        121.87417441817999,
        121.66040398118,
        122.18178648118,
        121.64569054418,
        122.80277403817999,
        122.73103037018,
        122.05475457018,
        122.09533649817999,
        122.64446769418
      ],
      "exit_codes": [
        0,
        0,
        0,
        0,
        0,
        0,
        0,
        0,
        0,
        0
      ]
    }
  ]
}
