{
  "results": [
    {
      "command": "cargo build --jobs 8 --release --example breakout",
      "mean": 117.52357874116001,
      "stddev": 0.12465927377690439,
      "median": 117.54689373485999,
      "user": 904.6759076399998,
      "system": 24.9522452,
      "min": 117.34866505085999,
      "max": 117.73728535485999,
      "times": [
        117.40741294386,
        117.59234097785999,
        117.62717531486,
        117.42369839685999,
        117.34866505085999,
        117.57750590785999,
        117.60476658985999,
        117.73728535485999,
        117.40065531286,
        117.51628156186
      ],
      "exit_codes": [
        0,
        0,
        0,
        0,
        0,
        0,
        0,
        0,
        0,
        0
      ]
    }
  ]
}
