{
  "results": [
    {
      "command": "cargo build --jobs 16 --release --example breakout",
      "mean": 75.67823080571999,
      "stddev": 0.2523909202209551,
      "median": 75.75099236042,
      "user": 1141.6705612800001,
      "system": 30.534133039999993,
      "min": 75.25742261592,
      "max": 76.11283130192,
      "times": [
        76.11283130192,
        75.25742261592,
        75.72798529792,
        75.39696909492,
        75.73330902292,
        75.77310230192,
        75.76867569792,
        75.40586262892,
        75.81304308892,
        75.79310700592
      ],
      "exit_codes": [
        0,
        0,
        0,
        0,
        0,
        0,
        0,
        0,
        0,
        0
      ]
    }
  ]
}
