{
  "results": [
    {
      "command": "cargo build --jobs 8 --release --example breakout",
      "mean": 120.26796051244,
      "stddev": 0.15162982512729029,
      "median": 120.27496914524,
      "user": 909.7025137799999,
      "system": 24.145310760000005,
      "min": 120.05802497373999,
      "max": 120.52846068174,
      "times": [
        120.11719693274,
        120.52846068174,
        120.37783634174,
        120.26781511674,
        120.21508886574,
        120.28212317373999,
        120.08629857474,
        120.34203454474,
        120.40472591874,
        120.05802497373999
      ],
      "exit_codes": [
        0,
        0,
        0,
        0,
        0,
        0,
        0,
        0,
        0,
        0
      ]
    }
  ]
}
