{
  "results": [
    {
      "command": "cargo build --jobs 16 --release --example breakout",
      "mean": 77.38205209728001,
      "stddev": 0.09292506052620149,
      "median": 77.40510719278001,
      "user": 1145.3625715000003,
      "system": 29.657930299999997,
      "min": 77.23012668528,
      "max": 77.49210512328,
      "times": [
        77.39514063128,
        77.23012668528,
        77.29522810528,
        77.49210512328,
        77.46650891628,
        77.41507375428,
        77.47319154928,
        77.30348831928,
        77.29734833928,
        77.45230954928
      ],
      "exit_codes": [
        0,
        0,
        0,
        0,
        0,
        0,
        0,
        0,
        0,
        0
      ]
    }
  ]
}
