{
  "results": [
    {
      "command": "cargo build --jobs 8 --release --example breakout",
      "mean": 113.32062133112001,
      "stddev": 0.20874865377357021,
      "median": 113.36278485712,
      "user": 852.0745272799999,
      "system": 22.84877676,
      "min": 113.01426124612,
      "max": 113.56818975512,
      "times": [
        113.56818975512,
        113.04164193912,
        113.07641472112,
        113.29952214912,
        113.39469009012,
        113.33087962412,
        113.53857798311999,
        113.49090584011999,
        113.45112996312,
        113.01426124612
      ],
      "exit_codes": [
        0,
        0,
        0,
        0,
        0,
        0,
        0,
        0,
        0,
        0
      ]
    }
  ]
}
