{
  "results": [
    {
      "command": "cargo build --jobs 16 --release --example breakout",
      "mean": 73.39385563689999,
      "stddev": 0.6171302598645756,
      "median": 73.1722974997,
      "user": 1070.14717722,
      "system": 28.454960719999995,
      "min": 72.7190115307,
      "max": 74.4296603957,
      "times": [
        72.8201131307,
        73.1958731347,
        74.4296603957,
        73.14872186470001,
        72.7190115307,
        73.9254431977,
        72.95297147870001,
        74.2858139017,
        72.9612780977,
        73.4996696367
      ],
      "exit_codes": [
        0,
        0,
        0,
        0,
        0,
        0,
        0,
        0,
        0,
        0
      ]
    }
  ]
}
