{
  "results": [
    {
      "command": "cargo build --jobs 16 --release --example breakout",
      "mean": 74.84300503220001,
      "stddev": 0.21703632574414178,
      "median": 74.8979158014,
      "user": 1101.51946068,
      "system": 28.46681074,
      "min": 74.3116124574,
      "max": 75.1023422684,
      "times": [
        75.1023422684,
        74.8164957644,
        74.7689676984,
        74.8816133114,
        74.9320864994,
        74.9710363194,
        74.7313164624,
        75.0003612494,
        74.9142182914,
        74.3116124574
      ],
      "exit_codes": [
        0,
        0,
        0,
        0,
        0,
        0,
        0,
        0,
        0,
        0
      ]
    }
  ]
}
