{
  "results": [
    {
      "command": "cargo build --jobs 8 --release --example breakout",
      "mean": 139.55047812104,
      "stddev": 0.16213300424677618,
      "median": 139.59318142444,
      "user": 1067.11380192,
      "system": 26.94578166,
      "min": 139.22654830593999,
      "max": 139.73039610894,
      "times": [
        139.70576554593998,
        139.62232860993998,
        139.57685934594,
        139.70271387894,
        139.22654830593999,
        139.37588144394,
        139.60950350294,
        139.45015686294,
        139.50462760494,
        139.73039610894
      ],
      "exit_codes": [
        0,
        0,
        0,
        0,
        0,
        0,
        0,
        0,
        0,
        0
      ]
    }
  ]
}
