{
  "results": [
    {
      "command": "cargo build --jobs 16 --release --example breakout",
      "mean": 91.99679115482,
      "stddev": 0.8859261001995908,
      "median": 91.99082464722,
      "user": 1292.8986116199999,
      "system": 31.83039458,
      "min": 90.99151987072,
      "max": 93.41138128371999,
      "times": [
        92.63157799172,
        92.64403878671999,
        90.99443737472,
        91.55117490971999,
        91.15812525871999,
        92.82675048472,
        93.41138128371999,
        90.99151987072,
        91.32843120272,
        92.43047438472
      ],
      "exit_codes": [
        0,
        0,
        0,
        0,
        0,
        0,
        0,
        0,
        0,
        0
      ]
    }
  ]
}
