{
  "results": [
    {
      "command": "cargo build --jobs 16 --release --example breakout",
      "mean": 75.46135286084001,
      "stddev": 0.2303408415770041,
      "median": 75.52320189374001,
      "user": 1139.33890842,
      "system": 29.300088640000002,
      "min": 75.08333295874,
      "max": 75.77214510674,
      "times": [
        75.69831349874,
        75.64265681474001,
        75.53891131774,
        75.52062998374001,
        75.08333295874,
        75.77214510674,
        75.31471610174,
        75.52577380374,
        75.13294659074,
        75.38410243174
      ],
      "exit_codes": [
        0,
        0,
        0,
        0,
        0,
        0,
        0,
        0,
        0,
        0
      ]
    }
  ]
}
