{
  "results": [
    {
      "command": "cargo build --jobs 16 --release --example breakout",
      "mean": 72.19423637650002,
      "stddev": 0.5675384867140587,
      "median": 72.12708510360001,
      "user": 1028.73222158,
      "system": 27.763061059999995,
      "min": 71.20918574310001,
      "max": 73.28707237110001,
      "times": [
        73.28707237110001,
        71.95827684010001,
        72.77713157410001,
        72.5336788981,
        71.89808459010001,
        71.8381061651,
        72.1866573761,
        72.1250153481,
        71.20918574310001,
        72.12915485910001
      ],
      "exit_codes": [
        0,
        0,
        0,
        0,
        0,
        0,
        0,
        0,
        0,
        0
      ]
    }
  ]
}
