{
  "results": [
    {
      "command": "cargo build --jobs 16 --release --example breakout",
      "mean": 78.2798581082,
      "stddev": 0.15205889762958094,
      "median": 78.2537627476,
      "user": 1181.5164728000002,
      "system": 30.010990039999996,
      "min": 78.0405931546,
      "max": 78.63382954260001,
      "times": [
        78.29735625660001,
        78.2857370886,
        78.21765853560001,
        78.63382954260001,
        78.3415557226,
        78.0405931546,
        78.2164289276,
        78.3425728956,
        78.22178840660001,
        78.20106055160001
      ],
      "exit_codes": [
        0,
        0,
        0,
        0,
        0,
        0,
        0,
        0,
        0,
        0
      ]
    }
  ]
}
