{
  "results": [
    {
      "command": "cargo build --jobs 8 --release --example breakout",
      "mean": 130.2336598041,
      "stddev": 0.22794781616531745,
      "median": 130.2132093493,
      "user": 1000.1540772799999,
      "system": 24.753681259999997,
      "min": 130.0012702158,
      "max": 130.7618156168,
      "times": [
        130.03208774680002,
        130.2875747468,
        130.2198764888,
        130.4388682558,
        130.0012702158,
        130.1209641698,
        130.2217477538,
        130.7618156168,
        130.0458508368,
        130.2065422098
      ],
      "exit_codes": [
        0,
        0,
        0,
        0,
        0,
        0,
        0,
        0,
        0,
        0
      ]
    }
  ]
}
