{
  "results": [
    {
      "command": "cargo build --jobs 16 --release --example breakout",
      "mean": 90.15149462136002,
      "stddev": 0.4078691344721866,
      "median": 90.22798605156001,
      "user": 1254.0042196999998,
      "system": 30.956406040000008,
      "min": 89.48230465256,
      "max": 90.71561817756,
      "times": [
        90.29162805656,
        89.48230465256,
        89.65583511256,
        90.16434404656,
        90.40625387456001,
        89.84290402056,
        90.56126811856001,
        90.45568288356,
        90.71561817756,
        89.93910727056
      ],
      "exit_codes": [
        0,
        0,
        0,
        0,
        0,
        0,
        0,
        0,
        0,
        0
      ]
    }
  ]
}
