{
  "results": [
    {
      "command": "cargo build --jobs 8 --release --example breakout",
      "mean": 112.90355362033999,
      "stddev": 0.2695978199822725,
      "median": 112.81840276124001,
      "user": 853.9159700799999,
      "system": 22.806536079999997,
      "min": 112.55291049874,
      "max": 113.28988853574,
      "times": [
        113.28988853574,
        113.19224127774,
        112.84805107874,
        112.63302405174,
        113.25902310174,
        112.78875444374,
        113.01745884574,
        112.66567080374,
        112.55291049874,
        112.78851356574
      ],
      "exit_codes": [
        0,
        0,
        0,
        0,
        0,
        0,
        0,
        0,
        0,
        0
      ]
    }
  ]
}
