{
  "results": [
    {
      "command": "cargo build --jobs 16 --release --example breakout",
      "mean": 73.0155545923,
      "stddev": 0.428559657693982,
      "median": 73.0253038957,
      "user": 1073.7877640199997,
      "system": 28.173364499999998,
      "min": 72.5620592912,
      "max": 73.79054796119999,
      "times": [
        73.4594572642,
        72.5620592912,
        73.79054796119999,
        72.5978828622,
        73.3146447892,
        73.1767472422,
        72.9340842372,
        72.6182539342,
        73.1165235542,
        72.5853447872
      ],
      "exit_codes": [
        0,
        0,
        0,
        0,
        0,
        0,
        0,
        0,
        0,
        0
      ]
    }
  ]
}
