{
  "results": [
    {
      "command": "cargo build --jobs 16 --release --example breakout",
      "mean": 97.20612004412001,
      "stddev": 2.7472602025638033,
      "median": 96.00976175372,
      "user": 1365.2593804599996,
      "system": 33.436229620000006,
      "min": 95.46969677122,
      "max": 104.62804190622,
      "times": [
        97.26722074822,
        95.46969677122,
        95.61860984622001,
        95.95614799822,
        95.75954746722,
        97.88917839722001,
        95.87624740222,
        97.53313439522,
        104.62804190622,
        96.06337550922001
      ],
      "exit_codes": [
        0,
        0,
        0,
        0,
        0,
        0,
        0,
        0,
        0,
        0
      ]
    }
  ]
}
