{
  "results": [
    {
      "command": "cargo build --jobs 8 --release --example breakout",
      "mean": 134.5200749181,
      "stddev": 0.16031900373760505,
      "median": 134.49108208759998,
      "user": 1029.60562748,
      "system": 24.22869896,
      "min": 134.3189227106,
      "max": 134.75865879559998,
      "times": [
        134.3807779576,
        134.70684720059998,
        134.7069569716,
        134.4475825106,
        134.75865879559998,
        134.53458166459998,
        134.3189227106,
        134.3586829446,
        134.4169397096,
        134.57079871559998
      ],
      "exit_codes": [
        0,
        0,
        0,
        0,
        0,
        0,
        0,
        0,
        0,
        0
      ]
    }
  ]
}
