{
  "results": [
    {
      "command": "cargo build --jobs 8 --release --example breakout",
      "mean": 120.57714763716001,
      "stddev": 0.08912602404965585,
      "median": 120.54298304136,
      "user": 904.7889351399999,
      "system": 23.73060262,
      "min": 120.47345104486,
      "max": 120.76547775486,
      "times": [
        120.53099471286,
        120.47345104486,
        120.54548009886,
        120.76547775486,
        120.54048598386,
        120.60519031486,
        120.53352671786,
        120.65946522786,
        120.63166453786,
        120.48573997785999
      ],
      "exit_codes": [
        0,
        0,
        0,
        0,
        0,
        0,
        0,
        0,
        0,
        0
      ]
    }
  ]
}
