{
  "results": [
    {
      "command": "cargo build --jobs 16 --release --example breakout",
      "mean": 78.84887066313999,
      "stddev": 4.80591832333862,
      "median": 77.31165868834,
      "user": 1143.2840122799998,
      "system": 29.461790280000002,
      "min": 77.17904763634,
      "max": 92.52202695334,
      "times": [
        77.17904763634,
        92.52202695334,
        77.48910055534,
        77.18306642934,
        77.55452125934,
        77.34647907934,
        77.24194855334001,
        77.27683829734,
        77.27015294434,
        77.42552492334
      ],
      "exit_codes": [
        0,
        0,
        0,
        0,
        0,
        0,
        0,
        0,
        0,
        0
      ]
    }
  ]
}
