{
  "results": [
    {
      "command": "cargo build --jobs 16 --release --example breakout",
      "mean": 79.34934169560002,
      "stddev": 4.598791735696637,
      "median": 77.8630856632,
      "user": 1144.47759422,
      "system": 29.62700794,
      "min": 77.4636650577,
      "max": 92.3918941407,
      "times": [
        77.88478490370001,
        77.4636650577,
        77.6913764457,
        77.4923876947,
        77.8413864227,
        78.6853389147,
        78.15484719770001,
        78.2914358097,
        77.5963003687,
        92.3918941407
      ],
      "exit_codes": [
        0,
        0,
        0,
        0,
        0,
        0,
        0,
        0,
        0,
        0
      ]
    }
  ]
}
