{
  "results": [
    {
      "command": "cargo build --jobs 16 --release --example breakout",
      "mean": 76.12387443428,
      "stddev": 0.21053781145448508,
      "median": 76.16501451218,
      "user": 1142.3503292599999,
      "system": 29.42693398,
      "min": 75.78361891168,
      "max": 76.35371514267999,
      "times": [
        75.93882282067999,
        75.86326246368,
        76.12132493768,
        76.33809674368,
        75.78361891168,
        76.30338816567999,
        76.20870408668,
        76.30470385567999,
        76.35371514267999,
        76.02310721468
      ],
      "exit_codes": [
        0,
        0,
        0,
        0,
        0,
        0,
        0,
        0,
        0,
        0
      ]
    }
  ]
}
