{
  "results": [
    {
      "command": "cargo build --jobs 8 --release --example breakout",
      "mean": 120.66191018062,
      "stddev": 0.3929078516435807,
      "median": 120.84361358491999,
      "user": 910.5084276199999,
      "system": 24.1623786,
      "min": 119.97968275742,
      "max": 121.01915684142,
      "times": [
        120.84419861341999,
        120.82142048141999,
        120.90605474242,
        120.87439611842,
        120.22271449342,
        119.97968275742,
        121.01915684142,
        120.99240906541999,
        120.84302855642,
        120.11604013642
      ],
      "exit_codes": [
        0,
        0,
        0,
        0,
        0,
        0,
        0,
        0,
        0,
        0
      ]
    }
  ]
}
