{
  "results": [
    {
      "command": "cargo build --jobs 16 --release --example breakout",
      "mean": 78.31702968062,
      "stddev": 0.271018031535416,
      "median": 78.21260203462,
      "user": 1180.3419126,
      "system": 30.102996079999997,
      "min": 78.07876908312,
      "max": 78.80179276212,
      "times": [
        78.69949884911999,
        78.26161697012,
        78.80179276212,
        78.08841068212,
        78.56515407511999,
        78.11323371012,
        78.11780355312,
        78.16358709912,
        78.28043002212,
        78.07876908312
      ],
      "exit_codes": [
        0,
        0,
        0,
        0,
        0,
        0,
        0,
        0,
        0,
        0
      ]
    }
  ]
}
