{
  "results": [
    {
      "command": "cargo build --jobs 8 --release --example breakout",
      "mean": 121.93490565625999,
      "stddev": 0.23013962048581518,
      "median": 121.94460929896,
      "user": 934.3587585199999,
      "system": 24.408181519999996,
      "min": 121.55788306696,
      "max": 122.35619017895999,
      "times": [
        121.97069419496,
        121.79001818696,
        121.55788306696,
        121.72413687296,
        121.81318130196,
        122.17957193196,
        122.04309220096,
        121.91852440296,
        121.99576422396,
        122.35619017895999
      ],
      "exit_codes": [
        0,
        0,
        0,
        0,
        0,
        0,
        0,
        0,
        0,
        0
      ]
    }
  ]
}
