{
  "results": [
    {
      "command": "cargo build --jobs 8 --release --example breakout",
      "mean": 120.58597010684,
      "stddev": 0.19036006659681204,
      "median": 120.62301045443999,
      "user": 908.2922628,
      "system": 24.06013626,
      "min": 120.28104857344,
      "max": 120.86713525344,
      "times": [
        120.29936244144,
        120.72038613644,
        120.74942388044,
        120.86713525344,
        120.61145072444,
        120.28104857344,
        120.44275540544,
        120.61537468544,
        120.64211774444,
        120.63064622344
      ],
      "exit_codes": [
        0,
        0,
        0,
        0,
        0,
        0,
        0,
        0,
        0,
        0
      ]
    }
  ]
}
