{
  "results": [
    {
      "command": "cargo build --jobs 8 --release --example breakout",
      "mean": 112.21540473946,
      "stddev": 0.17947034220730598,
      "median": 112.17137048926,
      "user": 848.60409946,
      "system": 22.777176320000002,
      "min": 112.01493293975999,
      "max": 112.56203230375999,
      "times": [
        112.01493293975999,
        112.31951211376,
        112.03517311876,
        112.07665268075999,
        112.18343461376,
        112.15930636476,
        112.37195900575999,
        112.07714849476,
        112.56203230375999,
        112.35389575875999
      ],
      "exit_codes": [
        0,
        0,
        0,
        0,
        0,
        0,
        0,
        0,
        0,
        0
      ]
    }
  ]
}
