{
  "results": [
    {
      "command": "cargo build --jobs 16 --release --example breakout",
      "mean": 79.5800573262,
      "stddev": 0.5910575220152476,
      "median": 79.53055339170001,
      "user": 1153.03408814,
      "system": 30.01199254,
      "min": 78.7312964402,
      "max": 80.5246790072,
      "times": [
        80.2512618102,
        79.6559606632,
        79.3644500162,
        80.5246790072,
        78.7312964402,
        79.0244059752,
        79.0015466122,
        79.4488709082,
        79.6122358752,
        80.1858659542
      ],
      "exit_codes": [
        0,
        0,
        0,
        0,
        0,
        0,
        0,
        0,
        0,
        0
      ]
    }
  ]
}
