{
  "results": [
    {
      "command": "cargo build --jobs 8 --release --example breakout",
      "mean": 121.21921574770002,
      "stddev": 0.16763195636003816,
      "median": 121.1987733021,
      "user": 916.6247093400001,
      "system": 24.58836828,
      "min": 120.88634309109999,
      "max": 121.5161992211,
      "times": [
        121.1808572131,
        120.88634309109999,
        121.2009065251,
        121.2712494871,
        121.5161992211,
        121.1192876361,
        121.19664007909999,
        121.4133546641,
        121.22260137309999,
        121.18471818709999
      ],
      "exit_codes": [
        0,
        0,
        0,
        0,
        0,
        0,
        0,
        0,
        0,
        0
      ]
    }
  ]
}
