{
  "results": [
    {
      "command": "cargo build --jobs 16 --release --example breakout",
      "mean": 80.28532771514001,
      "stddev": 0.22430258412144252,
      "median": 80.32167743764,
      "user": 1153.5826223999998,
      "system": 30.263997919999998,
      "min": 79.85213612714,
      "max": 80.65756661014001,
      "times": [
        80.35319739714001,
        80.01842083314,
        80.36341150614001,
        80.32557962114001,
        80.65756661014001,
        80.31777525414,
        80.46560409914001,
        80.19085494314001,
        79.85213612714,
        80.30873076014001
      ],
      "exit_codes": [
        0,
        0,
        0,
        0,
        0,
        0,
        0,
        0,
        0,
        0
      ]
    }
  ]
}
