{
  "results": [
    {
      "command": "cargo build --jobs 8 --release --example breakout",
      "mean": 121.45015374933999,
      "stddev": 0.1836589396148723,
      "median": 121.53540404424001,
      "user": 917.669955,
      "system": 24.717078519999994,
      "min": 121.08633022874,
      "max": 121.60885335774,
      "times": [
        121.60885335774,
        121.22264619274,
        121.56721815674,
        121.29270665774,
        121.47418526074,
        121.50892364274,
        121.60484947674,
        121.57394007374,
        121.08633022874,
        121.56188444574
      ],
      "exit_codes": [
        0,
        0,
        0,
        0,
        0,
        0,
        0,
        0,
        0,
        0
      ]
    }
  ]
}
