{
  "results": [
    {
      "command": "cargo build --jobs 8 --release --example breakout",
      "mean": 142.80366561664,
      "stddev": 0.5026632690227236,
      "median": 142.68782183384,
      "user": 1095.3499451,
      "system": 27.28489902,
      "min": 142.35822711634,
      "max": 144.02031140434,
      "times": [
        142.42327958334,
        142.69704358334,
        143.06474429934,
        144.02031140434,
        142.35822711634,
        143.03033675834,
        142.43117470734,
        142.41373364734,
        142.67860008434,
        142.91920498234
      ],
      "exit_codes": [
        0,
        0,
        0,
        0,
        0,
        0,
        0,
        0,
        0,
        0
      ]
    }
  ]
}
