{
  "results": [
    {
      "command": "cargo build --jobs 16 --release --example breakout",
      "mean": 97.54004679592,
      "stddev": 0.6827829072920327,
      "median": 97.73431534532,
      "user": 1371.9867225,
      "system": 33.982158719999994,
      "min": 96.10912383182,
      "max": 98.52815923281999,
      "times": [
        97.71470536481999,
        97.75392532581999,
        96.10912383182,
        97.98998554882,
        96.73887003582,
        98.52815923281999,
        97.93482002882,
        97.35600012782,
        97.49156704181999,
        97.78331142082
      ],
      "exit_codes": [
        0,
        0,
        0,
        0,
        0,
        0,
        0,
        0,
        0,
        0
      ]
    }
  ]
}
