{
  "results": [
    {
      "command": "cargo build --jobs 16 --release --example breakout",
      "mean": 97.69607922755999,
      "stddev": 3.4174629364921985,
      "median": 96.48658091586,
      "user": 1336.1366374799998,
      "system": 33.0477167,
      "min": 95.94050921035999,
      "max": 107.19387723535999,
      "times": [
        96.66999491435999,
        107.19387723535999,
        97.42448987236,
        98.09312382636,
        96.07691713535999,
        95.99590742036,
        95.94050921035999,
        97.27073172536,
        95.99207401836,
        96.30316691736
      ],
      "exit_codes": [
        0,
        0,
        0,
        0,
        0,
        0,
        0,
        0,
        0,
        0
      ]
    }
  ]
}
