{
  "results": [
    {
      "command": "cargo build --jobs 8 --release --example breakout",
      "mean": 142.94870212586002,
      "stddev": 0.41161679412638036,
      "median": 142.85656605006,
      "user": 1096.2462043799997,
      "system": 27.302101779999997,
      "min": 142.50477617006,
      "max": 143.91196241806,
      "times": [
        142.71660986206,
        142.77380922006,
        142.73959985406,
        142.93932288006,
        143.91196241806,
        142.53253700606,
        143.13609569806,
        142.50477617006,
        143.05591008806,
        143.17639806206
      ],
      "exit_codes": [
        0,
        0,
        0,
        0,
        0,
        0,
        0,
        0,
        0,
        0
      ]
    }
  ]
}
