{
  "results": [
    {
      "command": "cargo build --jobs 16 --release --example breakout",
      "mean": 97.43100607422001,
      "stddev": 1.0549345427229178,
      "median": 97.99997249832,
      "user": 1372.4403433399998,
      "system": 33.8337399,
      "min": 96.02204899382,
      "max": 98.61658863182,
      "times": [
        98.61658863182,
        97.90209094581999,
        98.32720090982,
        96.29695584582,
        98.11180981582,
        96.34094166282,
        96.02204899382,
        96.25280496981999,
        98.34176491582,
        98.09785405082
      ],
      "exit_codes": [
        0,
        0,
        0,
        0,
        0,
        0,
        0,
        0,
        0,
        0
      ]
    }
  ]
}
