{
  "results": [
    {
      "command": "cargo build --jobs 8 --release --example breakout",
      "mean": 117.34088489936,
      "stddev": 0.2385265840126111,
      "median": 117.30371977575999,
      "user": 905.35434018,
      "system": 23.67172044,
      "min": 117.02929679376,
      "max": 117.85476687276,
      "times": [
        117.52168875276,
        117.11769649975999,
        117.27518882876,
        117.33225072276,
        117.42355357875999,
        117.21469027776,
        117.17780991276,
        117.02929679376,
        117.46190675375999,
        117.85476687276
      ],
      "exit_codes": [
        0,
        0,
        0,
        0,
        0,
        0,
        0,
        0,
        0,
        0
      ]
    }
  ]
}
