{
  "results": [
    {
      "command": "cargo build --jobs 16 --release --example breakout",
      "mean": 76.00128218864,
      "stddev": 0.17910605343942265,
      "median": 75.99176447964,
      "user": 1145.03685456,
      "system": 29.2129207,
      "min": 75.72117428814,
      "max": 76.24761533814,
      "times": [
        76.21067226914,
        75.92804968914,
        76.24761533814,
        75.89283744914,
        75.72117428814,
        75.83229837314,
        76.07216641914,
        76.05547927014,
        76.18569656514,
        75.86683222514
      ],
      "exit_codes": [
        0,
        0,
        0,
        0,
        0,
        0,
        0,
        0,
        0,
        0
      ]
    }
  ]
}
