{
  "results": [
    {
      "command": "cargo build --jobs 8 --release --example breakout",
      "mean": 117.33115282281999,
      "stddev": 0.13143099302705502,
      "median": 117.30597233512,
      "user": 904.1530233999998,
      "system": 24.93675916,
      "min": 117.15621227962,
      "max": 117.55539558662,
      "times": [
        117.25481018962,
        117.43992858861999,
        117.35713448061999,
        117.46639014462,
        117.39933952962,
        117.21660589062,
        117.55539558662,
        117.21213923262,
        117.15621227962,
        117.25357230562
      ],
      "exit_codes": [
        0,
        0,
        0,
        0,
        0,
        0,
        0,
        0,
        0,
        0
      ]
    }
  ]
}
