{
  "results": [
    {
      "command": "cargo build --jobs 16 --release --example breakout",
      "mean": 89.19379526459998,
      "stddev": 0.5770903554216408,
      "median": 89.0209056457,
      "user": 1279.94614336,
      "system": 30.655434920000005,
      "min": 88.6720872802,
      "max": 90.6765232042,
      "times": [
        89.4431296732,
        89.1061074062,
        88.8471624092,
        89.4214680632,
        89.0593674592,
        88.9824438322,
        88.6720872802,
        88.81183296420001,
        90.6765232042,
        88.9178303542
      ],
      "exit_codes": [
        0,
        0,
        0,
        0,
        0,
        0,
        0,
        0,
        0,
        0
      ]
    }
  ]
}
