{
  "results": [
    {
      "command": "cargo build --jobs 8 --release --example breakout",
      "mean": 132.31946406313997,
      "stddev": 0.16968537927747773,
      "median": 132.36295241183998,
      "user": 1021.5193464400002,
      "system": 24.671917999999998,
      "min": 131.94272942034,
      "max": 132.51532213433998,
      "times": [
        132.16804654633998,
        132.51532213433998,
        132.38351499933998,
        132.45853705733998,
        132.30556899034,
        132.39476793833998,
        132.34238982434,
        131.94272942034,
        132.22989248733998,
        132.45387123333998
      ],
      "exit_codes": [
        0,
        0,
        0,
        0,
        0,
        0,
        0,
        0,
        0,
        0
      ]
    }
  ]
}
