{
  "results": [
    {
      "command": "cargo build --jobs 8 --release --example breakout",
      "mean": 139.44325327296002,
      "stddev": 0.16535182704301543,
      "median": 139.46008733745998,
      "user": 1074.0865147,
      "system": 26.650802139999996,
      "min": 139.14008656346002,
      "max": 139.63072339646,
      "times": [
        139.60927356246,
        139.14008656346002,
        139.57819833346,
        139.50487765446,
        139.40949263846,
        139.37870419546,
        139.21548506946002,
        139.55039429546,
        139.41529702046,
        139.63072339646
      ],
      "exit_codes": [
        0,
        0,
        0,
        0,
        0,
        0,
        0,
        0,
        0,
        0
      ]
    }
  ]
}
