{
  "results": [
    {
      "command": "cargo build --jobs 8 --release --example breakout",
      "mean": 124.56521178788,
      "stddev": 0.3177904325999558,
      "median": 124.63083285128,
      "user": 954.62480094,
      "system": 24.206417159999997,
      "min": 123.79881646428001,
      "max": 124.94994461428,
      "times": [
        124.67350082128,
        124.39229157328,
        124.51847928528001,
        124.67281873528,
        124.69026886928,
        124.94994461428,
        124.87583404428001,
        124.49131650428001,
        124.58884696728,
        123.79881646428001
      ],
      "exit_codes": [
        0,
        0,
        0,
        0,
        0,
        0,
        0,
        0,
        0,
        0
      ]
    }
  ]
}
