{
  "results": [
    {
      "command": "cargo build --jobs 16 --release --example breakout",
      "mean": 83.00905701726,
      "stddev": 2.0648107686386634,
      "median": 82.34184025006002,
      "user": 1198.58352036,
      "system": 30.171775979999996,
      "min": 81.43644518856,
      "max": 88.17935877856,
      "times": [
        82.65678579756,
        81.73446679856,
        88.17935877856,
        81.63722662856,
        84.49177953256,
        83.64416979056,
        81.62665715756,
        82.59879294956,
        82.08488755056001,
        81.43644518856
      ],
      "exit_codes": [
        0,
        0,
        0,
        0,
        0,
        0,
        0,
        0,
        0,
        0
      ]
    }
  ]
}
