{
  "results": [
    {
      "command": "cargo build --jobs 8 --release --example breakout",
      "mean": 142.61412784253997,
      "stddev": 0.23450898097455286,
      "median": 142.72535388673998,
      "user": 1096.4762185999998,
      "system": 26.1095662,
      "min": 142.22575465224,
      "max": 142.87135407024,
      "times": [
        142.80499086324,
        142.35308362524,
        142.22575465224,
        142.47681148924,
        142.36635034724,
        142.79972369924,
        142.75793650524,
        142.79250190524,
        142.87135407024,
        142.69277126824
      ],
      "exit_codes": [
        0,
        0,
        0,
        0,
        0,
        0,
        0,
        0,
        0,
        0
      ]
    }
  ]
}
