{
  "results": [
    {
      "command": "cargo build --jobs 8 --release --example breakout",
      "mean": 139.27437216809997,
      "stddev": 0.14989816485281465,
      "median": 139.2969682328,
      "user": 1070.05172338,
      "system": 26.60044252,
      "min": 138.9940586523,
      "max": 139.4958095673,
      "times": [
        139.4958095673,
        139.37702804129998,
        139.3540557033,
        138.9940586523,
        139.31570183129998,
        139.41986795929998,
        139.1667672733,
        139.1400694553,
        139.2021285633,
        139.2782346343
      ],
      "exit_codes": [
        0,
        0,
        0,
        0,
        0,
        0,
        0,
        0,
        0,
        0
      ]
    }
  ]
}
