{
  "results": [
    {
      "command": "cargo build --jobs 16 --release --example breakout",
      "mean": 71.52936221869999,
      "stddev": 0.53826452786754,
      "median": 71.39237527629999,
      "user": 1009.3818660399999,
      "system": 27.32502164,
      "min": 70.6043054668,
      "max": 72.4885338048,
      "times": [
        72.4885338048,
        71.2480119958,
        71.3768464538,
        71.96526496579999,
        71.6825455158,
        71.40790409879999,
        70.6043054668,
        72.0753585988,
        71.1368726968,
        71.3079785898
      ],
      "exit_codes": [
        0,
        0,
        0,
        0,
        0,
        0,
        0,
        0,
        0,
        0
      ]
    }
  ]
}
