{
  "results": [
    {
      "command": "cargo build --jobs 16 --release --example breakout",
      "mean": 75.47028308738,
      "stddev": 0.09311543482311804,
      "median": 75.48722433238,
      "user": 1138.34081914,
      "system": 30.502477060000007,
      "min": 75.33239638988,
      "max": 75.58188332787999,
      "times": [
        75.54281674188,
        75.41233729588,
        75.33239638988,
        75.53553355188,
        75.58188332787999,
        75.45224288888,
        75.52220577588,
        75.57398609388,
        75.40342032187999,
        75.34600848587999
      ],
      "exit_codes": [
        0,
        0,
        0,
        0,
        0,
        0,
        0,
        0,
        0,
        0
      ]
    }
  ]
}
