{
  "results": [
    {
      "command": "cargo build --jobs 16 --release --example breakout",
      "mean": 76.5638460239,
      "stddev": 3.4547664104583897,
      "median": 75.53502784620001,
      "user": 1134.8882177799999,
      "system": 29.570330539999997,
      "min": 74.9222769367,
      "max": 86.3699941097,
      "times": [
        75.6633462677,
        75.3549432107,
        75.7964809777,
        75.7315728457,
        74.9222769367,
        75.45595747370001,
        75.4155461407,
        86.3699941097,
        75.61409821870001,
        75.31424405770001
      ],
      "exit_codes": [
        0,
        0,
        0,
        0,
        0,
        0,
        0,
        0,
        0,
        0
      ]
    }
  ]
}
