{
  "results": [
    {
      "command": "cargo build --jobs 8 --release --example breakout",
      "mean": 134.97617421607998,
      "stddev": 0.1521906786442816,
      "median": 134.99333084258,
      "user": 1031.7557461800002,
      "system": 25.583777399999995,
      "min": 134.70976707508,
      "max": 135.17437117608,
      "times": [
        134.81093476408,
        134.94351911308001,
        135.14448413908,
        135.02707366008,
        135.00493407408,
        135.17437117608,
        135.12026346708,
        134.98172761108,
        134.84466708108,
        134.70976707508
      ],
      "exit_codes": [
        0,
        0,
        0,
        0,
        0,
        0,
        0,
        0,
        0,
        0
      ]
    }
  ]
}
