{
  "results": [
    {
      "command": "cargo build --jobs 16 --release --example breakout",
      "mean": 79.14120671027999,
      "stddev": 0.472451835612698,
      "median": 79.14506197368,
      "user": 1168.5720774999998,
      "system": 29.799699840000006,
      "min": 78.18112858068,
      "max": 79.85684250668,
      "times": [
        79.07516010568,
        79.13106056868,
        78.18112858068,
        79.49591913468,
        79.49564815968,
        79.32333003068,
        79.85684250668,
        78.60984541668,
        79.08406922068001,
        79.15906337868
      ],
      "exit_codes": [
        0,
        0,
        0,
        0,
        0,
        0,
        0,
        0,
        0,
        0
      ]
    }
  ]
}
