{
  "results": [
    {
      "command": "cargo build --jobs 16 --release --example breakout",
      "mean": 96.10601340754,
      "stddev": 0.7440155218916227,
      "median": 95.91912584854,
      "user": 1345.31436322,
      "system": 33.35274778,
      "min": 94.81356389654,
      "max": 97.19049508854,
      "times": [
        95.87797443754,
        95.88179695554,
        95.95645474154,
        97.19049508854,
        96.36373432054,
        97.00209777854,
        95.65226074854,
        96.84262728554,
        94.81356389654,
        95.47912882254
      ],
      "exit_codes": [
        0,
        0,
        0,
        0,
        0,
        0,
        0,
        0,
        0,
        0
      ]
    }
  ]
}
