{
  "results": [
    {
      "command": "cargo build --jobs 8 --release --example breakout",
      "mean": 139.81068201867998,
      "stddev": 0.4059234752811002,
      "median": 139.69901482337997,
      "user": 1074.60543112,
      "system": 26.806124399999998,
      "min": 139.44570993738,
      "max": 140.83865892838,
      "times": [
        139.46196428738,
        139.68346656237998,
        139.57088953438,
        139.82227054638,
        139.71456308438,
        140.01050611937998,
        139.93183394738,
        139.62695723937998,
        139.44570993738,
        140.83865892838
      ],
      "exit_codes": [
        0,
        0,
        0,
        0,
        0,
        0,
        0,
        0,
        0,
        0
      ]
    }
  ]
}
