{
  "results": [
    {
      "command": "cargo build --jobs 16 --release --example breakout",
      "mean": 78.33117293902,
      "stddev": 0.21580861804126686,
      "median": 78.32411579501999,
      "user": 1179.82843938,
      "system": 30.101413880000003,
      "min": 77.94610529552,
      "max": 78.62813897951999,
      "times": [
        78.51136684852,
        78.46086675551999,
        78.62813897951999,
        77.94610529552,
        78.18308357352,
        78.34492625351999,
        78.58123557751999,
        78.18061650252,
        78.30330533652,
        78.17208426751999
      ],
      "exit_codes": [
        0,
        0,
        0,
        0,
        0,
        0,
        0,
        0,
        0,
        0
      ]
    }
  ]
}
