{
  "results": [
    {
      "command": "cargo build --jobs 8 --release --example breakout",
      "mean": 121.68171410898,
      "stddev": 0.2395139934761751,
      "median": 121.74795554388001,
      "user": 933.0170132199999,
      "system": 24.359714779999997,
      "min": 121.25785534788001,
      "max": 122.15331610888,
      "times": [
        121.54003547888,
        121.74984719688,
        121.75099163988,
        121.25785534788001,
        121.77145516388,
        121.74606389088001,
        121.44235910588,
        121.78735887988,
        121.61785827688,
        122.15331610888
      ],
      "exit_codes": [
        0,
        0,
        0,
        0,
        0,
        0,
        0,
        0,
        0,
        0
      ]
    }
  ]
}
