{
  "results": [
    {
      "command": "cargo build --jobs 8 --release --example breakout",
      "mean": 125.04535932768002,
      "stddev": 0.2103860767749482,
      "median": 125.08325335638,
      "user": 958.6816585999999,
      "system": 25.484612679999998,
      "min": 124.73852364138,
      "max": 125.39028713937999,
      "times": [
        125.20450070438,
        125.09093654838,
        124.99451170137999,
        125.39028713937999,
        125.07557016438,
        125.13593248638,
        125.20942374838,
        124.75431945238,
        124.85958769038,
        124.73852364138
      ],
      "exit_codes": [
        0,
        0,
        0,
        0,
        0,
        0,
        0,
        0,
        0,
        0
      ]
    }
  ]
}
