{
  "results": [
    {
      "command": "cargo build --jobs 16 --release --example breakout",
      "mean": 87.13280670002001,
      "stddev": 0.4065182551788766,
      "median": 87.13533524452001,
      "user": 1218.0619270200002,
      "system": 32.12886868,
      "min": 86.63957994452,
      "max": 87.63989635752,
      "times": [
        86.63957994452,
        86.84926405252,
        86.70415487552,
        87.00282629552,
        87.26784419352,
        87.63989635752,
        87.50313398952,
        87.62685439252,
        87.42920494652,
        86.66530795252
      ],
      "exit_codes": [
        0,
        0,
        0,
        0,
        0,
        0,
        0,
        0,
        0,
        0
      ]
    }
  ]
}
