{
  "results": [
    {
      "command": "cargo build --jobs 8 --release --example breakout",
      "mean": 126.90021137534002,
      "stddev": 0.23036244303924347,
      "median": 127.00618743894,
      "user": 971.8272020800001,
      "system": 25.61438648,
      "min": 126.40798074344,
      "max": 127.08699187744,
      "times": [
        126.98868374344,
        127.01167773744001,
        126.61213259644,
        127.00069714044001,
        126.75447200844,
        127.04674059644,
        127.08699187744,
        127.01764421044001,
        126.40798074344,
        127.07509309944001
      ],
      "exit_codes": [
        0,
        0,
        0,
        0,
        0,
        0,
        0,
        0,
        0,
        0
      ]
    }
  ]
}
