{
  "results": [
    {
      "command": "cargo build --jobs 8 --release --example breakout",
      "mean": 116.75476840468,
      "stddev": 0.21021544001808484,
      "median": 116.77541978468,
      "user": 898.0547126599998,
      "system": 24.016564319999997,
      "min": 116.44182314118,
      "max": 117.00903431018,
      "times": [
        116.58467418517999,
        116.69246893718,
        116.87548697717999,
        116.73141994817999,
        116.81941962117999,
        117.00903431018,
        116.44182314118,
        117.00571952518,
        116.45653034918,
        116.93110705218
      ],
      "exit_codes": [
        0,
        0,
        0,
        0,
        0,
        0,
        0,
        0,
        0,
        0
      ]
    }
  ]
}
