{
  "results": [
    {
      "command": "cargo build --jobs 16 --release --example breakout",
      "mean": 75.06348505335998,
      "stddev": 0.2173604552184729,
      "median": 75.07512028596,
      "user": 1132.4758835199998,
      "system": 29.46584434,
      "min": 74.76227276796,
      "max": 75.40881852996,
      "times": [
        75.40881852996,
        74.91734620695999,
        74.84649444496,
        74.76227276796,
        75.15560197196,
        75.21810573396,
        74.84910674396,
        75.22534101896,
        74.99463859996,
        75.25712451496
      ],
      "exit_codes": [
        0,
        0,
        0,
        0,
        0,
        0,
        0,
        0,
        0,
        0
      ]
    }
  ]
}
