{
  "results": [
    {
      "command": "cargo build --jobs 8 --release --example breakout",
      "mean": 125.36996182882001,
      "stddev": 0.11905247590763868,
      "median": 125.36163993962,
      "user": 961.4173464399998,
      "system": 25.171548039999998,
      "min": 125.22242409162,
      "max": 125.54668589862,
      "times": [
        125.22392974262,
        125.54668589862,
        125.22242409162,
        125.44898608162,
        125.29621899062,
        125.53876265062,
        125.42741100362,
        125.36383033162,
        125.35944954762,
        125.27191994962
      ],
      "exit_codes": [
        0,
        0,
        0,
        0,
        0,
        0,
        0,
        0,
        0,
        0
      ]
    }
  ]
}
