{
  "results": [
    {
      "command": "cargo build --jobs 16 --release --example breakout",
      "mean": 75.55082108474001,
      "stddev": 0.2960580089916246,
      "median": 75.56438188444,
      "user": 1139.5267975,
      "system": 30.551059040000002,
      "min": 75.02027649144,
      "max": 75.95226240443999,
      "times": [
        75.21279709343999,
        75.91926976744,
        75.36765910844,
        75.53023186144,
        75.59853190743999,
        75.78882427043999,
        75.02027649144,
        75.51935448244,
        75.95226240443999,
        75.59900346043999
      ],
      "exit_codes": [
        0,
        0,
        0,
        0,
        0,
        0,
        0,
        0,
        0,
        0
      ]
    }
  ]
}
