{
  "results": [
    {
      "command": "cargo build --jobs 16 --release --example breakout",
      "mean": 90.4119733474,
      "stddev": 2.5821371548369743,
      "median": 89.5105802617,
      "user": 1269.5963587399997,
      "system": 31.007666160000003,
      "min": 88.5272009732,
      "max": 97.2740290432,
      "times": [
        88.9420353742,
        90.9047028602,
        88.5272009732,
        91.1737212072,
        90.5323210412,
        97.2740290432,
        89.4786958682,
        88.8646642282,
        89.5424646552,
        88.8798982232
      ],
      "exit_codes": [
        0,
        0,
        0,
        0,
        0,
        0,
        0,
        0,
        0,
        0
      ]
    }
  ]
}
