{
  "results": [
    {
      "command": "cargo build --jobs 8 --release --example breakout",
      "mean": 132.15196965447998,
      "stddev": 0.1231378250237489,
      "median": 132.15429679588,
      "user": 1015.9655458999999,
      "system": 25.0037511,
      "min": 131.95736620687998,
      "max": 132.28604535788,
      "times": [
        132.15066826187999,
        131.95736620687998,
        132.28467261187998,
        132.15792532988,
        131.99486450688,
        132.25468189588,
        132.28604535788,
        132.27713165688,
        132.10248341988,
        132.05385729687998
      ],
      "exit_codes": [
        0,
        0,
        0,
        0,
        0,
        0,
        0,
        0,
        0,
        0
      ]
    }
  ]
}
