{
  "results": [
    {
      "command": "cargo build --jobs 8 --release --example breakout",
      "mean": 121.65843495322001,
      "stddev": 0.25683766407755604,
      "median": 121.61814692202,
      "user": 907.39658054,
      "system": 23.854245419999994,
      "min": 121.15645565752,
      "max": 122.02089913552001,
      "times": [
        121.45704734552001,
        121.15645565752,
        121.72799529552,
        121.57590889752001,
        121.95342689452,
        121.89815317252001,
        121.63111014852001,
        122.02089913552001,
        121.60518369552001,
        121.55816928952001
      ],
      "exit_codes": [
        0,
        0,
        0,
        0,
        0,
        0,
        0,
        0,
        0,
        0
      ]
    }
  ]
}
