{
  "results": [
    {
      "command": "cargo build --jobs 8 --release --example breakout",
      "mean": 121.84696905231996,
      "stddev": 0.31612999387858437,
      "median": 121.93960506022,
      "user": 924.56350124,
      "system": 24.0663564,
      "min": 121.34179196122,
      "max": 122.25665194922,
      "times": [
        121.98367522422,
        121.62237290022,
        122.03091492322,
        122.08743759722,
        121.66377619622,
        122.25665194922,
        121.89553489622,
        121.42361389722,
        121.34179196122,
        122.16392097822
      ],
      "exit_codes": [
        0,
        0,
        0,
        0,
        0,
        0,
        0,
        0,
        0,
        0
      ]
    }
  ]
}
