{
  "results": [
    {
      "command": "cargo build --jobs 16 --release --example breakout",
      "mean": 78.98726374588,
      "stddev": 0.29842599711500417,
      "median": 79.13622512507999,
      "user": 1168.84518388,
      "system": 29.783329900000002,
      "min": 78.51378642658,
      "max": 79.30439085057999,
      "times": [
        78.51378642658,
        79.20481801758,
        79.15491962557999,
        78.77546614858,
        79.30439085057999,
        79.11753062458,
        79.27610288458,
        78.69326395658,
        78.63374681757999,
        79.19861210658
      ],
      "exit_codes": [
        0,
        0,
        0,
        0,
        0,
        0,
        0,
        0,
        0,
        0
      ]
    }
  ]
}
