{
  "results": [
    {
      "command": "cargo build --jobs 16 --release --example breakout",
      "mean": 80.26131684605998,
      "stddev": 0.19474514450812505,
      "median": 80.31849390596,
      "user": 1203.6372037400001,
      "system": 30.756297240000002,
      "min": 79.79533351095999,
      "max": 80.49726681796,
      "times": [
        80.33083653995999,
        80.36784219196,
        80.30615127195999,
        80.39376037295999,
        79.79533351095999,
        80.49726681796,
        80.25548769795999,
        80.11192681195999,
        80.20683652395999,
        80.34772672096
      ],
      "exit_codes": [
        0,
        0,
        0,
        0,
        0,
        0,
        0,
        0,
        0,
        0
      ]
    }
  ]
}
