{
  "results": [
    {
      "command": "cargo build --jobs 8 --release --example breakout",
      "mean": 136.69721695773998,
      "stddev": 0.2145542924051542,
      "median": 136.71231745993998,
      "user": 1046.7819924399998,
      "system": 26.23275136,
      "min": 136.23791826144,
      "max": 136.95115734344,
      "times": [
        136.74655099244,
        136.79537125043998,
        136.23791826144,
        136.95115734344,
        136.89263855944,
        136.90490794744,
        136.54030567243998,
        136.66814424844,
        136.67808392743999,
        136.55709137444
      ],
      "exit_codes": [
        0,
        0,
        0,
        0,
        0,
        0,
        0,
        0,
        0,
        0
      ]
    }
  ]
}
