{
  "results": [
    {
      "command": "cargo build --jobs 8 --release --example breakout",
      "mean": 136.05066960236,
      "stddev": 0.30865779453258413,
      "median": 135.93919521996,
      "user": 1043.4085561,
      "system": 24.161581599999998,
      "min": 135.69113198246,
      "max": 136.65567748045999,
      "times": [
        135.69113198246,
        135.85326782046,
        135.90550994546,
        135.96232213446,
        136.19095211345999,
        136.37710445145999,
        135.91606830546,
        135.71354378846,
        136.24111800146,
        136.65567748045999
      ],
      "exit_codes": [
        0,
        0,
        0,
        0,
        0,
        0,
        0,
        0,
        0,
        0
      ]
    }
  ]
}
