{
  "results": [
    {
      "command": "cargo build --jobs 8 --release --example breakout",
      "mean": 139.44004648146,
      "stddev": 0.3261561504513368,
      "median": 139.40146301286,
      "user": 1066.3440057,
      "system": 25.765130160000002,
      "min": 139.01402942086003,
      "max": 140.19653583286,
      "times": [
        139.61349365586003,
        139.56327419486,
        139.27667376786002,
        139.36108106286002,
        139.50438674986,
        140.19653583286,
        139.31361500086,
        139.11553016586,
        139.01402942086003,
        139.44184496286002
      ],
      "exit_codes": [
        0,
        0,
        0,
        0,
        0,
        0,
        0,
        0,
        0,
        0
      ]
    }
  ]
}
