{
  "results": [
    {
      "command": "cargo build --jobs 16 --release --example breakout",
      "mean": 97.42302436486,
      "stddev": 3.9880999707271725,
      "median": 96.07219181076,
      "user": 1336.32445476,
      "system": 33.25974011999999,
      "min": 94.97655729776001,
      "max": 108.34422355876,
      "times": [
        94.97655729776001,
        96.60180324276,
        97.79517412176,
        95.24099590276,
        97.67878041776001,
        95.22437632876,
        95.45470108476,
        95.54258037876001,
        97.37105131476001,
        108.34422355876
      ],
      "exit_codes": [
        0,
        0,
        0,
        0,
        0,
        0,
        0,
        0,
        0,
        0
      ]
    }
  ]
}
