{
  "results": [
    {
      "command": "cargo build --jobs 8 --release --example breakout",
      "mean": 105.09422512012,
      "stddev": 0.23231679317794476,
      "median": 105.10447375202,
      "user": 793.2401053800002,
      "system": 21.635906679999998,
      "min": 104.68044246702,
      "max": 105.46522518302,
      "times": [
        104.68044246702,
        104.99600987702,
        104.87347975301999,
        105.05488343501999,
        105.46522518302,
        104.95360025801999,
        105.15406406902,
        105.26064653601999,
        105.34182162501999,
        105.16207799802
      ],
      "exit_codes": [
        0,
        0,
        0,
        0,
        0,
        0,
        0,
        0,
        0,
        0
      ]
    }
  ]
}
