{
  "results": [
    {
      "command": "cargo build --jobs 16 --release --example breakout",
      "mean": 76.96268241101998,
      "stddev": 4.304548475824073,
      "median": 75.63867134342,
      "user": 1145.5815961600001,
      "system": 29.592752839999996,
      "min": 75.16490531792,
      "max": 89.18250372292,
      "times": [
        75.26869811992,
        75.16490531792,
        76.00047632092,
        75.48829164092,
        89.18250372292,
        76.05357893992,
        75.37783200892,
        75.84943099392,
        75.45205599892,
        75.78905104592
      ],
      "exit_codes": [
        0,
        0,
        0,
        0,
        0,
        0,
        0,
        0,
        0,
        0
      ]
    }
  ]
}
