{
  "results": [
    {
      "command": "cargo build --jobs 8 --release --example breakout",
      "mean": 117.54768799568001,
      "stddev": 0.19992907521387407,
      "median": 117.48569985638,
      "user": 905.82096542,
      "system": 24.91472798,
      "min": 117.26472943738,
      "max": 117.82599121338001,
      "times": [
        117.26472943738,
        117.65795767338,
        117.40262018538,
        117.75552152038,
        117.42814218438001,
        117.50288225338,
        117.82599121338001,
        117.80935469938,
        117.36116333038,
        117.46851745938
      ],
      "exit_codes": [
        0,
        0,
        0,
        0,
        0,
        0,
        0,
        0,
        0,
        0
      ]
    }
  ]
}
