{
  "results": [
    {
      "command": "cargo build --jobs 8 --release --example breakout",
      "mean": 105.45861952266,
      "stddev": 0.4106968740941925,
      "median": 105.45888084256,
      "user": 793.1423460999999,
      "system": 21.585417579999994,
      "min": 104.48521058806,
      "max": 106.03428769406,
      "times": [
        105.33875797106,
        105.43874466106,
        104.48521058806,
        105.47901702406,
        105.90561183506,
        105.50629115806,
        105.39326440106,
        105.41958094806,
        106.03428769406,
        105.58542894606
      ],
      "exit_codes": [
        0,
        0,
        0,
        0,
        0,
        0,
        0,
        0,
        0,
        0
      ]
    }
  ]
}
