{
  "results": [
    {
      "command": "cargo build --jobs 16 --release --example breakout",
      "mean": 70.35978357838002,
      "stddev": 0.7938235798706172,
      "median": 70.28719557428,
      "user": 992.0681803999998,
      "system": 27.345325300000002,
      "min": 68.58718039578,
      "max": 71.55623074278,
      "times": [
        71.55623074278,
        71.18914587878,
        70.25637422978001,
        70.31801691878,
        70.80179230578,
        70.16858626878,
        70.01401658278,
        70.20167638578,
        68.58718039578,
        70.50481607478
      ],
      "exit_codes": [
        0,
        0,
        0,
        0,
        0,
        0,
        0,
        0,
        0,
        0
      ]
    }
  ]
}
