{
  "results": [
    {
      "command": "cargo build --jobs 16 --release --example breakout",
      "mean": 97.23036488458001,
      "stddev": 1.219346819584004,
      "median": 97.12191186568,
      "user": 1339.79365186,
      "system": 33.189697880000004,
      "min": 95.96595347018,
      "max": 98.90123167818,
      "times": [
        96.09652439718,
        98.80978921918,
        96.04979763118,
        97.96430784818,
        95.96595347018,
        98.02851065718001,
        98.02733428118,
        96.18068378018,
        96.27951588318001,
        98.90123167818
      ],
      "exit_codes": [
        0,
        0,
        0,
        0,
        0,
        0,
        0,
        0,
        0,
        0
      ]
    }
  ]
}
