{
  "results": [
    {
      "command": "cargo build --jobs 8 --release --example breakout",
      "mean": 117.07223339606,
      "stddev": 0.08262139018007765,
      "median": 117.07582063516,
      "user": 903.37280904,
      "system": 23.88723956,
      "min": 116.88051876416,
      "max": 117.16042552116001,
      "times": [
        117.15731315616,
        117.07056495316,
        117.08107631716,
        116.88051876416,
        117.04972064216,
        117.06606174816,
        117.16042552116001,
        117.01350562116001,
        117.10257402016,
        117.14057321716
      ],
      "exit_codes": [
        0,
        0,
        0,
        0,
        0,
        0,
        0,
        0,
        0,
        0
      ]
    }
  ]
}
