{
  "results": [
    {
      "command": "cargo build --jobs 16 --release --example breakout",
      "mean": 75.13439098008,
      "stddev": 0.32608423586137303,
      "median": 75.21244060498,
      "user": 1139.5565877,
      "system": 29.412942799999996,
      "min": 74.73416583798,
      "max": 75.52984326997999,
      "times": [
        75.29700058598,
        74.73684362098,
        75.13273906598,
        74.73416583798,
        75.29214214398,
        74.83151305097999,
        74.82420334897999,
        75.52984326997999,
        75.49706414798,
        75.46839472798
      ],
      "exit_codes": [
        0,
        0,
        0,
        0,
        0,
        0,
        0,
        0,
        0,
        0
      ]
    }
  ]
}
