{
  "results": [
    {
      "command": "cargo build --jobs 16 --release --example breakout",
      "mean": 75.13574541658001,
      "stddev": 0.37436855029488875,
      "median": 75.00579246298,
      "user": 1137.85178956,
      "system": 30.496647519999993,
      "min": 74.64943933548001,
      "max": 75.64835256148001,
      "times": [
        75.64835256148001,
        75.46243633048,
        74.64943933548001,
        74.75195035748,
        74.91977256748001,
        75.09181235848,
        74.85331673948001,
        75.51814170848,
        75.55923392548,
        74.90299828148001
      ],
      "exit_codes": [
        0,
        0,
        0,
        0,
        0,
        0,
        0,
        0,
        0,
        0
      ]
    }
  ]
}
