{
  "results": [
    {
      "command": "cargo build --jobs 8 --release --example breakout",
      "mean": 117.08798095052,
      "stddev": 0.12649182196109834,
      "median": 117.09077356582,
      "user": 901.5674727400001,
      "system": 24.71549762,
      "min": 116.92042321132,
      "max": 117.33246528632,
      "times": [
        117.21297021832,
        117.11110667732,
        116.92042321132,
        116.98600270732,
        117.16515892832,
        117.07403009332,
        116.95439395932,
        117.10751703832,
        117.01574138532,
        117.33246528632
      ],
      "exit_codes": [
        0,
        0,
        0,
        0,
        0,
        0,
        0,
        0,
        0,
        0
      ]
    }
  ]
}
