{
  "results": [
    {
      "command": "cargo build --jobs 16 --release --example breakout",
      "mean": 95.72070166816,
      "stddev": 0.47784685705940483,
      "median": 95.68583917046,
      "user": 1337.28865828,
      "system": 33.0257928,
      "min": 95.05101186946,
      "max": 96.76306885246,
      "times": [
        95.35019878746,
        95.65769819046,
        95.78326426546,
        96.76306885246,
        96.05078004546,
        96.00433098546,
        95.05101186946,
        95.42518745946,
        95.40749607546,
        95.71398015046
      ],
      "exit_codes": [
        0,
        0,
        0,
        0,
        0,
        0,
        0,
        0,
        0,
        0
      ]
    }
  ]
}
