{
  "results": [
    {
      "command": "cargo build --jobs 8 --release --example breakout",
      "mean": 138.99965968808,
      "stddev": 0.17881570235289368,
      "median": 139.01390365598002,
      "user": 1069.1146200599999,
      "system": 26.54481512,
      "min": 138.73261991148001,
      "max": 139.25027431248,
      "times": [
        138.73261991148001,
        139.08367549048,
        138.79596012948,
        139.06554693048,
        139.02614356248,
        139.25027431248,
        139.00166374948,
        139.24908354948,
        138.98603380748,
        138.80559543748
      ],
      "exit_codes": [
        0,
        0,
        0,
        0,
        0,
        0,
        0,
        0,
        0,
        0
      ]
    }
  ]
}
