{
  "results": [
    {
      "command": "cargo build --jobs 16 --release --example breakout",
      "mean": 74.73700316338001,
      "stddev": 0.46708290781833145,
      "median": 74.87632850118,
      "user": 1097.4490116400002,
      "system": 28.344462,
      "min": 74.03458075118,
      "max": 75.33838209817999,
      "times": [
        74.03458075118,
        74.96430622118,
        74.86448919818,
        75.33838209817999,
        74.21484105217999,
        75.02451744318,
        74.11077399818,
        74.88816780418,
        74.67668073618,
        75.25329233117999
      ],
      "exit_codes": [
        0,
        0,
        0,
        0,
        0,
        0,
        0,
        0,
        0,
        0
      ]
    }
  ]
}
