{
  "results": [
    {
      "command": "cargo build --jobs 8 --release --example breakout",
      "mean": 114.9827464866,
      "stddev": 0.10041856689441707,
      "median": 114.9721456572,
      "user": 869.3602110999998,
      "system": 22.638796539999998,
      "min": 114.8364349767,
      "max": 115.18215910170001,
      "times": [
        114.93108265970001,
        114.9739217517,
        114.9734191767,
        115.0780149337,
        114.8706510377,
        115.0498096117,
        115.18215910170001,
        114.9610994787,
        114.9708721377,
        114.8364349767
      ],
      "exit_codes": [
        0,
        0,
        0,
        0,
        0,
        0,
        0,
        0,
        0,
        0
      ]
    }
  ]
}
