{
  "results": [
    {
      "command": "cargo build --jobs 8 --release --example breakout",
      "mean": 139.57885415180004,
      "stddev": 0.4169618265917876,
      "median": 139.4975382375,
      "user": 1073.217067,
      "system": 26.71928664,
      "min": 139.1190700015,
      "max": 140.2824775855,
      "times": [
        139.7972244565,
        140.2824775855,
        139.4422172045,
        139.1190700015,
        139.3185046225,
        139.1395033455,
        139.1510518805,
        139.5528592705,
        140.0409857295,
        139.9446474215
      ],
      "exit_codes": [
        0,
        0,
        0,
        0,
        0,
        0,
        0,
        0,
        0,
        0
      ]
    }
  ]
}
