{
  "results": [
    {
      "command": "cargo build --jobs 8 --release --example breakout",
      "mean": 120.24727004639999,
      "stddev": 0.13457655564485582,
      "median": 120.2884278565,
      "user": 910.5286052799999,
      "system": 24.09972522,
      "min": 119.964654,
      "max": 120.40274418,
      "times": [
        120.28024056999999,
        120.33973748,
        120.40274418,
        120.296615143,
        120.34355804699999,
        120.21160500799999,
        120.338033664,
        120.212153246,
        120.08335912599999,
        119.964654
      ],
      "exit_codes": [
        0,
        0,
        0,
        0,
        0,
        0,
        0,
        0,
        0,
        0
      ]
    }
  ]
}
