{
  "results": [
    {
      "command": "cargo build --jobs 8 --release --example breakout",
      "mean": 117.40742357386,
      "stddev": 0.28817683409300343,
      "median": 117.47011767926,
      "user": 905.2328484,
      "system": 23.666209060000003,
      "min": 116.83278049726,
      "max": 117.81637472826,
      "times": [
        116.83278049726,
        117.17400456526,
        117.57757054726,
        117.50916702626,
        117.53704167026,
        117.69813663726,
        117.81637472826,
        117.43106833226,
        117.29448876726,
        117.20360296726
      ],
      "exit_codes": [
        0,
        0,
        0,
        0,
        0,
        0,
        0,
        0,
        0,
        0
      ]
    }
  ]
}
