{
  "results": [
    {
      "command": "cargo build --jobs 16 --release --example breakout",
      "mean": 97.26999262382,
      "stddev": 2.426285675396363,
      "median": 96.47875432332,
      "user": 1340.6299587599997,
      "system": 32.47553686,
      "min": 96.22183123982,
      "max": 104.15006451482,
      "times": [
        96.22183123982,
        96.56668155282,
        96.68601857882,
        96.96384632382001,
        96.28864088082,
        104.15006451482,
        96.41145280982,
        96.48296048582,
        96.47454816082,
        96.45388169082
      ],
      "exit_codes": [
        0,
        0,
        0,
        0,
        0,
        0,
        0,
        0,
        0,
        0
      ]
    }
  ]
}
