{
  "results": [
    {
      "command": "cargo build --jobs 16 --release --example breakout",
      "mean": 75.9028283494,
      "stddev": 0.30038106165730505,
      "median": 75.9719007128,
      "user": 1139.9773083599998,
      "system": 30.505192240000003,
      "min": 75.3427424603,
      "max": 76.2330222583,
      "times": [
        76.1589346953,
        76.0887365683,
        75.9484033333,
        76.2330222583,
        75.9069330853,
        76.1318879403,
        75.4439974903,
        75.3427424603,
        75.7782275703,
        75.9953980923
      ],
      "exit_codes": [
        0,
        0,
        0,
        0,
        0,
        0,
        0,
        0,
        0,
        0
      ]
    }
  ]
}
