{
  "results": [
    {
      "command": "cargo build --jobs 8 --release --example breakout",
      "mean": 139.54508270896,
      "stddev": 0.17475363551491005,
      "median": 139.56604117696,
      "user": 1068.45401318,
      "system": 26.3294519,
      "min": 139.28785839346,
      "max": 139.84772481846,
      "times": [
        139.60703067446,
        139.72964993445999,
        139.58072844346,
        139.32804268046,
        139.50843289846,
        139.61949708646,
        139.84772481846,
        139.55135391046,
        139.39050824946,
        139.28785839346
      ],
      "exit_codes": [
        0,
        0,
        0,
        0,
        0,
        0,
        0,
        0,
        0,
        0
      ]
    }
  ]
}
