{
  "results": [
    {
      "command": "cargo build --jobs 8 --release --example breakout",
      "mean": 121.83535423163998,
      "stddev": 0.527276244716683,
      "median": 121.74969230223999,
      "user": 935.1628397799999,
      "system": 24.373577379999997,
      "min": 121.28618757324,
      "max": 123.17056395323999,
      "times": [
        121.45012858224,
        121.43311802224,
        121.90120318324,
        121.98465990124,
        121.80202443824,
        121.98726593024,
        121.69736016624,
        123.17056395323999,
        121.64103056623999,
        121.28618757324
      ],
      "exit_codes": [
        0,
        0,
        0,
        0,
        0,
        0,
        0,
        0,
        0,
        0
      ]
    }
  ]
}
