{
  "results": [
    {
      "command": "cargo build --jobs 16 --release --example breakout",
      "mean": 78.46779696262,
      "stddev": 0.06820720837832478,
      "median": 78.47067830642,
      "user": 1181.4399902999999,
      "system": 29.965366759999995,
      "min": 78.39474062842,
      "max": 78.57317937742,
      "times": [
        78.50376537242,
        78.46241414442,
        78.50657112342,
        78.57317937742,
        78.55985792242,
        78.39474062842,
        78.39752607142,
        78.47894246842,
        78.40155605842,
        78.39941645942
      ],
      "exit_codes": [
        0,
        0,
        0,
        0,
        0,
        0,
        0,
        0,
        0,
        0
      ]
    }
  ]
}
