{
  "results": [
    {
      "command": "cargo build --jobs 8 --release --example breakout",
      "mean": 117.80755143902002,
      "stddev": 0.14037205017218982,
      "median": 117.77789265382,
      "user": 903.3152926999999,
      "system": 24.00371402,
      "min": 117.62300957632,
      "max": 118.04905763932001,
      "times": [
        117.71893587932,
        117.86201316832,
        117.98576803732,
        117.64360827932,
        117.73675566232001,
        118.04905763932001,
        117.90058084032,
        117.77177886332001,
        117.78400644432,
        117.62300957632
      ],
      "exit_codes": [
        0,
        0,
        0,
        0,
        0,
        0,
        0,
        0,
        0,
        0
      ]
    }
  ]
}
