{
  "results": [
    {
      "command": "cargo build --jobs 16 --release --example breakout",
      "mean": 75.43267697795999,
      "stddev": 0.2825901337629797,
      "median": 75.41769987155999,
      "user": 1141.6947989199998,
      "system": 29.499518740000003,
      "min": 74.87838545256,
      "max": 75.80148824855999,
      "times": [
        75.79428644155999,
        75.40805169656,
        75.32459768256,
        75.21117827056,
        75.80148824855999,
        75.66706538056,
        75.52353957356,
        75.29082898656,
        75.42734804656,
        74.87838545256
      ],
      "exit_codes": [
        0,
        0,
        0,
        0,
        0,
        0,
        0,
        0,
        0,
        0
      ]
    }
  ]
}
