{
  "results": [
    {
      "command": "cargo build --jobs 8 --release --example breakout",
      "mean": 104.89109010892,
      "stddev": 0.5552602149951462,
      "median": 104.94926851942,
      "user": 790.2297505399999,
      "system": 21.804357879999994,
      "min": 104.18471879142001,
      "max": 105.49841678842,
      "times": [
        104.49755784542,
        104.60648463342001,
        105.45560227642001,
        105.29205240542001,
        104.31388515242,
        105.44494166942,
        104.28987860442001,
        105.49841678842,
        105.32736292242001,
        104.18471879142001
      ],
      "exit_codes": [
        0,
        0,
        0,
        0,
        0,
        0,
        0,
        0,
        0,
        0
      ]
    }
  ]
}
