{
  "results": [
    {
      "command": "cargo build --jobs 16 --release --example breakout",
      "mean": 74.66682076987999,
      "stddev": 0.3847569325206534,
      "median": 74.60546925338001,
      "user": 1098.3789977999998,
      "system": 28.327602239999997,
      "min": 74.25199688888,
      "max": 75.44237427488001,
      "times": [
        74.46386881388,
        74.89831440788001,
        74.25199688888,
        74.25542196788001,
        74.51810136088001,
        75.44237427488001,
        74.85710671288001,
        74.30151821288,
        74.69283714588,
        74.98666791288001
      ],
      "exit_codes": [
        0,
        0,
        0,
        0,
        0,
        0,
        0,
        0,
        0,
        0
      ]
    }
  ]
}
