{
  "results": [
    {
      "command": "cargo build --jobs 8 --release --example breakout",
      "mean": 115.11754483464001,
      "stddev": 0.16707899106934904,
      "median": 115.12942100324,
      "user": 869.8788650399999,
      "system": 22.687349159999997,
      "min": 114.84955909974,
      "max": 115.35834736474,
      "times": [
        115.19317131074,
        115.07438339874,
        115.19103131274001,
        114.93702406374,
        114.84955909974,
        115.18445860774,
        115.03356317674,
        115.34618339774,
        115.35834736474,
        115.00772661374
      ],
      "exit_codes": [
        0,
        0,
        0,
        0,
        0,
        0,
        0,
        0,
        0,
        0
      ]
    }
  ]
}
