{
  "results": [
    {
      "command": "cargo build --jobs 8 --release --example breakout",
      "mean": 120.58979713209999,
      "stddev": 0.31546250968739764,
      "median": 120.59782171059999,
      "user": 924.03917918,
      "system": 24.2096818,
      "min": 120.13362805759999,
      "max": 121.1497159036,
      "times": [
        120.79502228659999,
        120.8988321096,
        121.1497159036,
        120.53058813359999,
        120.13362805759999,
        120.6650552876,
        120.4086157556,
        120.39048895159999,
        120.7105618606,
        120.21546297459999
      ],
      "exit_codes": [
        0,
        0,
        0,
        0,
        0,
        0,
        0,
        0,
        0,
        0
      ]
    }
  ]
}
