{
  "results": [
    {
      "command": "cargo build --jobs 8 --release --example breakout",
      "mean": 117.43062081891999,
      "stddev": 0.20521486718957493,
      "median": 117.39587012022,
      "user": 904.46302038,
      "system": 24.847827959999996,
      "min": 117.18915068572001,
      "max": 117.78371532472,
      "times": [
        117.53308158072001,
        117.31237857572,
        117.47936166472,
        117.67382714872001,
        117.27642268872,
        117.56561380672001,
        117.78371532472,
        117.18915068572001,
        117.23916239072001,
        117.25349432272
      ],
      "exit_codes": [
        0,
        0,
        0,
        0,
        0,
        0,
        0,
        0,
        0,
        0
      ]
    }
  ]
}
