{
  "results": [
    {
      "command": "cargo build --jobs 16 --release --example breakout",
      "mean": 75.59685581544002,
      "stddev": 0.19139754799014572,
      "median": 75.59270325464001,
      "user": 1139.65917852,
      "system": 30.53408724,
      "min": 75.37478988614001,
      "max": 75.94579476414,
      "times": [
        75.62102014614001,
        75.57926809314,
        75.43204379414,
        75.37478988614001,
        75.60613841614001,
        75.75070341314,
        75.94579476414,
        75.81106270114,
        75.44710849114,
        75.40062844914
      ],
      "exit_codes": [
        0,
        0,
        0,
        0,
        0,
        0,
        0,
        0,
        0,
        0
      ]
    }
  ]
}
