{
  "results": [
    {
      "command": "cargo build --jobs 16 --release --example breakout",
      "mean": 75.95344182976,
      "stddev": 0.24864474215426607,
      "median": 75.98590616455999,
      "user": 1142.68205452,
      "system": 29.39718444,
      "min": 75.44599821506,
      "max": 76.26603708805999,
      "times": [
        76.26603708805999,
        76.01890988806,
        75.44599821506,
        76.23526084006,
        76.08638371206,
        76.05685255206,
        75.91560138406,
        75.95290244105999,
        75.89291262505999,
        75.66355955206
      ],
      "exit_codes": [
        0,
        0,
        0,
        0,
        0,
        0,
        0,
        0,
        0,
        0
      ]
    }
  ]
}
