{
  "results": [
    {
      "command": "cargo build --jobs 8 --release --example breakout",
      "mean": 117.25898431337998,
      "stddev": 0.21623434909390185,
      "median": 117.25492529467999,
      "user": 904.0611036399999,
      "system": 23.900090639999995,
      "min": 116.99102718767999,
      "max": 117.53126420868,
      "times": [
        116.99747196268,
        117.53126420868,
        117.44267368167999,
        116.99102718767999,
        117.43674278668,
        117.29181967368,
        117.52700202567999,
        117.21803091567999,
        117.06560543868,
        117.08820525268
      ],
      "exit_codes": [
        0,
        0,
        0,
        0,
        0,
        0,
        0,
        0,
        0,
        0
      ]
    }
  ]
}
