{
  "results": [
    {
      "command": "cargo build --jobs 8 --release --example breakout",
      "mean": 143.8938755317,
      "stddev": 0.1430308148716411,
      "median": 143.9153013012,
      "user": 1098.4473347400003,
      "system": 27.162898560000002,
      "min": 143.6663887352,
      "max": 144.1395457132,
      "times": [
        144.1395457132,
        143.9112874882,
        143.9444714902,
        143.7629848972,
        143.9976070942,
        143.77300326719998,
        143.6663887352,
        143.7995129992,
        143.9193151142,
        144.0246385182
      ],
      "exit_codes": [
        0,
        0,
        0,
        0,
        0,
        0,
        0,
        0,
        0,
        0
      ]
    }
  ]
}
