{
  "results": [
    {
      "command": "cargo build --jobs 16 --release --example breakout",
      "mean": 97.56270955384002,
      "stddev": 0.874791972121798,
      "median": 97.76929813264,
      "user": 1374.5224636799999,
      "system": 33.782126219999995,
      "min": 96.06486887814,
      "max": 98.63460239314,
      "times": [
        96.80786153514,
        96.64012970014001,
        97.57984557314,
        97.95875069214,
        97.06207634214,
        96.06486887814,
        98.47110044114001,
        98.63460239314,
        98.10738533614001,
        98.30047464714
      ],
      "exit_codes": [
        0,
        0,
        0,
        0,
        0,
        0,
        0,
        0,
        0,
        0
      ]
    }
  ]
}
