{
  "results": [
    {
      "command": "cargo build --jobs 16 --release --example breakout",
      "mean": 78.28800673348,
      "stddev": 0.20042370385482908,
      "median": 78.23647798537999,
      "user": 1180.48813066,
      "system": 30.08021526,
      "min": 78.06236043588,
      "max": 78.61792261587999,
      "times": [
        78.18358756587999,
        78.06236043588,
        78.47844450688,
        78.61792261587999,
        78.54861078788,
        78.33697060688,
        78.08967502687999,
        78.24764400887999,
        78.08953981788,
        78.22531196188
      ],
      "exit_codes": [
        0,
        0,
        0,
        0,
        0,
        0,
        0,
        0,
        0,
        0
      ]
    }
  ]
}
