{
  "results": [
    {
      "command": "cargo build --jobs 8 --release --example breakout",
      "mean": 117.62144598994,
      "stddev": 0.18261887895734297,
      "median": 117.68432262624,
      "user": 903.80533462,
      "system": 24.0005524,
      "min": 117.26812962474,
      "max": 117.88536696274001,
      "times": [
        117.74949409374,
        117.71016292074,
        117.26812962474,
        117.52589254074,
        117.88536696274001,
        117.68385673274,
        117.73698993674,
        117.68478851974001,
        117.56768251974,
        117.40209604774
      ],
      "exit_codes": [
        0,
        0,
        0,
        0,
        0,
        0,
        0,
        0,
        0,
        0
      ]
    }
  ]
}
