{
  "results": [
    {
      "command": "cargo build --jobs 8 --release --example breakout",
      "mean": 120.05202710682002,
      "stddev": 0.1416402180949196,
      "median": 120.07142665212,
      "user": 908.3054600000002,
      "system": 24.171686239999996,
      "min": 119.76879278512,
      "max": 120.25372777612,
      "times": [
        120.17212719711999,
        120.17859482012,
        119.95137000912,
        119.76879278512,
        120.25372777612,
        120.04050519312,
        120.10928884812,
        119.96063653911999,
        120.10234811112,
        119.98287978911999
      ],
      "exit_codes": [
        0,
        0,
        0,
        0,
        0,
        0,
        0,
        0,
        0,
        0
      ]
    }
  ]
}
