{
  "results": [
    {
      "command": "cargo build --jobs 8 --release --example breakout",
      "mean": 117.66183528906,
      "stddev": 0.11863057412728151,
      "median": 117.66947850096,
      "user": 888.7395440799999,
      "system": 24.05521944,
      "min": 117.46040180096001,
      "max": 117.83168557796,
      "times": [
        117.59291082296001,
        117.83168557796,
        117.64265757696,
        117.66242076596001,
        117.70145815896001,
        117.46040180096001,
        117.51282971196001,
        117.71736666596,
        117.82008557296001,
        117.67653623596
      ],
      "exit_codes": [
        0,
        0,
        0,
        0,
        0,
        0,
        0,
        0,
        0,
        0
      ]
    }
  ]
}
