{
  "results": [
    {
      "command": "cargo build --jobs 16 --release --example breakout",
      "mean": 76.87467872831999,
      "stddev": 0.801690098329041,
      "median": 76.67002189042,
      "user": 1117.98642604,
      "system": 29.654563640000003,
      "min": 75.94542141192,
      "max": 78.44122564092,
      "times": [
        75.94542141192,
        76.57979600792,
        76.76024777292,
        77.08888949092,
        76.27415382392,
        78.44122564092,
        77.53503055691999,
        76.34583874092,
        76.09938666192,
        77.67679717492
      ],
      "exit_codes": [
        0,
        0,
        0,
        0,
        0,
        0,
        0,
        0,
        0,
        0
      ]
    }
  ]
}
