{
  "results": [
    {
      "command": "cargo build --jobs 16 --release --example breakout",
      "mean": 77.39580964398002,
      "stddev": 0.1234714453675159,
      "median": 77.33303956768,
      "user": 1146.6212959799998,
      "system": 29.553477079999993,
      "min": 77.28274820868,
      "max": 77.67351935168001,
      "times": [
        77.47984197568,
        77.39181148168001,
        77.30790673768,
        77.32936686968,
        77.33671226568,
        77.32415092768001,
        77.31948461168001,
        77.28274820868,
        77.67351935168001,
        77.51255400968
      ],
      "exit_codes": [
        0,
        0,
        0,
        0,
        0,
        0,
        0,
        0,
        0,
        0
      ]
    }
  ]
}
