{
  "results": [
    {
      "command": "cargo build --jobs 8 --release --example breakout",
      "mean": 120.20534613266,
      "stddev": 0.12849088707429368,
      "median": 120.20267925776,
      "user": 910.2416963399999,
      "system": 24.14057938,
      "min": 119.93951931226,
      "max": 120.38068179625999,
      "times": [
        120.19215294726,
        120.13446424026,
        119.93951931226,
        120.11972944226,
        120.38068179625999,
        120.17828699626,
        120.27140889825999,
        120.25394049326,
        120.21320556826,
        120.37007163226
      ],
      "exit_codes": [
        0,
        0,
        0,
        0,
        0,
        0,
        0,
        0,
        0,
        0
      ]
    }
  ]
}
