{
  "results": [
    {
      "command": "cargo build --jobs 8 --release --example breakout",
      "mean": 133.98008208444,
      "stddev": 0.11004013987094628,
      "median": 133.99707249984002,
      "user": 1026.28699004,
      "system": 24.742742919999998,
      "min": 133.82506881934,
      "max": 134.12699101234,
      "times": [
        134.00764477334002,
        133.86224629934,
        133.82506881934,
        134.05535958134,
        134.12699101234,
        133.85119269134,
        134.10897579534,
        134.05788356234,
        133.91895808334002,
        133.98650022634
      ],
      "exit_codes": [
        0,
        0,
        0,
        0,
        0,
        0,
        0,
        0,
        0,
        0
      ]
    }
  ]
}
