{
  "results": [
    {
      "command": "cargo build --jobs 16 --release --example breakout",
      "mean": 91.49669267462,
      "stddev": 0.9967085335046815,
      "median": 91.37463178722,
      "user": 1283.82610516,
      "system": 31.05455088,
      "min": 90.53286310522,
      "max": 93.67060641022,
      "times": [
        90.95409566522,
        92.74967424222,
        90.68803137322,
        90.64062270322,
        93.67060641022,
        90.53286310522,
        91.33578145022,
        91.52199463122,
        91.45977504122,
        91.41348212422
      ],
      "exit_codes": [
        0,
        0,
        0,
        0,
        0,
        0,
        0,
        0,
        0,
        0
      ]
    }
  ]
}
