{
  "results": [
    {
      "command": "cargo build --jobs 8 --release --example breakout",
      "mean": 127.81198008128001,
      "stddev": 0.13485291227694307,
      "median": 127.84000392888001,
      "user": 976.4061157399999,
      "system": 25.9191628,
      "min": 127.53358800688001,
      "max": 127.96440531188,
      "times": [
        127.75899882688,
        127.86024465788,
        127.68356483288001,
        127.53358800688001,
        127.96440531188,
        127.92435270988001,
        127.74704569488,
        127.95644852088,
        127.81976319988,
        127.87138905088001
      ],
      "exit_codes": [
        0,
        0,
        0,
        0,
        0,
        0,
        0,
        0,
        0,
        0
      ]
    }
  ]
}
