{
  "results": [
    {
      "command": "cargo build --jobs 16 --release --example breakout",
      "mean": 98.3274568557,
      "stddev": 2.84366209689265,
      "median": 97.6619726408,
      "user": 1335.8016513400003,
      "system": 33.13663880000001,
      "min": 96.5623312103,
      "max": 106.22547224030001,
      "times": [
        97.78446490830001,
        98.2488907423,
        96.5623312103,
        97.8566622773,
        97.4020024503,
        96.81619668030001,
        96.59769973530001,
        97.53948037330001,
        106.22547224030001,
        98.2413679393
      ],
      "exit_codes": [
        0,
        0,
        0,
        0,
        0,
        0,
        0,
        0,
        0,
        0
      ]
    }
  ]
}
