{
  "results": [
    {
      "command": "cargo build --jobs 8 --release --example breakout",
      "mean": 139.96619081961998,
      "stddev": 0.17511706396939694,
      "median": 139.99742852342,
      "user": 1068.32939708,
      "system": 26.578010999999996,
      "min": 139.59010631992,
      "max": 140.20126754392,
      "times": [
        139.59010631992,
        140.07428335992,
        140.09937298692,
        139.95644489292,
        139.97962602792,
        139.80739008092,
        140.01523101892,
        140.07387089492,
        140.20126754392,
        139.86431506992
      ],
      "exit_codes": [
        0,
        0,
        0,
        0,
        0,
        0,
        0,
        0,
        0,
        0
      ]
    }
  ]
}
