{
  "results": [
    {
      "command": "cargo build --jobs 16 --release --example breakout",
      "mean": 93.39073665888,
      "stddev": 6.285419105560528,
      "median": 91.14263450858,
      "user": 1282.54256004,
      "system": 31.415584680000002,
      "min": 90.60885837608001,
      "max": 111.12044333608,
      "times": [
        90.89490237508001,
        111.12044333608,
        90.71569136108,
        90.60885837608001,
        93.04822682208,
        92.65087416908,
        91.23606452708,
        90.79719272708,
        91.78590840508001,
        91.04920449008
      ],
      "exit_codes": [
        0,
        0,
        0,
        0,
        0,
        0,
        0,
        0,
        0,
        0
      ]
    }
  ]
}
