{
  "results": [
    {
      "command": "cargo build --jobs 8 --release --example breakout",
      "mean": 132.03737748452005,
      "stddev": 0.1389251535222297,
      "median": 132.04651461302,
      "user": 1014.8673881399998,
      "system": 24.92017628,
      "min": 131.80424829802,
      "max": 132.25599348902,
      "times": [
        132.22389967602,
        132.02497589102,
        131.80424829802,
        131.92290839002,
        132.09923090002002,
        132.07856044202,
        132.25599348902,
        131.97092459702,
        132.06805333502,
        131.92497982702002
      ],
      "exit_codes": [
        0,
        0,
        0,
        0,
        0,
        0,
        0,
        0,
        0,
        0
      ]
    }
  ]
}
