{
  "results": [
    {
      "command": "cargo build --jobs 16 --release --example breakout",
      "mean": 92.22724840234,
      "stddev": 0.6837327043868501,
      "median": 92.10539393293999,
      "user": 1289.51383914,
      "system": 31.033322559999995,
      "min": 91.40182807593999,
      "max": 93.14816747894,
      "times": [
        92.91530659994,
        91.59734731994,
        91.95962892594,
        93.14816747894,
        92.83364971994,
        91.81283716793999,
        91.40182807593999,
        92.94795239193999,
        91.40460740294,
        92.25115893994
      ],
      "exit_codes": [
        0,
        0,
        0,
        0,
        0,
        0,
        0,
        0,
        0,
        0
      ]
    }
  ]
}
