{
  "results": [
    {
      "command": "cargo build --jobs 16 --release --example breakout",
      "mean": 75.21389746048001,
      "stddev": 0.29540464636186153,
      "median": 75.15992203888,
      "user": 1134.68366538,
      "system": 29.507172799999996,
      "min": 74.83822719438,
      "max": 75.75892189038,
      "times": [
        74.97429076638,
        75.69662483938,
        75.07844477937999,
        75.20690244837999,
        75.75892189038,
        74.83822719438,
        75.16615497837999,
        75.15368909938,
        75.03456596338,
        75.23115264537999
      ],
      "exit_codes": [
        0,
        0,
        0,
        0,
        0,
        0,
        0,
        0,
        0,
        0
      ]
    }
  ]
}
