{
  "results": [
    {
      "command": "cargo build --jobs 8 --release --example breakout",
      "mean": 117.05369650394,
      "stddev": 0.3645612900455085,
      "median": 117.11014765633999,
      "user": 898.98676388,
      "system": 23.99831888,
      "min": 116.39716831384,
      "max": 117.52219345384,
      "times": [
        116.62840558484,
        117.48986122584,
        117.25903599084,
        117.07153459784,
        117.27333036483999,
        116.39716831384,
        117.14876071484,
        116.80370921984,
        116.94296557284,
        117.52219345384
      ],
      "exit_codes": [
        0,
        0,
        0,
        0,
        0,
        0,
        0,
        0,
        0,
        0
      ]
    }
  ]
}
