{
  "results": [
    {
      "command": "cargo build --jobs 16 --release --example breakout",
      "mean": 75.60204646140001,
      "stddev": 0.2351031495812688,
      "median": 75.6673775636,
      "user": 1138.8141585199999,
      "system": 30.658632020000006,
      "min": 75.2276872716,
      "max": 75.89698018360001,
      "times": [
        75.2276872716,
        75.4416508316,
        75.7321928186,
        75.8752073056,
        75.7033267036,
        75.89698018360001,
        75.6786656356,
        75.6560894916,
        75.23727181960001,
        75.5713925526
      ],
      "exit_codes": [
        0,
        0,
        0,
        0,
        0,
        0,
        0,
        0,
        0,
        0
      ]
    }
  ]
}
