{
  "results": [
    {
      "command": "cargo build --jobs 16 --release --example breakout",
      "mean": 77.3881599223,
      "stddev": 0.12330575342927473,
      "median": 77.3690512044,
      "user": 1145.22426516,
      "system": 29.39781566,
      "min": 77.23390532239999,
      "max": 77.5753816774,
      "times": [
        77.3859789154,
        77.4767851334,
        77.3521234934,
        77.4444529294,
        77.56013074239999,
        77.5753816774,
        77.2634840234,
        77.23390532239999,
        77.3338575854,
        77.2554994004
      ],
      "exit_codes": [
        0,
        0,
        0,
        0,
        0,
        0,
        0,
        0,
        0,
        0
      ]
    }
  ]
}
