{
  "results": [
    {
      "command": "cargo build --jobs 8 --release --example breakout",
      "mean": 120.50941166106001,
      "stddev": 0.43318645083594753,
      "median": 120.65547631876001,
      "user": 906.1011399599998,
      "system": 23.678412760000004,
      "min": 119.84077814826,
      "max": 121.16551774426,
      "times": [
        120.64649308326,
        120.63158246026,
        120.66445955426,
        119.84077814826,
        119.93627595126,
        121.16551774426,
        119.99794707826,
        120.80448246126,
        120.67852451526,
        120.72805561426
      ],
      "exit_codes": [
        0,
        0,
        0,
        0,
        0,
        0,
        0,
        0,
        0,
        0
      ]
    }
  ]
}
