{
  "results": [
    {
      "command": "cargo build --jobs 8 --release --example breakout",
      "mean": 121.78117030957999,
      "stddev": 0.3846041748269297,
      "median": 121.66841771008,
      "user": 932.7459633000001,
      "system": 24.417764279999997,
      "min": 121.23363939208001,
      "max": 122.51351052208001,
      "times": [
        121.48247334008,
        121.61550299908001,
        121.60543223808001,
        121.23363939208001,
        122.20708786908001,
        121.72133242108,
        121.53304687308001,
        122.51351052208001,
        122.09845230708001,
        121.80122513408
      ],
      "exit_codes": [
        0,
        0,
        0,
        0,
        0,
        0,
        0,
        0,
        0,
        0
      ]
    }
  ]
}
