{
  "results": [
    {
      "command": "cargo build --jobs 16 --release --example breakout",
      "mean": 78.1580588491,
      "stddev": 0.23115163323990506,
      "median": 78.15914145170001,
      "user": 1179.5309081199998,
      "system": 30.07902094,
      "min": 77.8194320202,
      "max": 78.6143546382,
      "times": [
        77.95122675420001,
        78.2820789642,
        78.1463949812,
        78.0040519602,
        78.1718879222,
        78.6143546382,
        78.3786086652,
        78.0018858752,
        78.2106667102,
        77.8194320202
      ],
      "exit_codes": [
        0,
        0,
        0,
        0,
        0,
        0,
        0,
        0,
        0,
        0
      ]
    }
  ]
}
