{
  "results": [
    {
      "command": "cargo build --jobs 8 --release --example breakout",
      "mean": 130.05553717599997,
      "stddev": 0.2395069859052467,
      "median": 130.1435918519,
      "user": 989.0354526799999,
      "system": 27.993742979999997,
      "min": 129.42249396489999,
      "max": 130.19462516489997,
      "times": [
        130.11448061189998,
        130.13922073089998,
        129.42249396489999,
        130.18392097889998,
        130.1178463209,
        129.8877234899,
        130.19462516489997,
        130.1933435129,
        130.1479629729,
        130.1537540119
      ],
      "exit_codes": [
        0,
        0,
        0,
        0,
        0,
        0,
        0,
        0,
        0,
        0
      ]
    }
  ]
}
