{
  "results": [
    {
      "command": "cargo build --jobs 8 --release --example breakout",
      "mean": 126.38137322740002,
      "stddev": 0.20763215324273504,
      "median": 126.3643065543,
      "user": 964.1695778999999,
      "system": 25.12606126,
      "min": 126.0547248623,
      "max": 126.7069112473,
      "times": [
        126.3632018003,
        126.6427258483,
        126.0547248623,
        126.2481170413,
        126.2770907403,
        126.3654113083,
        126.1827179073,
        126.7069112473,
        126.5766150253,
        126.3962164933
      ],
      "exit_codes": [
        0,
        0,
        0,
        0,
        0,
        0,
        0,
        0,
        0,
        0
      ]
    }
  ]
}
