{
  "results": [
    {
      "command": "cargo build --jobs 16 --release --example breakout",
      "mean": 82.74997061822,
      "stddev": 0.5285817577288158,
      "median": 82.81990051782,
      "user": 1210.73262618,
      "system": 31.197476560000002,
      "min": 81.88875217281999,
      "max": 83.46400726782,
      "times": [
        82.53522044882,
        81.88875217281999,
        82.33990298882,
        83.00467208981999,
        82.15560154081999,
        83.01371364682,
        83.43679691182,
        82.63512894582,
        83.02591016881999,
        83.46400726782
      ],
      "exit_codes": [
        0,
        0,
        0,
        0,
        0,
        0,
        0,
        0,
        0,
        0
      ]
    }
  ]
}
