{
  "results": [
    {
      "command": "cargo build --jobs 16 --release --example breakout",
      "mean": 89.38706324722,
      "stddev": 1.039968958382889,
      "median": 89.39588077752,
      "user": 1270.6858224399998,
      "system": 31.06305028,
      "min": 88.00005342902,
      "max": 90.92536675102,
      "times": [
        88.00005342902,
        88.29242196502,
        88.30218214701999,
        90.92536675102,
        90.76232993501999,
        89.32141644402,
        89.90222120802,
        89.47034511102,
        88.77885640702,
        90.11543907501999
      ],
      "exit_codes": [
        0,
        0,
        0,
        0,
        0,
        0,
        0,
        0,
        0,
        0
      ]
    }
  ]
}
