{
  "results": [
    {
      "command": "cargo build --jobs 8 --release --example breakout",
      "mean": 132.034272368,
      "stddev": 0.16240051466019365,
      "median": 132.00409244629998,
      "user": 1015.2260501799998,
      "system": 24.899851779999995,
      "min": 131.8173848343,
      "max": 132.3344619573,
      "times": [
        131.8173848343,
        131.9402841063,
        132.2322002603,
        131.8989585143,
        132.02613269929998,
        132.16030698429998,
        132.3344619573,
        131.9110538393,
        132.0398882913,
        131.98205219329998
      ],
      "exit_codes": [
        0,
        0,
        0,
        0,
        0,
        0,
        0,
        0,
        0,
        0
      ]
    }
  ]
}
