{
  "results": [
    {
      "command": "cargo build --jobs 8 --release --example breakout",
      "mean": 120.07026331748,
      "stddev": 0.15143482496338542,
      "median": 120.06437156818,
      "user": 908.7640094000001,
      "system": 24.141607959999998,
      "min": 119.90644081268,
      "max": 120.42533774568,
      "times": [
        120.09550762568,
        120.06850748267999,
        120.06023565368,
        119.93128098268,
        120.09478424968,
        120.04437943168,
        120.42533774568,
        120.16071127168,
        119.90644081268,
        119.91544791868
      ],
      "exit_codes": [
        0,
        0,
        0,
        0,
        0,
        0,
        0,
        0,
        0,
        0
      ]
    }
  ]
}
