{
  "results": [
    {
      "command": "cargo build --jobs 16 --release --example breakout",
      "mean": 77.53208909794,
      "stddev": 0.2610654399894015,
      "median": 77.41280230173999,
      "user": 1145.81164506,
      "system": 29.64336482,
      "min": 77.26178989524,
      "max": 78.02741458924,
      "times": [
        77.75407132724,
        77.79563794024,
        77.67101034923999,
        78.02741458924,
        77.37920432423999,
        77.41534228324,
        77.31351086624,
        77.41026232024,
        77.26178989524,
        77.29264708424
      ],
      "exit_codes": [
        0,
        0,
        0,
        0,
        0,
        0,
        0,
        0,
        0,
        0
      ]
    }
  ]
}
