{
  "results": [
    {
      "command": "cargo build --jobs 8 --release --example breakout",
      "mean": 120.42977577404001,
      "stddev": 0.3610070266636793,
      "median": 120.33466757984,
      "user": 910.59505386,
      "system": 24.108620440000003,
      "min": 120.11231166434,
      "max": 121.37443044534,
      "times": [
        120.16132584734,
        120.59357697333999,
        120.21887480734,
        120.47491530034,
        120.32798898634,
        120.31248177534,
        120.11231166434,
        121.37443044534,
        120.38050576734,
        120.34134617334
      ],
      "exit_codes": [
        0,
        0,
        0,
        0,
        0,
        0,
        0,
        0,
        0,
        0
      ]
    }
  ]
}
