{
  "results": [
    {
      "command": "cargo build --jobs 8 --release --example breakout",
      "mean": 123.46307596764,
      "stddev": 0.16880946635188504,
      "median": 123.46169473904001,
      "user": 950.4605989799999,
      "system": 25.13188652,
      "min": 123.21657186654001,
      "max": 123.69381033854,
      "times": [
        123.68103261454,
        123.46261102254,
        123.24794162454,
        123.60895026854,
        123.34965471554001,
        123.21657186654001,
        123.36988144454,
        123.53952732554,
        123.46077845554001,
        123.69381033854
      ],
      "exit_codes": [
        0,
        0,
        0,
        0,
        0,
        0,
        0,
        0,
        0,
        0
      ]
    }
  ]
}
