{
  "results": [
    {
      "command": "cargo build --jobs 16 --release --example breakout",
      "mean": 79.82650942662,
      "stddev": 0.3407748999295375,
      "median": 79.80907986642,
      "user": 1202.55912788,
      "system": 30.720186720000004,
      "min": 79.34563070992,
      "max": 80.46519980992001,
      "times": [
        79.37458072692,
        80.01515347192,
        79.65939650692,
        79.34563070992,
        80.12925742192,
        79.77697740092,
        80.46519980992001,
        79.68072101792,
        79.84118233192001,
        79.97699486792
      ],
      "exit_codes": [
        0,
        0,
        0,
        0,
        0,
        0,
        0,
        0,
        0,
        0
      ]
    }
  ]
}
