{
  "results": [
    {
      "command": "cargo build --jobs 8 --release --example breakout",
      "mean": 139.90316147346002,
      "stddev": 0.18555009817836374,
      "median": 139.90710904856002,
      "user": 1074.7069832599998,
      "system": 26.656387559999995,
      "min": 139.55563567606,
      "max": 140.21783399806,
      "times": [
        139.94627082206,
        140.21783399806,
        140.12016614406002,
        139.87324888906002,
        139.77667094106002,
        139.97499641206002,
        139.83882125706,
        139.55563567606,
        139.78700138706,
        139.94096920806
      ],
      "exit_codes": [
        0,
        0,
        0,
        0,
        0,
        0,
        0,
        0,
        0,
        0
      ]
    }
  ]
}
