{
  "results": [
    {
      "command": "cargo build --jobs 16 --release --example breakout",
      "mean": 96.37782824068002,
      "stddev": 2.0797231064997805,
      "median": 95.82092177348001,
      "user": 1345.24188904,
      "system": 33.30388104,
      "min": 94.53028582948001,
      "max": 101.70392673048,
      "times": [
        95.46774483548,
        94.65188554348,
        96.03788574448001,
        95.84539066548001,
        94.53028582948001,
        95.32808517548001,
        97.45422815648001,
        96.96239684448001,
        95.79645288148001,
        101.70392673048
      ],
      "exit_codes": [
        0,
        0,
        0,
        0,
        0,
        0,
        0,
        0,
        0,
        0
      ]
    }
  ]
}
