{
  "results": [
    {
      "command": "cargo build --jobs 8 --release --example breakout",
      "mean": 117.61935180594,
      "stddev": 0.2951925301260144,
      "median": 117.49178723864,
      "user": 904.62970056,
      "system": 23.80559048,
      "min": 117.34398524314,
      "max": 118.12777249214,
      "times": [
        117.47016559614,
        118.12777249214,
        118.06318759714,
        117.36501145414,
        117.69879493614,
        117.37112812014,
        117.41165415514,
        117.51340888114,
        117.34398524314,
        117.82840958414
      ],
      "exit_codes": [
        0,
        0,
        0,
        0,
        0,
        0,
        0,
        0,
        0,
        0
      ]
    }
  ]
}
