{
  "results": [
    {
      "command": "cargo build --jobs 16 --release --example breakout",
      "mean": 98.20408469618,
      "stddev": 1.6784368221609385,
      "median": 97.95193802628,
      "user": 1372.6665151799998,
      "system": 34.039843579999996,
      "min": 96.59837567278001,
      "max": 102.66794007178001,
      "times": [
        98.01177893178,
        97.83831830478,
        97.99146766478,
        96.67339933178,
        102.66794007178001,
        97.89277856078,
        96.59837567278001,
        97.94912702278,
        97.95474902978,
        98.46291237078
      ],
      "exit_codes": [
        0,
        0,
        0,
        0,
        0,
        0,
        0,
        0,
        0,
        0
      ]
    }
  ]
}
