{
  "results": [
    {
      "command": "cargo build --jobs 8 --release --example breakout",
      "mean": 116.31741146596,
      "stddev": 0.16921850005720554,
      "median": 116.31795473476,
      "user": 896.82006088,
      "system": 23.957049580000003,
      "min": 116.03318437675999,
      "max": 116.57481486376,
      "times": [
        116.03318437675999,
        116.35532889176,
        116.28058057775999,
        116.44963253876,
        116.25470995175999,
        116.18374698475999,
        116.57481486376,
        116.14924156176,
        116.50568987976,
        116.38718503276
      ],
      "exit_codes": [
        0,
        0,
        0,
        0,
        0,
        0,
        0,
        0,
        0,
        0
      ]
    }
  ]
}
