{
  "results": [
    {
      "command": "cargo build --jobs 8 --release --example breakout",
      "mean": 117.38066210976001,
      "stddev": 0.2837827821365382,
      "median": 117.27290469016,
      "user": 905.3869205999999,
      "system": 23.902089439999994,
      "min": 117.16127619566,
      "max": 118.02082882066,
      "times": [
        117.16931630266,
        117.26098656166,
        117.16127619566,
        117.17276811866,
        117.33191863466,
        118.02082882066,
        117.45164725066,
        117.22191023666,
        117.73114615765999,
        117.28482281866
      ],
      "exit_codes": [
        0,
        0,
        0,
        0,
        0,
        0,
        0,
        0,
        0,
        0
      ]
    }
  ]
}
