{
  "results": [
    {
      "command": "cargo build --jobs 8 --release --example breakout",
      "mean": 121.74327307616002,
      "stddev": 0.18966831921376873,
      "median": 121.74926540586,
      "user": 934.5806317999999,
      "system": 24.450228319999997,
      "min": 121.51572468236,
      "max": 122.04055370436001,
      "times": [
        121.61102024536,
        122.02442031536,
        122.04055370436001,
        121.81628615436,
        121.72831427636,
        121.54910287936,
        121.82475394536,
        121.51572468236,
        121.55233802336,
        121.77021653536
      ],
      "exit_codes": [
        0,
        0,
        0,
        0,
        0,
        0,
        0,
        0,
        0,
        0
      ]
    }
  ]
}
