{
  "results": [
    {
      "command": "cargo build --jobs 16 --release --example breakout",
      "mean": 78.88501093736001,
      "stddev": 1.9285401435514486,
      "median": 78.27207513166,
      "user": 1180.43788066,
      "system": 30.130184579999998,
      "min": 77.95861887366,
      "max": 84.34717381666,
      "times": [
        78.28310513666,
        77.95861887366,
        78.36964368566001,
        84.34717381666,
        78.20192086366,
        78.31427636766,
        78.20978982166001,
        78.26104512666001,
        78.71679017766,
        78.18774550366001
      ],
      "exit_codes": [
        0,
        0,
        0,
        0,
        0,
        0,
        0,
        0,
        0,
        0
      ]
    }
  ]
}
