{
  "results": [
    {
      "command": "cargo build --jobs 16 --release --example breakout",
      "mean": 82.87758983602001,
      "stddev": 0.5376000095929372,
      "median": 82.74320950452,
      "user": 1204.5715303600002,
      "system": 31.694073779999997,
      "min": 82.16124125452001,
      "max": 84.00646668452,
      "times": [
        82.66487997852,
        82.64608917552,
        82.43444548352001,
        82.86145250052,
        82.82153903052,
        82.16124125452001,
        82.54396175052,
        84.00646668452,
        83.40711619552,
        83.22870630652
      ],
      "exit_codes": [
        0,
        0,
        0,
        0,
        0,
        0,
        0,
        0,
        0,
        0
      ]
    }
  ]
}
