{
  "results": [
    {
      "command": "cargo build --jobs 8 --release --example breakout",
      "mean": 125.65689470062,
      "stddev": 0.39314463623967627,
      "median": 125.59562452622,
      "user": 960.4687928999999,
      "system": 25.559454459999994,
      "min": 125.20014268322,
      "max": 126.22683238422,
      "times": [
        125.20014268322,
        125.69903732622,
        126.15994998722,
        126.03489586422,
        125.26685716022,
        125.49221172622,
        126.22683238422,
        125.20388451122,
        125.83622840422,
        125.44890695922
      ],
      "exit_codes": [
        0,
        0,
        0,
        0,
        0,
        0,
        0,
        0,
        0,
        0
      ]
    }
  ]
}
