{
  "results": [
    {
      "command": "cargo build --jobs 8 --release --example breakout",
      "mean": 106.35669088350001,
      "stddev": 0.3526495622416336,
      "median": 106.4131623477,
      "user": 800.6647309999998,
      "system": 21.908906599999995,
      "min": 105.5131325907,
      "max": 106.7080675867,
      "times": [
        106.3848384167,
        106.2328477557,
        106.5779913197,
        106.0890481327,
        106.4414862787,
        106.3822530897,
        106.5839520717,
        105.5131325907,
        106.6532915927,
        106.7080675867
      ],
      "exit_codes": [
        0,
        0,
        0,
        0,
        0,
        0,
        0,
        0,
        0,
        0
      ]
    }
  ]
}
