{
  "results": [
    {
      "command": "cargo build --jobs 16 --release --example breakout",
      "mean": 70.60366964106001,
      "stddev": 0.8057459766490902,
      "median": 70.76579762046,
      "user": 1004.29591098,
      "system": 27.597817619999994,
      "min": 69.38981723645999,
      "max": 71.52330992846,
      "times": [
        71.45349954746,
        70.75753195246,
        70.95600006346,
        71.52330992846,
        70.77406328846,
        70.66551811846,
        69.50483856145999,
        71.34107304346,
        69.67104467045999,
        69.38981723645999
      ],
      "exit_codes": [
        0,
        0,
        0,
        0,
        0,
        0,
        0,
        0,
        0,
        0
      ]
    }
  ]
}
