{
  "results": [
    {
      "command": "cargo build --jobs 8 --release --example breakout",
      "mean": 117.36874952363999,
      "stddev": 0.24015263775614326,
      "median": 117.32057075104001,
      "user": 903.36720458,
      "system": 24.78997807999999,
      "min": 117.09646592804,
      "max": 117.92008071804,
      "times": [
        117.09646592804,
        117.39308883004,
        117.19451488804,
        117.25639989104,
        117.92008071804,
        117.47643822004,
        117.18008351904,
        117.23667685004,
        117.54900478104,
        117.38474161104
      ],
      "exit_codes": [
        0,
        0,
        0,
        0,
        0,
        0,
        0,
        0,
        0,
        0
      ]
    }
  ]
}
