{
  "results": [
    {
      "command": "cargo build --jobs 16 --release --example breakout",
      "mean": 75.46591466832001,
      "stddev": 0.19059338217539745,
      "median": 75.38662446352001,
      "user": 1139.7043180800001,
      "system": 30.60779938,
      "min": 75.25324524752,
      "max": 75.80964744852,
      "times": [
        75.80964744852,
        75.65678015452,
        75.25324524752,
        75.30533609352,
        75.30548215152,
        75.38053052852,
        75.39271839852,
        75.58672218952,
        75.32994571452,
        75.63873875652
      ],
      "exit_codes": [
        0,
        0,
        0,
        0,
        0,
        0,
        0,
        0,
        0,
        0
      ]
    }
  ]
}
