{
  "results": [
    {
      "command": "cargo build --jobs 8 --release --example breakout",
      "mean": 117.27177126348002,
      "stddev": 0.4708878604726389,
      "median": 117.27915972427999,
      "user": 902.5075022799999,
      "system": 24.06538406,
      "min": 116.71447896778,
      "max": 117.78115394178,
      "times": [
        117.78115394178,
        116.88380038578,
        117.66418376678,
        117.76437864578,
        117.69271165078,
        116.89413568178,
        116.79223252078,
        117.67063436878,
        116.71447896778,
        116.86000270478
      ],
      "exit_codes": [
        0,
        0,
        0,
        0,
        0,
        0,
        0,
        0,
        0,
        0
      ]
    }
  ]
}
