{
  "results": [
    {
      "command": "cargo build --jobs 16 --release --example breakout",
      "mean": 75.72951404905999,
      "stddev": 0.2880367242176329,
      "median": 75.57443501345999,
      "user": 1141.45279618,
      "system": 29.713206819999993,
      "min": 75.36622004546,
      "max": 76.16895694546,
      "times": [
        75.53158157646,
        75.54720416145999,
        76.06198885945999,
        75.57965285745999,
        75.49308668745999,
        75.36622004546,
        75.56921716945999,
        76.16895694546,
        76.00128568046,
        75.97594650746
      ],
      "exit_codes": [
        0,
        0,
        0,
        0,
        0,
        0,
        0,
        0,
        0,
        0
      ]
    }
  ]
}
