{
  "results": [
    {
      "command": "cargo build --jobs 16 --release --example breakout",
      "mean": 75.92486981549999,
      "stddev": 0.5058837926410124,
      "median": 75.97763783090001,
      "user": 1145.09224182,
      "system": 29.64245152,
      "min": 75.15279078440001,
      "max": 76.9911768684,
      "times": [
        75.5959496164,
        76.1628496934,
        75.64539003840001,
        76.1770350024,
        75.4610190174,
        75.15279078440001,
        76.0471174214,
        76.10721147240001,
        76.9911768684,
        75.90815824040001
      ],
      "exit_codes": [
        0,
        0,
        0,
        0,
        0,
        0,
        0,
        0,
        0,
        0
      ]
    }
  ]
}
