{
  "results": [
    {
      "command": "cargo build --jobs 8 --release --example breakout",
      "mean": 117.44600191942001,
      "stddev": 0.1907408478207003,
      "median": 117.39285198902,
      "user": 905.68212872,
      "system": 24.072521039999998,
      "min": 117.21666775952,
      "max": 117.76351054552,
      "times": [
        117.30807374052,
        117.42242507052,
        117.76351054552,
        117.36327890752,
        117.29546329252,
        117.30156703752,
        117.48519826052001,
        117.74611830252,
        117.21666775952,
        117.55771627752
      ],
      "exit_codes": [
        0,
        0,
        0,
        0,
        0,
        0,
        0,
        0,
        0,
        0
      ]
    }
  ]
}
