{
  "results": [
    {
      "command": "cargo build --jobs 16 --release --example breakout",
      "mean": 74.75003321464,
      "stddev": 0.33926504005587493,
      "median": 74.79757325154,
      "user": 1098.27521226,
      "system": 28.494169579999998,
      "min": 74.09045509404,
      "max": 75.29794246504,
      "times": [
        74.09045509404,
        74.44547561204,
        74.55613771003999,
        74.81769510903999,
        74.97040338504,
        74.77745139404,
        75.06722842004,
        75.29794246504,
        74.82694435004,
        74.65059860704
      ],
      "exit_codes": [
        0,
        0,
        0,
        0,
        0,
        0,
        0,
        0,
        0,
        0
      ]
    }
  ]
}
