{
  "results": [
    {
      "command": "cargo build --jobs 8 --release --example breakout",
      "mean": 115.87619660458002,
      "stddev": 0.35133677717304423,
      "median": 115.85359303138,
      "user": 868.5861761399999,
      "system": 22.70344818,
      "min": 115.39895921488,
      "max": 116.46013236688,
      "times": [
        115.94784417988,
        115.67043871988,
        115.78962362888,
        115.66837000288,
        115.45102730688,
        115.91756243388,
        116.14957329488,
        116.30843489688,
        116.46013236688,
        115.39895921488
      ],
      "exit_codes": [
        0,
        0,
        0,
        0,
        0,
        0,
        0,
        0,
        0,
        0
      ]
    }
  ]
}
