{
  "results": [
    {
      "command": "cargo build --jobs 16 --release --example breakout",
      "mean": 75.37524954387999,
      "stddev": 0.2356004745239102,
      "median": 75.45968282128001,
      "user": 1139.5553079000001,
      "system": 29.237259899999998,
      "min": 74.81841429478,
      "max": 75.60302848178,
      "times": [
        74.81841429478,
        75.60302848178,
        75.27339430878,
        75.47839516178,
        75.56251639978001,
        75.21087060578,
        75.47940452578,
        75.56570670178,
        75.44097048078001,
        75.31979447778001
      ],
      "exit_codes": [
        0,
        0,
        0,
        0,
        0,
        0,
        0,
        0,
        0,
        0
      ]
    }
  ]
}
