{
  "results": [
    {
      "command": "cargo build --jobs 8 --release --example breakout",
      "mean": 121.17177248215998,
      "stddev": 0.29385315522941535,
      "median": 121.18959164546001,
      "user": 917.3030142399999,
      "system": 24.85895772,
      "min": 120.57016729396,
      "max": 121.60755703396,
      "times": [
        121.24256507096,
        121.44345971396001,
        121.02916223396001,
        121.16766472396,
        121.10967557496001,
        121.41360449196,
        120.92235011696,
        120.57016729396,
        121.60755703396,
        121.21151856696001
      ],
      "exit_codes": [
        0,
        0,
        0,
        0,
        0,
        0,
        0,
        0,
        0,
        0
      ]
    }
  ]
}
