{
  "results": [
    {
      "command": "cargo build --jobs 16 --release --example breakout",
      "mean": 95.66116333296,
      "stddev": 0.5534761212136102,
      "median": 95.53469310515999,
      "user": 1332.5038857,
      "system": 31.954760139999998,
      "min": 94.85016522916,
      "max": 96.69865874615999,
      "times": [
        95.05127295516,
        96.36235488615999,
        95.91992038816,
        96.69865874615999,
        95.68006341216,
        95.51327023716,
        94.85016522916,
        95.52420868616,
        95.46654126515999,
        95.54517752416
      ],
      "exit_codes": [
        0,
        0,
        0,
        0,
        0,
        0,
        0,
        0,
        0,
        0
      ]
    }
  ]
}
