{
  "results": [
    {
      "command": "cargo build --jobs 8 --release --example breakout",
      "mean": 120.22126601201998,
      "stddev": 0.16354062389533383,
      "median": 120.25400171641999,
      "user": 905.3683213799999,
      "system": 24.0339223,
      "min": 119.83550868392,
      "max": 120.43938574191999,
      "times": [
        120.10234400691999,
        119.83550868392,
        120.30786127492,
        120.31422733192,
        120.32093604292,
        120.18303038591999,
        120.26129713792,
        120.20136321892,
        120.43938574191999,
        120.24670629492
      ],
      "exit_codes": [
        0,
        0,
        0,
        0,
        0,
        0,
        0,
        0,
        0,
        0
      ]
    }
  ]
}
