{
  "results": [
    {
      "command": "cargo build --jobs 8 --release --example breakout",
      "mean": 117.22655021931999,
      "stddev": 0.10248945442949671,
      "median": 117.20020135522,
      "user": 903.7214713999999,
      "system": 23.87579288,
      "min": 117.07226402772,
      "max": 117.38504894372,
      "times": [
        117.11265717472,
        117.18220352072,
        117.07226402772,
        117.34088919172,
        117.19219263672,
        117.31155392772,
        117.20821007372,
        117.29668448272,
        117.16379821372,
        117.38504894372
      ],
      "exit_codes": [
        0,
        0,
        0,
        0,
        0,
        0,
        0,
        0,
        0,
        0
      ]
    }
  ]
}
