{
  "results": [
    {
      "command": "cargo build --jobs 16 --release --example breakout",
      "mean": 98.4031904969,
      "stddev": 3.4651343597086712,
      "median": 97.6695030789,
      "user": 1370.6171952999998,
      "system": 33.784157959999995,
      "min": 96.0576741444,
      "max": 108.04719007439999,
      "times": [
        97.0173302454,
        96.1758695154,
        96.0576741444,
        98.0215539924,
        108.04719007439999,
        97.5529870694,
        97.3902234804,
        98.1650755864,
        97.8179817724,
        97.7860190884
      ],
      "exit_codes": [
        0,
        0,
        0,
        0,
        0,
        0,
        0,
        0,
        0,
        0
      ]
    }
  ]
}
