{
  "results": [
    {
      "command": "cargo build --jobs 16 --release --example breakout",
      "mean": 98.16158337764,
      "stddev": 0.6551748993428294,
      "median": 97.98819829284,
      "user": 1358.0346612600001,
      "system": 33.59330591999999,
      "min": 97.49260854484,
      "max": 99.73022599784,
      "times": [
        97.49260854484,
        97.94723270483999,
        98.02916388084,
        98.19316261483999,
        99.73022599784,
        98.43298718384,
        98.58822603284,
        97.87333230384,
        97.83412437684,
        97.49477013584
      ],
      "exit_codes": [
        0,
        0,
        0,
        0,
        0,
        0,
        0,
        0,
        0,
        0
      ]
    }
  ]
}
