{
  "results": [
    {
      "command": "cargo build --jobs 16 --release --example breakout",
      "mean": 98.79582103894,
      "stddev": 1.980713546644803,
      "median": 98.33092595804,
      "user": 1356.61891514,
      "system": 33.69844275999999,
      "min": 97.33776204104,
      "max": 104.27602125604,
      "times": [
        98.44219070704,
        98.72044501604,
        97.91906499304,
        98.85087781004,
        98.45373214704,
        98.07158967203999,
        98.21966120904,
        97.33776204104,
        104.27602125604,
        97.66686553804
      ],
      "exit_codes": [
        0,
        0,
        0,
        0,
        0,
        0,
        0,
        0,
        0,
        0
      ]
    }
  ]
}
