{
  "results": [
    {
      "command": "cargo build --jobs 8 --release --example breakout",
      "mean": 143.56071654174,
      "stddev": 3.5340727796290268,
      "median": 142.44544500034,
      "user": 1083.5104226,
      "system": 27.01074792,
      "min": 142.06472558584,
      "max": 153.56756369084,
      "times": [
        142.96349047984,
        153.56756369084,
        142.66821005283998,
        142.12382975884,
        142.16534517483998,
        142.06472558584,
        142.22267994784,
        142.68753047784,
        142.99543485083998,
        142.14835539784
      ],
      "exit_codes": [
        0,
        0,
        0,
        0,
        0,
        0,
        0,
        0,
        0,
        0
      ]
    }
  ]
}
