{
  "results": [
    {
      "command": "cargo build --jobs 8 --release --example breakout",
      "mean": 112.32144309805999,
      "stddev": 0.24779055694515176,
      "median": 112.20980841276,
      "user": 848.12564194,
      "system": 22.78869808,
      "min": 112.11241057875999,
      "max": 112.87204432275999,
      "times": [
        112.30529963176,
        112.16375032975999,
        112.53519842975999,
        112.14409313575999,
        112.87204432275999,
        112.25586649575999,
        112.52378183075999,
        112.14307105175999,
        112.15891517376,
        112.11241057875999
      ],
      "exit_codes": [
        0,
        0,
        0,
        0,
        0,
        0,
        0,
        0,
        0,
        0
      ]
    }
  ]
}
