{
  "results": [
    {
      "command": "cargo build --jobs 16 --release --example breakout",
      "mean": 72.40771468294,
      "stddev": 0.5837867029559255,
      "median": 72.20743122024001,
      "user": 1067.0781637399998,
      "system": 28.01499716,
      "min": 71.97700852724,
      "max": 73.91568831524,
      "times": [
        71.97700852724,
        71.99626222224,
        72.23680930124,
        72.44339130624,
        72.17805313924,
        73.91568831524,
        72.12342694824001,
        72.82216241524,
        72.26198452724,
        72.12236012724
      ],
      "exit_codes": [
        0,
        0,
        0,
        0,
        0,
        0,
        0,
        0,
        0,
        0
      ]
    }
  ]
}
