{
  "results": [
    {
      "command": "cargo build --jobs 8 --release --example breakout",
      "mean": 126.70424836446,
      "stddev": 0.33627760700637255,
      "median": 126.73845464236001,
      "user": 970.2987757799999,
      "system": 27.73296868,
      "min": 126.22602441536,
      "max": 127.13644193936001,
      "times": [
        126.62480728536,
        127.13644193936001,
        126.89122276936001,
        127.12934969836,
        126.30512861336001,
        126.22602441536,
        126.84446941136001,
        126.63243987336001,
        126.32297998536,
        126.92961965336
      ],
      "exit_codes": [
        0,
        0,
        0,
        0,
        0,
        0,
        0,
        0,
        0,
        0
      ]
    }
  ]
}
