{
  "results": [
    {
      "command": "cargo build --jobs 16 --release --example breakout",
      "mean": 88.25266623434,
      "stddev": 0.46462465368577344,
      "median": 88.15497332754,
      "user": 1220.18765126,
      "system": 32.2022811,
      "min": 87.36358828604,
      "max": 88.90561419104,
      "times": [
        88.17848508904,
        88.76672083804,
        88.08546877004,
        87.36358828604,
        88.90561419104,
        88.01730763404,
        88.80176958903999,
        88.26168504204,
        88.13146156604,
        88.01456133804
      ],
      "exit_codes": [
        0,
        0,
        0,
        0,
        0,
        0,
        0,
        0,
        0,
        0
      ]
    }
  ]
}
