{
  "results": [
    {
      "command": "cargo build --jobs 8 --release --example breakout",
      "mean": 127.67214832524,
      "stddev": 0.12634054237164674,
      "median": 127.66113946863999,
      "user": 976.1171549600001,
      "system": 25.999910319999998,
      "min": 127.48012497814,
      "max": 127.87721638714,
      "times": [
        127.48012497814,
        127.83936585314,
        127.59420251914,
        127.70140632014,
        127.75139761414,
        127.56642185914001,
        127.62087261714,
        127.70966628914,
        127.58080881514,
        127.87721638714
      ],
      "exit_codes": [
        0,
        0,
        0,
        0,
        0,
        0,
        0,
        0,
        0,
        0
      ]
    }
  ]
}
