{
  "results": [
    {
      "command": "cargo build --jobs 16 --release --example breakout",
      "mean": 95.65216784999998,
      "stddev": 0.8163348424488663,
      "median": 95.3457772151,
      "user": 1345.6272314399998,
      "system": 33.27333946,
      "min": 94.4605838466,
      "max": 96.90565999660001,
      "times": [
        95.3041054226,
        95.6488781056,
        95.3392324166,
        95.3523220136,
        95.2616741666,
        96.5399931286,
        96.90565999660001,
        94.9395121686,
        94.4605838466,
        96.76971723460001
      ],
      "exit_codes": [
        0,
        0,
        0,
        0,
        0,
        0,
        0,
        0,
        0,
        0
      ]
    }
  ]
}
