{
  "results": [
    {
      "command": "cargo build --jobs 8 --release --example breakout",
      "mean": 132.81678585108006,
      "stddev": 0.1721493741375738,
      "median": 132.78443362358001,
      "user": 1008.7860050399998,
      "system": 24.753843959999998,
      "min": 132.66134392158,
      "max": 133.22788544858,
      "times": [
        132.68322949858,
        132.66134392158,
        132.81142613458002,
        132.93407921558,
        132.75744111258,
        132.82995572458,
        132.70173550058,
        132.88608664158,
        132.67467531258,
        133.22788544858
      ],
      "exit_codes": [
        0,
        0,
        0,
        0,
        0,
        0,
        0,
        0,
        0,
        0
      ]
    }
  ]
}
