{
  "results": [
    {
      "command": "cargo build --jobs 16 --release --example breakout",
      "mean": 94.03978931906002,
      "stddev": 0.9158995737793066,
      "median": 94.11712496596002,
      "user": 1305.6305437799997,
      "system": 30.79101694,
      "min": 91.85738747496,
      "max": 95.60892158196,
      "times": [
        91.85738747496,
        93.77791023096,
        95.60892158196,
        94.11891632896001,
        94.06241474196001,
        93.96280220196,
        94.15591166196,
        94.11533360296,
        94.42984582396001,
        94.30844954096001
      ],
      "exit_codes": [
        0,
        0,
        0,
        0,
        0,
        0,
        0,
        0,
        0,
        0
      ]
    }
  ]
}
