{
  "results": [
    {
      "command": "cargo build --jobs 16 --release --example breakout",
      "mean": 97.58398269252,
      "stddev": 0.783326308223243,
      "median": 97.66219588452,
      "user": 1371.1928708199998,
      "system": 34.00287558,
      "min": 95.61762638552,
      "max": 98.61289886152,
      "times": [
        97.86082460752,
        97.59211147452,
        97.94373014151999,
        98.11614528852,
        95.61762638552,
        97.50427211051999,
        97.30334721052,
        97.73228029452,
        97.55659055052,
        98.61289886152
      ],
      "exit_codes": [
        0,
        0,
        0,
        0,
        0,
        0,
        0,
        0,
        0,
        0
      ]
    }
  ]
}
