{
  "results": [
    {
      "command": "cargo build --jobs 8 --release --example breakout",
      "mean": 138.10542427517998,
      "stddev": 0.19605396463937239,
      "median": 138.07511811688,
      "user": 1061.3968427200002,
      "system": 25.718745400000007,
      "min": 137.85401905138,
      "max": 138.46764289537998,
      "times": [
        137.99228506338,
        138.13892090137998,
        138.00583602638,
        138.15267551538,
        138.46764289537998,
        137.87550026838,
        138.01131533237998,
        137.85401905138,
        138.23246220837999,
        138.32358548937998
      ],
      "exit_codes": [
        0,
        0,
        0,
        0,
        0,
        0,
        0,
        0,
        0,
        0
      ]
    }
  ]
}
