{
  "results": [
    {
      "command": "cargo build --jobs 16 --release --example breakout",
      "mean": 95.10354283244001,
      "stddev": 0.6784004621315503,
      "median": 94.96249721164,
      "user": 1329.5961546000003,
      "system": 31.946796879999994,
      "min": 94.08802621014,
      "max": 96.04757688213999,
      "times": [
        94.41445207314,
        94.47946348014,
        96.04757688213999,
        95.70773855714,
        94.87516996613999,
        95.65236220714,
        95.86140405713999,
        94.08802621014,
        94.85941043414,
        95.04982445714
      ],
      "exit_codes": [
        0,
        0,
        0,
        0,
        0,
        0,
        0,
        0,
        0,
        0
      ]
    }
  ]
}
