{
  "results": [
    {
      "command": "cargo build --jobs 8 --release --example breakout",
      "mean": 121.79732972126001,
      "stddev": 0.3839772784222982,
      "median": 121.75888340506,
      "user": 933.35233878,
      "system": 24.61929596,
      "min": 121.36368204806,
      "max": 122.54034813606,
      "times": [
        121.93335914806,
        121.69255557706,
        121.57000778906,
        121.82521123306,
        122.29249288406,
        121.50225193806,
        122.54034813606,
        121.38753359306,
        121.86585486606,
        121.36368204806
      ],
      "exit_codes": [
        0,
        0,
        0,
        0,
        0,
        0,
        0,
        0,
        0,
        0
      ]
    }
  ]
}
