{
  "results": [
    {
      "command": "cargo build --jobs 16 --release --example breakout",
      "mean": 78.36863931394,
      "stddev": 0.28685451795313055,
      "median": 78.32730992294,
      "user": 1181.4332529399999,
      "system": 30.354365539999996,
      "min": 77.96357292894,
      "max": 78.79071538594,
      "times": [
        78.68187027894,
        77.96357292894,
        78.21766798994,
        78.27444498694,
        78.19366378294,
        78.38017485894,
        78.51640606194,
        78.00715771494,
        78.66071914994001,
        78.79071538594
      ],
      "exit_codes": [
        0,
        0,
        0,
        0,
        0,
        0,
        0,
        0,
        0,
        0
      ]
    }
  ]
}
