{
  "results": [
    {
      "command": "cargo build --jobs 8 --release --example breakout",
      "mean": 121.2722019937,
      "stddev": 0.11389625429076189,
      "median": 121.243544055,
      "user": 916.8333124799999,
      "system": 24.53830162,
      "min": 121.118147604,
      "max": 121.501251392,
      "times": [
        121.21972345900001,
        121.317780002,
        121.230456882,
        121.137325902,
        121.341319466,
        121.36892712,
        121.240923656,
        121.501251392,
        121.246164454,
        121.118147604
      ],
      "exit_codes": [
        0,
        0,
        0,
        0,
        0,
        0,
        0,
        0,
        0,
        0
      ]
    }
  ]
}
