{
  "results": [
    {
      "command": "cargo build --jobs 16 --release --example breakout",
      "mean": 79.14051458024,
      "stddev": 0.4028857366737944,
      "median": 79.18930041124,
      "user": 1154.8688018199998,
      "system": 30.032925319999997,
      "min": 78.32347019224001,
      "max": 79.94989765024,
      "times": [
        79.18755494124001,
        78.98396647724,
        79.13356072224,
        79.23080863624,
        78.87651531024001,
        78.32347019224001,
        79.19104588124,
        79.94989765024,
        79.24930701524,
        79.27901897624001
      ],
      "exit_codes": [
        0,
        0,
        0,
        0,
        0,
        0,
        0,
        0,
        0,
        0
      ]
    }
  ]
}
