{
  "results": [
    {
      "command": "cargo build --jobs 8 --release --example breakout",
      "mean": 137.8354865755,
      "stddev": 0.1862477124480333,
      "median": 137.76208637360003,
      "user": 1062.5295349399998,
      "system": 26.286581240000004,
      "min": 137.6270085886,
      "max": 138.1414501946,
      "times": [
        137.7664853916,
        137.6270085886,
        137.6678445966,
        137.9147074526,
        138.1414501946,
        137.6739259826,
        138.0382221666,
        138.0541458226,
        137.7576873556,
        137.7133882036
      ],
      "exit_codes": [
        0,
        0,
        0,
        0,
        0,
        0,
        0,
        0,
        0,
        0
      ]
    }
  ]
}
