{
  "results": [
    {
      "command": "cargo build --jobs 16 --release --example breakout",
      "mean": 94.34349046843998,
      "stddev": 2.2559596711637457,
      "median": 93.63336394164,
      "user": 1330.6840123999996,
      "system": 32.553937239999996,
      "min": 92.54718842314,
      "max": 100.25347655414001,
      "times": [
        93.66959626214,
        93.01582212414,
        95.65665886614,
        92.54718842314,
        100.25347655414001,
        93.59713162114001,
        94.40811587514,
        92.86465530414,
        93.42796863714,
        93.99429101714
      ],
      "exit_codes": [
        0,
        0,
        0,
        0,
        0,
        0,
        0,
        0,
        0,
        0
      ]
    }
  ]
}
