{
  "results": [
    {
      "command": "cargo build --jobs 8 --release --example breakout",
      "mean": 117.05262433139998,
      "stddev": 0.16253299334653484,
      "median": 117.0504169682,
      "user": 902.90484108,
      "system": 24.752922579999996,
      "min": 116.7390866152,
      "max": 117.26161297419999,
      "times": [
        116.7390866152,
        117.0498904282,
        117.2070867102,
        117.2597852232,
        116.93686082619999,
        117.05094350819999,
        116.94577385219999,
        117.26161297419999,
        116.99449432419999,
        117.08070885219999
      ],
      "exit_codes": [
        0,
        0,
        0,
        0,
        0,
        0,
        0,
        0,
        0,
        0
      ]
    }
  ]
}
