{
  "results": [
    {
      "command": "cargo build --jobs 16 --release --example breakout",
      "mean": 75.49993277681999,
      "stddev": 0.14622575862556872,
      "median": 75.54165647982,
      "user": 1138.7526692,
      "system": 30.503583220000003,
      "min": 75.23377566782,
      "max": 75.66513552682001,
      "times": [
        75.34962478282,
        75.55261177182001,
        75.64481241982,
        75.66513552682001,
        75.32348947782,
        75.53049873882,
        75.23377566782,
        75.56581274082001,
        75.60286545382,
        75.53070118782
      ],
      "exit_codes": [
        0,
        0,
        0,
        0,
        0,
        0,
        0,
        0,
        0,
        0
      ]
    }
  ]
}
