{
  "results": [
    {
      "command": "cargo build --jobs 8 --release --example breakout",
      "mean": 113.87992753398001,
      "stddev": 0.43899661446862764,
      "median": 113.89056702848,
      "user": 854.7045728400001,
      "system": 22.717745439999995,
      "min": 113.35928271598,
      "max": 114.53184761398,
      "times": [
        114.53184761398,
        114.01307521298,
        114.12324709398,
        113.55445603498,
        113.76805884398,
        113.37746544798,
        113.35928271598,
        114.49815043998001,
        113.47780199698,
        114.09588993898001
      ],
      "exit_codes": [
        0,
        0,
        0,
        0,
        0,
        0,
        0,
        0,
        0,
        0
      ]
    }
  ]
}
