{
  "results": [
    {
      "command": "cargo build --jobs 8 --release --example breakout",
      "mean": 113.32308883266,
      "stddev": 0.36897750669229673,
      "median": 113.17979703486,
      "user": 855.1934026599998,
      "system": 22.76131994,
      "min": 113.04827354486,
      "max": 114.27982480686,
      "times": [
        113.27519416286,
        113.12292578686,
        113.10482242286,
        113.20012548386,
        113.15946858586,
        113.36813849086,
        113.55986061686,
        113.11225442486,
        114.27982480686,
        113.04827354486
      ],
      "exit_codes": [
        0,
        0,
        0,
        0,
        0,
        0,
        0,
        0,
        0,
        0
      ]
    }
  ]
}
