{
  "results": [
    {
      "command": "cargo build --jobs 8 --release --example breakout",
      "mean": 113.06374182292,
      "stddev": 0.1441271234832887,
      "median": 113.01695517531999,
      "user": 855.1326690999998,
      "system": 22.75332042,
      "min": 112.94047944382,
      "max": 113.38423825881999,
      "times": [
        113.24592573881999,
        113.05098777382,
        112.95775537082,
        112.99161145382,
        113.00007979582,
        113.03383055482,
        113.38423825881999,
        112.94627293181999,
        113.08623690681999,
        112.94047944382
      ],
      "exit_codes": [
        0,
        0,
        0,
        0,
        0,
        0,
        0,
        0,
        0,
        0
      ]
    }
  ]
}
