{
  "results": [
    {
      "command": "cargo build --jobs 16 --release --example breakout",
      "mean": 78.0778536225,
      "stddev": 0.21192149905812432,
      "median": 78.080515288,
      "user": 1141.73873668,
      "system": 30.153776119999996,
      "min": 77.675345574,
      "max": 78.497818645,
      "times": [
        77.993171315,
        78.170433606,
        77.675345574,
        78.497818645,
        78.152121511,
        78.19881735199999,
        78.106430172,
        78.00393824,
        78.054600404,
        77.925859406
      ],
      "exit_codes": [
        0,
        0,
        0,
        0,
        0,
        0,
        0,
        0,
        0,
        0
      ]
    }
  ]
}
