{
  "results": [
    {
      "command": "cargo build --jobs 16 --release --example breakout",
      "mean": 74.74380549994,
      "stddev": 0.26724215853776534,
      "median": 74.70722199924,
      "user": 1134.9226568,
      "system": 29.533717520000003,
      "min": 74.30085998274,
      "max": 75.08797300073999,
      "times": [
        74.30085998274,
        74.72038111374,
        74.97738962074,
        74.46444992574,
        74.61229638974,
        75.01240216874,
        74.56073698173999,
        74.69406288474,
        75.08797300073999,
        75.00750293074
      ],
      "exit_codes": [
        0,
        0,
        0,
        0,
        0,
        0,
        0,
        0,
        0,
        0
      ]
    }
  ]
}
