{
  "results": [
    {
      "command": "cargo build --jobs 8 --release --example breakout",
      "mean": 116.77821653034,
      "stddev": 0.17791303512801404,
      "median": 116.81416922874001,
      "user": 899.0259046200001,
      "system": 24.09473468,
      "min": 116.40146093724,
      "max": 117.02811557324,
      "times": [
        116.68699383624,
        116.75708909424,
        116.78271377724,
        117.02811557324,
        116.91586682824001,
        116.87803011324,
        116.60938295924001,
        116.40146093724,
        116.87688750424,
        116.84562468024001
      ],
      "exit_codes": [
        0,
        0,
        0,
        0,
        0,
        0,
        0,
        0,
        0,
        0
      ]
    }
  ]
}
