{
  "results": [
    {
      "command": "cargo build --jobs 8 --release --example breakout",
      "mean": 119.93205411592001,
      "stddev": 0.1135054432768738,
      "median": 119.94356795962,
      "user": 907.90318266,
      "system": 24.85121018,
      "min": 119.78484980612001,
      "max": 120.15936137412001,
      "times": [
        119.78484980612001,
        119.82098696212,
        119.99237669412001,
        119.83929482212001,
        119.96381266712001,
        119.84493023912,
        119.94207207312,
        119.94506384612001,
        120.15936137412001,
        120.02779267512001
      ],
      "exit_codes": [
        0,
        0,
        0,
        0,
        0,
        0,
        0,
        0,
        0,
        0
      ]
    }
  ]
}
