{
  "results": [
    {
      "command": "cargo build --jobs 16 --release --example breakout",
      "mean": 78.05617265142,
      "stddev": 0.23418874286446917,
      "median": 78.07621515902,
      "user": 1142.82078856,
      "system": 30.160919479999997,
      "min": 77.59771311851999,
      "max": 78.33531840652,
      "times": [
        78.24371142652,
        78.18830232351999,
        78.02310273351999,
        77.97281307352,
        77.59771311851999,
        78.12932758452,
        78.32472385452,
        78.33531840652,
        77.88925995652,
        77.85745403652
      ],
      "exit_codes": [
        0,
        0,
        0,
        0,
        0,
        0,
        0,
        0,
        0,
        0
      ]
    }
  ]
}
