{
  "results": [
    {
      "command": "cargo build --jobs 8 --release --example breakout",
      "mean": 120.36416326594,
      "stddev": 0.12743683209912698,
      "median": 120.38057632764,
      "user": 911.2667074200001,
      "system": 24.285179399999997,
      "min": 120.08265562914,
      "max": 120.54083257014,
      "times": [
        120.54083257014,
        120.40529097614001,
        120.37993209814,
        120.25834702614,
        120.38122055714,
        120.38607138214,
        120.35660182114,
        120.08265562914,
        120.50975638414,
        120.34092421514
      ],
      "exit_codes": [
        0,
        0,
        0,
        0,
        0,
        0,
        0,
        0,
        0,
        0
      ]
    }
  ]
}
