{
  "results": [
    {
      "command": "cargo build --jobs 16 --release --example breakout",
      "mean": 75.95919814752,
      "stddev": 0.15190631218785786,
      "median": 75.98387314802,
      "user": 1145.0909443599999,
      "system": 29.13625656,
      "min": 75.61825362502,
      "max": 76.13310301902,
      "times": [
        76.11833310302,
        75.81959314602001,
        75.99614437602,
        75.94811679702,
        75.98123942302,
        76.06966753202,
        75.92102358102001,
        76.13310301902,
        75.98650687302,
        75.61825362502
      ],
      "exit_codes": [
        0,
        0,
        0,
        0,
        0,
        0,
        0,
        0,
        0,
        0
      ]
    }
  ]
}
