{
  "results": [
    {
      "command": "cargo build --jobs 8 --release --example breakout",
      "mean": 120.34681606379999,
      "stddev": 0.24116128698392458,
      "median": 120.25129572680001,
      "user": 908.43014402,
      "system": 24.80553606,
      "min": 120.1129850283,
      "max": 120.7422317593,
      "times": [
        120.1129850283,
        120.1345445133,
        120.6541610333,
        120.4269307193,
        120.7422317593,
        120.1211515523,
        120.5994148513,
        120.29411698130001,
        120.1741497273,
        120.2084744723
      ],
      "exit_codes": [
        0,
        0,
        0,
        0,
        0,
        0,
        0,
        0,
        0,
        0
      ]
    }
  ]
}
