{
  "results": [
    {
      "command": "cargo build --jobs 16 --release --example breakout",
      "mean": 78.07941724770002,
      "stddev": 0.3240376426286226,
      "median": 78.1018245528,
      "user": 1144.06927684,
      "system": 30.238180940000007,
      "min": 77.5021523848,
      "max": 78.6924667798,
      "times": [
        78.2103343918,
        78.12900472780001,
        77.5021523848,
        77.8503046688,
        78.0746443778,
        78.32257608180001,
        77.98419739980001,
        78.2229775478,
        78.6924667798,
        77.80551411680001
      ],
      "exit_codes": [
        0,
        0,
        0,
        0,
        0,
        0,
        0,
        0,
        0,
        0
      ]
    }
  ]
}
