{
  "results": [
    {
      "command": "cargo build --jobs 16 --release --example breakout",
      "mean": 73.34581535392002,
      "stddev": 0.4823260680249528,
      "median": 73.27287971202,
      "user": 1035.88696474,
      "system": 27.98693214,
      "min": 72.62858074752,
      "max": 74.43407392652,
      "times": [
        73.18855550952,
        72.95625564652,
        73.66060355952001,
        73.17267557152,
        73.35720391452,
        73.11042746152,
        72.62858074752,
        74.43407392652,
        73.45756328352,
        73.49221391852001
      ],
      "exit_codes": [
        0,
        0,
        0,
        0,
        0,
        0,
        0,
        0,
        0,
        0
      ]
    }
  ]
}
