{
  "results": [
    {
      "command": "cargo build --jobs 8 --release --example breakout",
      "mean": 109.59317081156,
      "stddev": 0.2230496101633682,
      "median": 109.55002098776,
      "user": 826.1891161599999,
      "system": 22.100124,
      "min": 109.36777606676,
      "max": 110.03568726976,
      "times": [
        109.71776801276,
        109.37019398776,
        109.82505924476,
        109.66800363276,
        109.47749656376,
        109.47238354176,
        109.36777606676,
        109.37479438376,
        109.62254541176,
        110.03568726976
      ],
      "exit_codes": [
        0,
        0,
        0,
        0,
        0,
        0,
        0,
        0,
        0,
        0
      ]
    }
  ]
}
