{
  "results": [
    {
      "command": "cargo build --jobs 8 --release --example breakout",
      "mean": 122.18408747174001,
      "stddev": 0.46356166028640444,
      "median": 121.99833319144,
      "user": 935.6772908199998,
      "system": 24.43925984,
      "min": 121.61427187794001,
      "max": 122.97329504794001,
      "times": [
        122.47777839694001,
        121.61427187794001,
        121.75016627394001,
        122.72981240794,
        121.84147476194,
        122.02062465694,
        122.56242669894,
        122.97329504794001,
        121.89498286894,
        121.97604172594001
      ],
      "exit_codes": [
        0,
        0,
        0,
        0,
        0,
        0,
        0,
        0,
        0,
        0
      ]
    }
  ]
}
