{
  "results": [
    {
      "command": "cargo build --jobs 16 --release --example breakout",
      "mean": 81.21209035648,
      "stddev": 1.0731297484416662,
      "median": 80.68997185318,
      "user": 1215.0731445799997,
      "system": 31.135379639999996,
      "min": 80.33053368218,
      "max": 83.67621406718,
      "times": [
        80.33053368218,
        80.45220493918,
        80.61141784918,
        80.76778473818,
        80.54606676718001,
        80.61215896818,
        81.19290204118,
        83.67621406718,
        81.49691910018001,
        82.43470141218
      ],
      "exit_codes": [
        0,
        0,
        0,
        0,
        0,
        0,
        0,
        0,
        0,
        0
      ]
    }
  ]
}
