{
  "results": [
    {
      "command": "cargo build --jobs 8 --release --example breakout",
      "mean": 125.40605690534001,
      "stddev": 0.15204798995199484,
      "median": 125.40927660734,
      "user": 961.93737528,
      "system": 25.241618839999994,
      "min": 125.10529430334,
      "max": 125.63628583834,
      "times": [
        125.40746469734,
        125.10529430334,
        125.38248600434,
        125.41108851734,
        125.63628583834,
        125.43063034133999,
        125.60232525933999,
        125.47413498834,
        125.30325515034,
        125.30760395333999
      ],
      "exit_codes": [
        0,
        0,
        0,
        0,
        0,
        0,
        0,
        0,
        0,
        0
      ]
    }
  ]
}
