{
  "results": [
    {
      "command": "cargo build --jobs 8 --release --example breakout",
      "mean": 108.24609594802,
      "stddev": 0.2635298039677519,
      "median": 108.18249640332,
      "user": 816.1069246999999,
      "system": 21.96770882,
      "min": 108.00771774432,
      "max": 108.94286274432001,
      "times": [
        108.16621563932,
        108.23758867032001,
        108.19877716732,
        108.03741926932001,
        108.12274294032001,
        108.15918786032,
        108.25495748032,
        108.94286274432001,
        108.00771774432,
        108.33348996432001
      ],
      "exit_codes": [
        0,
        0,
        0,
        0,
        0,
        0,
        0,
        0,
        0,
        0
      ]
    }
  ]
}
