{
  "results": [
    {
      "command": "cargo build --jobs 8 --release --example breakout",
      "mean": 117.27754659926002,
      "stddev": 0.24562628055967975,
      "median": 117.21862949176,
      "user": 903.9624093,
      "system": 24.034642599999998,
      "min": 117.05360412326,
      "max": 117.90441508226,
      "times": [
        117.11764020326001,
        117.90441508226,
        117.45978095626,
        117.24830030326001,
        117.22922027526,
        117.22742449926001,
        117.20983448426,
        117.11575141926001,
        117.05360412326,
        117.20949464626
      ],
      "exit_codes": [
        0,
        0,
        0,
        0,
        0,
        0,
        0,
        0,
        0,
        0
      ]
    }
  ]
}
