{
  "results": [
    {
      "command": "cargo build --jobs 16 --release --example breakout",
      "mean": 75.25146623938001,
      "stddev": 0.35624536343382296,
      "median": 75.26549091868,
      "user": 1140.7321475,
      "system": 29.6058241,
      "min": 74.74814604118,
      "max": 75.68089190718,
      "times": [
        75.65531131418,
        75.68089190718,
        75.56072388618,
        75.06581598618,
        75.51048017318,
        74.86408480717999,
        75.02227473418,
        74.74814604118,
        75.46516585118,
        74.94176769318
      ],
      "exit_codes": [
        0,
        0,
        0,
        0,
        0,
        0,
        0,
        0,
        0,
        0
      ]
    }
  ]
}
