{
  "results": [
    {
      "command": "cargo build --jobs 16 --release --example breakout",
      "mean": 77.77296966926001,
      "stddev": 3.0588241389806474,
      "median": 76.85858115426001,
      "user": 1154.1742455600001,
      "system": 29.757542360000002,
      "min": 76.44082879876001,
      "max": 86.45368909376,
      "times": [
        76.73137287376001,
        77.22183294776,
        86.45368909376,
        76.78678365276001,
        76.90105506676001,
        76.96456141076,
        76.46814134976,
        76.44082879876001,
        76.81610724176001,
        76.94532425676
      ],
      "exit_codes": [
        0,
        0,
        0,
        0,
        0,
        0,
        0,
        0,
        0,
        0
      ]
    }
  ]
}
