{
  "results": [
    {
      "command": "cargo build --jobs 8 --release --example breakout",
      "mean": 119.12136750099998,
      "stddev": 0.20986604010793547,
      "median": 119.09879881880002,
      "user": 914.3781888799998,
      "system": 24.018704539999998,
      "min": 118.8321117703,
      "max": 119.60456312330001,
      "times": [
        118.95532060830001,
        119.60456312330001,
        119.07099191530001,
        119.25269972630001,
        118.8321117703,
        118.9790026963,
        119.0439040313,
        119.1755024203,
        119.12660572230001,
        119.1729729963
      ],
      "exit_codes": [
        0,
        0,
        0,
        0,
        0,
        0,
        0,
        0,
        0,
        0
      ]
    }
  ]
}
