{
  "results": [
    {
      "command": "cargo build --jobs 16 --release --example breakout",
      "mean": 89.82237888606,
      "stddev": 0.3888924503964844,
      "median": 89.83858886006,
      "user": 1249.9960584799999,
      "system": 30.33310538,
      "min": 89.07036603556,
      "max": 90.47584073756,
      "times": [
        89.79149633456001,
        89.97128097956,
        89.07036603556,
        89.64277602656,
        89.91259911956,
        90.23082487456,
        89.84630087456,
        89.83087684556,
        90.47584073756,
        89.45142703256
      ],
      "exit_codes": [
        0,
        0,
        0,
        0,
        0,
        0,
        0,
        0,
        0,
        0
      ]
    }
  ]
}
