{
  "results": [
    {
      "command": "cargo build --jobs 8 --release --example breakout",
      "mean": 125.45579627331999,
      "stddev": 0.29541995015014905,
      "median": 125.45934516791999,
      "user": 962.4512593,
      "system": 25.201098659999996,
      "min": 124.94711324042,
      "max": 125.82822897642001,
      "times": [
        125.36882811742,
        125.82822897642001,
        125.39373941742,
        125.78512755942,
        125.64863990542,
        125.64747773942,
        125.52495091842,
        124.94711324042,
        125.02591027642,
        125.38794658242
      ],
      "exit_codes": [
        0,
        0,
        0,
        0,
        0,
        0,
        0,
        0,
        0,
        0
      ]
    }
  ]
}
