{
  "results": [
    {
      "command": "cargo build --jobs 8 --release --example breakout",
      "mean": 134.24907326736005,
      "stddev": 2.4074127995111976,
      "median": 133.53392931126,
      "user": 1025.0937597400002,
      "system": 24.86829166,
      "min": 133.20045303376,
      "max": 141.08355979976002,
      "times": [
        133.20045303376,
        133.38230434176,
        133.51614460576002,
        141.08355979976002,
        133.68529260876002,
        133.49947532476,
        133.74895473476002,
        133.55171401676,
        133.26490044676,
        133.55793376076002
      ],
      "exit_codes": [
        0,
        0,
        0,
        0,
        0,
        0,
        0,
        0,
        0,
        0
      ]
    }
  ]
}
