{
  "results": [
    {
      "command": "cargo build --jobs 16 --release --example breakout",
      "mean": 80.06498142466,
      "stddev": 0.31122931530619696,
      "median": 80.06270989776,
      "user": 1201.48432366,
      "system": 30.79345976,
      "min": 79.67218145376,
      "max": 80.62873569376,
      "times": [
        80.62873569376,
        80.18166010976,
        80.32655407776001,
        79.87966054076,
        80.33130990976001,
        79.99141536976,
        79.67218145376,
        80.13400442576,
        79.80891735676,
        79.69537530876
      ],
      "exit_codes": [
        0,
        0,
        0,
        0,
        0,
        0,
        0,
        0,
        0,
        0
      ]
    }
  ]
}
