{
  "results": [
    {
      "command": "cargo build --jobs 16 --release --example breakout",
      "mean": 89.14263121176,
      "stddev": 0.8545981614042913,
      "median": 88.85478834346,
      "user": 1276.5435674799999,
      "system": 31.1155865,
      "min": 88.23131367346,
      "max": 91.37869355946,
      "times": [
        88.98792179446,
        88.85362596646,
        88.85595072046,
        88.23131367346,
        88.77973222346,
        91.37869355946,
        88.79243828746,
        89.12859909646,
        88.82850508546,
        89.58953171046
      ],
      "exit_codes": [
        0,
        0,
        0,
        0,
        0,
        0,
        0,
        0,
        0,
        0
      ]
    }
  ]
}
