{
  "results": [
    {
      "command": "cargo build --jobs 16 --release --example breakout",
      "mean": 75.44708562326,
      "stddev": 0.198611957079294,
      "median": 75.46843721726,
      "user": 1138.88297542,
      "system": 30.40244164,
      "min": 75.11712118526,
      "max": 75.74798952926001,
      "times": [
        75.55151904326,
        75.43686386526001,
        75.74798952926001,
        75.59187624526001,
        75.60930001926,
        75.30808938726001,
        75.44630294826,
        75.49057148626001,
        75.11712118526,
        75.17122252326
      ],
      "exit_codes": [
        0,
        0,
        0,
        0,
        0,
        0,
        0,
        0,
        0,
        0
      ]
    }
  ]
}
