{
  "results": [
    {
      "command": "cargo build --jobs 8 --release --example breakout",
      "mean": 130.52932332872,
      "stddev": 0.1828674994130329,
      "median": 130.55915261772003,
      "user": 996.9516547999998,
      "system": 24.59765956,
      "min": 130.09427025972002,
      "max": 130.71571382872,
      "times": [
        130.47176290372002,
        130.61300384272002,
        130.60597044472001,
        130.71571382872,
        130.44705530072002,
        130.09427025972002,
        130.70663821772,
        130.51233479072002,
        130.46333299672,
        130.66315070172
      ],
      "exit_codes": [
        0,
        0,
        0,
        0,
        0,
        0,
        0,
        0,
        0,
        0
      ]
    }
  ]
}
