{
  "results": [
    {
      "command": "cargo build --jobs 16 --release --example breakout",
      "mean": 89.77268650994,
      "stddev": 0.40700879451478994,
      "median": 89.78574926274,
      "user": 1247.55449508,
      "system": 30.626651079999995,
      "min": 88.83172589724,
      "max": 90.36931547924,
      "times": [
        89.65795526824,
        88.83172589724,
        90.36931547924,
        89.83530873724,
        89.74538890724,
        90.18393477124,
        89.58971204524,
        89.77939605924,
        89.94202546824,
        89.79210246624
      ],
      "exit_codes": [
        0,
        0,
        0,
        0,
        0,
        0,
        0,
        0,
        0,
        0
      ]
    }
  ]
}
