{
  "results": [
    {
      "command": "cargo build --jobs 8 --release --example breakout",
      "mean": 140.20178885518004,
      "stddev": 0.16333765742425638,
      "median": 140.19573836278,
      "user": 1073.3874057799999,
      "system": 26.404520460000004,
      "min": 139.99868368478,
      "max": 140.47908054778,
      "times": [
        140.04603688878,
        140.24891855578,
        140.26823080278,
        140.35284323578,
        140.14255816978002,
        139.99868368478,
        140.01619370878,
        140.11351365778,
        140.47908054778,
        140.35182929978
      ],
      "exit_codes": [
        0,
        0,
        0,
        0,
        0,
        0,
        0,
        0,
        0,
        0
      ]
    }
  ]
}
