{
  "results": [
    {
      "command": "cargo build --jobs 16 --release --example breakout",
      "mean": 97.35856014650001,
      "stddev": 2.7624826749127913,
      "median": 96.50402175090001,
      "user": 1342.51839484,
      "system": 32.88439442,
      "min": 95.7397105704,
      "max": 105.0100011894,
      "times": [
        96.61866208340001,
        105.0100011894,
        96.6405067454,
        96.0071609484,
        96.1073006724,
        97.0000136184,
        97.9814704474,
        95.7397105704,
        96.0913937714,
        96.3893814184
      ],
      "exit_codes": [
        0,
        0,
        0,
        0,
        0,
        0,
        0,
        0,
        0,
        0
      ]
    }
  ]
}
