{
  "results": [
    {
      "command": "cargo build --jobs 8 --release --example breakout",
      "mean": 105.36310614952,
      "stddev": 0.41179835118969504,
      "median": 105.52848055502,
      "user": 795.2579794199999,
      "system": 21.5974235,
      "min": 104.69435323602,
      "max": 105.74381944602,
      "times": [
        104.69435323602,
        104.76236292002001,
        105.46360099202,
        105.51584584102001,
        105.74381944602,
        105.68106527302001,
        105.54111526902,
        105.65569436402001,
        105.68005344002,
        104.89315071402001
      ],
      "exit_codes": [
        0,
        0,
        0,
        0,
        0,
        0,
        0,
        0,
        0,
        0
      ]
    }
  ]
}
