{
  "results": [
    {
      "command": "cargo build --jobs 16 --release --example breakout",
      "mean": 70.37836164096,
      "stddev": 1.161249074458841,
      "median": 70.05366195556,
      "user": 1002.431495,
      "system": 27.28829386,
      "min": 69.23132047606,
      "max": 72.09674166506,
      "times": [
        69.46414060006,
        70.66550742306,
        69.45980026106,
        69.27653464106,
        71.62676410106,
        72.09674166506,
        69.41384586906,
        69.23132047606,
        71.90577806206,
        70.64318331106
      ],
      "exit_codes": [
        0,
        0,
        0,
        0,
        0,
        0,
        0,
        0,
        0,
        0
      ]
    }
  ]
}
