{
  "results": [
    {
      "command": "cargo build --jobs 8 --release --example breakout",
      "mean": 134.88427408222,
      "stddev": 0.9709236171158122,
      "median": 134.58067668031998,
      "user": 1031.8725946599998,
      "system": 25.257752840000002,
      "min": 134.44118518782,
      "max": 137.63864792782,
      "times": [
        134.57490952482,
        134.64566395181998,
        134.47036562481998,
        134.44118518782,
        134.66556348781998,
        134.68622486682,
        137.63864792782,
        134.55882688981998,
        134.58582897282,
        134.57552438782
      ],
      "exit_codes": [
        0,
        0,
        0,
        0,
        0,
        0,
        0,
        0,
        0,
        0
      ]
    }
  ]
}
