{
  "results": [
    {
      "command": "cargo build --jobs 16 --release --example breakout",
      "mean": 93.01963122638,
      "stddev": 0.9975941354205404,
      "median": 93.44449122038,
      "user": 1293.27452742,
      "system": 31.595715359999996,
      "min": 91.66585222938,
      "max": 94.39641884638,
      "times": [
        93.39932634238,
        91.67935061438,
        92.39748199038,
        93.90457413838,
        93.48965609838,
        93.63767977238,
        91.66585222938,
        93.65840284437999,
        94.39641884638,
        91.96756938738
      ],
      "exit_codes": [
        0,
        0,
        0,
        0,
        0,
        0,
        0,
        0,
        0,
        0
      ]
    }
  ]
}
