{
  "results": [
    {
      "command": "cargo build --jobs 8 --release --example breakout",
      "mean": 117.40609406738001,
      "stddev": 0.4397301261061251,
      "median": 117.38518897038,
      "user": 903.99452432,
      "system": 23.830593880000002,
      "min": 116.90082477188001,
      "max": 118.23609388888,
      "times": [
        117.47102265588,
        117.07827508988001,
        116.94241447488001,
        117.41050665988,
        118.23609388888,
        116.90082477188001,
        117.35987128088,
        117.18927983388001,
        117.41842978188001,
        118.05422223588
      ],
      "exit_codes": [
        0,
        0,
        0,
        0,
        0,
        0,
        0,
        0,
        0,
        0
      ]
    }
  ]
}
