{
  "results": [
    {
      "command": "cargo build --jobs 16 --release --example breakout",
      "mean": 75.99035019802,
      "stddev": 0.3513052452417897,
      "median": 75.91541048532,
      "user": 1140.76670934,
      "system": 29.32239566,
      "min": 75.59789226432001,
      "max": 76.81700353932,
      "times": [
        75.96713390632,
        76.04359041432001,
        76.27219727332,
        75.76264333232001,
        76.81700353932,
        75.78307832932,
        75.59789226432001,
        75.86368706432,
        76.07517791232,
        75.72109794432001
      ],
      "exit_codes": [
        0,
        0,
        0,
        0,
        0,
        0,
        0,
        0,
        0,
        0
      ]
    }
  ]
}
