{
  "results": [
    {
      "command": "cargo build --jobs 16 --release --example breakout",
      "mean": 77.65055689352002,
      "stddev": 0.12483819050676984,
      "median": 77.65292076952001,
      "user": 1146.01652424,
      "system": 29.928367119999997,
      "min": 77.45979711452,
      "max": 77.90227169752,
      "times": [
        77.57183544452,
        77.64542836152,
        77.56658052852,
        77.55174856052001,
        77.68514105252001,
        77.66041317752001,
        77.77105626552,
        77.90227169752,
        77.69129673252,
        77.45979711452
      ],
      "exit_codes": [
        0,
        0,
        0,
        0,
        0,
        0,
        0,
        0,
        0,
        0
      ]
    }
  ]
}
