{
  "results": [
    {
      "command": "cargo build --jobs 16 --release --example breakout",
      "mean": 70.73456407332,
      "stddev": 0.4266520090462076,
      "median": 70.77472071931999,
      "user": 1002.63525768,
      "system": 27.631078199999997,
      "min": 70.05714667932,
      "max": 71.34989528832,
      "times": [
        71.34989528832,
        70.76044997032,
        70.64869068931999,
        70.05714667932,
        70.82657851632,
        70.78899146831999,
        71.21965893832,
        70.56493787532,
        71.04394340632,
        70.08534790131999
      ],
      "exit_codes": [
        0,
        0,
        0,
        0,
        0,
        0,
        0,
        0,
        0,
        0
      ]
    }
  ]
}
