{
  "results": [
    {
      "command": "cargo build --jobs 16 --release --example breakout",
      "mean": 74.76027513009998,
      "stddev": 0.24576706351340893,
      "median": 74.692085835,
      "user": 1096.1879516,
      "system": 28.308277739999994,
      "min": 74.45423736549999,
      "max": 75.1833496145,
      "times": [
        74.52150004549999,
        74.99190552249999,
        74.9307254885,
        74.5797973785,
        75.1833496145,
        74.45423736549999,
        74.5978559165,
        74.9668741375,
        74.5901900785,
        74.78631575349999
      ],
      "exit_codes": [
        0,
        0,
        0,
        0,
        0,
        0,
        0,
        0,
        0,
        0
      ]
    }
  ]
}
