{
  "results": [
    {
      "command": "cargo build --jobs 8 --release --example breakout",
      "mean": 117.59776376364,
      "stddev": 0.3279034439951898,
      "median": 117.62127799504,
      "user": 905.0411905799999,
      "system": 23.76828612,
      "min": 117.19026610954,
      "max": 118.21967781154001,
      "times": [
        117.20604815154,
        117.71829957754001,
        117.95649350354,
        117.67992750054,
        118.21967781154001,
        117.56524617154001,
        117.19026610954,
        117.67730981854001,
        117.30764297354,
        117.45672601854001
      ],
      "exit_codes": [
        0,
        0,
        0,
        0,
        0,
        0,
        0,
        0,
        0,
        0
      ]
    }
  ]
}
