{
  "results": [
    {
      "command": "cargo build --jobs 16 --release --example breakout",
      "mean": 75.8493697499,
      "stddev": 0.24958243590902446,
      "median": 75.8390434815,
      "user": 1144.83573292,
      "system": 29.284977359999992,
      "min": 75.377199682,
      "max": 76.230166776,
      "times": [
        76.053922825,
        76.03064485,
        75.77485060000001,
        75.776924933,
        76.003905718,
        75.794877252,
        75.883209711,
        75.377199682,
        75.56799515200001,
        76.230166776
      ],
      "exit_codes": [
        0,
        0,
        0,
        0,
        0,
        0,
        0,
        0,
        0,
        0
      ]
    }
  ]
}
