{
  "results": [
    {
      "command": "cargo build --jobs 8 --release --example breakout",
      "mean": 138.08846401332,
      "stddev": 0.31871487269375426,
      "median": 138.03492268591998,
      "user": 1060.4766104999999,
      "system": 25.724697900000002,
      "min": 137.82081131692,
      "max": 138.92579432792,
      "times": [
        137.83793692692,
        137.97286851292,
        138.11195815692,
        137.88531482692,
        137.95667401692,
        138.92579432792,
        138.16187831592,
        138.09697685892,
        138.11442687292,
        137.82081131692
      ],
      "exit_codes": [
        0,
        0,
        0,
        0,
        0,
        0,
        0,
        0,
        0,
        0
      ]
    }
  ]
}
