{
  "results": [
    {
      "command": "cargo build --jobs 16 --release --example breakout",
      "mean": 96.30472488240001,
      "stddev": 3.415802333371086,
      "median": 95.3504944947,
      "user": 1327.9109958000001,
      "system": 31.97728496,
      "min": 94.44824859270001,
      "max": 105.8747761207,
      "times": [
        105.8747761207,
        94.44824859270001,
        94.5009496247,
        95.86000145870001,
        95.9854545867,
        95.39248172970001,
        95.21149092670001,
        95.30850725970001,
        94.48928390670001,
        95.9760546177
      ],
      "exit_codes": [
        0,
        0,
        0,
        0,
        0,
        0,
        0,
        0,
        0,
        0
      ]
    }
  ]
}
