{
  "results": [
    {
      "command": "cargo build --jobs 16 --release --example breakout",
      "mean": 88.49172703188,
      "stddev": 0.34365502778527174,
      "median": 88.36753216248,
      "user": 1233.2591187599999,
      "system": 32.38683981999999,
      "min": 88.23858574898,
      "max": 89.39986665798,
      "times": [
        88.40550567798,
        88.32955864698,
        88.29706064098,
        88.30449343698,
        88.58376950998,
        88.26301338898,
        88.23858574898,
        88.56107299098001,
        89.39986665798,
        88.53434361898
      ],
      "exit_codes": [
        0,
        0,
        0,
        0,
        0,
        0,
        0,
        0,
        0,
        0
      ]
    }
  ]
}
