{
  "results": [
    {
      "command": "cargo build --jobs 16 --release --example breakout",
      "mean": 92.88021537321998,
      "stddev": 0.9033220539523584,
      "median": 92.86091079952001,
      "user": 1280.4253278,
      "system": 31.32134438,
      "min": 90.82697408852,
      "max": 94.08645179052,
      "times": [
        92.80490469052,
        93.62566924052,
        92.41097179452001,
        92.91691690852001,
        93.52612131052,
        90.82697408852,
        92.78410474252,
        93.39064028052,
        92.42939888552,
        94.08645179052
      ],
      "exit_codes": [
        0,
        0,
        0,
        0,
        0,
        0,
        0,
        0,
        0,
        0
      ]
    }
  ]
}
