{
  "results": [
    {
      "command": "cargo build --jobs 8 --release --example breakout",
      "mean": 133.94208715984,
      "stddev": 0.21365782019295868,
      "median": 133.96611369184,
      "user": 1022.8309910800001,
      "system": 25.02023684,
      "min": 133.60546665934,
      "max": 134.41325311234002,
      "times": [
        133.86804257534,
        133.60546665934,
        133.96148738134,
        134.03139842834,
        133.78596044334,
        134.03492224834,
        134.41325311234002,
        133.77776719534,
        133.97183355234,
        133.97074000234
      ],
      "exit_codes": [
        0,
        0,
        0,
        0,
        0,
        0,
        0,
        0,
        0,
        0
      ]
    }
  ]
}
