{
  "results": [
    {
      "command": "cargo build --jobs 16 --release --example breakout",
      "mean": 70.47609773040001,
      "stddev": 0.4870576048984752,
      "median": 70.6877840054,
      "user": 1004.1513162599998,
      "system": 27.71007666,
      "min": 69.5839368809,
      "max": 70.87841809790001,
      "times": [
        70.86093926790001,
        70.8721266089,
        70.80592386490001,
        69.5839368809,
        70.2329502199,
        70.4563163179,
        70.87841809790001,
        70.6434963889,
        70.7320716219,
        69.6947980349
      ],
      "exit_codes": [
        0,
        0,
        0,
        0,
        0,
        0,
        0,
        0,
        0,
        0
      ]
    }
  ]
}
