{
  "results": [
    {
      "command": "cargo build --jobs 8 --release --example breakout",
      "mean": 106.57789030114,
      "stddev": 0.3082997267402604,
      "median": 106.62930660223999,
      "user": 801.2411860400001,
      "system": 21.98700722,
      "min": 105.76274497124,
      "max": 106.83810636324,
      "times": [
        106.62522673123999,
        106.78486155424,
        106.55590870424,
        106.58551302124,
        106.63338647324,
        106.83810636324,
        106.69475745724,
        105.76274497124,
        106.80847452724,
        106.48992320824
      ],
      "exit_codes": [
        0,
        0,
        0,
        0,
        0,
        0,
        0,
        0,
        0,
        0
      ]
    }
  ]
}
