{
  "results": [
    {
      "command": "cargo build --jobs 8 --release --example breakout",
      "mean": 121.52127671234,
      "stddev": 0.2591403247796766,
      "median": 121.52943878584,
      "user": 917.8859604000002,
      "system": 24.91859212,
      "min": 121.10299767584,
      "max": 121.90746120784,
      "times": [
        121.90746120784,
        121.17364920984,
        121.73009980184,
        121.10299767584,
        121.49724025184,
        121.56276190083999,
        121.82137584684,
        121.56163731983999,
        121.47447350783999,
        121.38107040083999
      ],
      "exit_codes": [
        0,
        0,
        0,
        0,
        0,
        0,
        0,
        0,
        0,
        0
      ]
    }
  ]
}
