{
  "results": [
    {
      "command": "cargo build --jobs 8 --release --example breakout",
      "mean": 127.15139309898,
      "stddev": 0.13466223109263217,
      "median": 127.09805485688,
      "user": 972.8311340800001,
      "system": 25.525393059999995,
      "min": 126.96010952288,
      "max": 127.36926080288,
      "times": [
        127.06323064488001,
        127.26914102688,
        127.36926080288,
        127.26174112988001,
        127.28835426388001,
        127.06355133488,
        126.96010952288,
        127.04243254988,
        127.07257200888,
        127.12353770488001
      ],
      "exit_codes": [
        0,
        0,
        0,
        0,
        0,
        0,
        0,
        0,
        0,
        0
      ]
    }
  ]
}
