{
  "results": [
    {
      "command": "cargo build --jobs 16 --release --example breakout",
      "mean": 82.19127599706,
      "stddev": 0.6416891938108296,
      "median": 82.20831330746,
      "user": 1204.10679766,
      "system": 31.150756019999996,
      "min": 80.92592477896001,
      "max": 83.08519118896001,
      "times": [
        81.51323723396,
        82.09344929596,
        82.21930858496,
        83.08519118896001,
        82.23181469896001,
        80.92592477896001,
        82.76728960496,
        82.00442349896001,
        82.19731802996,
        82.87480305496
      ],
      "exit_codes": [
        0,
        0,
        0,
        0,
        0,
        0,
        0,
        0,
        0,
        0
      ]
    }
  ]
}
