{
  "results": [
    {
      "command": "cargo build --jobs 8 --release --example breakout",
      "mean": 105.93093494436,
      "stddev": 0.32611756994237423,
      "median": 105.95768524916001,
      "user": 799.11900752,
      "system": 21.60655254,
      "min": 105.54063745766,
      "max": 106.31868102566,
      "times": [
        105.67687913866,
        106.15970953066001,
        105.54063745766,
        106.31868102566,
        106.25570832666,
        105.75566096766,
        106.18014082866,
        105.57347059666,
        106.24937672866001,
        105.59908484266
      ],
      "exit_codes": [
        0,
        0,
        0,
        0,
        0,
        0,
        0,
        0,
        0,
        0
      ]
    }
  ]
}
