{
  "results": [
    {
      "command": "cargo build --jobs 16 --release --example breakout",
      "mean": 82.47980845864,
      "stddev": 0.6806696542643196,
      "median": 82.26068429194,
      "user": 1203.89293744,
      "system": 31.718018259999997,
      "min": 81.69354165543999,
      "max": 83.81866805944,
      "times": [
        82.52673720343999,
        81.69354165543999,
        82.09512063444,
        83.52424517643999,
        82.00456841344,
        83.81866805944,
        82.08592561644,
        82.12164523144,
        82.52790924343999,
        82.39972335243999
      ],
      "exit_codes": [
        0,
        0,
        0,
        0,
        0,
        0,
        0,
        0,
        0,
        0
      ]
    }
  ]
}
