{
  "results": [
    {
      "command": "cargo build --jobs 8 --release --example breakout",
      "mean": 133.86755621240002,
      "stddev": 0.2849726872989622,
      "median": 133.81583693250002,
      "user": 1022.93589256,
      "system": 25.063317859999998,
      "min": 133.54533728450002,
      "max": 134.5008534305,
      "times": [
        133.7327945225,
        133.5895732275,
        133.9560296365,
        133.7542536255,
        134.07234703350002,
        133.8774202395,
        134.5008534305,
        134.0023223085,
        133.64463081550002,
        133.54533728450002
      ],
      "exit_codes": [
        0,
        0,
        0,
        0,
        0,
        0,
        0,
        0,
        0,
        0
      ]
    }
  ]
}
