{
  "results": [
    {
      "command": "cargo build --jobs 16 --release --example breakout",
      "mean": 93.07425522528001,
      "stddev": 0.7631003464870981,
      "median": 93.29107543738002,
      "user": 1281.31318232,
      "system": 31.275609280000005,
      "min": 91.19533396888,
      "max": 93.77217244088,
      "times": [
        93.50321392788,
        92.59222654588001,
        93.77217244088,
        92.76374593788,
        91.19533396888,
        93.22539279088001,
        93.35675808388001,
        93.58943392588,
        93.65950944888,
        93.08476518188
      ],
      "exit_codes": [
        0,
        0,
        0,
        0,
        0,
        0,
        0,
        0,
        0,
        0
      ]
    }
  ]
}
