{
  "results": [
    {
      "command": "cargo build --jobs 8 --release --example breakout",
      "mean": 105.77083558474001,
      "stddev": 0.4394758127607577,
      "median": 105.59095551234,
      "user": 794.90291154,
      "system": 21.550447899999995,
      "min": 105.45261998433999,
      "max": 106.92720934233999,
      "times": [
        105.55095043234,
        105.74971638534,
        105.53417488934,
        105.96065413934,
        105.49722477434,
        106.92720934233999,
        105.63096059234,
        105.45261998433999,
        105.86850404634,
        105.53634126134
      ],
      "exit_codes": [
        0,
        0,
        0,
        0,
        0,
        0,
        0,
        0,
        0,
        0
      ]
    }
  ]
}
