{
  "results": [
    {
      "command": "cargo build --jobs 8 --release --example breakout",
      "mean": 124.02768182562002,
      "stddev": 0.20536434226208675,
      "median": 124.08687244902,
      "user": 951.6219403599998,
      "system": 25.096114799999995,
      "min": 123.68216948902,
      "max": 124.25065698502,
      "times": [
        124.16057907502001,
        123.90316334202001,
        124.18535722102,
        124.17511366902,
        124.01316582302,
        123.89445726302,
        123.76962819102,
        124.25065698502,
        123.68216948902,
        124.24252719802
      ],
      "exit_codes": [
        0,
        0,
        0,
        0,
        0,
        0,
        0,
        0,
        0,
        0
      ]
    }
  ]
}
