{
  "results": [
    {
      "command": "cargo build --jobs 16 --release --example breakout",
      "mean": 76.93341345428001,
      "stddev": 0.17790015172230939,
      "median": 76.91657569348,
      "user": 1146.1555475799998,
      "system": 29.340268,
      "min": 76.63915176847999,
      "max": 77.21382438948,
      "times": [
        76.73592876148,
        76.90978736448,
        77.21382438948,
        76.93918539648,
        76.92336402248,
        76.63915176847999,
        77.14779935247999,
        76.89848823547999,
        77.08771209448,
        76.83889315748
      ],
      "exit_codes": [
        0,
        0,
        0,
        0,
        0,
        0,
        0,
        0,
        0,
        0
      ]
    }
  ]
}
