{
  "results": [
    {
      "command": "cargo build --jobs 8 --release --example breakout",
      "mean": 118.68091962259999,
      "stddev": 0.23891487331285738,
      "median": 118.72993686800001,
      "user": 906.2139520000001,
      "system": 23.883272740000002,
      "min": 118.26863297349999,
      "max": 118.97775870049999,
      "times": [
        118.7947965135,
        118.81818856049999,
        118.41806655549999,
        118.26863297349999,
        118.8162148715,
        118.4539982355,
        118.6291846625,
        118.97775870049999,
        118.9672779305,
        118.6650772225
      ],
      "exit_codes": [
        0,
        0,
        0,
        0,
        0,
        0,
        0,
        0,
        0,
        0
      ]
    }
  ]
}
