{
  "results": [
    {
      "command": "cargo build --jobs 8 --release --example breakout",
      "mean": 120.49044093046,
      "stddev": 0.1487570829128709,
      "median": 120.51184512326,
      "user": 909.79995366,
      "system": 24.247021299999993,
      "min": 120.28945478275999,
      "max": 120.66339484676,
      "times": [
        120.59414072576,
        120.41408701776,
        120.42954952075999,
        120.66339484676,
        120.65217922676,
        120.60254400676,
        120.31072845076,
        120.33814060876,
        120.28945478275999,
        120.61019011776
      ],
      "exit_codes": [
        0,
        0,
        0,
        0,
        0,
        0,
        0,
        0,
        0,
        0
      ]
    }
  ]
}
