{
  "results": [
    {
      "command": "cargo build --jobs 8 --release --example breakout",
      "mean": 121.94106302676,
      "stddev": 0.3889059240661858,
      "median": 121.83211377156,
      "user": 933.7752251,
      "system": 24.630498159999995,
      "min": 121.57891085906,
      "max": 122.72967370506001,
      "times": [
        122.54234879506001,
        121.81604412006,
        121.70192029006,
        121.57891085906,
        121.84818342306001,
        121.60038571406,
        121.97151407506,
        121.89528416906,
        121.72636511706,
        122.72967370506001
      ],
      "exit_codes": [
        0,
        0,
        0,
        0,
        0,
        0,
        0,
        0,
        0,
        0
      ]
    }
  ]
}
