{
  "results": [
    {
      "command": "cargo build --jobs 8 --release --example breakout",
      "mean": 137.97346526532002,
      "stddev": 0.36882933050862027,
      "median": 137.97834351322,
      "user": 1050.9630348199998,
      "system": 26.29297618,
      "min": 137.54674590322,
      "max": 138.54583499622,
      "times": [
        137.54674590322,
        138.54583499622,
        137.57441382322003,
        137.55429111622,
        138.25150620422002,
        137.75170156322002,
        137.96234636522001,
        138.09142744722,
        138.46204457322003,
        137.99434066122
      ],
      "exit_codes": [
        0,
        0,
        0,
        0,
        0,
        0,
        0,
        0,
        0,
        0
      ]
    }
  ]
}
