{
  "results": [
    {
      "command": "cargo build --jobs 16 --release --example breakout",
      "mean": 75.64658928931999,
      "stddev": 0.2752978161401433,
      "median": 75.72460732802,
      "user": 1141.91902152,
      "system": 29.712681619999994,
      "min": 75.15351013002,
      "max": 75.96329548701999,
      "times": [
        75.15351013002,
        75.41793905502,
        75.86346757701999,
        75.81387510802,
        75.29734638901999,
        75.91823036502,
        75.58901412601999,
        75.73236758302,
        75.71684707301999,
        75.96329548701999
      ],
      "exit_codes": [
        0,
        0,
        0,
        0,
        0,
        0,
        0,
        0,
        0,
        0
      ]
    }
  ]
}
