{
  "results": [
    {
      "command": "cargo build --jobs 8 --release --example breakout",
      "mean": 116.9902832258,
      "stddev": 0.2579556094119812,
      "median": 116.97230766140001,
      "user": 902.5978915599999,
      "system": 24.14069944,
      "min": 116.6896016859,
      "max": 117.5010932559,
      "times": [
        116.6896016859,
        116.98047954190001,
        117.35805622090001,
        116.7205798169,
        117.5010932559,
        116.8844724819,
        116.82446119490001,
        116.9956258609,
        116.96413578090001,
        116.98432641790001
      ],
      "exit_codes": [
        0,
        0,
        0,
        0,
        0,
        0,
        0,
        0,
        0,
        0
      ]
    }
  ]
}
