{
  "results": [
    {
      "command": "cargo build --jobs 8 --release --example breakout",
      "mean": 128.31002928492,
      "stddev": 0.062700058262847,
      "median": 128.29317084492,
      "user": 982.8956906199999,
      "system": 24.478901999999998,
      "min": 128.23964470692002,
      "max": 128.44134286792,
      "times": [
        128.23964470692002,
        128.44134286792,
        128.28291826292002,
        128.35592399492,
        128.29583559192002,
        128.36881208492002,
        128.29050609792,
        128.31703405092,
        128.25616687492,
        128.25210831592003
      ],
      "exit_codes": [
        0,
        0,
        0,
        0,
        0,
        0,
        0,
        0,
        0,
        0
      ]
    }
  ]
}
