{
  "results": [
    {
      "command": "cargo build --jobs 8 --release --example breakout",
      "mean": 117.59235617444001,
      "stddev": 0.28412894921088283,
      "median": 117.48931477824,
      "user": 904.3653446599999,
      "system": 23.786672300000003,
      "min": 117.22498501024,
      "max": 118.03116824224,
      "times": [
        117.24527622424,
        118.03116824224,
        117.64682197224,
        117.47810339124,
        117.49561595124,
        117.46419950224,
        117.48301360524,
        117.22498501024,
        117.94445857724,
        117.90991926824
      ],
      "exit_codes": [
        0,
        0,
        0,
        0,
        0,
        0,
        0,
        0,
        0,
        0
      ]
    }
  ]
}
