{
  "results": [
    {
      "command": "cargo build --jobs 16 --release --example breakout",
      "mean": 75.79268713176,
      "stddev": 0.39297215333030316,
      "median": 75.72400981915999,
      "user": 1144.11293868,
      "system": 29.430269720000002,
      "min": 75.23071745466,
      "max": 76.50495603866,
      "times": [
        75.62291245066,
        76.11946204366,
        75.23071745466,
        75.85779188565999,
        75.49428276366,
        75.58881341365999,
        76.50495603866,
        75.46032753466,
        75.82510718766,
        76.22250054466
      ],
      "exit_codes": [
        0,
        0,
        0,
        0,
        0,
        0,
        0,
        0,
        0,
        0
      ]
    }
  ]
}
