{
  "results": [
    {
      "command": "cargo build --jobs 8 --release --example breakout",
      "mean": 117.4591421615,
      "stddev": 0.15185976354114175,
      "median": 117.4716798707,
      "user": 905.3917472400001,
      "system": 23.785090160000003,
      "min": 117.23117291770001,
      "max": 117.7205340247,
      "times": [
        117.3175726887,
        117.23117291770001,
        117.5698138627,
        117.4188475137,
        117.5935324647,
        117.7205340247,
        117.3602221847,
        117.5245122277,
        117.32953827370001,
        117.5256754567
      ],
      "exit_codes": [
        0,
        0,
        0,
        0,
        0,
        0,
        0,
        0,
        0,
        0
      ]
    }
  ]
}
