{
  "results": [
    {
      "command": "cargo build --jobs 16 --release --example breakout",
      "mean": 96.71059708776002,
      "stddev": 3.2306126044686576,
      "median": 95.61493417616,
      "user": 1343.9623093199998,
      "system": 33.211606,
      "min": 94.35664486816,
      "max": 105.62500405316001,
      "times": [
        95.33909500316001,
        95.34110786316,
        94.35664486816,
        95.87056976716,
        95.69819104516,
        105.62500405316001,
        97.14489545516001,
        95.35399399916001,
        95.53167730716001,
        96.84479151616
      ],
      "exit_codes": [
        0,
        0,
        0,
        0,
        0,
        0,
        0,
        0,
        0,
        0
      ]
    }
  ]
}
