{
  "results": [
    {
      "command": "cargo build --jobs 8 --release --example breakout",
      "mean": 116.50133298847997,
      "stddev": 0.11651705837544693,
      "median": 116.52332012058,
      "user": 897.7307304599999,
      "system": 23.89895826,
      "min": 116.30097790358,
      "max": 116.68347843058001,
      "times": [
        116.51206350558,
        116.37476445158,
        116.55475569358,
        116.41648797958,
        116.63098814058,
        116.68347843058001,
        116.53457673558,
        116.45383024458,
        116.55140679958001,
        116.30097790358
      ],
      "exit_codes": [
        0,
        0,
        0,
        0,
        0,
        0,
        0,
        0,
        0,
        0
      ]
    }
  ]
}
