{
  "results": [
    {
      "command": "cargo build --jobs 16 --release --example breakout",
      "mean": 94.236715718,
      "stddev": 0.76900264540252,
      "median": 94.1954892668,
      "user": 1317.7154823999997,
      "system": 32.66214556,
      "min": 93.2825769683,
      "max": 95.3325051773,
      "times": [
        93.3031961453,
        94.9278737683,
        94.1842178933,
        93.5869058943,
        94.4516284843,
        93.2825769683,
        94.2067606403,
        93.77150489830001,
        95.3325051773,
        95.31998731030001
      ],
      "exit_codes": [
        0,
        0,
        0,
        0,
        0,
        0,
        0,
        0,
        0,
        0
      ]
    }
  ]
}
