{
  "results": [
    {
      "command": "cargo build --jobs 8 --release --example breakout",
      "mean": 138.11406758511998,
      "stddev": 0.27319457516408113,
      "median": 138.08283300222,
      "user": 1051.32552844,
      "system": 26.212746900000003,
      "min": 137.76022916622,
      "max": 138.58178837122,
      "times": [
        138.58178837122,
        138.24336603722,
        137.87482403721998,
        137.89804837321998,
        138.08272750122,
        138.50624613221999,
        138.20435100922,
        137.76022916622,
        138.08293850322,
        137.90615672022
      ],
      "exit_codes": [
        0,
        0,
        0,
        0,
        0,
        0,
        0,
        0,
        0,
        0
      ]
    }
  ]
}
