{
  "results": [
    {
      "command": "cargo build --jobs 16 --release --example breakout",
      "mean": 87.59461917192002,
      "stddev": 0.6900203617746421,
      "median": 87.80510681882001,
      "user": 1217.1727898999998,
      "system": 32.03876386,
      "min": 85.85617667682001,
      "max": 88.41067809982,
      "times": [
        87.80000386482,
        88.02696604682001,
        87.84000090582,
        88.41067809982,
        87.88701847182,
        87.81020977282,
        85.85617667682001,
        87.17717448782001,
        87.57759112082,
        87.56037227182
      ],
      "exit_codes": [
        0,
        0,
        0,
        0,
        0,
        0,
        0,
        0,
        0,
        0
      ]
    }
  ]
}
