{
  "results": [
    {
      "command": "cargo build --jobs 16 --release --example breakout",
      "mean": 97.33786434931999,
      "stddev": 1.038759595068503,
      "median": 97.33109438862,
      "user": 1372.71824884,
      "system": 34.00104422,
      "min": 95.69700866012,
      "max": 99.05054084412001,
      "times": [
        98.41211919412001,
        99.05054084412001,
        97.38909014312,
        97.97688637412,
        96.60495157312,
        97.27309863412,
        97.78652160812,
        97.17380168612,
        96.01462477612,
        95.69700866012
      ],
      "exit_codes": [
        0,
        0,
        0,
        0,
        0,
        0,
        0,
        0,
        0,
        0
      ]
    }
  ]
}
