{
  "results": [
    {
      "command": "cargo build --jobs 8 --release --example breakout",
      "mean": 142.64003892943998,
      "stddev": 0.31785560750501113,
      "median": 142.67254081184,
      "user": 1096.28879726,
      "system": 27.26250478,
      "min": 142.09518159234,
      "max": 143.02509774034002,
      "times": [
        143.02509774034002,
        142.55640471134,
        142.85609549234002,
        142.96563872634002,
        142.50894314534,
        142.54919330934,
        142.18726081734002,
        142.86789684734,
        142.78867691234,
        142.09518159234
      ],
      "exit_codes": [
        0,
        0,
        0,
        0,
        0,
        0,
        0,
        0,
        0,
        0
      ]
    }
  ]
}
