{
  "results": [
    {
      "command": "cargo build --jobs 16 --release --example breakout",
      "mean": 92.11145448068,
      "stddev": 0.6583668138308644,
      "median": 92.02260004048,
      "user": 1288.2926454199999,
      "system": 31.40454496,
      "min": 91.18134392248,
      "max": 93.33543112848,
      "times": [
        93.33543112848,
        92.95726688248,
        92.09078781548,
        91.95441226547999,
        91.69650837648,
        91.79519907048,
        92.10617981147999,
        92.49853776948,
        91.18134392248,
        91.49887776448
      ],
      "exit_codes": [
        0,
        0,
        0,
        0,
        0,
        0,
        0,
        0,
        0,
        0
      ]
    }
  ]
}
