{
  "results": [
    {
      "command": "cargo build --jobs 8 --release --example breakout",
      "mean": 134.85629132324,
      "stddev": 0.1302642925865081,
      "median": 134.84421026664,
      "user": 1029.21078494,
      "system": 25.22089466,
      "min": 134.62202452364,
      "max": 135.09087790164,
      "times": [
        134.75460801964,
        134.80174861064,
        134.97184128664,
        135.09087790164,
        134.85680411863999,
        134.92431412064,
        134.62202452364,
        134.83161641464,
        134.78071931764,
        134.92835891864
      ],
      "exit_codes": [
        0,
        0,
        0,
        0,
        0,
        0,
        0,
        0,
        0,
        0
      ]
    }
  ]
}
