{
  "results": [
    {
      "command": "cargo build --jobs 8 --release --example breakout",
      "mean": 125.41047552766,
      "stddev": 0.45994076844959236,
      "median": 125.53327419665999,
      "user": 961.1141067799999,
      "system": 24.29945142,
      "min": 124.63250814915999,
      "max": 125.95515351716,
      "times": [
        125.60252025316,
        124.63250814915999,
        124.71883974015999,
        125.46402814016,
        125.28553067716,
        125.62491753616,
        125.15673572716,
        125.86471892115999,
        125.95515351716,
        125.79980261515999
      ],
      "exit_codes": [
        0,
        0,
        0,
        0,
        0,
        0,
        0,
        0,
        0,
        0
      ]
    }
  ]
}
