{
  "results": [
    {
      "command": "cargo build --jobs 16 --release --example breakout",
      "mean": 84.10747469644001,
      "stddev": 1.3859551426545609,
      "median": 83.45537260404001,
      "user": 1206.4520277,
      "system": 30.200715219999996,
      "min": 82.60677633904001,
      "max": 85.84852381504,
      "times": [
        83.08218700804001,
        82.95807216004,
        85.63934322204,
        85.63066459704001,
        82.77545285904,
        83.60354401704001,
        83.30720119104001,
        85.62298175604,
        85.84852381504,
        82.60677633904001
      ],
      "exit_codes": [
        0,
        0,
        0,
        0,
        0,
        0,
        0,
        0,
        0,
        0
      ]
    }
  ]
}
