{
  "results": [
    {
      "command": "cargo build --jobs 8 --release --example breakout",
      "mean": 121.42972022695999,
      "stddev": 0.22247369853552493,
      "median": 121.43076003875998,
      "user": 917.7557018799998,
      "system": 24.59344788,
      "min": 121.09509552125999,
      "max": 121.89837573125999,
      "times": [
        121.35899231226,
        121.51304453926,
        121.33721309526,
        121.58789312926,
        121.89837573125999,
        121.17311262925999,
        121.09509552125999,
        121.47195523426,
        121.41226394926,
        121.44925612825999
      ],
      "exit_codes": [
        0,
        0,
        0,
        0,
        0,
        0,
        0,
        0,
        0,
        0
      ]
    }
  ]
}
