{
  "results": [
    {
      "command": "cargo build --jobs 16 --release --example breakout",
      "mean": 75.21326165991998,
      "stddev": 0.3040651603638106,
      "median": 75.17647558392,
      "user": 1140.7637323200001,
      "system": 29.332346039999994,
      "min": 74.90368243092,
      "max": 75.67841752992,
      "times": [
        75.39231947292,
        74.99838436591999,
        74.90453576691999,
        75.67841752992,
        75.35456680192,
        74.96508697492,
        74.94868794291999,
        75.35606712091999,
        74.90368243092,
        75.63086819192
      ],
      "exit_codes": [
        0,
        0,
        0,
        0,
        0,
        0,
        0,
        0,
        0,
        0
      ]
    }
  ]
}
