{
  "results": [
    {
      "command": "cargo build --jobs 16 --release --example breakout",
      "mean": 91.77393994408001,
      "stddev": 0.8484470415181558,
      "median": 91.63445927898,
      "user": 1279.5816410199998,
      "system": 31.45383954,
      "min": 90.67869243248,
      "max": 93.19574503048,
      "times": [
        91.36818075948,
        92.13878825348,
        91.20542938548,
        91.95235233048001,
        91.90073779848001,
        90.67869243248,
        93.19574503048,
        90.96219944648,
        91.26910859248001,
        93.06816541148001
      ],
      "exit_codes": [
        0,
        0,
        0,
        0,
        0,
        0,
        0,
        0,
        0,
        0
      ]
    }
  ]
}
