{
  "results": [
    {
      "command": "cargo build --jobs 16 --release --example breakout",
      "mean": 77.97274024427999,
      "stddev": 0.23937746071367635,
      "median": 78.06202799018,
      "user": 1142.94543088,
      "system": 30.146138939999997,
      "min": 77.53214059668,
      "max": 78.23705206268,
      "times": [
        78.17206270668,
        78.23511333268,
        78.05826716368,
        77.75575596968,
        77.72880577268,
        77.53214059668,
        78.23705206268,
        77.86973766568,
        78.06578881668,
        78.07267835568
      ],
      "exit_codes": [
        0,
        0,
        0,
        0,
        0,
        0,
        0,
        0,
        0,
        0
      ]
    }
  ]
}
