{
  "results": [
    {
      "command": "cargo build --jobs 8 --release --example breakout",
      "mean": 141.23893450452002,
      "stddev": 4.937416184333581,
      "median": 139.74829492452,
      "user": 1069.14948692,
      "system": 26.50968264,
      "min": 139.25067522352,
      "max": 155.28040860852002,
      "times": [
        139.25067522352,
        139.64264039852,
        139.70341846752,
        139.69549448152,
        139.91962776152002,
        139.80219916852002,
        155.28040860852002,
        139.82313591252,
        139.47857364152,
        139.79317138152
      ],
      "exit_codes": [
        0,
        0,
        0,
        0,
        0,
        0,
        0,
        0,
        0,
        0
      ]
    }
  ]
}
