{
  "results": [
    {
      "command": "cargo build --jobs 16 --release --example breakout",
      "mean": 96.75947797021999,
      "stddev": 0.9986525480682158,
      "median": 96.48615792152,
      "user": 1338.4644095200001,
      "system": 33.1178184,
      "min": 95.84116275552,
      "max": 99.08762137252,
      "times": [
        97.16791701552,
        97.05428108852,
        95.93771655052001,
        96.12983286952,
        96.22311929052,
        95.96293633952,
        97.44099586752,
        99.08762137252,
        95.84116275552,
        96.74919655252
      ],
      "exit_codes": [
        0,
        0,
        0,
        0,
        0,
        0,
        0,
        0,
        0,
        0
      ]
    }
  ]
}
