{
  "results": [
    {
      "command": "cargo build --jobs 16 --release --example breakout",
      "mean": 81.7525590442,
      "stddev": 0.3091562432965542,
      "median": 81.7099847442,
      "user": 1234.90696024,
      "system": 33.7342484,
      "min": 81.3371627627,
      "max": 82.4531715857,
      "times": [
        81.3945557117,
        82.4531715857,
        81.6463854127,
        81.9113573677,
        81.6941357357,
        81.3371627627,
        81.7258337527,
        81.8374093287,
        81.6613160157,
        81.8642627687
      ],
      "exit_codes": [
        0,
        0,
        0,
        0,
        0,
        0,
        0,
        0,
        0,
        0
      ]
    }
  ]
}
