{
  "results": [
    {
      "command": "cargo build --jobs 16 --release --example breakout",
      "mean": 74.88375879568,
      "stddev": 0.32962886970626404,
      "median": 74.89212217808,
      "user": 1101.2961688,
      "system": 28.5312862,
      "min": 74.36202249307999,
      "max": 75.40548490507999,
      "times": [
        75.24186757908,
        74.67861761308,
        74.75468623108,
        75.00754237107999,
        74.47221509308,
        74.87491150007999,
        75.13090731508,
        74.90933285608,
        74.36202249307999,
        75.40548490507999
      ],
      "exit_codes": [
        0,
        0,
        0,
        0,
        0,
        0,
        0,
        0,
        0,
        0
      ]
    }
  ]
}
