{
  "results": [
    {
      "command": "cargo build --jobs 16 --release --example breakout",
      "mean": 78.76516940504,
      "stddev": 0.6077137967057211,
      "median": 78.64371349404,
      "user": 1179.84336756,
      "system": 29.95808244,
      "min": 78.18357236804,
      "max": 80.39134362304,
      "times": [
        78.30109319704,
        78.80546177704,
        78.87234746604,
        80.39134362304,
        78.64465863904,
        78.65296619604,
        78.18357236804,
        78.60180772204,
        78.64276834904,
        78.55567471303999
      ],
      "exit_codes": [
        0,
        0,
        0,
        0,
        0,
        0,
        0,
        0,
        0,
        0
      ]
    }
  ]
}
