{
  "results": [
    {
      "command": "cargo build --jobs 8 --release --example breakout",
      "mean": 121.5013544535,
      "stddev": 0.23082921701572798,
      "median": 121.4371473963,
      "user": 935.0860249600003,
      "system": 24.331070999999998,
      "min": 121.2433556173,
      "max": 121.8492449703,
      "times": [
        121.6813659103,
        121.3337198233,
        121.2433556173,
        121.4611024003,
        121.2608061633,
        121.8128642103,
        121.4131923923,
        121.8492449703,
        121.6608030963,
        121.2970899513
      ],
      "exit_codes": [
        0,
        0,
        0,
        0,
        0,
        0,
        0,
        0,
        0,
        0
      ]
    }
  ]
}
