{
  "results": [
    {
      "command": "cargo build --jobs 16 --release --example breakout",
      "mean": 75.33258891476001,
      "stddev": 0.22114786835619152,
      "median": 75.41104336096001,
      "user": 1139.8579608599998,
      "system": 30.522536219999996,
      "min": 74.95043501296,
      "max": 75.64402655096,
      "times": [
        75.42340294596,
        75.18779895696001,
        74.95043501296,
        75.39868377596001,
        75.42550630696,
        75.21949602196,
        75.45063386396001,
        75.06055123496,
        75.56535447696001,
        75.64402655096
      ],
      "exit_codes": [
        0,
        0,
        0,
        0,
        0,
        0,
        0,
        0,
        0,
        0
      ]
    }
  ]
}
