{
  "results": [
    {
      "command": "cargo build --jobs 8 --release --example breakout",
      "mean": 117.35342439294,
      "stddev": 0.1342718926223525,
      "median": 117.33967155264,
      "user": 903.6844870799998,
      "system": 24.771172979999996,
      "min": 117.12550088014,
      "max": 117.63788839614,
      "times": [
        117.43917550213999,
        117.30534405713999,
        117.27564552914,
        117.44112113214,
        117.33420197314,
        117.27896960513999,
        117.63788839614,
        117.35125572214,
        117.12550088014,
        117.34514113214
      ],
      "exit_codes": [
        0,
        0,
        0,
        0,
        0,
        0,
        0,
        0,
        0,
        0
      ]
    }
  ]
}
