{
  "results": [
    {
      "command": "cargo build --jobs 16 --release --example breakout",
      "mean": 76.00765774696,
      "stddev": 0.5458146294399435,
      "median": 76.02172808616001,
      "user": 1143.35000238,
      "system": 29.3860393,
      "min": 75.10219846266,
      "max": 76.70611424566,
      "times": [
        76.42109185266,
        75.10219846266,
        75.54235841966,
        76.58183713566,
        75.43567451166,
        75.89994065866,
        75.75241492966,
        76.14351551366,
        76.70611424566,
        76.49143173966
      ],
      "exit_codes": [
        0,
        0,
        0,
        0,
        0,
        0,
        0,
        0,
        0,
        0
      ]
    }
  ]
}
