{
  "results": [
    {
      "command": "cargo build --jobs 8 --release --example breakout",
      "mean": 118.03516017353999,
      "stddev": 1.98029482001516,
      "median": 117.45270433933999,
      "user": 909.4367648399999,
      "system": 23.773069560000003,
      "min": 117.06819238784,
      "max": 123.62198752084,
      "times": [
        117.16541282984,
        117.48105467884,
        123.62198752084,
        117.06819238784,
        117.22891525184,
        117.42435399984,
        117.17127617183999,
        117.61082125184,
        117.87061733684,
        117.70897030584
      ],
      "exit_codes": [
        0,
        0,
        0,
        0,
        0,
        0,
        0,
        0,
        0,
        0
      ]
    }
  ]
}
