{
  "results": [
    {
      "command": "cargo build --jobs 8 --release --example breakout",
      "mean": 113.5064113938,
      "stddev": 0.4636308738908078,
      "median": 113.4125819858,
      "user": 854.298503,
      "system": 22.754473739999998,
      "min": 112.85968812830001,
      "max": 114.6054029493,
      "times": [
        114.6054029493,
        113.5271903943,
        113.7985047563,
        113.3006959883,
        113.3338079243,
        113.4913560473,
        113.6383640953,
        112.85968812830001,
        113.1989500403,
        113.3101536143
      ],
      "exit_codes": [
        0,
        0,
        0,
        0,
        0,
        0,
        0,
        0,
        0,
        0
      ]
    }
  ]
}
