{
  "results": [
    {
      "command": "cargo build --jobs 16 --release --example breakout",
      "mean": 77.98905933336,
      "stddev": 0.35559053923239514,
      "median": 77.99986376276,
      "user": 1145.11032912,
      "system": 29.643669619999997,
      "min": 77.53413556976,
      "max": 78.54534982476,
      "times": [
        77.82727978576,
        78.26276124976,
        78.04841383176,
        77.95131369376,
        77.53485512276,
        78.32386246676,
        78.23992839576,
        77.62269339276,
        78.54534982476,
        77.53413556976
      ],
      "exit_codes": [
        0,
        0,
        0,
        0,
        0,
        0,
        0,
        0,
        0,
        0
      ]
    }
  ]
}
