{
  "results": [
    {
      "command": "cargo build --jobs 16 --release --example breakout",
      "mean": 75.55353316268001,
      "stddev": 0.4340292550035992,
      "median": 75.52446125867999,
      "user": 1140.33983606,
      "system": 29.03239024,
      "min": 74.69772567618,
      "max": 76.39401093218,
      "times": [
        75.42496133718001,
        76.39401093218,
        74.69772567618,
        75.24679811018001,
        75.65334041118,
        75.85918561618,
        75.47684311418,
        75.56083166018,
        75.73354391218,
        75.48809085718
      ],
      "exit_codes": [
        0,
        0,
        0,
        0,
        0,
        0,
        0,
        0,
        0,
        0
      ]
    }
  ]
}
