{
  "results": [
    {
      "command": "cargo build --jobs 16 --release --example breakout",
      "mean": 75.43583801632,
      "stddev": 0.28180509420557953,
      "median": 75.39126678812,
      "user": 1140.62158908,
      "system": 29.66276122,
      "min": 75.06811792712001,
      "max": 75.80709226812,
      "times": [
        75.73192084512,
        75.76913340412001,
        75.20191863412,
        75.33074077012,
        75.45179280612001,
        75.63108915212001,
        75.06811792712001,
        75.25819791812,
        75.80709226812,
        75.10837643812
      ],
      "exit_codes": [
        0,
        0,
        0,
        0,
        0,
        0,
        0,
        0,
        0,
        0
      ]
    }
  ]
}
