{
  "results": [
    {
      "command": "cargo build --jobs 8 --release --example breakout",
      "mean": 117.94786348772,
      "stddev": 2.6044447615070574,
      "median": 117.10294412271999,
      "user": 903.0073970599999,
      "system": 23.71422134,
      "min": 116.95932448072,
      "max": 125.34848029172,
      "times": [
        116.95932448072,
        117.02705215872,
        117.16518409372,
        117.30632292471999,
        117.02657620171999,
        117.00521086671999,
        117.07830920971999,
        117.43459561371999,
        117.12757903571999,
        125.34848029172
      ],
      "exit_codes": [
        0,
        0,
        0,
        0,
        0,
        0,
        0,
        0,
        0,
        0
      ]
    }
  ]
}
