{
  "results": [
    {
      "command": "cargo build --jobs 8 --release --example breakout",
      "mean": 117.922231259,
      "stddev": 5.541115759936762,
      "median": 116.188359675,
      "user": 895.0127629399998,
      "system": 23.9197764,
      "min": 115.97598733550001,
      "max": 133.6898765575,
      "times": [
        116.0928091935,
        133.6898765575,
        116.2971763065,
        115.97598733550001,
        116.2054617865,
        116.0741751715,
        116.2937536785,
        116.16693273050001,
        116.2548822665,
        116.1712575635
      ],
      "exit_codes": [
        0,
        0,
        0,
        0,
        0,
        0,
        0,
        0,
        0,
        0
      ]
    }
  ]
}
