{
  "results": [
    {
      "command": "cargo build --jobs 16 --release --example breakout",
      "mean": 78.33824445272002,
      "stddev": 0.2179799407737378,
      "median": 78.30115748502,
      "user": 1178.1991951599998,
      "system": 30.015815099999998,
      "min": 78.12281772052,
      "max": 78.82769843952,
      "times": [
        78.33126418752,
        78.14561678952,
        78.21446375952,
        78.82769843952,
        78.47036923152,
        78.12281772052,
        78.27105078251999,
        78.14643530852,
        78.51266233052,
        78.34006597752
      ],
      "exit_codes": [
        0,
        0,
        0,
        0,
        0,
        0,
        0,
        0,
        0,
        0
      ]
    }
  ]
}
