{
  "results": [
    {
      "command": "cargo build --jobs 8 --release --example breakout",
      "mean": 121.71897632073998,
      "stddev": 0.4522575517950146,
      "median": 121.47243635554,
      "user": 932.6297959399999,
      "system": 24.277305359999996,
      "min": 121.20471907203999,
      "max": 122.55405535604,
      "times": [
        121.45456522904,
        121.40607779704,
        121.88300112804,
        121.45749750703999,
        122.38975715704,
        121.90949012003999,
        121.44322463703999,
        121.20471907203999,
        121.48737520403999,
        122.55405535604
      ],
      "exit_codes": [
        0,
        0,
        0,
        0,
        0,
        0,
        0,
        0,
        0,
        0
      ]
    }
  ]
}
