{
  "results": [
    {
      "command": "cargo build --jobs 16 --release --example breakout",
      "mean": 77.27974799373999,
      "stddev": 0.1255905273628967,
      "median": 77.28200028853999,
      "user": 1142.81470666,
      "system": 29.46754456,
      "min": 77.05898745354,
      "max": 77.46705300853999,
      "times": [
        77.23583754554,
        77.41570304454,
        77.46705300853999,
        77.27323122054,
        77.29076935654,
        77.37423292854,
        77.05898745354,
        77.21206707453999,
        77.33483337653999,
        77.13476492854
      ],
      "exit_codes": [
        0,
        0,
        0,
        0,
        0,
        0,
        0,
        0,
        0,
        0
      ]
    }
  ]
}
