{
  "results": [
    {
      "command": "cargo build --jobs 16 --release --example breakout",
      "mean": 71.99937976158002,
      "stddev": 0.643452007738153,
      "median": 71.97501936428,
      "user": 1029.17926494,
      "system": 27.77240066,
      "min": 71.07969045978001,
      "max": 73.34522056778,
      "times": [
        71.07969045978001,
        72.30376733778,
        72.16423125078,
        72.48704405678001,
        71.31968219678001,
        73.34522056778,
        72.02434398878,
        71.55123464478001,
        71.79288837278001,
        71.92569473978001
      ],
      "exit_codes": [
        0,
        0,
        0,
        0,
        0,
        0,
        0,
        0,
        0,
        0
      ]
    }
  ]
}
