{
  "results": [
    {
      "command": "cargo build --jobs 16 --release --example breakout",
      "mean": 74.96230421210001,
      "stddev": 0.1971303272435361,
      "median": 74.9586682524,
      "user": 1101.82177576,
      "system": 28.558394579999998,
      "min": 74.5912392519,
      "max": 75.3261562509,
      "times": [
        75.1023831289,
        74.92624526590001,
        74.7775566959,
        74.96015982690001,
        75.0791388289,
        75.3261562509,
        74.5912392519,
        74.8783603099,
        74.95717667790001,
        75.0246258839
      ],
      "exit_codes": [
        0,
        0,
        0,
        0,
        0,
        0,
        0,
        0,
        0,
        0
      ]
    }
  ]
}
