{
  "results": [
    {
      "command": "cargo build --jobs 16 --release --example breakout",
      "mean": 95.5801629786,
      "stddev": 3.9249372042621458,
      "median": 94.32199615740001,
      "user": 1328.59290366,
      "system": 32.67421983999999,
      "min": 93.8657324954,
      "max": 106.7067017654,
      "times": [
        94.1510505194,
        94.2974486824,
        94.9633389934,
        94.6001964084,
        94.16789751339999,
        93.8657324954,
        94.7650639244,
        106.7067017654,
        93.9376558514,
        94.3465436324
      ],
      "exit_codes": [
        0,
        0,
        0,
        0,
        0,
        0,
        0,
        0,
        0,
        0
      ]
    }
  ]
}
