{
  "results": [
    {
      "command": "cargo build --jobs 8 --release --example breakout",
      "mean": 138.91445748302002,
      "stddev": 0.22566598278305378,
      "median": 138.90545257562,
      "user": 1060.7357300400001,
      "system": 26.20180738,
      "min": 138.58946894312,
      "max": 139.30312425912,
      "times": [
        138.97223082412,
        139.11891777212,
        138.95440557112,
        139.13900738712,
        138.80163108312001,
        139.30312425912,
        138.58946894312,
        138.69132532712,
        138.85649958012,
        138.71796408312
      ],
      "exit_codes": [
        0,
        0,
        0,
        0,
        0,
        0,
        0,
        0,
        0,
        0
      ]
    }
  ]
}
