{
  "results": [
    {
      "command": "cargo build --jobs 8 --release --example breakout",
      "mean": 126.83962862532,
      "stddev": 0.3233343725804485,
      "median": 126.91314230142,
      "user": 971.1236224799999,
      "system": 27.80539362,
      "min": 126.25440640992,
      "max": 127.21848475092,
      "times": [
        126.91568287092,
        127.01145922792,
        126.51920674392,
        126.91060173192,
        127.21848475092,
        126.47195754592,
        126.82135169092,
        127.13880913392,
        127.13432614692,
        126.25440640992
      ],
      "exit_codes": [
        0,
        0,
        0,
        0,
        0,
        0,
        0,
        0,
        0,
        0
      ]
    }
  ]
}
