{
  "results": [
    {
      "command": "cargo build --jobs 16 --release --example breakout",
      "mean": 81.53548600768,
      "stddev": 0.5204678652688385,
      "median": 81.46282205528,
      "user": 1227.33541376,
      "system": 33.90971532,
      "min": 81.00734235828,
      "max": 82.68984558828001,
      "times": [
        81.90371966728,
        81.18554930328,
        81.95445635428,
        82.68984558828001,
        81.44787427828,
        81.12808223128,
        81.07335775428,
        81.47776983228,
        81.48686270928,
        81.00734235828
      ],
      "exit_codes": [
        0,
        0,
        0,
        0,
        0,
        0,
        0,
        0,
        0,
        0
      ]
    }
  ]
}
