{
  "results": [
    {
      "command": "cargo build --jobs 16 --release --example breakout",
      "mean": 77.56930609646,
      "stddev": 0.5464835763813229,
      "median": 77.27828635086001,
      "user": 1145.86800052,
      "system": 29.82650362,
      "min": 77.10804980536,
      "max": 78.65281645236,
      "times": [
        78.65281645236,
        77.65539477436,
        77.71848548536,
        77.21975872936001,
        77.31075505536,
        78.39958665536,
        77.24581764636001,
        77.15650591636,
        77.22589044436,
        77.10804980536
      ],
      "exit_codes": [
        0,
        0,
        0,
        0,
        0,
        0,
        0,
        0,
        0,
        0
      ]
    }
  ]
}
