{
  "results": [
    {
      "command": "cargo build --jobs 8 --release --example breakout",
      "mean": 134.58318244970002,
      "stddev": 0.3131090356471593,
      "median": 134.4846557423,
      "user": 1024.92594122,
      "system": 25.16835408,
      "min": 134.34850219580002,
      "max": 135.4277491468,
      "times": [
        134.3516126008,
        134.65916777380002,
        134.34850219580002,
        134.4491904228,
        134.4570267228,
        134.6092085548,
        134.4786159738,
        134.4906955108,
        134.56005559480002,
        135.4277491468
      ],
      "exit_codes": [
        0,
        0,
        0,
        0,
        0,
        0,
        0,
        0,
        0,
        0
      ]
    }
  ]
}
