{
  "results": [
    {
      "command": "cargo build --jobs 16 --release --example breakout",
      "mean": 92.73872919623999,
      "stddev": 0.9119508839618158,
      "median": 92.70506569054,
      "user": 1281.57452418,
      "system": 31.45462054,
      "min": 91.37082586753999,
      "max": 94.05411200453999,
      "times": [
        94.05411200453999,
        93.51735557254,
        92.70672423754,
        91.37082586753999,
        93.70985568754,
        92.48644537653999,
        91.79253509553999,
        91.72305129754,
        93.32297967954,
        92.70340714353999
      ],
      "exit_codes": [
        0,
        0,
        0,
        0,
        0,
        0,
        0,
        0,
        0,
        0
      ]
    }
  ]
}
