{
  "results": [
    {
      "command": "cargo build --jobs 16 --release --example breakout",
      "mean": 87.94418082685999,
      "stddev": 0.4354654388015095,
      "median": 87.96742922016,
      "user": 1220.56309954,
      "system": 32.02978096,
      "min": 87.40340027216,
      "max": 88.78148659816,
      "times": [
        87.94496768516,
        87.98989075516,
        88.13931823416,
        88.78148659816,
        88.13360002016,
        87.40340027216,
        87.42106943416,
        88.33135425316,
        87.78715965116,
        87.50956136516
      ],
      "exit_codes": [
        0,
        0,
        0,
        0,
        0,
        0,
        0,
        0,
        0,
        0
      ]
    }
  ]
}
