{
  "results": [
    {
      "command": "cargo build --jobs 8 --release --example breakout",
      "mean": 139.898118326,
      "stddev": 0.19821090095380847,
      "median": 139.9526916694,
      "user": 1071.12536572,
      "system": 26.52935936,
      "min": 139.4878428929,
      "max": 140.09025888489998,
      "times": [
        140.09025888489998,
        139.8978120439,
        139.9910907389,
        140.0168246129,
        140.0768256909,
        139.91007780389998,
        139.9817966309,
        139.4878428929,
        139.9235867079,
        139.6050672529
      ],
      "exit_codes": [
        0,
        0,
        0,
        0,
        0,
        0,
        0,
        0,
        0,
        0
      ]
    }
  ]
}
