{
  "results": [
    {
      "command": "cargo build --jobs 16 --release --example breakout",
      "mean": 96.87670113734,
      "stddev": 1.4795812377903441,
      "median": 96.33306895754001,
      "user": 1340.5156797,
      "system": 33.13441946,
      "min": 95.85709983504,
      "max": 100.86134510004,
      "times": [
        100.86134510004,
        96.15594929904,
        95.85709983504,
        96.16847911104,
        95.90547446304001,
        96.79057349904001,
        97.07349032504,
        96.41782098104,
        96.24831693404,
        97.28846182604
      ],
      "exit_codes": [
        0,
        0,
        0,
        0,
        0,
        0,
        0,
        0,
        0,
        0
      ]
    }
  ]
}
