{
  "results": [
    {
      "command": "cargo build --jobs 16 --release --example breakout",
      "mean": 78.64330848643999,
      "stddev": 0.2055829558382714,
      "median": 78.72549961633999,
      "user": 1179.5036519399998,
      "system": 29.95792522,
      "min": 78.31381891634,
      "max": 78.88538321534,
      "times": [
        78.53261831834,
        78.72906524033999,
        78.43248150133999,
        78.72844981633999,
        78.88538321534,
        78.40689068933999,
        78.72254941634,
        78.86958212734,
        78.31381891634,
        78.81224562333999
      ],
      "exit_codes": [
        0,
        0,
        0,
        0,
        0,
        0,
        0,
        0,
        0,
        0
      ]
    }
  ]
}
