{
  "results": [
    {
      "command": "cargo build --jobs 8 --release --example breakout",
      "mean": 121.46759348502,
      "stddev": 0.38060463977769443,
      "median": 121.32040692402,
      "user": 934.26704756,
      "system": 24.425494099999998,
      "min": 121.12315355352,
      "max": 122.30454311152,
      "times": [
        121.23280504852,
        121.27276560552,
        121.38234665852,
        121.86331469252,
        121.73466945252,
        121.12315355352,
        122.30454311152,
        121.36804824252,
        121.20566660652,
        121.18862187852
      ],
      "exit_codes": [
        0,
        0,
        0,
        0,
        0,
        0,
        0,
        0,
        0,
        0
      ]
    }
  ]
}
