{
  "results": [
    {
      "command": "cargo build --jobs 16 --release --example breakout",
      "mean": 82.41883900022,
      "stddev": 0.4909463551624269,
      "median": 82.20236853322,
      "user": 1233.99632038,
      "system": 33.86168020000001,
      "min": 81.82511701672,
      "max": 83.09511129872,
      "times": [
        81.82511701672,
        82.24477372572,
        82.12240227772,
        82.15996334072,
        82.06756747972,
        82.85807381372,
        83.09511129872,
        82.94977889072,
        82.96927516572,
        81.89632699272
      ],
      "exit_codes": [
        0,
        0,
        0,
        0,
        0,
        0,
        0,
        0,
        0,
        0
      ]
    }
  ]
}
