{
  "results": [
    {
      "command": "cargo build --jobs 16 --release --example breakout",
      "mean": 77.69385666172,
      "stddev": 0.1923472768539735,
      "median": 77.75879575142,
      "user": 1147.0479977199998,
      "system": 29.86413436,
      "min": 77.30097408492,
      "max": 77.91492342792,
      "times": [
        77.81539512192,
        77.91492342792,
        77.81317851192,
        77.73137031692,
        77.45489115892,
        77.61412701992,
        77.65332324992,
        77.30097408492,
        77.78622118592,
        77.85416253892001
      ],
      "exit_codes": [
        0,
        0,
        0,
        0,
        0,
        0,
        0,
        0,
        0,
        0
      ]
    }
  ]
}
