{
  "results": [
    {
      "command": "cargo build --jobs 8 --release --example breakout",
      "mean": 120.40817933746003,
      "stddev": 0.1234768118780213,
      "median": 120.39965592045999,
      "user": 910.8005333000001,
      "system": 24.300746619999995,
      "min": 120.23203223846,
      "max": 120.61537844246,
      "times": [
        120.23203223846,
        120.46454029146,
        120.34223826646,
        120.40827015346,
        120.38321069146,
        120.24315441345999,
        120.61537844246,
        120.57295822345999,
        120.42896896645999,
        120.39104168745999
      ],
      "exit_codes": [
        0,
        0,
        0,
        0,
        0,
        0,
        0,
        0,
        0,
        0
      ]
    }
  ]
}
