{
  "results": [
    {
      "command": "cargo build --jobs 16 --release --example breakout",
      "mean": 72.80107948170001,
      "stddev": 0.4067546653589988,
      "median": 72.68551249000001,
      "user": 1075.1606642399997,
      "system": 28.0674145,
      "min": 72.4490992275,
      "max": 73.65142383850001,
      "times": [
        72.7908403105,
        72.8145846375,
        72.45031265450001,
        72.4490992275,
        73.65142383850001,
        72.5801846695,
        73.1594974175,
        73.16211822950001,
        72.48778150950001,
        72.46495232250001
      ],
      "exit_codes": [
        0,
        0,
        0,
        0,
        0,
        0,
        0,
        0,
        0,
        0
      ]
    }
  ]
}
