{
  "results": [
    {
      "command": "cargo build --jobs 16 --release --example breakout",
      "mean": 73.42464902819998,
      "stddev": 0.4525516584612897,
      "median": 73.4274483391,
      "user": 1074.4107408599998,
      "system": 28.311970299999995,
      "min": 72.6244186746,
      "max": 74.2507574316,
      "times": [
        73.2937584126,
        73.8296282666,
        74.2507574316,
        73.7547221416,
        73.4580892396,
        73.42708917659999,
        73.1418168016,
        73.4278075016,
        73.0384026356,
        72.6244186746
      ],
      "exit_codes": [
        0,
        0,
        0,
        0,
        0,
        0,
        0,
        0,
        0,
        0
      ]
    }
  ]
}
