{
  "results": [
    {
      "command": "cargo build --jobs 8 --release --example breakout",
      "mean": 134.11527729398,
      "stddev": 0.5785293443904601,
      "median": 133.87423208018,
      "user": 1024.2297073799998,
      "system": 24.865604619999996,
      "min": 133.68177048018,
      "max": 135.36074518818,
      "times": [
        133.74915404318,
        133.84569944218,
        133.68177048018,
        134.99776547518,
        135.36074518818,
        133.83307796718,
        133.73431396018,
        134.00189385618,
        133.90276471818,
        134.04558780918
      ],
      "exit_codes": [
        0,
        0,
        0,
        0,
        0,
        0,
        0,
        0,
        0,
        0
      ]
    }
  ]
}
