{
  "results": [
    {
      "command": "cargo build --jobs 16 --release --example breakout",
      "mean": 92.83427048906,
      "stddev": 1.0628686723233216,
      "median": 92.96361728476,
      "user": 1281.73455786,
      "system": 31.162018499999995,
      "min": 91.09201922326,
      "max": 94.91819917725999,
      "times": [
        94.91819917725999,
        93.32605945126,
        93.03459405326,
        91.09201922326,
        93.24028223626,
        92.89264051626,
        93.28520829326,
        92.76815384526,
        91.46955769926,
        92.31599039526
      ],
      "exit_codes": [
        0,
        0,
        0,
        0,
        0,
        0,
        0,
        0,
        0,
        0
      ]
    }
  ]
}
