{
  "results": [
    {
      "command": "cargo build --jobs 16 --release --example breakout",
      "mean": 78.35796105931999,
      "stddev": 0.20584440990477762,
      "median": 78.37149495262,
      "user": 1182.24159112,
      "system": 30.40203176,
      "min": 77.93107767012,
      "max": 78.63867502412,
      "times": [
        78.46603200912,
        78.63117383312,
        78.63867502412,
        78.27418963412,
        78.24225083612001,
        78.39792460112,
        78.34822303212,
        78.25529708012,
        78.39476687312,
        77.93107767012
      ],
      "exit_codes": [
        0,
        0,
        0,
        0,
        0,
        0,
        0,
        0,
        0,
        0
      ]
    }
  ]
}
