{
  "results": [
    {
      "command": "cargo build --jobs 8 --release --example breakout",
      "mean": 121.85052445754002,
      "stddev": 0.11361250944145994,
      "median": 121.79006007804,
      "user": 934.9748726000001,
      "system": 24.754344619999994,
      "min": 121.74589184304,
      "max": 122.04248627604001,
      "times": [
        121.79854409804001,
        122.04248627604001,
        121.77426992704001,
        121.78157605804,
        121.77045263004001,
        122.04225266504001,
        121.78021090804,
        121.93294755104,
        121.83661261904001,
        121.74589184304
      ],
      "exit_codes": [
        0,
        0,
        0,
        0,
        0,
        0,
        0,
        0,
        0,
        0
      ]
    }
  ]
}
