{
  "results": [
    {
      "command": "cargo build --jobs 8 --release --example breakout",
      "mean": 118.82089853894001,
      "stddev": 0.12720856681681963,
      "median": 118.82995820613999,
      "user": 899.52416398,
      "system": 23.97779398,
      "min": 118.54794306514,
      "max": 119.03327545314,
      "times": [
        118.54794306514,
        118.92259756814,
        118.85318020614,
        118.86711703814001,
        118.75609928714,
        118.80673620614,
        119.03327545314,
        118.87828856914,
        118.76979539714,
        118.77395259914
      ],
      "exit_codes": [
        0,
        0,
        0,
        0,
        0,
        0,
        0,
        0,
        0,
        0
      ]
    }
  ]
}
