{
  "results": [
    {
      "command": "cargo build --jobs 16 --release --example breakout",
      "mean": 76.72749715159998,
      "stddev": 0.6079972537570479,
      "median": 76.53145107649999,
      "user": 1133.8524861399999,
      "system": 29.40427956,
      "min": 76.437121623,
      "max": 78.441412034,
      "times": [
        76.62126373999999,
        76.52814818399999,
        78.441412034,
        76.47031752,
        76.538962611,
        76.728085502,
        76.534753969,
        76.490541756,
        76.484364577,
        76.437121623
      ],
      "exit_codes": [
        0,
        0,
        0,
        0,
        0,
        0,
        0,
        0,
        0,
        0
      ]
    }
  ]
}
