{
  "results": [
    {
      "command": "cargo build --jobs 16 --release --example breakout",
      "mean": 76.18016521314,
      "stddev": 0.23433905389909518,
      "median": 76.15419120834,
      "user": 1141.88640328,
      "system": 29.305536259999997,
      "min": 75.83284972284,
      "max": 76.50439288684,
      "times": [
        76.20162673584,
        76.41654970684,
        76.50439288684,
        76.32080270384,
        76.10675568084,
        75.99183385684,
        75.83284972284,
        76.45554167484,
        75.98468808484,
        75.98661107784
      ],
      "exit_codes": [
        0,
        0,
        0,
        0,
        0,
        0,
        0,
        0,
        0,
        0
      ]
    }
  ]
}
