{
  "results": [
    {
      "command": "cargo build --jobs 8 --release --example breakout",
      "mean": 118.14428493704001,
      "stddev": 2.4022295436327066,
      "median": 117.46991245103999,
      "user": 904.0577127,
      "system": 23.835405619999996,
      "min": 117.01829746154,
      "max": 124.95379146354,
      "times": [
        117.15025333354,
        117.50180650454,
        117.17081479954,
        117.52915475953999,
        124.95379146354,
        117.01829746154,
        117.74133687254,
        117.49061043354,
        117.44921446853999,
        117.43756927353999
      ],
      "exit_codes": [
        0,
        0,
        0,
        0,
        0,
        0,
        0,
        0,
        0,
        0
      ]
    }
  ]
}
