{
  "results": [
    {
      "command": "cargo build --jobs 16 --release --example breakout",
      "mean": 81.72522040914001,
      "stddev": 0.5298978539367672,
      "median": 81.54531427844,
      "user": 1225.7596855399997,
      "system": 33.74427056,
      "min": 81.20600322994,
      "max": 82.81122666694,
      "times": [
        82.81122666694,
        81.27286935294,
        81.20697857694,
        82.20256859494,
        81.52802359694,
        82.24654641694,
        81.53438531594,
        81.20600322994,
        81.68735909894001,
        81.55624324094
      ],
      "exit_codes": [
        0,
        0,
        0,
        0,
        0,
        0,
        0,
        0,
        0,
        0
      ]
    }
  ]
}
