{
  "results": [
    {
      "command": "cargo build --jobs 8 --release --example breakout",
      "mean": 126.70840194603997,
      "stddev": 0.3067414328963586,
      "median": 126.81266406873999,
      "user": 970.19066054,
      "system": 27.682145659999996,
      "min": 126.16985053174,
      "max": 127.07595804974,
      "times": [
        126.96452016574,
        126.58221393874,
        126.86730020174,
        126.86247495974,
        126.92496796873999,
        126.65364491474,
        127.07595804974,
        126.22023555173999,
        126.16985053174,
        126.76285317774
      ],
      "exit_codes": [
        0,
        0,
        0,
        0,
        0,
        0,
        0,
        0,
        0,
        0
      ]
    }
  ]
}
