{
  "results": [
    {
      "command": "cargo build --jobs 8 --release --example breakout",
      "mean": 117.4610448481,
      "stddev": 0.26834950937301466,
      "median": 117.4116304986,
      "user": 905.4012825399999,
      "system": 23.865332199999997,
      "min": 117.0859219611,
      "max": 117.9968226041,
      "times": [
        117.4387166521,
        117.0859219611,
        117.3533516641,
        117.9968226041,
        117.3845443451,
        117.6237490681,
        117.5480518721,
        117.2231899641,
        117.2422714041,
        117.71382894610001
      ],
      "exit_codes": [
        0,
        0,
        0,
        0,
        0,
        0,
        0,
        0,
        0,
        0
      ]
    }
  ]
}
