{
  "results": [
    {
      "command": "cargo build --jobs 16 --release --example breakout",
      "mean": 76.24075095485999,
      "stddev": 1.5059385954518298,
      "median": 76.07432325645999,
      "user": 1142.4536910599995,
      "system": 29.389892099999997,
      "min": 75.02301520246,
      "max": 80.27202594346,
      "times": [
        76.05309189745999,
        76.26184853146,
        75.29437088546,
        75.02301520246,
        76.09555461546,
        76.42166345246,
        75.25353351446,
        75.39912539146,
        80.27202594346,
        76.33328011446
      ],
      "exit_codes": [
        0,
        0,
        0,
        0,
        0,
        0,
        0,
        0,
        0,
        0
      ]
    }
  ]
}
