{
  "results": [
    {
      "command": "cargo build --jobs 8 --release --example breakout",
      "mean": 112.70560370828002,
      "stddev": 0.2227116386156878,
      "median": 112.66736284918,
      "user": 854.41452974,
      "system": 22.55086748,
      "min": 112.45598564218001,
      "max": 113.13979169818,
      "times": [
        112.50517553518,
        112.98378487018,
        112.54099203118001,
        112.53596607718,
        112.72296908618,
        113.13979169818,
        112.45598564218001,
        112.81162298818,
        112.61175661218,
        112.74799254218
      ],
      "exit_codes": [
        0,
        0,
        0,
        0,
        0,
        0,
        0,
        0,
        0,
        0
      ]
    }
  ]
}
