{
  "results": [
    {
      "command": "cargo build --jobs 16 --release --example breakout",
      "mean": 73.03575107340001,
      "stddev": 0.3599907981583284,
      "median": 73.0374108824,
      "user": 1076.9864326000002,
      "system": 28.0237373,
      "min": 72.6004825269,
      "max": 73.7586933119,
      "times": [
        73.4497626359,
        73.1758798759,
        72.6004825269,
        73.0320534689,
        72.6648985279,
        72.80990998589999,
        73.0594069829,
        73.0427682959,
        72.7636551219,
        73.7586933119
      ],
      "exit_codes": [
        0,
        0,
        0,
        0,
        0,
        0,
        0,
        0,
        0,
        0
      ]
    }
  ]
}
