{
  "results": [
    {
      "command": "cargo build --jobs 16 --release --example breakout",
      "mean": 72.70093267370001,
      "stddev": 0.1289080103163441,
      "median": 72.7266362078,
      "user": 1075.9290096599998,
      "system": 28.138231519999998,
      "min": 72.4856851003,
      "max": 72.9210047483,
      "times": [
        72.6147769873,
        72.5419851813,
        72.9210047483,
        72.71485710830001,
        72.7384153073,
        72.7526506523,
        72.4856851003,
        72.66653286430001,
        72.7556215563,
        72.8177972313
      ],
      "exit_codes": [
        0,
        0,
        0,
        0,
        0,
        0,
        0,
        0,
        0,
        0
      ]
    }
  ]
}
