{
  "results": [
    {
      "command": "cargo build --jobs 8 --release --example breakout",
      "mean": 113.11996954962001,
      "stddev": 0.17408251709662093,
      "median": 113.10662001342,
      "user": 854.44182776,
      "system": 22.80239454,
      "min": 112.89953787792,
      "max": 113.39565930191999,
      "times": [
        112.95146851092,
        113.06525551892,
        113.39565930191999,
        113.24259105191999,
        112.89953787792,
        113.14798450792,
        112.92148934692,
        113.29038207191999,
        113.26811401091999,
        113.01721329691999
      ],
      "exit_codes": [
        0,
        0,
        0,
        0,
        0,
        0,
        0,
        0,
        0,
        0
      ]
    }
  ]
}
