{
  "results": [
    {
      "command": "cargo build --jobs 16 --release --example breakout",
      "mean": 97.81280537766,
      "stddev": 0.3573707114807838,
      "median": 97.87742429746001,
      "user": 1374.4087045200001,
      "system": 33.71129298,
      "min": 97.32338051096,
      "max": 98.39755517296,
      "times": [
        97.32338051096,
        97.91653648696,
        97.46398365696,
        97.55911533896,
        98.22369399996,
        97.90995469696,
        98.39755517296,
        98.04656557596,
        97.84489389796,
        97.44237443896
      ],
      "exit_codes": [
        0,
        0,
        0,
        0,
        0,
        0,
        0,
        0,
        0,
        0
      ]
    }
  ]
}
