{
  "results": [
    {
      "command": "cargo build --jobs 8 --release --example breakout",
      "mean": 144.39784607036,
      "stddev": 1.4777941995764887,
      "median": 143.91935436806,
      "user": 1098.1062624800002,
      "system": 27.024623379999998,
      "min": 143.70765253356,
      "max": 148.57753891656,
      "times": [
        144.07560325756,
        143.83937425356,
        143.81162095956,
        143.84864109456,
        143.70765253356,
        143.79333502956,
        148.57753891656,
        144.09782500656002,
        143.99006764156002,
        144.23680201056
      ],
      "exit_codes": [
        0,
        0,
        0,
        0,
        0,
        0,
        0,
        0,
        0,
        0
      ]
    }
  ]
}
