{
  "results": [
    {
      "command": "cargo build --jobs 16 --release --example breakout",
      "mean": 78.00615184962001,
      "stddev": 0.4216879266816672,
      "median": 77.97135702502,
      "user": 1145.31946386,
      "system": 29.61968866,
      "min": 77.52244047152,
      "max": 78.64806882552,
      "times": [
        77.60887444052,
        77.52244047152,
        78.64806882552,
        78.38741894952,
        78.42158246251999,
        77.53613704252,
        77.68334096052,
        78.14185185952,
        78.31094129352,
        77.80086219052
      ],
      "exit_codes": [
        0,
        0,
        0,
        0,
        0,
        0,
        0,
        0,
        0,
        0
      ]
    }
  ]
}
