{
  "results": [
    {
      "command": "cargo build --jobs 16 --release --example breakout",
      "mean": 75.44979264290001,
      "stddev": 0.30705135668574013,
      "median": 75.5070181395,
      "user": 1139.7603024399998,
      "system": 29.331947039999996,
      "min": 74.95654687250001,
      "max": 75.91139796850001,
      "times": [
        75.5494346075,
        75.30999215850001,
        75.75881610850001,
        75.4646016715,
        75.91139796850001,
        75.64066432050001,
        75.3347709855,
        75.57181472750001,
        74.99988700850001,
        74.95654687250001
      ],
      "exit_codes": [
        0,
        0,
        0,
        0,
        0,
        0,
        0,
        0,
        0,
        0
      ]
    }
  ]
}
