{
  "results": [
    {
      "command": "cargo build --jobs 16 --release --example breakout",
      "mean": 79.77979010311998,
      "stddev": 0.35354417980294284,
      "median": 79.72137752431999,
      "user": 1202.9965934400002,
      "system": 30.859772719999995,
      "min": 79.36679800582,
      "max": 80.46011489282,
      "times": [
        79.79244188582,
        79.65031316282,
        80.15902122781999,
        79.36679800582,
        79.52312298282,
        80.46011489282,
        79.87470804082,
        80.01886542881999,
        79.39114534682,
        79.56137005682
      ],
      "exit_codes": [
        0,
        0,
        0,
        0,
        0,
        0,
        0,
        0,
        0,
        0
      ]
    }
  ]
}
