{
  "results": [
    {
      "command": "cargo build --jobs 8 --release --example breakout",
      "mean": 123.60665521809999,
      "stddev": 0.2468334146664267,
      "median": 123.645855403,
      "user": 951.21076048,
      "system": 25.135194260000002,
      "min": 123.2557408925,
      "max": 124.1121262765,
      "times": [
        123.3178886455,
        123.4042813325,
        123.7184838125,
        123.6802477805,
        123.7431085315,
        123.6168161195,
        123.6748946865,
        124.1121262765,
        123.2557408925,
        123.5429641035
      ],
      "exit_codes": [
        0,
        0,
        0,
        0,
        0,
        0,
        0,
        0,
        0,
        0
      ]
    }
  ]
}
