{
  "results": [
    {
      "command": "cargo build --jobs 8 --release --example breakout",
      "mean": 116.04476584982001,
      "stddev": 0.38323627437330077,
      "median": 115.93356868712,
      "user": 870.58974986,
      "system": 22.89916634,
      "min": 115.35286799462,
      "max": 116.63363734062,
      "times": [
        115.85385490962,
        115.94598202362,
        116.36625607162,
        115.35286799462,
        115.74422309162,
        116.31786114662,
        116.42225985962,
        115.88956070962,
        115.92115535062,
        116.63363734062
      ],
      "exit_codes": [
        0,
        0,
        0,
        0,
        0,
        0,
        0,
        0,
        0,
        0
      ]
    }
  ]
}
