{
  "results": [
    {
      "command": "cargo build --jobs 8 --release --example breakout",
      "mean": 120.5819952922,
      "stddev": 0.14791098950334697,
      "median": 120.5360739825,
      "user": 904.4496683199999,
      "system": 23.81396578,
      "min": 120.412424495,
      "max": 120.889013853,
      "times": [
        120.573222692,
        120.717014904,
        120.699983315,
        120.469705985,
        120.889013853,
        120.498925273,
        120.469700837,
        120.412424495,
        120.603273832,
        120.486687736
      ],
      "exit_codes": [
        0,
        0,
        0,
        0,
        0,
        0,
        0,
        0,
        0,
        0
      ]
    }
  ]
}
