{
  "results": [
    {
      "command": "cargo build --jobs 16 --release --example breakout",
      "mean": 77.20667314314002,
      "stddev": 0.1855900913540125,
      "median": 77.14806854593999,
      "user": 1143.2544859799998,
      "system": 29.405543919999996,
      "min": 77.00865890594,
      "max": 77.57690760994,
      "times": [
        77.00967617094,
        77.00865890594,
        77.12896312094,
        77.16717397094,
        77.29311378194,
        77.57690760994,
        77.36508943593999,
        77.12269208394,
        77.04311107494,
        77.35134527594
      ],
      "exit_codes": [
        0,
        0,
        0,
        0,
        0,
        0,
        0,
        0,
        0,
        0
      ]
    }
  ]
}
