{
  "results": [
    {
      "command": "cargo build --jobs 8 --release --example breakout",
      "mean": 127.41665242988002,
      "stddev": 0.21136388307892,
      "median": 127.49718823358,
      "user": 974.18139686,
      "system": 24.92460192,
      "min": 126.96406291258,
      "max": 127.65584221058,
      "times": [
        126.96406291258,
        127.51977458058,
        127.56852631858,
        127.28690398358,
        127.60256918758,
        127.52682075558,
        127.47460188658,
        127.23853536858,
        127.65584221058,
        127.32888709458
      ],
      "exit_codes": [
        0,
        0,
        0,
        0,
        0,
        0,
        0,
        0,
        0,
        0
      ]
    }
  ]
}
