{
  "results": [
    {
      "command": "cargo build --jobs 16 --release --example breakout",
      "mean": 81.86879285351999,
      "stddev": 0.8268336002594601,
      "median": 81.64111027141999,
      "user": 1225.25040574,
      "system": 31.057094659999997,
      "min": 80.92360809342,
      "max": 83.23473765542,
      "times": [
        81.67767832742,
        81.23109697942,
        82.29209276442,
        83.17105080042,
        80.94366778542,
        81.53867080142,
        82.07078311242,
        81.60454221542,
        83.23473765542,
        80.92360809342
      ],
      "exit_codes": [
        0,
        0,
        0,
        0,
        0,
        0,
        0,
        0,
        0,
        0
      ]
    }
  ]
}
