{
  "results": [
    {
      "command": "cargo build --jobs 16 --release --example breakout",
      "mean": 80.41176345892,
      "stddev": 0.28308683997256073,
      "median": 80.39260330601999,
      "user": 1205.0074583199998,
      "system": 30.798213399999998,
      "min": 79.85047837652,
      "max": 80.90795811251999,
      "times": [
        80.45326921152,
        80.57047728952,
        80.23193675252,
        80.90795811251999,
        79.85047837652,
        80.33065895552,
        80.27085754752,
        80.64786107552,
        80.33193740052,
        80.52219986752
      ],
      "exit_codes": [
        0,
        0,
        0,
        0,
        0,
        0,
        0,
        0,
        0,
        0
      ]
    }
  ]
}
