{
  "results": [
    {
      "command": "cargo build --jobs 16 --release --example breakout",
      "mean": 75.16585750764,
      "stddev": 0.29199305336252745,
      "median": 75.09519849384,
      "user": 1138.97563092,
      "system": 30.60937284,
      "min": 74.79890152134,
      "max": 75.63765509234,
      "times": [
        74.79890152134,
        75.21427599334,
        75.63765509234,
        75.41991533034,
        74.97612099434001,
        75.38949300434,
        74.96652903434,
        74.95483954534001,
        75.44406356834,
        74.85678099234
      ],
      "exit_codes": [
        0,
        0,
        0,
        0,
        0,
        0,
        0,
        0,
        0,
        0
      ]
    }
  ]
}
