{
  "results": [
    {
      "command": "cargo build --jobs 16 --release --example breakout",
      "mean": 75.87848822456,
      "stddev": 0.38815314294318853,
      "median": 76.00981601326001,
      "user": 1143.0452283199998,
      "system": 29.34446782,
      "min": 75.00839262076,
      "max": 76.27477936676,
      "times": [
        75.82452238876,
        76.12157732576,
        75.53864996076,
        75.97382029176,
        75.65436381876,
        76.22320188976,
        76.11976284776,
        76.04581173476001,
        75.00839262076,
        76.27477936676
      ],
      "exit_codes": [
        0,
        0,
        0,
        0,
        0,
        0,
        0,
        0,
        0,
        0
      ]
    }
  ]
}
