{
  "results": [
    {
      "command": "cargo build --jobs 16 --release --example breakout",
      "mean": 78.09965497688,
      "stddev": 0.19713020861673844,
      "median": 78.08255364868,
      "user": 1140.96422548,
      "system": 30.001340439999996,
      "min": 77.80256139468,
      "max": 78.40043741268,
      "times": [
        78.12453169268001,
        78.35151402768,
        77.98443137768,
        78.10918668568,
        78.00030837968,
        78.28545458768001,
        77.88220359868001,
        78.40043741268,
        77.80256139468,
        78.05592061168001
      ],
      "exit_codes": [
        0,
        0,
        0,
        0,
        0,
        0,
        0,
        0,
        0,
        0
      ]
    }
  ]
}
