{
  "results": [
    {
      "command": "cargo build --jobs 8 --release --example breakout",
      "mean": 119.86595010324,
      "stddev": 0.2015688365247014,
      "median": 119.75858582324,
      "user": 905.9902362800001,
      "system": 24.709028600000003,
      "min": 119.67122970924,
      "max": 120.19687817224,
      "times": [
        120.01766593024,
        120.05355169624,
        119.75612870924,
        119.76104293724,
        119.72417855324,
        119.67122970924,
        120.09913678024,
        120.19687817224,
        119.67467001824001,
        119.70501852624
      ],
      "exit_codes": [
        0,
        0,
        0,
        0,
        0,
        0,
        0,
        0,
        0,
        0
      ]
    }
  ]
}
