{
  "results": [
    {
      "command": "cargo build --jobs 16 --release --example breakout",
      "mean": 81.35055199004,
      "stddev": 0.5662213653965739,
      "median": 81.48533334564,
      "user": 1204.1159324999999,
      "system": 31.0781268,
      "min": 80.41665333764,
      "max": 82.12149516664,
      "times": [
        80.77944268464,
        81.73944107964,
        80.41665333764,
        81.38300858264,
        80.76952498464,
        81.86934322964,
        81.78555590564,
        81.58765810864,
        82.12149516664,
        81.05339682064
      ],
      "exit_codes": [
        0,
        0,
        0,
        0,
        0,
        0,
        0,
        0,
        0,
        0
      ]
    }
  ]
}
