{
  "results": [
    {
      "command": "cargo build --jobs 8 --release --example breakout",
      "mean": 123.68938013633999,
      "stddev": 0.24897620579410543,
      "median": 123.75373115314,
      "user": 949.26878316,
      "system": 25.065852199999995,
      "min": 123.40029617713999,
      "max": 124.03417156414,
      "times": [
        123.40311889214,
        123.65456292214,
        123.86445937514,
        123.40029617713999,
        123.86904066014,
        123.41836858914,
        123.46497532914,
        123.93190847014,
        124.03417156414,
        123.85289938414
      ],
      "exit_codes": [
        0,
        0,
        0,
        0,
        0,
        0,
        0,
        0,
        0,
        0
      ]
    }
  ]
}
