{
  "results": [
    {
      "command": "cargo build --jobs 16 --release --example breakout",
      "mean": 79.65143072444,
      "stddev": 0.18722743027093028,
      "median": 79.65013187824,
      "user": 1201.0852305800001,
      "system": 30.759047519999996,
      "min": 79.36189931474,
      "max": 79.98843546374,
      "times": [
        79.69582710774,
        79.67875691674,
        79.50194539974001,
        79.36189931474,
        79.50074212174,
        79.62150683974001,
        79.81757828574001,
        79.98843546374,
        79.53095524474,
        79.81666054974
      ],
      "exit_codes": [
        0,
        0,
        0,
        0,
        0,
        0,
        0,
        0,
        0,
        0
      ]
    }
  ]
}
