{
  "results": [
    {
      "command": "cargo build --jobs 16 --release --example breakout",
      "mean": 96.22598522316001,
      "stddev": 0.39747908605584825,
      "median": 96.18561859696001,
      "user": 1335.3533745999998,
      "system": 32.63690664,
      "min": 95.73267631696001,
      "max": 97.01369238996,
      "times": [
        97.01369238996,
        96.13507844096,
        96.23719883496001,
        96.07180306496001,
        95.99456575196001,
        96.35512943496,
        96.23615875296001,
        95.76476669696001,
        96.71878254696,
        95.73267631696001
      ],
      "exit_codes": [
        0,
        0,
        0,
        0,
        0,
        0,
        0,
        0,
        0,
        0
      ]
    }
  ]
}
