{
  "results": [
    {
      "command": "cargo build --jobs 8 --release --example breakout",
      "mean": 116.99274007146,
      "stddev": 0.1792702008054465,
      "median": 116.99920045156,
      "user": 901.7810241000001,
      "system": 25.00749658,
      "min": 116.59459388306,
      "max": 117.18892272005999,
      "times": [
        116.88480424506,
        116.59459388306,
        116.93789405506,
        116.93996399206,
        117.18892272005999,
        116.91815352806,
        117.08992384606,
        117.13216020006,
        117.05843691106,
        117.18254733405999
      ],
      "exit_codes": [
        0,
        0,
        0,
        0,
        0,
        0,
        0,
        0,
        0,
        0
      ]
    }
  ]
}
