{
  "results": [
    {
      "command": "cargo build --jobs 16 --release --example breakout",
      "mean": 92.44740015366001,
      "stddev": 0.8623927297153944,
      "median": 92.57576864436001,
      "user": 1279.68435224,
      "system": 31.209667559999996,
      "min": 90.59758456886,
      "max": 93.50515529486,
      "times": [
        91.68264654986001,
        93.03758123286,
        93.39824297286,
        92.72283610886001,
        92.70001884686,
        92.45151844186,
        90.59758456886,
        92.04336676186,
        92.33505075786,
        93.50515529486
      ],
      "exit_codes": [
        0,
        0,
        0,
        0,
        0,
        0,
        0,
        0,
        0,
        0
      ]
    }
  ]
}
