{
  "results": [
    {
      "command": "cargo build --jobs 16 --release --example breakout",
      "mean": 78.36972900110001,
      "stddev": 0.24785328029801867,
      "median": 78.34744677910001,
      "user": 1180.6480157199999,
      "system": 30.04735494,
      "min": 78.0119525396,
      "max": 78.82889183660001,
      "times": [
        78.1721759376,
        78.59853994960001,
        78.39187190060001,
        78.22690883860001,
        78.30302165760001,
        78.1388183656,
        78.5526127496,
        78.4724962356,
        78.82889183660001,
        78.0119525396
      ],
      "exit_codes": [
        0,
        0,
        0,
        0,
        0,
        0,
        0,
        0,
        0,
        0
      ]
    }
  ]
}
