{
  "results": [
    {
      "command": "cargo build --jobs 8 --release --example breakout",
      "mean": 121.72121407824,
      "stddev": 0.2733509732764793,
      "median": 121.74104674914,
      "user": 934.2937774599999,
      "system": 24.464527899999997,
      "min": 121.28331447364,
      "max": 122.09892768964,
      "times": [
        121.43239725564,
        122.05477596664001,
        121.43688762764,
        121.28331447364,
        121.66582006064,
        121.82516221064,
        121.93276199964001,
        122.09892768964,
        121.70148647664,
        121.78060702164001
      ],
      "exit_codes": [
        0,
        0,
        0,
        0,
        0,
        0,
        0,
        0,
        0,
        0
      ]
    }
  ]
}
