{
  "results": [
    {
      "command": "cargo build --jobs 16 --release --example breakout",
      "mean": 77.19729086459999,
      "stddev": 0.13037523619843502,
      "median": 77.17680327970001,
      "user": 1144.3434102,
      "system": 29.532006060000004,
      "min": 77.0447851227,
      "max": 77.4920017557,
      "times": [
        77.1538941707,
        77.19971238870001,
        77.2486600847,
        77.2804158437,
        77.4920017557,
        77.1480007037,
        77.2413445117,
        77.0662896857,
        77.0978043787,
        77.0447851227
      ],
      "exit_codes": [
        0,
        0,
        0,
        0,
        0,
        0,
        0,
        0,
        0,
        0
      ]
    }
  ]
}
