{
  "results": [
    {
      "command": "cargo build --jobs 8 --release --example breakout",
      "mean": 131.05187870267997,
      "stddev": 0.13196655112720573,
      "median": 131.02940946028,
      "user": 1007.2289952599998,
      "system": 24.68064184,
      "min": 130.91106278828,
      "max": 131.32049552627998,
      "times": [
        131.01883430328,
        130.94802954628,
        131.03998461728,
        131.32049552627998,
        130.91106278828,
        131.05298066428,
        131.16065247827999,
        130.96174244828,
        130.92448651528,
        131.18051813928
      ],
      "exit_codes": [
        0,
        0,
        0,
        0,
        0,
        0,
        0,
        0,
        0,
        0
      ]
    }
  ]
}
