{
  "results": [
    {
      "command": "cargo build --jobs 8 --release --example breakout",
      "mean": 113.12764133761998,
      "stddev": 0.19327350435456625,
      "median": 113.13414254442,
      "user": 855.4574497000001,
      "system": 22.729618119999998,
      "min": 112.79102385642,
      "max": 113.37781575342,
      "times": [
        113.17269085442,
        113.37520597842,
        113.37781575342,
        113.09559423441999,
        113.26812495841999,
        113.04456611041999,
        112.93645563641999,
        112.79102385642,
        112.98108466641999,
        113.23385132742
      ],
      "exit_codes": [
        0,
        0,
        0,
        0,
        0,
        0,
        0,
        0,
        0,
        0
      ]
    }
  ]
}
