{
  "results": [
    {
      "command": "cargo build --jobs 16 --release --example breakout",
      "mean": 73.02202268156,
      "stddev": 0.2524510359563306,
      "median": 73.01277714986,
      "user": 1074.53780884,
      "system": 28.292829719999997,
      "min": 72.58782479886,
      "max": 73.44634157986,
      "times": [
        73.26297428085999,
        73.07547982886,
        72.97724588386,
        73.03609802186,
        72.58782479886,
        72.70259183686,
        72.94076955586,
        73.20144475085999,
        72.98945627786,
        73.44634157986
      ],
      "exit_codes": [
        0,
        0,
        0,
        0,
        0,
        0,
        0,
        0,
        0,
        0
      ]
    }
  ]
}
