{
  "results": [
    {
      "command": "cargo build --jobs 16 --release --example breakout",
      "mean": 76.82328404064,
      "stddev": 0.36131800084792587,
      "median": 76.77878678214,
      "user": 1147.3027728399998,
      "system": 29.440278399999993,
      "min": 76.36865635814,
      "max": 77.39436605214,
      "times": [
        77.39436605214,
        76.47152420914,
        76.36865635814,
        77.12302830514,
        77.23569684814001,
        76.78405235014,
        77.05607878914,
        76.57482966314001,
        76.77352121414,
        76.45108661714
      ],
      "exit_codes": [
        0,
        0,
        0,
        0,
        0,
        0,
        0,
        0,
        0,
        0
      ]
    }
  ]
}
