{
  "results": [
    {
      "command": "cargo build --jobs 8 --release --example breakout",
      "mean": 118.80587283538,
      "stddev": 0.31591062494975913,
      "median": 118.79254647698,
      "user": 907.0852926199999,
      "system": 24.0084024,
      "min": 118.35430233298001,
      "max": 119.49289543698,
      "times": [
        118.62899514498001,
        118.69045334498,
        118.35430233298001,
        118.90909201898,
        118.57632789598,
        119.01872878198,
        118.58214057298001,
        118.91115321498,
        118.89463960898,
        119.49289543698
      ],
      "exit_codes": [
        0,
        0,
        0,
        0,
        0,
        0,
        0,
        0,
        0,
        0
      ]
    }
  ]
}
