{
  "results": [
    {
      "command": "cargo build --jobs 8 --release --example breakout",
      "mean": 121.10350785192001,
      "stddev": 0.15245112920870468,
      "median": 121.11401586692,
      "user": 913.6379445599998,
      "system": 24.262581779999998,
      "min": 120.78406586542,
      "max": 121.36160229142,
      "times": [
        121.14937317742,
        121.20261874742,
        121.07865855642001,
        121.01020427742,
        121.36160229142,
        120.78406586542,
        121.06803962442001,
        121.19387728142,
        121.16272509942,
        121.02391359842001
      ],
      "exit_codes": [
        0,
        0,
        0,
        0,
        0,
        0,
        0,
        0,
        0,
        0
      ]
    }
  ]
}
