{
  "results": [
    {
      "command": "cargo build --jobs 8 --release --example breakout",
      "mean": 118.42808062554002,
      "stddev": 3.4317643472880945,
      "median": 117.36410997754001,
      "user": 904.49345636,
      "system": 23.98964606,
      "min": 117.01156906454,
      "max": 128.15944427754,
      "times": [
        117.04500236054001,
        117.38193220354,
        117.10457422554,
        128.15944427754,
        117.34628775154,
        118.02262061854,
        117.48340140654001,
        117.48982072554,
        117.01156906454,
        117.23615362154
      ],
      "exit_codes": [
        0,
        0,
        0,
        0,
        0,
        0,
        0,
        0,
        0,
        0
      ]
    }
  ]
}
