{
  "results": [
    {
      "command": "cargo build --jobs 8 --release --example breakout",
      "mean": 119.85652893483999,
      "stddev": 0.10074771584338386,
      "median": 119.83647487663998,
      "user": 906.62887376,
      "system": 24.426213479999998,
      "min": 119.71075736814,
      "max": 120.10307370413999,
      "times": [
        119.84917898814,
        119.82771725113999,
        119.84523250214,
        119.82566615414,
        119.71075736814,
        119.90787376614,
        119.81757848014,
        119.87510844714,
        120.10307370413999,
        119.80310268714
      ],
      "exit_codes": [
        0,
        0,
        0,
        0,
        0,
        0,
        0,
        0,
        0,
        0
      ]
    }
  ]
}
