{
  "results": [
    {
      "command": "cargo build --jobs 16 --release --example breakout",
      "mean": 82.75894401016001,
      "stddev": 0.517181234292583,
      "median": 83.01573603556,
      "user": 1211.23661718,
      "system": 31.364016659999997,
      "min": 81.90003362755999,
      "max": 83.48551411256,
      "times": [
        83.48551411256,
        83.01808183656,
        83.16001973355999,
        83.11350459556,
        82.30543479556,
        82.23195449856,
        83.01613284256,
        81.90003362755999,
        83.01533922856,
        82.34342483056
      ],
      "exit_codes": [
        0,
        0,
        0,
        0,
        0,
        0,
        0,
        0,
        0,
        0
      ]
    }
  ]
}
