{
  "results": [
    {
      "command": "cargo build --jobs 16 --release --example breakout",
      "mean": 77.29211610290001,
      "stddev": 0.12079754935203846,
      "median": 77.25230206770001,
      "user": 1142.9083633,
      "system": 29.30806678,
      "min": 77.1564059707,
      "max": 77.51709131470001,
      "times": [
        77.51709131470001,
        77.20931734470001,
        77.2478723897,
        77.1564059707,
        77.25673174570001,
        77.26653352570001,
        77.3556974267,
        77.2033107117,
        77.22767913770001,
        77.48052146170001
      ],
      "exit_codes": [
        0,
        0,
        0,
        0,
        0,
        0,
        0,
        0,
        0,
        0
      ]
    }
  ]
}
