{
  "results": [
    {
      "command": "cargo build --jobs 8 --release --example breakout",
      "mean": 120.73294636674002,
      "stddev": 0.14347326175909766,
      "median": 120.72589771874,
      "user": 903.26651422,
      "system": 23.66099482,
      "min": 120.49701923474,
      "max": 121.03029082674,
      "times": [
        120.72398636174,
        120.72780907574,
        120.61149111274,
        120.68707050174,
        120.65276648074,
        120.85056569174,
        120.49701923474,
        120.79083108574,
        121.03029082674,
        120.75763329574
      ],
      "exit_codes": [
        0,
        0,
        0,
        0,
        0,
        0,
        0,
        0,
        0,
        0
      ]
    }
  ]
}
