{
  "results": [
    {
      "command": "cargo build --jobs 16 --release --example breakout",
      "mean": 75.83344468255999,
      "stddev": 0.30012287916333424,
      "median": 75.91799224076,
      "user": 1144.3171957,
      "system": 29.255822300000005,
      "min": 75.07565537326,
      "max": 76.10593278326,
      "times": [
        76.07916651826,
        76.10593278326,
        75.07565537326,
        75.97291069626,
        75.86307378526,
        76.01088356426,
        75.79009117526,
        75.76088745326,
        75.69164788226,
        75.98419759426
      ],
      "exit_codes": [
        0,
        0,
        0,
        0,
        0,
        0,
        0,
        0,
        0,
        0
      ]
    }
  ]
}
