{
  "results": [
    {
      "command": "cargo build --jobs 8 --release --example breakout",
      "mean": 118.76233579775999,
      "stddev": 3.922924734557563,
      "median": 117.46494900766001,
      "user": 905.3876389,
      "system": 23.750717299999998,
      "min": 117.27585670866,
      "max": 129.91028231166,
      "times": [
        117.40880344666,
        117.27585670866,
        117.37989781866,
        117.69732116266,
        117.36954444566,
        129.91028231166,
        117.90983373266,
        117.33541136166,
        117.52109456866,
        117.81531242065999
      ],
      "exit_codes": [
        0,
        0,
        0,
        0,
        0,
        0,
        0,
        0,
        0,
        0
      ]
    }
  ]
}
