{
  "results": [
    {
      "command": "cargo build --jobs 8 --release --example breakout",
      "mean": 117.03842672402,
      "stddev": 0.1557176104010229,
      "median": 117.08156903352,
      "user": 900.7450263799999,
      "system": 24.07505372,
      "min": 116.70673333702,
      "max": 117.21398732702,
      "times": [
        116.91938433402001,
        116.95835378202,
        117.14799065702,
        117.15854801802,
        117.15139208602001,
        116.70673333702,
        116.96473963202,
        117.01653014602,
        117.21398732702,
        117.14660792102
      ],
      "exit_codes": [
        0,
        0,
        0,
        0,
        0,
        0,
        0,
        0,
        0,
        0
      ]
    }
  ]
}
