{
  "results": [
    {
      "command": "cargo build --jobs 16 --release --example breakout",
      "mean": 89.35687459521999,
      "stddev": 0.6596660146084842,
      "median": 89.44910595702,
      "user": 1249.85473264,
      "system": 30.387453519999998,
      "min": 88.05819975902,
      "max": 90.04957846002,
      "times": [
        89.81396868302,
        88.82567919502,
        89.84258389102,
        88.99365059802,
        88.05819975902,
        90.00060273602,
        90.04957846002,
        89.01137919902,
        89.88886020001999,
        89.08424323102
      ],
      "exit_codes": [
        0,
        0,
        0,
        0,
        0,
        0,
        0,
        0,
        0,
        0
      ]
    }
  ]
}
