{
  "results": [
    {
      "command": "cargo build --jobs 8 --release --example breakout",
      "mean": 121.31502003697999,
      "stddev": 0.18306146049676034,
      "median": 121.32421889848,
      "user": 903.4996615,
      "system": 23.782612739999998,
      "min": 120.89096373647999,
      "max": 121.51628107248,
      "times": [
        121.23306405048,
        121.45070016748,
        121.50906282048,
        121.29591266848,
        121.31160814648,
        120.89096373647999,
        121.51628107248,
        121.33682965048,
        121.39602478047999,
        121.20975327647999
      ],
      "exit_codes": [
        0,
        0,
        0,
        0,
        0,
        0,
        0,
        0,
        0,
        0
      ]
    }
  ]
}
