{
  "results": [
    {
      "command": "cargo build --jobs 8 --release --example breakout",
      "mean": 120.49079551080001,
      "stddev": 0.250980492028774,
      "median": 120.4722529448,
      "user": 923.35433572,
      "system": 24.106322419999998,
      "min": 120.1153870883,
      "max": 120.9552731203,
      "times": [
        120.63125629230001,
        120.2044910373,
        120.1153870883,
        120.9552731203,
        120.46201668730001,
        120.6510468423,
        120.6783981813,
        120.4490081133,
        120.2785885433,
        120.4824892023
      ],
      "exit_codes": [
        0,
        0,
        0,
        0,
        0,
        0,
        0,
        0,
        0,
        0
      ]
    }
  ]
}
