{
  "results": [
    {
      "command": "cargo build --jobs 8 --release --example breakout",
      "mean": 122.21661611808001,
      "stddev": 0.25761707640295295,
      "median": 122.29980561677999,
      "user": 935.8775158999999,
      "system": 24.33736074,
      "min": 121.66321980728,
      "max": 122.54963825627999,
      "times": [
        122.40626087728,
        122.36194102428,
        122.32578771828,
        122.03901512728,
        122.27382351528,
        122.18019197628,
        121.66321980728,
        121.99240303828,
        122.54963825627999,
        122.37387984028
      ],
      "exit_codes": [
        0,
        0,
        0,
        0,
        0,
        0,
        0,
        0,
        0,
        0
      ]
    }
  ]
}
