{
  "results": [
    {
      "command": "cargo build --jobs 16 --release --example breakout",
      "mean": 78.42930880034,
      "stddev": 0.38045197740167724,
      "median": 78.43701557384,
      "user": 1183.2595991199998,
      "system": 30.066144059999992,
      "min": 77.81611988934,
      "max": 78.98327187234,
      "times": [
        78.41396156233999,
        77.81611988934,
        77.87910264934,
        78.90295267933999,
        78.35183969133999,
        78.27681125133999,
        78.98327187234,
        78.58275280634,
        78.62620601633999,
        78.46006958534
      ],
      "exit_codes": [
        0,
        0,
        0,
        0,
        0,
        0,
        0,
        0,
        0,
        0
      ]
    }
  ]
}
