{
  "results": [
    {
      "command": "cargo build --jobs 16 --release --example breakout",
      "mean": 79.97880700024001,
      "stddev": 0.418950461045219,
      "median": 80.08679160124001,
      "user": 1154.21274466,
      "system": 30.33408316,
      "min": 79.01977395124001,
      "max": 80.30430967924,
      "times": [
        80.11224219424001,
        79.01977395124001,
        80.06134100824,
        79.92767514624,
        80.28723509624001,
        80.30430967924,
        80.05755019424001,
        79.47609038324,
        80.23908175624001,
        80.30277059324001
      ],
      "exit_codes": [
        0,
        0,
        0,
        0,
        0,
        0,
        0,
        0,
        0,
        0
      ]
    }
  ]
}
