{
  "results": [
    {
      "command": "cargo build --jobs 16 --release --example breakout",
      "mean": 70.73818553534001,
      "stddev": 0.5738422996744446,
      "median": 70.59526141294,
      "user": 1001.3181839600002,
      "system": 27.5324478,
      "min": 69.84612464694,
      "max": 72.07335776894,
      "times": [
        70.67619625094,
        70.48112647794,
        70.50202659794,
        70.74588055794,
        72.07335776894,
        71.02537703794,
        69.84612464694,
        70.50771179594,
        71.00972764394,
        70.51432657494
      ],
      "exit_codes": [
        0,
        0,
        0,
        0,
        0,
        0,
        0,
        0,
        0,
        0
      ]
    }
  ]
}
