{
  "results": [
    {
      "command": "cargo build --jobs 8 --release --example breakout",
      "mean": 121.64889702971998,
      "stddev": 0.2931216521215148,
      "median": 121.60854522492,
      "user": 933.8443036599999,
      "system": 24.3967871,
      "min": 121.31420894192,
      "max": 122.31867866292001,
      "times": [
        121.31420894192,
        121.62956931492,
        122.31867866292001,
        121.47900298092,
        121.63134485792,
        121.84420532292,
        121.56805147092,
        121.80131009692,
        121.58752113492,
        121.31507751292
      ],
      "exit_codes": [
        0,
        0,
        0,
        0,
        0,
        0,
        0,
        0,
        0,
        0
      ]
    }
  ]
}
