{
  "results": [
    {
      "command": "cargo build --jobs 16 --release --example breakout",
      "mean": 79.50366294056002,
      "stddev": 0.4016053959528655,
      "median": 79.46154587566,
      "user": 1156.3963667199998,
      "system": 30.274217420000003,
      "min": 78.84134953666,
      "max": 80.18028278266,
      "times": [
        79.21528277066,
        80.18028278266,
        79.47224767466,
        79.72891331366,
        79.27756199966,
        79.45084407666,
        79.24820241665999,
        80.04779623665999,
        78.84134953666,
        79.57414859766
      ],
      "exit_codes": [
        0,
        0,
        0,
        0,
        0,
        0,
        0,
        0,
        0,
        0
      ]
    }
  ]
}
