{
  "results": [
    {
      "command": "cargo build --jobs 8 --release --example breakout",
      "mean": 121.82333560653998,
      "stddev": 0.21483834993030024,
      "median": 121.87330330484,
      "user": 907.7204895799999,
      "system": 23.794796840000004,
      "min": 121.51822645184,
      "max": 122.10344567784,
      "times": [
        121.51822645184,
        121.65238692384,
        122.10344567784,
        121.64809143683999,
        121.95772456083999,
        121.56880897283999,
        121.79804190384,
        121.94856470584,
        121.95519144484,
        122.08287398684
      ],
      "exit_codes": [
        0,
        0,
        0,
        0,
        0,
        0,
        0,
        0,
        0,
        0
      ]
    }
  ]
}
