{
  "results": [
    {
      "command": "cargo build --jobs 16 --release --example breakout",
      "mean": 78.49706939474001,
      "stddev": 0.21881981490239255,
      "median": 78.51861419384,
      "user": 1148.25803178,
      "system": 29.629219139999996,
      "min": 78.19947836534,
      "max": 78.77154675434001,
      "times": [
        78.77154675434001,
        78.71372209334001,
        78.19947836534,
        78.72134341434,
        78.22477937834,
        78.53127154134,
        78.50595684634,
        78.37770918434,
        78.65963357234,
        78.26525279734001
      ],
      "exit_codes": [
        0,
        0,
        0,
        0,
        0,
        0,
        0,
        0,
        0,
        0
      ]
    }
  ]
}
