{
  "results": [
    {
      "command": "cargo build --jobs 8 --release --example breakout",
      "mean": 118.06832902029998,
      "stddev": 0.23226837112759885,
      "median": 118.1372423749,
      "user": 905.6033925200002,
      "system": 23.799906799999995,
      "min": 117.73857469240001,
      "max": 118.3876771214,
      "times": [
        118.2272954574,
        117.7532823264,
        118.19475380040001,
        117.73857469240001,
        118.1107258494,
        118.2618418974,
        118.0702286804,
        118.3876771214,
        118.1637589004,
        117.7751514774
      ],
      "exit_codes": [
        0,
        0,
        0,
        0,
        0,
        0,
        0,
        0,
        0,
        0
      ]
    }
  ]
}
