{
  "results": [
    {
      "command": "cargo build --jobs 16 --release --example breakout",
      "mean": 92.41872625390002,
      "stddev": 1.0390742449609416,
      "median": 92.3986799992,
      "user": 1289.58899074,
      "system": 30.85687438,
      "min": 90.9824482082,
      "max": 93.6096093472,
      "times": [
        93.5662520222,
        91.4432482472,
        91.5870495092,
        91.7593051322,
        93.0380548662,
        93.1188495692,
        93.6096093472,
        93.5254316012,
        90.9824482082,
        91.5570140362
      ],
      "exit_codes": [
        0,
        0,
        0,
        0,
        0,
        0,
        0,
        0,
        0,
        0
      ]
    }
  ]
}
