{
  "results": [
    {
      "command": "cargo build --jobs 8 --release --example breakout",
      "mean": 135.27217700954003,
      "stddev": 2.3904384291563106,
      "median": 134.54407890564,
      "user": 1029.2177309200001,
      "system": 24.790649519999995,
      "min": 134.38302659464,
      "max": 142.06803806164,
      "times": [
        134.60102969964,
        142.06803806164,
        134.46091099164,
        134.48712811164,
        134.39103996564,
        134.66888118064,
        134.65862675564,
        134.61107157064,
        134.39201716364,
        134.38302659464
      ],
      "exit_codes": [
        0,
        0,
        0,
        0,
        0,
        0,
        0,
        0,
        0,
        0
      ]
    }
  ]
}
