{
  "results": [
    {
      "command": "cargo build --jobs 16 --release --example breakout",
      "mean": 90.85739792774001,
      "stddev": 1.1135946336547684,
      "median": 90.75208225194001,
      "user": 1278.1036272999997,
      "system": 30.740759239999996,
      "min": 89.37494693144001,
      "max": 92.51571831444001,
      "times": [
        91.77016168944,
        89.64718345044001,
        92.00661491144001,
        90.50451428944001,
        89.55660088744001,
        90.58492479044,
        89.37494693144001,
        90.91923971344,
        91.69407429944,
        92.51571831444001
      ],
      "exit_codes": [
        0,
        0,
        0,
        0,
        0,
        0,
        0,
        0,
        0,
        0
      ]
    }
  ]
}
