{
  "results": [
    {
      "command": "cargo build --jobs 8 --release --example breakout",
      "mean": 113.07491220319999,
      "stddev": 0.2276268868899174,
      "median": 113.0491562823,
      "user": 854.5778871400001,
      "system": 22.847445639999997,
      "min": 112.73311242279999,
      "max": 113.4157585968,
      "times": [
        113.10639412479999,
        113.4157585968,
        113.2813257478,
        113.3023365018,
        112.9240912328,
        112.9919184398,
        112.73311242279999,
        113.24326556679999,
        112.8602481758,
        112.8906712228
      ],
      "exit_codes": [
        0,
        0,
        0,
        0,
        0,
        0,
        0,
        0,
        0,
        0
      ]
    }
  ]
}
