{
  "results": [
    {
      "command": "cargo build --jobs 16 --release --example breakout",
      "mean": 73.10464206736,
      "stddev": 0.27609343932673786,
      "median": 73.12581554856001,
      "user": 1072.9713136799996,
      "system": 28.293220799999993,
      "min": 72.55592540156,
      "max": 73.52632479456,
      "times": [
        72.93895255756,
        73.52632479456,
        73.02711267156,
        72.87540990356,
        73.24617390256,
        73.36535078256,
        73.25953956256001,
        73.06162592156001,
        73.19000517556,
        72.55592540156
      ],
      "exit_codes": [
        0,
        0,
        0,
        0,
        0,
        0,
        0,
        0,
        0,
        0
      ]
    }
  ]
}
