{
  "results": [
    {
      "command": "cargo build --jobs 16 --release --example breakout",
      "mean": 81.04563722814001,
      "stddev": 0.7302914065550385,
      "median": 81.02385104604,
      "user": 1189.1026245399996,
      "system": 31.3656523,
      "min": 79.51459788904,
      "max": 82.21060043904,
      "times": [
        81.71929324604,
        81.35668780804,
        79.51459788904,
        80.71334502204,
        82.21060043904,
        81.08551005404,
        81.48690786304,
        80.96219203804,
        80.71943661803999,
        80.68780130404
      ],
      "exit_codes": [
        0,
        0,
        0,
        0,
        0,
        0,
        0,
        0,
        0,
        0
      ]
    }
  ]
}
