{
  "results": [
    {
      "command": "cargo build --jobs 8 --release --example breakout",
      "mean": 123.38709199554,
      "stddev": 0.3998040414014496,
      "median": 123.31543735634,
      "user": 947.1771216600002,
      "system": 25.3095678,
      "min": 122.92083757434,
      "max": 123.98460111333999,
      "times": [
        122.92083757434,
        123.75081291433999,
        123.08619337034,
        123.98460111333999,
        123.66893733334,
        122.93001282134,
        123.19974273333999,
        123.05676749333999,
        123.84188262234,
        123.43113197934
      ],
      "exit_codes": [
        0,
        0,
        0,
        0,
        0,
        0,
        0,
        0,
        0,
        0
      ]
    }
  ]
}
