{
  "results": [
    {
      "command": "cargo build --jobs 8 --release --example breakout",
      "mean": 138.51992229664,
      "stddev": 0.2552939798950374,
      "median": 138.51704778574,
      "user": 1064.14469412,
      "system": 25.6767367,
      "min": 138.02670569924,
      "max": 138.86269122124,
      "times": [
        138.33876465224,
        138.41216436924,
        138.62193120224,
        138.75128970724,
        138.36250895824,
        138.86269122124,
        138.67164401624,
        138.75383592424,
        138.02670569924,
        138.39768721624
      ],
      "exit_codes": [
        0,
        0,
        0,
        0,
        0,
        0,
        0,
        0,
        0,
        0
      ]
    }
  ]
}
