{
  "results": [
    {
      "command": "cargo build --jobs 16 --release --example breakout",
      "mean": 95.28127417374,
      "stddev": 0.351867099751428,
      "median": 95.31917890323999,
      "user": 1335.06930212,
      "system": 31.92416062,
      "min": 94.75430718774,
      "max": 95.80302377273999,
      "times": [
        94.80310168374,
        95.63194426973999,
        95.80302377273999,
        95.02163610973999,
        95.46725118974,
        94.75430718774,
        95.36807744074,
        95.12909799874,
        95.56402171874,
        95.27028036573999
      ],
      "exit_codes": [
        0,
        0,
        0,
        0,
        0,
        0,
        0,
        0,
        0,
        0
      ]
    }
  ]
}
