{
  "results": [
    {
      "command": "cargo build --jobs 8 --release --example breakout",
      "mean": 109.15539858548,
      "stddev": 0.7358326003726275,
      "median": 109.60713314998,
      "user": 821.25784322,
      "system": 21.81879466,
      "min": 108.22288610348,
      "max": 109.80318823748,
      "times": [
        108.22288610348,
        108.32227220148,
        108.35524455347999,
        109.80047252548,
        108.32115653148,
        109.65620120647999,
        109.55806509348,
        109.76009820248,
        109.75440119948,
        109.80318823748
      ],
      "exit_codes": [
        0,
        0,
        0,
        0,
        0,
        0,
        0,
        0,
        0,
        0
      ]
    }
  ]
}
