{
  "results": [
    {
      "command": "cargo build --jobs 8 --release --example breakout",
      "mean": 120.23139190892,
      "stddev": 0.16068321138966293,
      "median": 120.25808068232,
      "user": 910.3764003800001,
      "system": 24.28896468,
      "min": 119.96886944082,
      "max": 120.50722277082,
      "times": [
        120.32928697382,
        120.39308127081999,
        119.96886944082,
        120.09063971982,
        120.25568460082,
        120.50722277082,
        120.26304034382,
        120.06888870382,
        120.26047676382,
        120.17672850081999
      ],
      "exit_codes": [
        0,
        0,
        0,
        0,
        0,
        0,
        0,
        0,
        0,
        0
      ]
    }
  ]
}
