{
  "results": [
    {
      "command": "cargo build --jobs 16 --release --example breakout",
      "mean": 74.37369301378,
      "stddev": 0.301764600691416,
      "median": 74.41219511908,
      "user": 1090.97608782,
      "system": 28.375783560000002,
      "min": 73.94084651557999,
      "max": 74.68767130858,
      "times": [
        74.65589455157999,
        74.49149560258,
        74.27616744058,
        74.67661300758,
        74.03207801757999,
        74.33289463557999,
        74.64954153158,
        73.99372752657999,
        74.68767130858,
        73.94084651557999
      ],
      "exit_codes": [
        0,
        0,
        0,
        0,
        0,
        0,
        0,
        0,
        0,
        0
      ]
    }
  ]
}
