{
  "results": [
    {
      "command": "cargo build --jobs 8 --release --example breakout",
      "mean": 114.4044308774,
      "stddev": 0.29043657798023637,
      "median": 114.42173303519999,
      "user": 864.5781053200001,
      "system": 22.62432086,
      "min": 113.9104289027,
      "max": 114.8643641467,
      "times": [
        114.4189403897,
        114.60808787170001,
        113.9104289027,
        114.8643641467,
        114.5785054257,
        114.3628261007,
        114.2129196287,
        114.0299698207,
        114.6337408067,
        114.4245256807
      ],
      "exit_codes": [
        0,
        0,
        0,
        0,
        0,
        0,
        0,
        0,
        0,
        0
      ]
    }
  ]
}
