{
  "results": [
    {
      "command": "cargo build --jobs 8 --release --example breakout",
      "mean": 119.96613871821998,
      "stddev": 0.1983573769808274,
      "median": 119.94191294902001,
      "user": 908.12760714,
      "system": 24.38685236,
      "min": 119.57561151802001,
      "max": 120.31404970302,
      "times": [
        119.96249528302,
        119.92133061502001,
        120.09129130202001,
        120.17210673402,
        120.31404970302,
        119.87889709402,
        119.91449559202,
        119.86528213902001,
        119.96582720202001,
        119.57561151802001
      ],
      "exit_codes": [
        0,
        0,
        0,
        0,
        0,
        0,
        0,
        0,
        0,
        0
      ]
    }
  ]
}
