{
  "results": [
    {
      "command": "cargo build --jobs 16 --release --example breakout",
      "mean": 77.42804984071999,
      "stddev": 0.26235819258629384,
      "median": 77.38546280512,
      "user": 1143.412685,
      "system": 29.960401899999994,
      "min": 77.13837811512,
      "max": 77.95049428612,
      "times": [
        77.54611201512,
        77.53041249312,
        77.45266629912,
        77.18888303412,
        77.71414446712001,
        77.13837811512,
        77.20628121512,
        77.95049428612,
        77.23486717112,
        77.31825931112
      ],
      "exit_codes": [
        0,
        0,
        0,
        0,
        0,
        0,
        0,
        0,
        0,
        0
      ]
    }
  ]
}
