{
  "results": [
    {
      "command": "cargo build --jobs 8 --release --example breakout",
      "mean": 117.22363362814,
      "stddev": 0.22948694374443165,
      "median": 117.19247220174,
      "user": 903.7802070399999,
      "system": 24.8166604,
      "min": 116.96039716424,
      "max": 117.80737786024001,
      "times": [
        117.26529870824001,
        117.07538058524,
        117.80737786024001,
        117.20029193524,
        117.18234971424,
        116.96039716424,
        117.18638247524001,
        117.05333083124,
        117.30696507924,
        117.19856192824001
      ],
      "exit_codes": [
        0,
        0,
        0,
        0,
        0,
        0,
        0,
        0,
        0,
        0
      ]
    }
  ]
}
