{
  "results": [
    {
      "command": "cargo build --jobs 16 --release --example breakout",
      "mean": 75.83518504486001,
      "stddev": 0.3647486285087917,
      "median": 75.92877273095999,
      "user": 1139.5604741799998,
      "system": 30.44362461999999,
      "min": 75.12968977546001,
      "max": 76.26364936146,
      "times": [
        76.09031452846,
        75.82975959446,
        76.26364936146,
        75.64037944646,
        75.48015478746001,
        75.61256903046001,
        75.12968977546001,
        76.02778586746,
        76.22812476946001,
        76.04942328746
      ],
      "exit_codes": [
        0,
        0,
        0,
        0,
        0,
        0,
        0,
        0,
        0,
        0
      ]
    }
  ]
}
