{
  "results": [
    {
      "command": "cargo build --jobs 8 --release --example breakout",
      "mean": 124.30248888244,
      "stddev": 0.41243518199674245,
      "median": 124.29178869623999,
      "user": 952.2407426,
      "system": 25.12379008,
      "min": 123.77033015824,
      "max": 125.15807986124,
      "times": [
        124.18757703023999,
        124.47826523024,
        123.84506000324,
        125.15807986124,
        123.93213238823999,
        124.60503840924,
        124.23233406824,
        124.46482835123999,
        123.77033015824,
        124.35124332423999
      ],
      "exit_codes": [
        0,
        0,
        0,
        0,
        0,
        0,
        0,
        0,
        0,
        0
      ]
    }
  ]
}
