{
  "results": [
    {
      "command": "cargo build --jobs 16 --release --example breakout",
      "mean": 80.12473011955998,
      "stddev": 0.13640999320745653,
      "median": 80.08344834516,
      "user": 1201.9122257,
      "system": 30.815861419999997,
      "min": 79.95276724566,
      "max": 80.39050524765999,
      "times": [
        80.39050524765999,
        80.21385375066,
        80.13640267166,
        80.04817260866,
        80.03622565066,
        80.10829678866,
        80.05859990165999,
        80.01081164166,
        80.29166568865999,
        79.95276724566
      ],
      "exit_codes": [
        0,
        0,
        0,
        0,
        0,
        0,
        0,
        0,
        0,
        0
      ]
    }
  ]
}
