{
  "results": [
    {
      "command": "cargo build --jobs 16 --release --example breakout",
      "mean": 74.13615876996,
      "stddev": 0.385099354481498,
      "median": 74.17290612616,
      "user": 1088.73714656,
      "system": 28.346576899999995,
      "min": 73.44529050966,
      "max": 74.84478738066,
      "times": [
        74.43513156766,
        73.82571951765999,
        74.05377030566,
        73.81207936866,
        73.44529050966,
        74.32276083865999,
        74.18941198366,
        74.15640026866,
        74.27623595866,
        74.84478738066
      ],
      "exit_codes": [
        0,
        0,
        0,
        0,
        0,
        0,
        0,
        0,
        0,
        0
      ]
    }
  ]
}
