{
  "results": [
    {
      "command": "cargo build --jobs 16 --release --example breakout",
      "mean": 87.01048390858,
      "stddev": 0.8688291062373792,
      "median": 87.27167024447999,
      "user": 1220.2397035999998,
      "system": 30.48331122,
      "min": 84.93155988798,
      "max": 87.81036951598,
      "times": [
        87.48991223898,
        87.51527953498,
        84.93155988798,
        87.50260204598,
        86.74884309197999,
        86.39949730998,
        86.84624303798,
        87.05342824998,
        87.80710417198,
        87.81036951598
      ],
      "exit_codes": [
        0,
        0,
        0,
        0,
        0,
        0,
        0,
        0,
        0,
        0
      ]
    }
  ]
}
