{
  "results": [
    {
      "command": "cargo build --jobs 16 --release --example breakout",
      "mean": 92.41755344698001,
      "stddev": 1.259563968510524,
      "median": 92.20279244288,
      "user": 1279.8973644799999,
      "system": 31.140502399999995,
      "min": 91.01904992738,
      "max": 94.16190582537999,
      "times": [
        94.05379481838,
        91.01904992738,
        92.26501608038,
        91.26401331538,
        93.50714241738,
        92.14056880538,
        91.32454069437999,
        94.16190582537999,
        91.05530421038,
        93.38419837538
      ],
      "exit_codes": [
        0,
        0,
        0,
        0,
        0,
        0,
        0,
        0,
        0,
        0
      ]
    }
  ]
}
