{
  "results": [
    {
      "command": "cargo build --jobs 8 --release --example breakout",
      "mean": 124.31863414680001,
      "stddev": 0.21503014340348647,
      "median": 124.38441364740001,
      "user": 950.3402558599998,
      "system": 25.035333879999996,
      "min": 123.9756903889,
      "max": 124.6375362159,
      "times": [
        124.39184090190001,
        124.0229599169,
        124.4652770479,
        124.4614240639,
        123.9756903889,
        124.3845919439,
        124.09304346990001,
        124.6375362159,
        124.3842353509,
        124.3697421679
      ],
      "exit_codes": [
        0,
        0,
        0,
        0,
        0,
        0,
        0,
        0,
        0,
        0
      ]
    }
  ]
}
