{
  "results": [
    {
      "command": "cargo build --jobs 16 --release --example breakout",
      "mean": 80.24265257328,
      "stddev": 0.1317418686942506,
      "median": 80.22241221918,
      "user": 1201.77729678,
      "system": 30.773050479999995,
      "min": 80.07351351518,
      "max": 80.45454021217999,
      "times": [
        80.45454021217999,
        80.24883015518,
        80.35669067818,
        80.42074880918,
        80.23796651418,
        80.13959035418,
        80.20092944318,
        80.08685812718,
        80.20685792418,
        80.07351351518
      ],
      "exit_codes": [
        0,
        0,
        0,
        0,
        0,
        0,
        0,
        0,
        0,
        0
      ]
    }
  ]
}
