{
  "results": [
    {
      "command": "cargo build --jobs 8 --release --example breakout",
      "mean": 121.79477396478,
      "stddev": 0.19786355635019306,
      "median": 121.70156864898,
      "user": 933.5701973199999,
      "system": 24.673535079999997,
      "min": 121.56973061548,
      "max": 122.13163275348,
      "times": [
        121.68287049748,
        121.62414236948,
        122.13163275348,
        121.64333924448,
        121.72026680048,
        121.66109753748,
        121.96778755348,
        121.56973061548,
        121.91657324548,
        122.03029903048
      ],
      "exit_codes": [
        0,
        0,
        0,
        0,
        0,
        0,
        0,
        0,
        0,
        0
      ]
    }
  ]
}
