{
  "results": [
    {
      "command": "cargo build --jobs 16 --release --example breakout",
      "mean": 78.38187188574,
      "stddev": 0.23904642703921058,
      "median": 78.35566504364,
      "user": 1180.1990781199997,
      "system": 30.39506126,
      "min": 78.15560184713999,
      "max": 78.88026630614,
      "times": [
        78.15560184713999,
        78.88026630614,
        78.21738783714,
        78.38157223614,
        78.32975785114,
        78.43168196314,
        78.38714980214,
        78.16031661113999,
        78.18536150514,
        78.68962289814
      ],
      "exit_codes": [
        0,
        0,
        0,
        0,
        0,
        0,
        0,
        0,
        0,
        0
      ]
    }
  ]
}
