{
  "results": [
    {
      "command": "cargo build --jobs 8 --release --example breakout",
      "mean": 116.91725519688,
      "stddev": 0.21360687234085027,
      "median": 116.90789084688001,
      "user": 899.4489148999999,
      "system": 23.99471434,
      "min": 116.49757470538,
      "max": 117.25704560538,
      "times": [
        117.03363684438,
        116.89751052938,
        116.86214746438,
        116.49757470538,
        117.16549097038,
        116.77082692638,
        116.91827116438,
        117.25704560538,
        116.97708211938,
        116.79296563938
      ],
      "exit_codes": [
        0,
        0,
        0,
        0,
        0,
        0,
        0,
        0,
        0,
        0
      ]
    }
  ]
}
