{
  "results": [
    {
      "command": "cargo build --jobs 16 --release --example breakout",
      "mean": 75.04962646106002,
      "stddev": 0.43504334094706465,
      "median": 74.99795659426002,
      "user": 1135.20196948,
      "system": 29.56856436,
      "min": 74.47476013876,
      "max": 75.57338506376,
      "times": [
        74.54029974576001,
        75.42673054876,
        74.82492998976001,
        75.55904689276001,
        74.47476013876,
        74.79661849776001,
        75.57338506376,
        75.17098319876001,
        75.45702614876001,
        74.67248438576
      ],
      "exit_codes": [
        0,
        0,
        0,
        0,
        0,
        0,
        0,
        0,
        0,
        0
      ]
    }
  ]
}
