{
  "results": [
    {
      "command": "cargo build --jobs 16 --release --example breakout",
      "mean": 77.56201347812001,
      "stddev": 0.6410672805425027,
      "median": 77.40790737641998,
      "user": 1144.84532648,
      "system": 30.004863540000002,
      "min": 76.95963504391999,
      "max": 79.31061719591999,
      "times": [
        77.45605318992,
        77.27017373391999,
        77.32144735092,
        77.56077486491999,
        77.41227495892,
        77.63124404192,
        79.31061719591999,
        77.29437460691999,
        76.95963504391999,
        77.40353979391999
      ],
      "exit_codes": [
        0,
        0,
        0,
        0,
        0,
        0,
        0,
        0,
        0,
        0
      ]
    }
  ]
}
