{
  "results": [
    {
      "command": "cargo build --jobs 8 --release --example breakout",
      "mean": 120.10544435250002,
      "stddev": 0.09643141320168677,
      "median": 120.1162136067,
      "user": 909.14653596,
      "system": 24.448183439999998,
      "min": 119.9753987592,
      "max": 120.2551220212,
      "times": [
        120.0202280052,
        120.1422230302,
        119.9753987592,
        120.2551220212,
        120.1029098912,
        119.9945910052,
        120.2438918462,
        120.1295173222,
        120.1371896522,
        120.0533719922
      ],
      "exit_codes": [
        0,
        0,
        0,
        0,
        0,
        0,
        0,
        0,
        0,
        0
      ]
    }
  ]
}
