{
  "results": [
    {
      "command": "cargo build --jobs 16 --release --example breakout",
      "mean": 80.19942320538,
      "stddev": 0.19513224765418777,
      "median": 80.20834972088,
      "user": 1154.76918436,
      "system": 30.29490236,
      "min": 79.90166215338,
      "max": 80.42864789138,
      "times": [
        80.08537726938,
        80.35847451238,
        80.42609913338,
        79.97287173638,
        80.07578113638,
        80.32737531638,
        80.42864789138,
        80.08932412538,
        80.32861877938,
        79.90166215338
      ],
      "exit_codes": [
        0,
        0,
        0,
        0,
        0,
        0,
        0,
        0,
        0,
        0
      ]
    }
  ]
}
