{
  "results": [
    {
      "command": "cargo build --jobs 8 --release --example breakout",
      "mean": 121.3324488405,
      "stddev": 0.22337333557983086,
      "median": 121.3609277525,
      "user": 932.7069692400003,
      "system": 24.438015200000002,
      "min": 120.98344335450001,
      "max": 121.5885226595,
      "times": [
        121.2299466015,
        121.1784341295,
        121.5790388685,
        121.4627148775,
        121.5087220175,
        121.0384239785,
        120.98344335450001,
        121.49610129050001,
        121.2591406275,
        121.5885226595
      ],
      "exit_codes": [
        0,
        0,
        0,
        0,
        0,
        0,
        0,
        0,
        0,
        0
      ]
    }
  ]
}
