{
  "results": [
    {
      "command": "cargo build --jobs 16 --release --example breakout",
      "mean": 78.31775140418002,
      "stddev": 0.3193250805995009,
      "median": 78.34754526438,
      "user": 1179.06550314,
      "system": 29.999847659999993,
      "min": 77.75990257888,
      "max": 78.75059361688001,
      "times": [
        77.75990257888,
        78.29874335888,
        78.48876721888,
        78.38014831788,
        78.75059361688001,
        78.31494221088,
        78.43544038488001,
        78.18832591188,
        77.86064868088,
        78.70000176188
      ],
      "exit_codes": [
        0,
        0,
        0,
        0,
        0,
        0,
        0,
        0,
        0,
        0
      ]
    }
  ]
}
