{
  "results": [
    {
      "command": "cargo build --jobs 8 --release --example breakout",
      "mean": 117.98032501771999,
      "stddev": 0.15593049064991393,
      "median": 118.01089550521999,
      "user": 905.1291327799997,
      "system": 23.83936598,
      "min": 117.67608712571999,
      "max": 118.17699549471999,
      "times": [
        118.09721553371999,
        117.97343563572,
        118.04835537471999,
        117.76967248871999,
        118.10340365872,
        118.17699549471999,
        118.06540769972,
        117.67608712571999,
        117.95576847772,
        117.93690868771999
      ],
      "exit_codes": [
        0,
        0,
        0,
        0,
        0,
        0,
        0,
        0,
        0,
        0
      ]
    }
  ]
}
