{
  "results": [
    {
      "command": "cargo build --jobs 8 --release --example breakout",
      "mean": 122.11195162874,
      "stddev": 0.26602962753051734,
      "median": 122.05961652714001,
      "user": 934.58641818,
      "system": 24.706621239999997,
      "min": 121.77819797864001,
      "max": 122.62969423864,
      "times": [
        122.36269427764,
        121.86507145764,
        121.89719264464,
        122.14533226464,
        122.28947387064001,
        122.62969423864,
        121.97390078964001,
        121.77819797864001,
        122.22091107664001,
        121.95704768864
      ],
      "exit_codes": [
        0,
        0,
        0,
        0,
        0,
        0,
        0,
        0,
        0,
        0
      ]
    }
  ]
}
