{
  "results": [
    {
      "command": "cargo build --jobs 8 --release --example breakout",
      "mean": 131.11904228062,
      "stddev": 0.1579111342901749,
      "median": 131.06731355812,
      "user": 1006.6294651800001,
      "system": 24.551816140000003,
      "min": 130.87538904612,
      "max": 131.40651994212,
      "times": [
        131.24379442112001,
        130.99857196712,
        131.40651994212,
        131.03861834312,
        131.02193681212,
        130.87538904612,
        131.07493739912,
        131.27938419712,
        131.05968971712,
        131.19158096112
      ],
      "exit_codes": [
        0,
        0,
        0,
        0,
        0,
        0,
        0,
        0,
        0,
        0
      ]
    }
  ]
}
