{
  "results": [
    {
      "command": "cargo build --jobs 8 --release --example breakout",
      "mean": 122.06393140703999,
      "stddev": 0.8510377057095427,
      "median": 121.80966514004,
      "user": 918.0745032599998,
      "system": 24.883016480000002,
      "min": 121.41745886654,
      "max": 124.42323562253999,
      "times": [
        121.77002497954,
        121.94730576954,
        121.78651090954,
        121.94994466054,
        122.13289916154,
        121.74305807754,
        121.41745886654,
        121.83281937054,
        121.63605665253999,
        124.42323562253999
      ],
      "exit_codes": [
        0,
        0,
        0,
        0,
        0,
        0,
        0,
        0,
        0,
        0
      ]
    }
  ]
}
