{
  "results": [
    {
      "command": "cargo build --jobs 8 --release --example breakout",
      "mean": 115.08010024122,
      "stddev": 0.23155764241447221,
      "median": 115.11004555612001,
      "user": 868.72884004,
      "system": 22.70037544,
      "min": 114.62005255912001,
      "max": 115.41247254912001,
      "times": [
        115.00751924412,
        115.09254432212,
        115.19554055512,
        115.17565043112,
        114.62005255912001,
        114.85533407112001,
        115.34146052812001,
        114.97288136212,
        115.41247254912001,
        115.12754679012001
      ],
      "exit_codes": [
        0,
        0,
        0,
        0,
        0,
        0,
        0,
        0,
        0,
        0
      ]
    }
  ]
}
