{
  "results": [
    {
      "command": "cargo build --jobs 16 --release --example breakout",
      "mean": 74.75977832864,
      "stddev": 0.44808207632113234,
      "median": 74.82906483424,
      "user": 1095.16780184,
      "system": 28.39423734,
      "min": 74.05206619474,
      "max": 75.49203275974,
      "times": [
        74.19677917173999,
        74.91405459174,
        75.19949883573999,
        75.00654144673999,
        74.84696583774,
        74.05206619474,
        74.72305415973999,
        75.49203275974,
        74.35562645773999,
        74.81116383074
      ],
      "exit_codes": [
        0,
        0,
        0,
        0,
        0,
        0,
        0,
        0,
        0,
        0
      ]
    }
  ]
}
