{
  "results": [
    {
      "command": "cargo build --jobs 8 --release --example breakout",
      "mean": 117.39071500836,
      "stddev": 0.19680226910651497,
      "median": 117.37719181456,
      "user": 904.2490416799999,
      "system": 24.84945473999999,
      "min": 117.07613460956,
      "max": 117.69090373256,
      "times": [
        117.57497487156,
        117.45047859956,
        117.69090373256,
        117.19584417456001,
        117.07613460956,
        117.26026828156,
        117.27446940056001,
        117.56577139056,
        117.51439999356,
        117.30390502956
      ],
      "exit_codes": [
        0,
        0,
        0,
        0,
        0,
        0,
        0,
        0,
        0,
        0
      ]
    }
  ]
}
