{
  "results": [
    {
      "command": "cargo build --jobs 16 --release --example breakout",
      "mean": 75.41589648618,
      "stddev": 0.20021580536825076,
      "median": 75.42354041598,
      "user": 1140.0132687999999,
      "system": 30.40744836,
      "min": 75.00632865498001,
      "max": 75.65359159898,
      "times": [
        75.33032964898001,
        75.61039625198,
        75.40571384998,
        75.49174617398,
        75.65359159898,
        75.61590493198001,
        75.44136698198001,
        75.39883121098,
        75.00632865498001,
        75.20475555798001
      ],
      "exit_codes": [
        0,
        0,
        0,
        0,
        0,
        0,
        0,
        0,
        0,
        0
      ]
    }
  ]
}
