{
  "results": [
    {
      "command": "cargo build --jobs 8 --release --example breakout",
      "mean": 120.14451655019998,
      "stddev": 0.29329544702341354,
      "median": 120.05843678779999,
      "user": 921.0408563799998,
      "system": 24.25748028,
      "min": 119.8587188123,
      "max": 120.6540808923,
      "times": [
        120.5652357393,
        120.6540808923,
        120.0289526383,
        120.0879209373,
        119.8989555393,
        120.2417911543,
        120.3347160343,
        119.91128866929999,
        119.8635050853,
        119.8587188123
      ],
      "exit_codes": [
        0,
        0,
        0,
        0,
        0,
        0,
        0,
        0,
        0,
        0
      ]
    }
  ]
}
