{
  "results": [
    {
      "command": "cargo build --jobs 16 --release --example breakout",
      "mean": 77.20288326276003,
      "stddev": 0.4758876001465091,
      "median": 77.12677570556,
      "user": 1166.1413920199998,
      "system": 29.879213619999994,
      "min": 76.51305653506,
      "max": 78.22778913106,
      "times": [
        77.03661932706001,
        77.10043045406,
        77.36702737506,
        77.15312095706,
        76.93713315706,
        77.49911522106001,
        77.46037046406,
        76.73417000606,
        76.51305653506,
        78.22778913106
      ],
      "exit_codes": [
        0,
        0,
        0,
        0,
        0,
        0,
        0,
        0,
        0,
        0
      ]
    }
  ]
}
