{
  "results": [
    {
      "command": "cargo build --jobs 16 --release --example breakout",
      "mean": 77.10106134232001,
      "stddev": 3.813626941566482,
      "median": 75.88702399802,
      "user": 1145.48517718,
      "system": 29.5327042,
      "min": 75.69301254652001,
      "max": 87.94442837252001,
      "times": [
        75.72879051652001,
        75.96180568752,
        75.79258757852,
        76.18576435752,
        76.14855098752001,
        75.69301254652001,
        87.94442837252001,
        75.78162538052001,
        75.83372918252,
        75.94031881352001
      ],
      "exit_codes": [
        0,
        0,
        0,
        0,
        0,
        0,
        0,
        0,
        0,
        0
      ]
    }
  ]
}
