{
  "results": [
    {
      "command": "cargo build --jobs 16 --release --example breakout",
      "mean": 81.66577364620001,
      "stddev": 0.6745721678028863,
      "median": 81.508222759,
      "user": 1235.0230450200002,
      "system": 31.32012014,
      "min": 81.0979555495,
      "max": 83.4920563655,
      "times": [
        81.4806142555,
        81.6115588275,
        81.5483056385,
        81.8712468705,
        83.4920563655,
        81.34375113450001,
        81.40632449750001,
        81.0979555495,
        81.5358312625,
        81.2700920605
      ],
      "exit_codes": [
        0,
        0,
        0,
        0,
        0,
        0,
        0,
        0,
        0,
        0
      ]
    }
  ]
}
