{
  "results": [
    {
      "command": "cargo build --jobs 8 --release --example breakout",
      "mean": 127.22004034996,
      "stddev": 0.3393963579089748,
      "median": 127.35809502896001,
      "user": 976.7064868799998,
      "system": 25.52261416,
      "min": 126.43363817946,
      "max": 127.52112419646,
      "times": [
        127.39986631146,
        127.47679381046,
        127.41249192346,
        126.43363817946,
        126.83338026646,
        127.52112419646,
        127.19237868946,
        127.31632374646,
        127.40099926646,
        127.21340710946
      ],
      "exit_codes": [
        0,
        0,
        0,
        0,
        0,
        0,
        0,
        0,
        0,
        0
      ]
    }
  ]
}
