{
  "results": [
    {
      "command": "cargo build --jobs 8 --release --example breakout",
      "mean": 117.10133236058,
      "stddev": 0.17787187133627247,
      "median": 117.08430012418,
      "user": 902.8539676799999,
      "system": 24.75480642,
      "min": 116.87285280618,
      "max": 117.46241587218,
      "times": [
        117.10594306618,
        116.87285280618,
        117.02591064918,
        117.18609766918,
        116.97181403518,
        116.92084048318,
        117.46241587218,
        117.29884877618001,
        117.07162493818001,
        117.09697531018
      ],
      "exit_codes": [
        0,
        0,
        0,
        0,
        0,
        0,
        0,
        0,
        0,
        0
      ]
    }
  ]
}
