{
  "results": [
    {
      "command": "cargo build --jobs 8 --release --example breakout",
      "mean": 139.76005070582,
      "stddev": 0.18584506160693287,
      "median": 139.78812609212002,
      "user": 1069.48857834,
      "system": 26.6194666,
      "min": 139.32252095812,
      "max": 139.95398350612,
      "times": [
        139.80686825312,
        139.59983389912,
        139.76938393112002,
        139.72863318212,
        139.32252095812,
        139.95398350612,
        139.89887480112,
        139.86474716812,
        139.90982478012,
        139.74583657912
      ],
      "exit_codes": [
        0,
        0,
        0,
        0,
        0,
        0,
        0,
        0,
        0,
        0
      ]
    }
  ]
}
