{
  "results": [
    {
      "command": "cargo build --jobs 16 --release --example breakout",
      "mean": 96.81546593488,
      "stddev": 1.0269195989897546,
      "median": 96.34396398628,
      "user": 1339.4754327599999,
      "system": 33.167033860000004,
      "min": 95.87651098978,
      "max": 99.24176097578,
      "times": [
        96.01886423078,
        96.37616356678001,
        99.24176097578,
        97.55255731878,
        96.11212106978,
        97.19598750078,
        97.20634274778,
        96.31176440578,
        95.87651098978,
        96.26258654278
      ],
      "exit_codes": [
        0,
        0,
        0,
        0,
        0,
        0,
        0,
        0,
        0,
        0
      ]
    }
  ]
}
