{
  "results": [
    {
      "command": "cargo build --jobs 16 --release --example breakout",
      "mean": 89.66451467281999,
      "stddev": 0.41510708576400823,
      "median": 89.75369785141999,
      "user": 1249.9576933,
      "system": 30.7807409,
      "min": 89.00310197592,
      "max": 90.28919895892,
      "times": [
        89.00310197592,
        89.83757457291999,
        89.89187147092,
        90.28919895892,
        89.91239884292,
        89.40637848492,
        89.13820324992,
        89.41488140092,
        89.66982112992,
        90.08171664091999
      ],
      "exit_codes": [
        0,
        0,
        0,
        0,
        0,
        0,
        0,
        0,
        0,
        0
      ]
    }
  ]
}
