{
  "results": [
    {
      "command": "cargo build --jobs 8 --release --example breakout",
      "mean": 130.35661504811998,
      "stddev": 0.27030142487062786,
      "median": 130.30873614861997,
      "user": 999.4471079999997,
      "system": 24.57306822,
      "min": 129.98312278362,
      "max": 130.80250265261998,
      "times": [
        130.43064325461998,
        130.44631758862,
        130.80250265261998,
        130.24916527861998,
        130.29542984062,
        130.24069339361998,
        130.02909096861998,
        130.32204245661998,
        129.98312278362,
        130.76714226362
      ],
      "exit_codes": [
        0,
        0,
        0,
        0,
        0,
        0,
        0,
        0,
        0,
        0
      ]
    }
  ]
}
