{
  "results": [
    {
      "command": "cargo build --jobs 8 --release --example breakout",
      "mean": 106.21976319770002,
      "stddev": 0.4653399287804184,
      "median": 106.47983083439999,
      "user": 800.8434266,
      "system": 21.729543639999996,
      "min": 105.5686026709,
      "max": 106.6682707689,
      "times": [
        106.6682707689,
        106.5999679339,
        106.4870239009,
        105.5686026709,
        106.5739819129,
        105.6640808349,
        105.8699899639,
        106.6346230269,
        105.6584531959,
        106.4726377679
      ],
      "exit_codes": [
        0,
        0,
        0,
        0,
        0,
        0,
        0,
        0,
        0,
        0
      ]
    }
  ]
}
