{
  "results": [
    {
      "command": "cargo build --jobs 16 --release --example breakout",
      "mean": 70.8394469735,
      "stddev": 0.6648348378311977,
      "median": 70.8965387243,
      "user": 1003.12793398,
      "system": 27.46391422,
      "min": 69.34433294729999,
      "max": 71.9186363263,
      "times": [
        71.23285223229999,
        70.62518137229999,
        70.8884460283,
        70.3835107243,
        69.34433294729999,
        71.9186363263,
        71.0033413733,
        70.8969610583,
        70.8961163903,
        71.2050912823
      ],
      "exit_codes": [
        0,
        0,
        0,
        0,
        0,
        0,
        0,
        0,
        0,
        0
      ]
    }
  ]
}
