{
  "results": [
    {
      "command": "cargo build --jobs 16 --release --example breakout",
      "mean": 94.05277274488,
      "stddev": 4.687414239724841,
      "median": 92.43457615778,
      "user": 1292.0672521799997,
      "system": 31.7111357,
      "min": 91.95594112878,
      "max": 107.22277156678,
      "times": [
        92.04380079678,
        91.99531406478,
        92.17321676578,
        91.95594112878,
        92.39358845378,
        94.38702214578,
        92.47556386178,
        107.22277156678,
        92.57169915378,
        93.30880951078
      ],
      "exit_codes": [
        0,
        0,
        0,
        0,
        0,
        0,
        0,
        0,
        0,
        0
      ]
    }
  ]
}
