{
  "results": [
    {
      "command": "cargo build --jobs 8 --release --example breakout",
      "mean": 135.44805879355997,
      "stddev": 0.46563447383505385,
      "median": 135.31004460986,
      "user": 1033.2290704800002,
      "system": 25.582154840000005,
      "min": 134.96915568386,
      "max": 136.63095212086,
      "times": [
        134.96915568386,
        136.63095212086,
        135.27806728386,
        135.20888256086,
        135.35498143786,
        135.34202193586,
        135.14381645286,
        135.67546275786,
        135.24850446386,
        135.62874323786
      ],
      "exit_codes": [
        0,
        0,
        0,
        0,
        0,
        0,
        0,
        0,
        0,
        0
      ]
    }
  ]
}
