{
  "results": [
    {
      "command": "cargo build --jobs 16 --release --example breakout",
      "mean": 78.34249743158001,
      "stddev": 0.4118437658365282,
      "median": 78.42960168398,
      "user": 1183.6437005199998,
      "system": 30.003824979999997,
      "min": 77.62390260748,
      "max": 78.83321796248,
      "times": [
        78.83321796248,
        78.69198744048,
        78.30276150148,
        77.62390260748,
        78.54925335448,
        78.72719588048,
        78.03402777748,
        78.30995001348,
        77.78681409948,
        78.56586367848
      ],
      "exit_codes": [
        0,
        0,
        0,
        0,
        0,
        0,
        0,
        0,
        0,
        0
      ]
    }
  ]
}
