{
  "results": [
    {
      "command": "cargo build --jobs 16 --release --example breakout",
      "mean": 76.16220966441999,
      "stddev": 0.17652721031138638,
      "median": 76.19671615332,
      "user": 1145.6327137399999,
      "system": 29.597340599999995,
      "min": 75.84707186732,
      "max": 76.34969739632,
      "times": [
        76.34969739632,
        75.92774352632,
        76.20992376331999,
        76.18350854332,
        76.05467268631999,
        75.84707186732,
        76.10189607632,
        76.27834535432,
        76.34326119632,
        76.32597623432
      ],
      "exit_codes": [
        0,
        0,
        0,
        0,
        0,
        0,
        0,
        0,
        0,
        0
      ]
    }
  ]
}
