{
  "results": [
    {
      "command": "cargo build --jobs 8 --release --example breakout",
      "mean": 118.23813040158,
      "stddev": 0.1858790614629457,
      "median": 118.21037272848,
      "user": 906.93274446,
      "system": 24.00575122,
      "min": 117.91165358148,
      "max": 118.50260843748,
      "times": [
        118.44851336148,
        118.08684480748,
        118.50260843748,
        118.46258882448,
        118.23785278648,
        117.91165358148,
        118.23819673248,
        118.15026189648,
        118.15989091748,
        118.18289267048
      ],
      "exit_codes": [
        0,
        0,
        0,
        0,
        0,
        0,
        0,
        0,
        0,
        0
      ]
    }
  ]
}
