{
  "results": [
    {
      "command": "cargo build --jobs 8 --release --example breakout",
      "mean": 108.30370491656,
      "stddev": 0.30303788721354824,
      "median": 108.21524328546,
      "user": 815.99397108,
      "system": 22.06085742,
      "min": 107.96773704596,
      "max": 108.96536729196,
      "times": [
        108.25718514496,
        108.96536729196,
        108.10336990896,
        108.71492192396,
        108.15881022896001,
        108.14850406496,
        107.96773704596,
        108.29063091296,
        108.17330142596,
        108.25722121696
      ],
      "exit_codes": [
        0,
        0,
        0,
        0,
        0,
        0,
        0,
        0,
        0,
        0
      ]
    }
  ]
}
