{
  "results": [
    {
      "command": "cargo build --jobs 8 --release --example breakout",
      "mean": 142.96090021668,
      "stddev": 0.27686873005377793,
      "median": 142.97654435628,
      "user": 1097.2760949400001,
      "system": 27.1416635,
      "min": 142.59964600927998,
      "max": 143.30437712128,
      "times": [
        142.73314944528,
        142.96557009827998,
        142.68977376428,
        143.20229806228,
        143.30437712128,
        142.64586191028,
        143.26823375728,
        142.59964600927998,
        143.21257338428,
        142.98751861428
      ],
      "exit_codes": [
        0,
        0,
        0,
        0,
        0,
        0,
        0,
        0,
        0,
        0
      ]
    }
  ]
}
