{
  "results": [
    {
      "command": "cargo build --jobs 16 --release --example breakout",
      "mean": 97.37890426541999,
      "stddev": 0.7550362747424171,
      "median": 97.22225587402,
      "user": 1374.1052046199998,
      "system": 33.78834656,
      "min": 96.56524210902,
      "max": 98.33595301602,
      "times": [
        96.74914927502,
        96.56524210902,
        97.99659714602001,
        96.89006895102,
        96.61559092002,
        98.33595301602,
        97.55444279702,
        96.65341809902,
        98.22147782202,
        98.20710251902
      ],
      "exit_codes": [
        0,
        0,
        0,
        0,
        0,
        0,
        0,
        0,
        0,
        0
      ]
    }
  ]
}
