{
  "results": [
    {
      "command": "cargo build --jobs 16 --release --example breakout",
      "mean": 95.45560670156,
      "stddev": 0.8684678690317683,
      "median": 95.67825268366,
      "user": 1329.6657135999997,
      "system": 33.2043205,
      "min": 93.85482055716001,
      "max": 96.55033497016001,
      "times": [
        95.86940395616,
        95.83198220116,
        94.99206386016,
        96.41329414816,
        96.55033497016001,
        95.87810084616001,
        95.52452316616001,
        93.85482055716001,
        95.36527874616,
        94.27626456416
      ],
      "exit_codes": [
        0,
        0,
        0,
        0,
        0,
        0,
        0,
        0,
        0,
        0
      ]
    }
  ]
}
