{
  "results": [
    {
      "command": "cargo build --jobs 8 --release --example breakout",
      "mean": 138.95674083536002,
      "stddev": 0.1602693800899256,
      "median": 138.99269484406,
      "user": 1063.3932130199998,
      "system": 26.725807419999995,
      "min": 138.70083567806,
      "max": 139.16405768806,
      "times": [
        138.80775742706,
        138.93663959306002,
        139.16405768806,
        138.99202164406,
        138.73242069106,
        138.99336804406002,
        139.04808422306002,
        139.09842785606,
        138.70083567806,
        139.09379550906002
      ],
      "exit_codes": [
        0,
        0,
        0,
        0,
        0,
        0,
        0,
        0,
        0,
        0
      ]
    }
  ]
}
