{
  "results": [
    {
      "command": "cargo build --jobs 8 --release --example breakout",
      "mean": 132.42642883765998,
      "stddev": 0.07428472671596577,
      "median": 132.42759580185998,
      "user": 1006.5925476599999,
      "system": 24.155714079999996,
      "min": 132.30632274386,
      "max": 132.53468110686,
      "times": [
        132.32513661086,
        132.39410543786,
        132.53468110686,
        132.39662890686,
        132.47257505086,
        132.51161368686,
        132.41741188586,
        132.30632274386,
        132.46803322886,
        132.43777971786
      ],
      "exit_codes": [
        0,
        0,
        0,
        0,
        0,
        0,
        0,
        0,
        0,
        0
      ]
    }
  ]
}
