{
  "results": [
    {
      "command": "cargo build --jobs 16 --release --example breakout",
      "mean": 91.70101596693999,
      "stddev": 0.2943410257111143,
      "median": 91.68202080294,
      "user": 1258.17236148,
      "system": 30.355671459999996,
      "min": 91.27558994444,
      "max": 92.18581592544001,
      "times": [
        92.18581592544001,
        91.54223887444,
        91.65334856244,
        91.27558994444,
        91.71704304544001,
        91.71069304344,
        91.42645837644001,
        91.53641366944001,
        91.78594869544,
        92.17660953244001
      ],
      "exit_codes": [
        0,
        0,
        0,
        0,
        0,
        0,
        0,
        0,
        0,
        0
      ]
    }
  ]
}
