{
  "results": [
    {
      "command": "cargo build --jobs 16 --release --example breakout",
      "mean": 78.28378892936,
      "stddev": 0.19137965296039644,
      "median": 78.23725892646002,
      "user": 1180.9486559599995,
      "system": 30.079751539999997,
      "min": 78.10302485546,
      "max": 78.62749431246,
      "times": [
        78.25156256946,
        78.28501840846,
        78.62749431246,
        78.12154429846001,
        78.16838074746,
        78.59868415146,
        78.10302485546,
        78.35088505146,
        78.10833961546,
        78.22295528346001
      ],
      "exit_codes": [
        0,
        0,
        0,
        0,
        0,
        0,
        0,
        0,
        0,
        0
      ]
    }
  ]
}
