{
  "results": [
    {
      "command": "cargo build --jobs 8 --release --example breakout",
      "mean": 122.01549722954,
      "stddev": 0.400145203951205,
      "median": 121.92337663874,
      "user": 934.9824194400001,
      "system": 24.44149784,
      "min": 121.53272275324001,
      "max": 122.74461973824,
      "times": [
        122.01095053524,
        121.85374698624,
        122.54335382924,
        121.76465222824001,
        121.99300629124001,
        121.84666592524,
        122.29722981024,
        121.56802419824001,
        121.53272275324001,
        122.74461973824
      ],
      "exit_codes": [
        0,
        0,
        0,
        0,
        0,
        0,
        0,
        0,
        0,
        0
      ]
    }
  ]
}
