{
  "results": [
    {
      "command": "cargo build --jobs 8 --release --example breakout",
      "mean": 117.28341302092001,
      "stddev": 0.19175469367099968,
      "median": 117.30102370422,
      "user": 905.2964297799999,
      "system": 23.723514459999997,
      "min": 116.97212956922,
      "max": 117.59370420622,
      "times": [
        117.10141064622,
        117.35379296222,
        117.40334113722,
        116.97212956922,
        117.16079996322,
        117.59370420622,
        117.48798934622,
        117.36972031322,
        117.24825444622,
        117.14298761922001
      ],
      "exit_codes": [
        0,
        0,
        0,
        0,
        0,
        0,
        0,
        0,
        0,
        0
      ]
    }
  ]
}
