{
  "results": [
    {
      "command": "cargo build --jobs 8 --release --example breakout",
      "mean": 128.05901471918,
      "stddev": 0.5373838539339647,
      "median": 128.05258503508,
      "user": 977.0469217799998,
      "system": 25.87929244,
      "min": 127.37651566708,
      "max": 129.32615660308,
      "times": [
        127.91612133508,
        127.39438654508,
        128.05677834508,
        128.04839172508,
        127.93956844208,
        129.32615660308,
        128.10166390008,
        128.20137761608,
        128.22918701308,
        127.37651566708
      ],
      "exit_codes": [
        0,
        0,
        0,
        0,
        0,
        0,
        0,
        0,
        0,
        0
      ]
    }
  ]
}
