{
  "results": [
    {
      "command": "cargo build --jobs 16 --release --example breakout",
      "mean": 87.97122862696001,
      "stddev": 0.5950884674605067,
      "median": 88.10720905036001,
      "user": 1223.1584862799998,
      "system": 32.081944039999996,
      "min": 86.45728466186,
      "max": 88.43745106886,
      "times": [
        88.42900414086,
        88.41060103586001,
        88.00887582486,
        88.43745106886,
        88.20554227586001,
        87.90367217386,
        86.45728466186,
        87.92860317486,
        87.63973291686001,
        88.29151899586
      ],
      "exit_codes": [
        0,
        0,
        0,
        0,
        0,
        0,
        0,
        0,
        0,
        0
      ]
    }
  ]
}
