{
  "results": [
    {
      "command": "cargo build --jobs 8 --release --example breakout",
      "mean": 133.45405205740002,
      "stddev": 0.28634372908708117,
      "median": 133.5370593079,
      "user": 1024.7478076799998,
      "system": 24.79822216,
      "min": 132.9027652274,
      "max": 133.7274944604,
      "times": [
        133.5566569084,
        133.7274944604,
        132.9027652274,
        133.7054515784,
        133.6309881574,
        133.3192771684,
        133.5174617074,
        133.4859015004,
        133.0246142124,
        133.6699096534
      ],
      "exit_codes": [
        0,
        0,
        0,
        0,
        0,
        0,
        0,
        0,
        0,
        0
      ]
    }
  ]
}
