{
  "results": [
    {
      "command": "cargo build --jobs 16 --release --example breakout",
      "mean": 93.30578283302,
      "stddev": 3.306580596042342,
      "median": 92.85052673572,
      "user": 1280.45431358,
      "system": 30.941925100000002,
      "min": 90.42845411272,
      "max": 102.01117349372001,
      "times": [
        92.66568458572,
        102.01117349372001,
        90.42845411272,
        91.05745971872,
        93.03536888572,
        93.30900716972,
        93.20237000372,
        90.69691941472,
        94.32142579672,
        92.32996514872
      ],
      "exit_codes": [
        0,
        0,
        0,
        0,
        0,
        0,
        0,
        0,
        0,
        0
      ]
    }
  ]
}
