{
  "results": [
    {
      "command": "cargo build --jobs 8 --release --example breakout",
      "mean": 120.47140600528,
      "stddev": 0.29168658055103924,
      "median": 120.53008220118,
      "user": 905.41244424,
      "system": 23.76777908,
      "min": 119.96433553568001,
      "max": 120.77886121568001,
      "times": [
        120.77851305468,
        119.96433553568001,
        119.96486718368,
        120.45887454368001,
        120.54563409168,
        120.77886121568001,
        120.62986848068,
        120.51453031068,
        120.43601323968001,
        120.64256239668
      ],
      "exit_codes": [
        0,
        0,
        0,
        0,
        0,
        0,
        0,
        0,
        0,
        0
      ]
    }
  ]
}
