{
  "results": [
    {
      "command": "cargo build --jobs 8 --release --example breakout",
      "mean": 124.83757686327999,
      "stddev": 0.2523585529382815,
      "median": 124.75011487998,
      "user": 957.4327571800001,
      "system": 24.903428459999994,
      "min": 124.51419445498,
      "max": 125.18942038898,
      "times": [
        124.56992648998,
        124.51419445498,
        125.11218070298,
        124.70523988598,
        125.18942038898,
        124.76405656898001,
        124.73617319098,
        124.62434877098,
        125.05334033398,
        125.10688784498001
      ],
      "exit_codes": [
        0,
        0,
        0,
        0,
        0,
        0,
        0,
        0,
        0,
        0
      ]
    }
  ]
}
