{
  "results": [
    {
      "command": "cargo build --jobs 16 --release --example breakout",
      "mean": 81.5660420522,
      "stddev": 0.5811468057245394,
      "median": 81.62136029999999,
      "user": 1203.04418308,
      "system": 30.99827328,
      "min": 80.62877360249999,
      "max": 82.7180801605,
      "times": [
        80.62877360249999,
        81.11679044249999,
        81.9310327355,
        81.39226334649999,
        81.55315159749999,
        81.8251259675,
        81.81076401249999,
        81.6895690025,
        80.9948696545,
        82.7180801605
      ],
      "exit_codes": [
        0,
        0,
        0,
        0,
        0,
        0,
        0,
        0,
        0,
        0
      ]
    }
  ]
}
