{
  "results": [
    {
      "command": "cargo build --jobs 8 --release --example breakout",
      "mean": 118.19268981738,
      "stddev": 0.1444746926093631,
      "median": 118.22307365878001,
      "user": 906.63637242,
      "system": 23.981551059999997,
      "min": 117.97381440178,
      "max": 118.38933890278,
      "times": [
        118.38933890278,
        118.04833362178,
        118.24707492578,
        118.23521275978,
        117.97381440178,
        118.18005039178,
        118.30737686178,
        118.34166174078,
        117.99310000978001,
        118.21093455778
      ],
      "exit_codes": [
        0,
        0,
        0,
        0,
        0,
        0,
        0,
        0,
        0,
        0
      ]
    }
  ]
}
