{
  "results": [
    {
      "command": "cargo build --jobs 16 --release --example breakout",
      "mean": 71.61662180634,
      "stddev": 0.5278172054923813,
      "median": 71.57118067043999,
      "user": 1016.0167733599999,
      "system": 27.86737248,
      "min": 70.78052506044,
      "max": 72.55009277744,
      "times": [
        72.12847829244,
        71.56859236444,
        71.35685832444,
        71.38399485344,
        70.78052506044,
        71.57376897644,
        72.14575780244,
        71.57898208144,
        72.55009277744,
        71.09916753044
      ],
      "exit_codes": [
        0,
        0,
        0,
        0,
        0,
        0,
        0,
        0,
        0,
        0
      ]
    }
  ]
}
