{
  "results": [
    {
      "command": "cargo build --jobs 8 --release --example breakout",
      "mean": 107.48501563292,
      "stddev": 0.4853587187087378,
      "median": 107.40817263772001,
      "user": 810.1722692999999,
      "system": 21.97239512,
      "min": 106.80680000572,
      "max": 108.12148896572,
      "times": [
        108.10728474872,
        107.44974514372001,
        107.36660013172,
        106.80680000572,
        107.15970528272,
        107.97019601172,
        106.94321268572,
        107.79181258672,
        108.12148896572,
        107.13331076672
      ],
      "exit_codes": [
        0,
        0,
        0,
        0,
        0,
        0,
        0,
        0,
        0,
        0
      ]
    }
  ]
}
