{
  "results": [
    {
      "command": "cargo build --jobs 16 --release --example breakout",
      "mean": 78.58805548934001,
      "stddev": 0.2788255555865435,
      "median": 78.52428555434,
      "user": 1181.0755189,
      "system": 30.02554152,
      "min": 78.16636763584,
      "max": 78.99701753484,
      "times": [
        78.54324203184001,
        78.42534951984,
        78.50532907684,
        78.41080023684,
        78.94649337884,
        78.30781390584,
        78.79410498084,
        78.16636763584,
        78.99701753484,
        78.78403659184
      ],
      "exit_codes": [
        0,
        0,
        0,
        0,
        0,
        0,
        0,
        0,
        0,
        0
      ]
    }
  ]
}
