{
  "results": [
    {
      "command": "cargo build --jobs 8 --release --example breakout",
      "mean": 122.82572745844,
      "stddev": 1.46462150344155,
      "median": 122.29525974373999,
      "user": 934.0440052200001,
      "system": 24.469739679999996,
      "min": 122.09161347474,
      "max": 126.94021171774,
      "times": [
        122.95450496673999,
        122.53178135974,
        122.24813503274,
        122.25546776974,
        122.27265276474,
        126.94021171774,
        122.09161347474,
        122.31786672273999,
        122.37772609374,
        122.26731468173999
      ],
      "exit_codes": [
        0,
        0,
        0,
        0,
        0,
        0,
        0,
        0,
        0,
        0
      ]
    }
  ]
}
