{
  "results": [
    {
      "command": "cargo build --jobs 8 --release --example breakout",
      "mean": 121.17680674405999,
      "stddev": 0.22818492865982087,
      "median": 121.13581565056,
      "user": 916.60001648,
      "system": 24.5308587,
      "min": 120.90935797206,
      "max": 121.77228908005999,
      "times": [
        121.13417188705999,
        121.17070861106,
        121.13745941406,
        121.19583461606,
        121.11580545006,
        121.23143804706,
        120.90935797206,
        121.77228908005999,
        121.05792004106,
        121.04308232206
      ],
      "exit_codes": [
        0,
        0,
        0,
        0,
        0,
        0,
        0,
        0,
        0,
        0
      ]
    }
  ]
}
