{
  "results": [
    {
      "command": "cargo build --jobs 16 --release --example breakout",
      "mean": 77.82450517026003,
      "stddev": 0.4373339213401679,
      "median": 77.95767781066002,
      "user": 1143.68980048,
      "system": 30.018570399999998,
      "min": 77.12631883366001,
      "max": 78.59844430666,
      "times": [
        78.02741635966001,
        77.61270385666,
        77.68638954066,
        77.12631883366001,
        78.01684851366001,
        78.59844430666,
        78.06016164366001,
        78.02084397166,
        77.89850710766001,
        77.19741756866
      ],
      "exit_codes": [
        0,
        0,
        0,
        0,
        0,
        0,
        0,
        0,
        0,
        0
      ]
    }
  ]
}
