{
  "results": [
    {
      "command": "cargo build --jobs 16 --release --example breakout",
      "mean": 82.2149585882,
      "stddev": 0.9428566837379817,
      "median": 81.84614462420001,
      "user": 1199.0597683799997,
      "system": 31.29558634,
      "min": 81.4289607657,
      "max": 84.6258330987,
      "times": [
        82.6454893927,
        82.5051072297,
        84.6258330987,
        81.8761265957,
        81.6853274977,
        81.4737432877,
        81.4289607657,
        81.8161626527,
        82.3115501367,
        81.7812852247
      ],
      "exit_codes": [
        0,
        0,
        0,
        0,
        0,
        0,
        0,
        0,
        0,
        0
      ]
    }
  ]
}
