{
  "results": [
    {
      "command": "cargo build --jobs 8 --release --example breakout",
      "mean": 124.59308799734,
      "stddev": 0.25014897864690483,
      "median": 124.60418300684,
      "user": 955.8050122000001,
      "system": 25.115200200000004,
      "min": 124.20780533534,
      "max": 124.91191765434,
      "times": [
        124.24762489334,
        124.60119192934,
        124.78108727534,
        124.84353371034,
        124.60717408434,
        124.81162668233999,
        124.38223412133999,
        124.20780533534,
        124.91191765434,
        124.53668428734
      ],
      "exit_codes": [
        0,
        0,
        0,
        0,
        0,
        0,
        0,
        0,
        0,
        0
      ]
    }
  ]
}
