{
  "results": [
    {
      "command": "cargo build --jobs 8 --release --example breakout",
      "mean": 130.55183093422002,
      "stddev": 0.2171661532299325,
      "median": 130.50206566462,
      "user": 999.78649284,
      "system": 24.47595874,
      "min": 130.20327821512,
      "max": 130.84192549612,
      "times": [
        130.83922029412,
        130.84192549612,
        130.38724241112,
        130.42432228512,
        130.41658152312002,
        130.20327821512,
        130.78910609712,
        130.57149151512002,
        130.43263981412,
        130.61250169112
      ],
      "exit_codes": [
        0,
        0,
        0,
        0,
        0,
        0,
        0,
        0,
        0,
        0
      ]
    }
  ]
}
