{
  "results": [
    {
      "command": "cargo build --jobs 16 --release --example breakout",
      "mean": 90.83303575716,
      "stddev": 0.4691814596554816,
      "median": 90.66811318196,
      "user": 1250.0962034399997,
      "system": 30.42065764,
      "min": 90.23200177096,
      "max": 91.52763945896,
      "times": [
        91.39754801596,
        90.36556321196001,
        90.64131965196,
        90.55119666296001,
        90.69490671196,
        90.46968572696001,
        91.52763945896,
        90.23200177096,
        91.33773810396,
        91.11275825596
      ],
      "exit_codes": [
        0,
        0,
        0,
        0,
        0,
        0,
        0,
        0,
        0,
        0
      ]
    }
  ]
}
