{
  "results": [
    {
      "command": "cargo build --jobs 16 --release --example breakout",
      "mean": 75.38422680234001,
      "stddev": 0.21782338173448054,
      "median": 75.36941116114,
      "user": 1134.2795539,
      "system": 29.36693254,
      "min": 75.03818718714,
      "max": 75.87772369314,
      "times": [
        75.38151634214,
        75.35730598014,
        75.87772369314,
        75.43062848414,
        75.29618564714,
        75.03818718714,
        75.28770849114001,
        75.54277631714001,
        75.24767020814001,
        75.38256567314001
      ],
      "exit_codes": [
        0,
        0,
        0,
        0,
        0,
        0,
        0,
        0,
        0,
        0
      ]
    }
  ]
}
