{
  "results": [
    {
      "command": "cargo build --jobs 16 --release --example breakout",
      "mean": 70.91357515135999,
      "stddev": 0.7272416156280481,
      "median": 70.96943292236,
      "user": 1003.8330951199999,
      "system": 27.580972100000004,
      "min": 69.32547067336,
      "max": 71.96789384936001,
      "times": [
        71.16425482636001,
        69.32547067336,
        71.96789384936001,
        71.27193687536,
        70.83756232536,
        70.85026386836,
        71.55861849336,
        71.07683121936,
        70.86203462536001,
        70.22088475736
      ],
      "exit_codes": [
        0,
        0,
        0,
        0,
        0,
        0,
        0,
        0,
        0,
        0
      ]
    }
  ]
}
