{
  "results": [
    {
      "command": "cargo build --jobs 8 --release --example breakout",
      "mean": 117.11689159377997,
      "stddev": 0.1609119509106724,
      "median": 117.12283353858,
      "user": 902.5232650799999,
      "system": 24.843788280000002,
      "min": 116.83932239907999,
      "max": 117.36330581908,
      "times": [
        117.17359711908,
        117.20167018408,
        117.05324741208,
        117.10543639808,
        117.14023067907999,
        116.94228649908,
        117.32140321108,
        116.83932239907999,
        117.36330581908,
        117.02841621708
      ],
      "exit_codes": [
        0,
        0,
        0,
        0,
        0,
        0,
        0,
        0,
        0,
        0
      ]
    }
  ]
}
