{
  "results": [
    {
      "command": "cargo build --jobs 16 --release --example breakout",
      "mean": 75.26601933314001,
      "stddev": 0.18695947428363957,
      "median": 75.25930974034,
      "user": 1137.4682644999998,
      "system": 30.468498800000003,
      "min": 74.94983244984,
      "max": 75.57729406284,
      "times": [
        75.41736005184,
        75.25348412384,
        75.26513535684,
        74.94983244984,
        75.18306051284,
        75.34408089984,
        75.02448708284,
        75.23077584084,
        75.57729406284,
        75.41468294984
      ],
      "exit_codes": [
        0,
        0,
        0,
        0,
        0,
        0,
        0,
        0,
        0,
        0
      ]
    }
  ]
}
