{
  "results": [
    {
      "command": "cargo build --jobs 16 --release --example breakout",
      "mean": 78.36514553539999,
      "stddev": 0.13523323236549087,
      "median": 78.413484437,
      "user": 1180.1018783599998,
      "system": 30.449594219999994,
      "min": 78.05990956549999,
      "max": 78.5129209335,
      "times": [
        78.42899180149999,
        78.35868321049999,
        78.4432161825,
        78.2438566485,
        78.5129209335,
        78.4767516945,
        78.4391631755,
        78.28998506949999,
        78.3979770725,
        78.05990956549999
      ],
      "exit_codes": [
        0,
        0,
        0,
        0,
        0,
        0,
        0,
        0,
        0,
        0
      ]
    }
  ]
}
