{
  "results": [
    {
      "command": "cargo build --jobs 8 --release --example breakout",
      "mean": 105.6136049168,
      "stddev": 0.21131195846877865,
      "median": 105.62950279839998,
      "user": 798.46565298,
      "system": 21.892471699999998,
      "min": 105.3001387719,
      "max": 105.95317915989999,
      "times": [
        105.63008346689999,
        105.95317915989999,
        105.4992779169,
        105.3001387719,
        105.8311222209,
        105.6651634579,
        105.81300994189999,
        105.4006489639,
        105.4145031379,
        105.62892212989999
      ],
      "exit_codes": [
        0,
        0,
        0,
        0,
        0,
        0,
        0,
        0,
        0,
        0
      ]
    }
  ]
}
