{
  "results": [
    {
      "command": "cargo build --jobs 8 --release --example breakout",
      "mean": 140.22318395332,
      "stddev": 0.20652736156790408,
      "median": 140.16808436451998,
      "user": 1066.6597464399997,
      "system": 26.663570240000002,
      "min": 139.94049689552,
      "max": 140.56108746752,
      "times": [
        140.28100730952,
        140.11047834151998,
        140.10467844451998,
        140.56108746752,
        140.19438189951998,
        139.94049689552,
        140.53391091352,
        140.34372145851998,
        140.14178682952,
        140.02028997352
      ],
      "exit_codes": [
        0,
        0,
        0,
        0,
        0,
        0,
        0,
        0,
        0,
        0
      ]
    }
  ]
}
