{
  "results": [
    {
      "command": "cargo build --jobs 8 --release --example breakout",
      "mean": 134.96909267294,
      "stddev": 0.22936830107777953,
      "median": 134.93979198874,
      "user": 1028.77493998,
      "system": 25.143393899999996,
      "min": 134.70171148424,
      "max": 135.56828488124,
      "times": [
        134.94321901824,
        135.56828488124,
        135.02193268324,
        134.93636495924,
        134.83736909124,
        134.94344361123999,
        134.97859619824,
        134.83278856324,
        134.70171148424,
        134.92721623924
      ],
      "exit_codes": [
        0,
        0,
        0,
        0,
        0,
        0,
        0,
        0,
        0,
        0
      ]
    }
  ]
}
