{
  "results": [
    {
      "command": "cargo build --jobs 8 --release --example breakout",
      "mean": 135.77324818578,
      "stddev": 0.2743843372269016,
      "median": 135.73011256558,
      "user": 1041.7046399799997,
      "system": 24.458076339999998,
      "min": 135.47588228108,
      "max": 136.14913984408,
      "times": [
        135.82493980307999,
        135.51564271808,
        136.14913984408,
        135.63528532808,
        135.95561538008,
        135.47588228108,
        136.08016277408,
        135.47600467108,
        135.54410566708,
        136.07570339108
      ],
      "exit_codes": [
        0,
        0,
        0,
        0,
        0,
        0,
        0,
        0,
        0,
        0
      ]
    }
  ]
}
