{
  "results": [
    {
      "command": "cargo build --jobs 16 --release --example breakout",
      "mean": 75.27111355022,
      "stddev": 0.29873662774776333,
      "median": 75.32036902242001,
      "user": 1140.1819037,
      "system": 28.751148259999997,
      "min": 74.81525770292001,
      "max": 75.59278991492,
      "times": [
        75.51230861092,
        74.90256560192,
        75.59278991492,
        75.56967231492001,
        75.21449035692001,
        75.07208904092,
        74.81525770292001,
        75.56731231292001,
        75.42624768792001,
        75.03840195792
      ],
      "exit_codes": [
        0,
        0,
        0,
        0,
        0,
        0,
        0,
        0,
        0,
        0
      ]
    }
  ]
}
