{
  "results": [
    {
      "command": "cargo build --jobs 16 --release --example breakout",
      "mean": 93.08212849655999,
      "stddev": 1.434815085932097,
      "median": 93.85688318225999,
      "user": 1288.44972272,
      "system": 30.830194499999998,
      "min": 91.12551833325999,
      "max": 94.72370908725999,
      "times": [
        91.42847114925999,
        94.12447699325999,
        92.04970738425999,
        91.12551833325999,
        93.65622750525999,
        91.25534306425999,
        94.05753885925999,
        94.19363518125999,
        94.20665740826,
        94.72370908725999
      ],
      "exit_codes": [
        0,
        0,
        0,
        0,
        0,
        0,
        0,
        0,
        0,
        0
      ]
    }
  ]
}
