{
  "results": [
    {
      "command": "cargo build --jobs 16 --release --example breakout",
      "mean": 89.92079715374,
      "stddev": 0.3140150179746344,
      "median": 89.89726504614,
      "user": 1247.53751272,
      "system": 30.48613944,
      "min": 89.35641393914,
      "max": 90.38812858014,
      "times": [
        89.81942979114,
        89.79031588614001,
        89.80980341814,
        90.34987946414,
        90.05003691714,
        90.38812858014,
        89.35641393914,
        89.61969910314001,
        90.04916413714,
        89.97510030114
      ],
      "exit_codes": [
        0,
        0,
        0,
        0,
        0,
        0,
        0,
        0,
        0,
        0
      ]
    }
  ]
}
