{
  "results": [
    {
      "command": "cargo build --jobs 8 --release --example breakout",
      "mean": 130.25490678848,
      "stddev": 0.1693903113202931,
      "median": 130.31868015988002,
      "user": 997.5982464000001,
      "system": 24.540008559999997,
      "min": 129.95365729388,
      "max": 130.41898194588,
      "times": [
        129.95365729388,
        130.30701335188002,
        130.05530014088,
        130.41898194588,
        130.33034696788002,
        130.37924190488002,
        130.36370748488,
        130.38991224488,
        130.30615837588002,
        130.04474817388
      ],
      "exit_codes": [
        0,
        0,
        0,
        0,
        0,
        0,
        0,
        0,
        0,
        0
      ]
    }
  ]
}
