{
  "results": [
    {
      "command": "cargo build --jobs 8 --release --example breakout",
      "mean": 119.91960717024003,
      "stddev": 0.1534740696116934,
      "median": 119.95846205204,
      "user": 907.79009202,
      "system": 24.306995380000004,
      "min": 119.59764996304001,
      "max": 120.09725733804001,
      "times": [
        120.00696255104,
        120.06393684004,
        119.74384462204,
        119.92845410304001,
        119.85358450904,
        120.00942188504001,
        119.98847000104,
        120.09725733804001,
        119.90648989004,
        119.59764996304001
      ],
      "exit_codes": [
        0,
        0,
        0,
        0,
        0,
        0,
        0,
        0,
        0,
        0
      ]
    }
  ]
}
