{
  "results": [
    {
      "command": "cargo build --jobs 16 --release --example breakout",
      "mean": 87.873878692,
      "stddev": 0.4056881612240215,
      "median": 87.8078260935,
      "user": 1218.00768608,
      "system": 32.05974996,
      "min": 87.3092843175,
      "max": 88.7969348505,
      "times": [
        87.8128117405,
        87.9186459715,
        88.7969348505,
        88.1790970415,
        87.64841372549999,
        87.5990710735,
        87.8028404465,
        87.3092843175,
        88.0323910085,
        87.6392967445
      ],
      "exit_codes": [
        0,
        0,
        0,
        0,
        0,
        0,
        0,
        0,
        0,
        0
      ]
    }
  ]
}
