{
  "results": [
    {
      "command": "cargo build --jobs 8 --release --example breakout",
      "mean": 125.33983917214,
      "stddev": 0.3007494211520556,
      "median": 125.21284878274,
      "user": 964.4992906599998,
      "system": 25.370922999999998,
      "min": 125.01875018823999,
      "max": 125.80630546524,
      "times": [
        125.01875018823999,
        125.43648550024,
        125.16597614823999,
        125.70842050124,
        125.70377800723999,
        125.13816008524,
        125.80630546524,
        125.25972141724,
        125.03694103724,
        125.12385337124
      ],
      "exit_codes": [
        0,
        0,
        0,
        0,
        0,
        0,
        0,
        0,
        0,
        0
      ]
    }
  ]
}
