{
  "results": [
    {
      "command": "cargo build --jobs 16 --release --example breakout",
      "mean": 79.94196547678001,
      "stddev": 0.18436327030130797,
      "median": 79.98559217008,
      "user": 1201.47758742,
      "system": 30.778330599999997,
      "min": 79.52302209008,
      "max": 80.16097501208,
      "times": [
        79.97551304308,
        80.04914585908,
        79.85249763308,
        80.11370917608001,
        79.99567129708001,
        80.16097501208,
        79.52302209008,
        79.78804934708,
        80.01772656008,
        79.94334475008
      ],
      "exit_codes": [
        0,
        0,
        0,
        0,
        0,
        0,
        0,
        0,
        0,
        0
      ]
    }
  ]
}
