{
  "results": [
    {
      "command": "cargo build --jobs 16 --release --example breakout",
      "mean": 77.86751412558,
      "stddev": 0.33755633523906664,
      "median": 77.77521672998,
      "user": 1146.75232964,
      "system": 29.68772012,
      "min": 77.46024310898,
      "max": 78.50659243398,
      "times": [
        77.80782348998,
        77.63440724098,
        77.51026174198,
        77.99489471298,
        78.24648042398,
        77.46024310898,
        77.74260996998,
        77.67430444998,
        78.09752368298,
        78.50659243398
      ],
      "exit_codes": [
        0,
        0,
        0,
        0,
        0,
        0,
        0,
        0,
        0,
        0
      ]
    }
  ]
}
