{
  "results": [
    {
      "command": "cargo build --jobs 8 --release --example breakout",
      "mean": 140.8557319448,
      "stddev": 0.18305585082562614,
      "median": 140.8514647532,
      "user": 1075.01493086,
      "system": 26.656171979999993,
      "min": 140.6256953512,
      "max": 141.2905700142,
      "times": [
        140.70418531119998,
        140.8578012912,
        140.92103289419998,
        140.8995906372,
        140.92251165119998,
        141.2905700142,
        140.8451282152,
        140.6256953512,
        140.71794104219998,
        140.77286304019998
      ],
      "exit_codes": [
        0,
        0,
        0,
        0,
        0,
        0,
        0,
        0,
        0,
        0
      ]
    }
  ]
}
