{
  "results": [
    {
      "command": "cargo build --jobs 16 --release --example breakout",
      "mean": 75.73126931665999,
      "stddev": 0.21216570921402966,
      "median": 75.75396359336,
      "user": 1145.1446394,
      "system": 29.596004339999997,
      "min": 75.30489446685999,
      "max": 76.05272061986,
      "times": [
        75.80332101986,
        75.66971749486,
        75.30489446685999,
        75.87753654186,
        75.70460616685999,
        75.85226741186,
        76.05272061986,
        75.53805859386,
        75.88865122386,
        75.62091962686
      ],
      "exit_codes": [
        0,
        0,
        0,
        0,
        0,
        0,
        0,
        0,
        0,
        0
      ]
    }
  ]
}
