{
  "results": [
    {
      "command": "cargo build --jobs 8 --release --example breakout",
      "mean": 117.49257025718,
      "stddev": 0.39762945090023866,
      "median": 117.33869070108,
      "user": 906.2416196599997,
      "system": 24.006223080000005,
      "min": 117.18741628208001,
      "max": 118.31441932708,
      "times": [
        117.33529839508,
        117.34086435008,
        118.31441932708,
        118.14660561908,
        117.18741628208001,
        117.35779542308,
        117.43797470308,
        117.24218402308,
        117.33651705208,
        117.22662739708001
      ],
      "exit_codes": [
        0,
        0,
        0,
        0,
        0,
        0,
        0,
        0,
        0,
        0
      ]
    }
  ]
}
