{
  "results": [
    {
      "command": "cargo build --jobs 8 --release --example breakout",
      "mean": 121.65121620059999,
      "stddev": 0.2626588663660033,
      "median": 121.7034310313,
      "user": 919.5551599999999,
      "system": 24.898665699999995,
      "min": 120.9769231248,
      "max": 121.9469329338,
      "times": [
        121.7102442608,
        120.9769231248,
        121.8409643158,
        121.6966178018,
        121.7512643188,
        121.9469329338,
        121.6879326708,
        121.57215929979999,
        121.5663941868,
        121.7627290928
      ],
      "exit_codes": [
        0,
        0,
        0,
        0,
        0,
        0,
        0,
        0,
        0,
        0
      ]
    }
  ]
}
