{
  "results": [
    {
      "command": "cargo build --jobs 16 --release --example breakout",
      "mean": 78.54094238332002,
      "stddev": 0.27842682188389634,
      "median": 78.54063862292,
      "user": 1184.7786050199998,
      "system": 30.139747600000003,
      "min": 78.20134943692001,
      "max": 79.11559257992,
      "times": [
        78.74091941592,
        78.29527913292,
        78.55205146092001,
        78.20134943692001,
        79.11559257992,
        78.52922578492,
        78.36363126092,
        78.25713095892,
        78.71224611892,
        78.64199768292
      ],
      "exit_codes": [
        0,
        0,
        0,
        0,
        0,
        0,
        0,
        0,
        0,
        0
      ]
    }
  ]
}
