{
  "results": [
    {
      "command": "cargo build --jobs 16 --release --example breakout",
      "mean": 92.02762314575997,
      "stddev": 1.9729508868208079,
      "median": 90.98964493656,
      "user": 1283.2659171,
      "system": 31.3905929,
      "min": 90.31926186605999,
      "max": 96.46101748506,
      "times": [
        93.31767685605999,
        91.00357783406,
        90.37772544805999,
        93.73571207405999,
        90.94924443506,
        90.97571203906,
        90.31926186605999,
        92.40929676005999,
        90.72700666006,
        96.46101748506
      ],
      "exit_codes": [
        0,
        0,
        0,
        0,
        0,
        0,
        0,
        0,
        0,
        0
      ]
    }
  ]
}
