{
  "results": [
    {
      "command": "cargo build --jobs 8 --release --example breakout",
      "mean": 133.69107178718002,
      "stddev": 0.21803820913917427,
      "median": 133.78689589898,
      "user": 1024.38227536,
      "system": 25.14712098,
      "min": 133.29543165848,
      "max": 133.89365238548,
      "times": [
        133.47014761048,
        133.86257707648002,
        133.89350574148,
        133.89365238548,
        133.87557305648002,
        133.29543165848,
        133.76778035948,
        133.55018111448,
        133.49585743048002,
        133.80601143848
      ],
      "exit_codes": [
        0,
        0,
        0,
        0,
        0,
        0,
        0,
        0,
        0,
        0
      ]
    }
  ]
}
