{
  "results": [
    {
      "command": "cargo build --jobs 8 --release --example breakout",
      "mean": 117.195387242,
      "stddev": 0.24938896283348597,
      "median": 117.2168149,
      "user": 902.60422254,
      "system": 23.823169800000002,
      "min": 116.825547516,
      "max": 117.548609164,
      "times": [
        117.127600561,
        117.438682031,
        116.825547516,
        116.879078431,
        116.991959359,
        117.382667937,
        117.374648925,
        117.548609164,
        117.079049257,
        117.306029239
      ],
      "exit_codes": [
        0,
        0,
        0,
        0,
        0,
        0,
        0,
        0,
        0,
        0
      ]
    }
  ]
}
