{
  "results": [
    {
      "command": "cargo build --jobs 16 --release --example breakout",
      "mean": 78.77573127423999,
      "stddev": 0.36151270616217235,
      "median": 78.82813139494,
      "user": 1182.0878005,
      "system": 30.03728238,
      "min": 77.86921253444,
      "max": 79.17198834044,
      "times": [
        78.91701887544,
        77.86921253444,
        78.80032426244,
        79.17198834044,
        78.85593852744,
        78.70807742144,
        78.79216031844,
        79.06156356544,
        78.58625640444,
        78.99477249243999
      ],
      "exit_codes": [
        0,
        0,
        0,
        0,
        0,
        0,
        0,
        0,
        0,
        0
      ]
    }
  ]
}
