{
  "results": [
    {
      "command": "cargo build --jobs 8 --release --example breakout",
      "mean": 113.11301492290002,
      "stddev": 0.25766594420310046,
      "median": 113.12578663720001,
      "user": 854.4138716199999,
      "system": 22.78673186,
      "min": 112.6767552762,
      "max": 113.5711258832,
      "times": [
        113.01460309320001,
        113.3399148662,
        112.9913305172,
        113.1677941752,
        112.8188176722,
        113.5711258832,
        113.2001911872,
        113.2658374592,
        113.0837790992,
        112.6767552762
      ],
      "exit_codes": [
        0,
        0,
        0,
        0,
        0,
        0,
        0,
        0,
        0,
        0
      ]
    }
  ]
}
