{
  "results": [
    {
      "command": "cargo build --jobs 16 --release --example breakout",
      "mean": 72.96490270704001,
      "stddev": 0.3188521278135471,
      "median": 72.90143018784,
      "user": 1074.67254914,
      "system": 28.231256599999995,
      "min": 72.56372476084,
      "max": 73.55034572584,
      "times": [
        73.55034572584,
        72.62531250684,
        72.75828777784001,
        72.82134358484001,
        72.98151679084,
        73.29766324684,
        73.03662293984,
        73.24478211384,
        72.56372476084,
        72.76942762284
      ],
      "exit_codes": [
        0,
        0,
        0,
        0,
        0,
        0,
        0,
        0,
        0,
        0
      ]
    }
  ]
}
