{
  "results": [
    {
      "command": "cargo build --jobs 16 --release --example breakout",
      "mean": 75.66310676734001,
      "stddev": 0.33773315556778616,
      "median": 75.77178016674,
      "user": 1145.3791770399998,
      "system": 29.579947299999997,
      "min": 75.07912458524001,
      "max": 76.05088975724,
      "times": [
        76.05088975724,
        75.17498980124,
        75.37934363024,
        75.84146830124,
        75.86848800124001,
        75.98773442524,
        75.70209203224,
        75.69888330824,
        75.07912458524001,
        75.84805383124001
      ],
      "exit_codes": [
        0,
        0,
        0,
        0,
        0,
        0,
        0,
        0,
        0,
        0
      ]
    }
  ]
}
