{
  "results": [
    {
      "command": "cargo build --jobs 8 --release --example breakout",
      "mean": 120.37035852904,
      "stddev": 0.13938754688783567,
      "median": 120.36833223093998,
      "user": 910.8499677,
      "system": 24.278307860000005,
      "min": 120.15341092444,
      "max": 120.59799941744,
      "times": [
        120.40758963244,
        120.32907482943999,
        120.20370729244,
        120.15341092444,
        120.27605012544,
        120.32556397844,
        120.50668268044,
        120.59799941744,
        120.41729209844,
        120.48621431144
      ],
      "exit_codes": [
        0,
        0,
        0,
        0,
        0,
        0,
        0,
        0,
        0,
        0
      ]
    }
  ]
}
