{
  "results": [
    {
      "command": "cargo build --jobs 16 --release --example breakout",
      "mean": 77.62605587398,
      "stddev": 0.2438673419407249,
      "median": 77.59837130358,
      "user": 1146.0941356399999,
      "system": 29.8696945,
      "min": 77.31416039808,
      "max": 78.00721702308,
      "times": [
        77.91901229108,
        77.35452300008,
        78.00721702308,
        77.55535159408,
        77.60977760208,
        77.31416039808,
        77.84054163108,
        77.58696500508,
        77.71579585908,
        77.35721433608
      ],
      "exit_codes": [
        0,
        0,
        0,
        0,
        0,
        0,
        0,
        0,
        0,
        0
      ]
    }
  ]
}
