{
  "results": [
    {
      "command": "cargo build --jobs 8 --release --example breakout",
      "mean": 139.59538933871997,
      "stddev": 0.18783716451975954,
      "median": 139.55170186522,
      "user": 1073.4514773199999,
      "system": 26.608318199999996,
      "min": 139.38016792221998,
      "max": 140.00545086621997,
      "times": [
        139.54862347122,
        140.00545086621997,
        139.51849659922,
        139.49942227321998,
        139.55478025922,
        139.39581393621998,
        139.38016792221998,
        139.77730054621998,
        139.69914720821998,
        139.57469030521997
      ],
      "exit_codes": [
        0,
        0,
        0,
        0,
        0,
        0,
        0,
        0,
        0,
        0
      ]
    }
  ]
}
