{
  "results": [
    {
      "command": "cargo build --jobs 16 --release --example breakout",
      "mean": 95.77018751508,
      "stddev": 0.5604722824031876,
      "median": 95.66761097918001,
      "user": 1345.4092744599998,
      "system": 33.2613303,
      "min": 94.89911358218001,
      "max": 96.48709500118001,
      "times": [
        96.02519909818,
        96.47184098218,
        96.39363369318,
        95.47659438718,
        96.48709500118001,
        95.85862757118001,
        95.27119886318,
        95.35981492718,
        94.89911358218001,
        95.45875704518001
      ],
      "exit_codes": [
        0,
        0,
        0,
        0,
        0,
        0,
        0,
        0,
        0,
        0
      ]
    }
  ]
}
