{
  "results": [
    {
      "command": "cargo build --jobs 16 --release --example breakout",
      "mean": 74.87316889362002,
      "stddev": 0.2877668927774065,
      "median": 74.88075831512,
      "user": 1132.0192683599998,
      "system": 29.417143900000003,
      "min": 74.28061196012,
      "max": 75.19989326612,
      "times": [
        74.86688233011999,
        75.19989326612,
        74.28061196012,
        75.16678755712,
        74.72525745112,
        75.05811078312,
        75.12906429812,
        74.89463430012,
        74.59862083812,
        74.81182615211999
      ],
      "exit_codes": [
        0,
        0,
        0,
        0,
        0,
        0,
        0,
        0,
        0,
        0
      ]
    }
  ]
}
