{
  "results": [
    {
      "command": "cargo build --jobs 8 --release --example breakout",
      "mean": 116.48815939494,
      "stddev": 0.15213078117023351,
      "median": 116.51884288213999,
      "user": 897.3666465399999,
      "system": 23.843394779999993,
      "min": 116.22161002464,
      "max": 116.65954932564,
      "times": [
        116.37273860763999,
        116.34382180664,
        116.47168807764,
        116.61012182364,
        116.62652573864,
        116.37668147064,
        116.65954932564,
        116.22161002464,
        116.63285938764,
        116.56599768663999
      ],
      "exit_codes": [
        0,
        0,
        0,
        0,
        0,
        0,
        0,
        0,
        0,
        0
      ]
    }
  ]
}
