{
  "results": [
    {
      "command": "cargo build --jobs 8 --release --example breakout",
      "mean": 120.08559336424,
      "stddev": 0.17203881593988454,
      "median": 120.04731164014,
      "user": 908.4466800799999,
      "system": 24.69241618,
      "min": 119.83841579563999,
      "max": 120.32050171764,
      "times": [
        120.03049696564,
        120.02998404163999,
        120.29461763463999,
        120.01422657264,
        120.13574490463999,
        120.27753190563999,
        119.85028778963999,
        120.32050171764,
        120.06412631463999,
        119.83841579563999
      ],
      "exit_codes": [
        0,
        0,
        0,
        0,
        0,
        0,
        0,
        0,
        0,
        0
      ]
    }
  ]
}
