{
  "results": [
    {
      "command": "cargo build --jobs 16 --release --example breakout",
      "mean": 78.64049720426001,
      "stddev": 0.534719557022977,
      "median": 78.46481071256,
      "user": 1179.2283736599998,
      "system": 29.979518479999996,
      "min": 78.18838223105999,
      "max": 80.04923631906,
      "times": [
        80.04923631906,
        78.87757178205999,
        78.63750488305999,
        78.67287848906,
        78.43314675706,
        78.33752265006,
        78.28596166106,
        78.42629260205999,
        78.18838223105999,
        78.49647466805999
      ],
      "exit_codes": [
        0,
        0,
        0,
        0,
        0,
        0,
        0,
        0,
        0,
        0
      ]
    }
  ]
}
