{
  "results": [
    {
      "command": "cargo build --jobs 16 --release --example breakout",
      "mean": 70.33578673962,
      "stddev": 0.5747603154819311,
      "median": 70.40075602211999,
      "user": 1000.0603117400002,
      "system": 27.179956439999994,
      "min": 69.34171526861999,
      "max": 71.47411314262,
      "times": [
        70.57153754162,
        70.12326254861999,
        70.33567130461999,
        69.68481326762,
        70.46584073961999,
        70.61518627961999,
        71.47411314262,
        69.34171526861999,
        70.18991460762,
        70.55581269561999
      ],
      "exit_codes": [
        0,
        0,
        0,
        0,
        0,
        0,
        0,
        0,
        0,
        0
      ]
    }
  ]
}
