{
  "results": [
    {
      "command": "cargo build --jobs 8 --release --example breakout",
      "mean": 105.80470520268,
      "stddev": 0.19786488722843906,
      "median": 105.80558277298,
      "user": 797.4840110600001,
      "system": 21.58065842,
      "min": 105.40604388048,
      "max": 106.04865213548,
      "times": [
        105.40604388048,
        106.04865213548,
        105.85120187248,
        105.82659619848,
        106.04531341348,
        105.76031731248,
        105.65107416748,
        105.78456934748,
        105.68603961148,
        105.98724408748001
      ],
      "exit_codes": [
        0,
        0,
        0,
        0,
        0,
        0,
        0,
        0,
        0,
        0
      ]
    }
  ]
}
