{
  "results": [
    {
      "command": "cargo build --jobs 8 --release --example breakout",
      "mean": 116.45828420322,
      "stddev": 0.1989458704031924,
      "median": 116.44325252232,
      "user": 896.6266457599999,
      "system": 23.912859119999997,
      "min": 116.21535463432,
      "max": 116.70990015631999,
      "times": [
        116.22364764432,
        116.21535463432,
        116.62247031732,
        116.68487911832,
        116.31617370132,
        116.31020702532,
        116.31366489131999,
        116.61621320031999,
        116.70990015631999,
        116.57033134331999
      ],
      "exit_codes": [
        0,
        0,
        0,
        0,
        0,
        0,
        0,
        0,
        0,
        0
      ]
    }
  ]
}
