{
  "results": [
    {
      "command": "cargo build --jobs 8 --release --example breakout",
      "mean": 121.8664318432,
      "stddev": 0.2503274733997973,
      "median": 121.78885290190001,
      "user": 935.1660656399997,
      "system": 24.44455576,
      "min": 121.6017684049,
      "max": 122.4614575459,
      "times": [
        121.6385414059,
        121.8068703479,
        122.4614575459,
        121.8757819849,
        121.7500099539,
        121.90962556390001,
        121.7620006259,
        121.77083545590001,
        121.6017684049,
        122.08742714290001
      ],
      "exit_codes": [
        0,
        0,
        0,
        0,
        0,
        0,
        0,
        0,
        0,
        0
      ]
    }
  ]
}
