{
  "results": [
    {
      "command": "cargo build --jobs 8 --release --example breakout",
      "mean": 117.0545509891,
      "stddev": 0.07713726177844692,
      "median": 117.0278010623,
      "user": 903.5457516399999,
      "system": 23.93606138,
      "min": 116.9626292003,
      "max": 117.1667315813,
      "times": [
        117.0100419803,
        117.0210572443,
        117.03454488029999,
        117.1432316773,
        116.9734739283,
        117.0668568573,
        117.0036206833,
        117.1633218583,
        117.1667315813,
        116.9626292003
      ],
      "exit_codes": [
        0,
        0,
        0,
        0,
        0,
        0,
        0,
        0,
        0,
        0
      ]
    }
  ]
}
