{
  "results": [
    {
      "command": "cargo build --jobs 16 --release --example breakout",
      "mean": 76.15966754477999,
      "stddev": 0.3046634992834786,
      "median": 76.13136444068,
      "user": 1145.13666302,
      "system": 29.59152772,
      "min": 75.76504024418,
      "max": 76.78582754118,
      "times": [
        75.81657950718,
        76.05797600718,
        76.23280066118001,
        76.20475287418,
        75.99280012518,
        76.04159590118,
        76.21150902118,
        76.78582754118,
        76.48779356518,
        75.76504024418
      ],
      "exit_codes": [
        0,
        0,
        0,
        0,
        0,
        0,
        0,
        0,
        0,
        0
      ]
    }
  ]
}
