{
  "results": [
    {
      "command": "cargo build --jobs 16 --release --example breakout",
      "mean": 77.98330615056001,
      "stddev": 0.17853789704853995,
      "median": 78.04767067176,
      "user": 1144.1342178999998,
      "system": 30.1403211,
      "min": 77.65262233026,
      "max": 78.16659352726,
      "times": [
        77.65262233026,
        77.67426591526,
        78.05181488226,
        78.11901320226,
        78.09510450626,
        78.16659352726,
        78.04352646126,
        78.02078451126,
        77.94602677126,
        78.06330939826
      ],
      "exit_codes": [
        0,
        0,
        0,
        0,
        0,
        0,
        0,
        0,
        0,
        0
      ]
    }
  ]
}
