{
  "results": [
    {
      "command": "cargo build --jobs 8 --release --example breakout",
      "mean": 120.30969473914001,
      "stddev": 0.35591447585870173,
      "median": 120.11051125743998,
      "user": 908.98194558,
      "system": 24.785823039999997,
      "min": 120.03532016643999,
      "max": 120.99402748643999,
      "times": [
        120.06570917143999,
        120.07445490143999,
        120.85384372243999,
        120.99402748643999,
        120.09776789943999,
        120.12325461543999,
        120.04919569644,
        120.50430435544,
        120.03532016643999,
        120.29906937643999
      ],
      "exit_codes": [
        0,
        0,
        0,
        0,
        0,
        0,
        0,
        0,
        0,
        0
      ]
    }
  ]
}
