{
  "results": [
    {
      "command": "cargo build --jobs 16 --release --example breakout",
      "mean": 76.939374953,
      "stddev": 3.5642831260205483,
      "median": 75.8522729183,
      "user": 1143.81173812,
      "system": 29.543488119999996,
      "min": 75.4099506678,
      "max": 87.0657478598,
      "times": [
        75.8199380998,
        76.0818597238,
        76.0246718348,
        75.7291967428,
        75.6205616758,
        75.8846077368,
        87.0657478598,
        76.0554118358,
        75.7018033528,
        75.4099506678
      ],
      "exit_codes": [
        0,
        0,
        0,
        0,
        0,
        0,
        0,
        0,
        0,
        0
      ]
    }
  ]
}
