{
  "results": [
    {
      "command": "cargo build --jobs 8 --release --example breakout",
      "mean": 113.3177584324,
      "stddev": 0.25194345950993446,
      "median": 113.18761906030001,
      "user": 854.8896165999998,
      "system": 22.72892324,
      "min": 113.0531426853,
      "max": 113.7751120403,
      "times": [
        113.0531426853,
        113.13403570530001,
        113.14456873430001,
        113.1296983693,
        113.17022286730001,
        113.2050152533,
        113.53248969730001,
        113.64562207930001,
        113.38767689230001,
        113.7751120403
      ],
      "exit_codes": [
        0,
        0,
        0,
        0,
        0,
        0,
        0,
        0,
        0,
        0
      ]
    }
  ]
}
