{
  "results": [
    {
      "command": "cargo build --jobs 16 --release --example breakout",
      "mean": 73.2091446187,
      "stddev": 0.3390643676814114,
      "median": 73.28188656399999,
      "user": 1075.3035906,
      "system": 28.318928,
      "min": 72.63392413,
      "max": 73.701986286,
      "times": [
        73.701986286,
        73.301788253,
        72.63392413,
        73.261984875,
        73.49001831999999,
        73.33811999299999,
        73.46015578999999,
        73.05142906399999,
        72.696008358,
        73.156031118
      ],
      "exit_codes": [
        0,
        0,
        0,
        0,
        0,
        0,
        0,
        0,
        0,
        0
      ]
    }
  ]
}
