{
  "results": [
    {
      "command": "cargo build --jobs 8 --release --example breakout",
      "mean": 143.7958649083,
      "stddev": 0.17545746038059856,
      "median": 143.7595887694,
      "user": 1097.2847736199997,
      "system": 27.06854644,
      "min": 143.5845630904,
      "max": 144.1234325054,
      "times": [
        143.64656766939999,
        143.7409822114,
        143.99652399439998,
        143.5845630904,
        143.6075930724,
        143.7395134984,
        143.8019483064,
        143.93932940739998,
        143.7781953274,
        144.1234325054
      ],
      "exit_codes": [
        0,
        0,
        0,
        0,
        0,
        0,
        0,
        0,
        0,
        0
      ]
    }
  ]
}
