{
  "results": [
    {
      "command": "cargo build --jobs 8 --release --example breakout",
      "mean": 134.12788000560005,
      "stddev": 0.13705973935232804,
      "median": 134.1412351505,
      "user": 1025.8927907,
      "system": 25.132666899999997,
      "min": 133.85434743550002,
      "max": 134.3446111415,
      "times": [
        133.99950745750002,
        134.11755402350002,
        133.85434743550002,
        134.2440767545,
        134.1251279425,
        134.1709327775,
        134.15734235850002,
        134.3446111415,
        134.2175424355,
        134.0477577295
      ],
      "exit_codes": [
        0,
        0,
        0,
        0,
        0,
        0,
        0,
        0,
        0,
        0
      ]
    }
  ]
}
