{
  "results": [
    {
      "command": "cargo build --jobs 8 --release --example breakout",
      "mean": 126.86710072087999,
      "stddev": 0.19906987056334338,
      "median": 126.85373836177999,
      "user": 973.1070802999999,
      "system": 25.682260419999995,
      "min": 126.51602425627999,
      "max": 127.11906221827999,
      "times": [
        127.11906221827999,
        127.08199226127999,
        127.05152528128,
        126.88716554727999,
        126.71325792128,
        126.81461457228,
        126.66255828428,
        126.82031117628,
        126.51602425627999,
        127.00449569028
      ],
      "exit_codes": [
        0,
        0,
        0,
        0,
        0,
        0,
        0,
        0,
        0,
        0
      ]
    }
  ]
}
