{
  "results": [
    {
      "command": "cargo build --jobs 16 --release --example breakout",
      "mean": 86.23567765537999,
      "stddev": 0.7918172707934379,
      "median": 86.40795715968,
      "user": 1218.51199588,
      "system": 32.004249099999996,
      "min": 84.56353937718,
      "max": 87.27650700818,
      "times": [
        86.98525576418,
        85.80737522818,
        86.54772830018,
        86.07035658918001,
        84.56353937718,
        86.26818601918,
        85.51045780318,
        86.66422390818,
        87.27650700818,
        86.66314655618
      ],
      "exit_codes": [
        0,
        0,
        0,
        0,
        0,
        0,
        0,
        0,
        0,
        0
      ]
    }
  ]
}
