{
  "results": [
    {
      "command": "cargo build --jobs 8 --release --example breakout",
      "mean": 143.13038465534,
      "stddev": 0.1966860029577909,
      "median": 143.12229100144003,
      "user": 1096.29024634,
      "system": 27.21302788,
      "min": 142.76480647044002,
      "max": 143.39523647544002,
      "times": [
        143.02540038144002,
        143.04241532444001,
        143.39523647544002,
        143.24406033144,
        143.20216667844002,
        143.29083620744,
        142.96908890544,
        143.34276381444002,
        142.76480647044002,
        143.02707196444
      ],
      "exit_codes": [
        0,
        0,
        0,
        0,
        0,
        0,
        0,
        0,
        0,
        0
      ]
    }
  ]
}
