{
  "results": [
    {
      "command": "cargo build --jobs 16 --release --example breakout",
      "mean": 97.71087298698,
      "stddev": 0.9921715094333705,
      "median": 98.23201735238,
      "user": 1375.42890166,
      "system": 33.9425565,
      "min": 96.23469384538,
      "max": 98.98912613838,
      "times": [
        96.43078208538,
        97.26885718438,
        96.23469384538,
        98.36217469838,
        96.57298641538,
        98.98912613838,
        98.32981435738,
        98.37565454038,
        98.13422034738,
        98.41042025738
      ],
      "exit_codes": [
        0,
        0,
        0,
        0,
        0,
        0,
        0,
        0,
        0,
        0
      ]
    }
  ]
}
