{
  "results": [
    {
      "command": "cargo build --jobs 8 --release --example breakout",
      "mean": 143.26027500958,
      "stddev": 0.4498593866154419,
      "median": 143.14882646638,
      "user": 1097.7384195599998,
      "system": 27.252125999999997,
      "min": 142.76040470138003,
      "max": 143.93171757238002,
      "times": [
        143.02701662738002,
        142.89414687538002,
        142.76040470138003,
        143.27063630538,
        143.93171757238002,
        142.87659146238002,
        143.38273559038,
        143.81267579638,
        143.80130385438002,
        142.84552131038
      ],
      "exit_codes": [
        0,
        0,
        0,
        0,
        0,
        0,
        0,
        0,
        0,
        0
      ]
    }
  ]
}
