{
  "results": [
    {
      "command": "cargo build --jobs 16 --release --example breakout",
      "mean": 75.87390896392,
      "stddev": 0.6463290312472375,
      "median": 75.82086767492001,
      "user": 1144.6077649799997,
      "system": 29.666547779999995,
      "min": 75.06032635942,
      "max": 77.45945237642,
      "times": [
        75.46260223742,
        75.91127021142,
        75.85788956742,
        75.37889977542001,
        75.78384578242,
        76.06541911442001,
        76.12777694642,
        75.06032635942,
        75.63160726842,
        77.45945237642
      ],
      "exit_codes": [
        0,
        0,
        0,
        0,
        0,
        0,
        0,
        0,
        0,
        0
      ]
    }
  ]
}
