{
  "results": [
    {
      "command": "cargo build --jobs 8 --release --example breakout",
      "mean": 117.6390884938,
      "stddev": 0.16047515874485438,
      "median": 117.6496735245,
      "user": 906.19800182,
      "system": 24.06901536,
      "min": 117.3656338335,
      "max": 117.8648758245,
      "times": [
        117.8314319065,
        117.69332499650001,
        117.60602205250001,
        117.60247362550001,
        117.75501758850001,
        117.69353561950001,
        117.5236003685,
        117.8648758245,
        117.3656338335,
        117.4549691225
      ],
      "exit_codes": [
        0,
        0,
        0,
        0,
        0,
        0,
        0,
        0,
        0,
        0
      ]
    }
  ]
}
