{
  "results": [
    {
      "command": "cargo build --jobs 16 --release --example breakout",
      "mean": 77.50986118426,
      "stddev": 0.3457144160639878,
      "median": 77.43035153346,
      "user": 1139.9745856000002,
      "system": 29.653706259999996,
      "min": 77.02746967396,
      "max": 78.05299777996,
      "times": [
        78.05299777996,
        77.65503604396,
        77.50102291596001,
        77.35968015096,
        77.25560944396,
        77.72048032596,
        77.22772450796,
        77.27729438596,
        78.02129661396,
        77.02746967396
      ],
      "exit_codes": [
        0,
        0,
        0,
        0,
        0,
        0,
        0,
        0,
        0,
        0
      ]
    }
  ]
}
