{
  "results": [
    {
      "command": "cargo build --jobs 8 --release --example breakout",
      "mean": 120.4293383058,
      "stddev": 0.3428676116245966,
      "median": 120.3336542631,
      "user": 905.61172988,
      "system": 23.960174239999997,
      "min": 120.1331445551,
      "max": 121.3731394811,
      "times": [
        120.3222141901,
        120.1331445551,
        120.3063971511,
        120.4718424361,
        120.2930981301,
        120.3450943361,
        121.3731394811,
        120.3710107751,
        120.2855600841,
        120.3918819191
      ],
      "exit_codes": [
        0,
        0,
        0,
        0,
        0,
        0,
        0,
        0,
        0,
        0
      ]
    }
  ]
}
