{
  "results": [
    {
      "command": "cargo build --jobs 16 --release --example breakout",
      "mean": 77.92296022064001,
      "stddev": 0.2154283959233098,
      "median": 77.95325743493999,
      "user": 1142.4158104799997,
      "system": 30.169420600000002,
      "min": 77.54139988144,
      "max": 78.13759654444,
      "times": [
        78.07371555543999,
        77.91180320644,
        78.11055430844,
        77.94056602143999,
        77.54139988144,
        77.88768806844,
        78.10160571643999,
        77.96594884844,
        77.55872405544,
        78.13759654444
      ],
      "exit_codes": [
        0,
        0,
        0,
        0,
        0,
        0,
        0,
        0,
        0,
        0
      ]
    }
  ]
}
