{
  "results": [
    {
      "command": "cargo build --jobs 8 --release --example breakout",
      "mean": 120.05959069301998,
      "stddev": 0.1972063457294984,
      "median": 120.02172192172,
      "user": 907.66051372,
      "system": 24.673938239999995,
      "min": 119.78333016522,
      "max": 120.48310666622,
      "times": [
        120.10649930721999,
        120.48310666622,
        119.92653999222,
        120.04239494122,
        119.93976583322,
        119.92443521522,
        119.78333016522,
        120.00104890221999,
        120.22383259521999,
        120.16495331221999
      ],
      "exit_codes": [
        0,
        0,
        0,
        0,
        0,
        0,
        0,
        0,
        0,
        0
      ]
    }
  ]
}
