{
  "results": [
    {
      "command": "cargo build --jobs 16 --release --example breakout",
      "mean": 77.85533909792001,
      "stddev": 0.18594416742123024,
      "median": 77.89772454202,
      "user": 1142.9160759,
      "system": 30.07882702,
      "min": 77.55366275652001,
      "max": 78.05910068152001,
      "times": [
        77.96253803152001,
        77.95705808852,
        77.73894948052,
        77.58389084452001,
        77.83839099552,
        77.78927722552001,
        78.02564023152,
        78.04488264352001,
        77.55366275652001,
        78.05910068152001
      ],
      "exit_codes": [
        0,
        0,
        0,
        0,
        0,
        0,
        0,
        0,
        0,
        0
      ]
    }
  ]
}
