{
  "results": [
    {
      "command": "cargo build --jobs 8 --release --example breakout",
      "mean": 121.48843827604,
      "stddev": 0.15813869334690991,
      "median": 121.53422268183999,
      "user": 917.0187668599999,
      "system": 24.833722319999996,
      "min": 121.07313339884,
      "max": 121.62445990284,
      "times": [
        121.44256893784,
        121.07313339884,
        121.56555538383999,
        121.43224461584,
        121.57860477384,
        121.62445990284,
        121.58741553584,
        121.54446653384,
        121.52397882984,
        121.51195484784
      ],
      "exit_codes": [
        0,
        0,
        0,
        0,
        0,
        0,
        0,
        0,
        0,
        0
      ]
    }
  ]
}
