{
  "results": [
    {
      "command": "cargo build --jobs 16 --release --example breakout",
      "mean": 99.7396043103,
      "stddev": 5.623075456894651,
      "median": 98.1585084353,
      "user": 1346.89012804,
      "system": 33.17923942,
      "min": 96.9135122168,
      "max": 115.60749208280001,
      "times": [
        98.7640851398,
        97.3798680698,
        98.76115953280001,
        97.5743093568,
        97.5569776488,
        98.8053778138,
        97.2905537278,
        96.9135122168,
        98.7427075138,
        115.60749208280001
      ],
      "exit_codes": [
        0,
        0,
        0,
        0,
        0,
        0,
        0,
        0,
        0,
        0
      ]
    }
  ]
}
