{
  "results": [
    {
      "command": "cargo build --jobs 16 --release --example breakout",
      "mean": 99.00485977828,
      "stddev": 6.170512155591158,
      "median": 97.36045848687999,
      "user": 1373.35173252,
      "system": 33.58339511999999,
      "min": 95.32751024138,
      "max": 116.04193658538,
      "times": [
        97.42199706438,
        97.29891990937999,
        97.75157810738,
        95.32751024138,
        95.85204220738,
        100.56030547638,
        96.33649014138,
        116.04193658538,
        95.71256107238,
        97.74525697738
      ],
      "exit_codes": [
        0,
        0,
        0,
        0,
        0,
        0,
        0,
        0,
        0,
        0
      ]
    }
  ]
}
