{
  "results": [
    {
      "command": "cargo build --jobs 8 --release --example breakout",
      "mean": 138.38198745312,
      "stddev": 4.699640389510091,
      "median": 136.92070375852,
      "user": 1053.9997228999998,
      "system": 26.538815019999998,
      "min": 136.62413160702,
      "max": 151.75262012201998,
      "times": [
        136.86104418402,
        136.91016232502,
        136.62413160702,
        137.02399133102,
        137.07443189501998,
        136.97938314002,
        136.86238571302,
        151.75262012201998,
        136.80047902202,
        136.93124519202
      ],
      "exit_codes": [
        0,
        0,
        0,
        0,
        0,
        0,
        0,
        0,
        0,
        0
      ]
    }
  ]
}
