{
  "results": [
    {
      "command": "cargo build --jobs 8 --release --example breakout",
      "mean": 139.92761288800003,
      "stddev": 0.6573235579217941,
      "median": 139.90326489990002,
      "user": 1066.70004288,
      "system": 26.667907500000002,
      "min": 138.94931159290002,
      "max": 141.2806644599,
      "times": [
        139.33908529590002,
        139.7629172499,
        139.9448531079,
        139.86167669190002,
        141.2806644599,
        140.03872421490001,
        140.0428563089,
        138.94931159290002,
        139.4462458689,
        140.6097940889
      ],
      "exit_codes": [
        0,
        0,
        0,
        0,
        0,
        0,
        0,
        0,
        0,
        0
      ]
    }
  ]
}
