{
  "results": [
    {
      "command": "cargo build --jobs 16 --release --example breakout",
      "mean": 80.01303317736001,
      "stddev": 0.2562832850872943,
      "median": 80.09850163786,
      "user": 1201.01798364,
      "system": 30.88273924,
      "min": 79.66847411886,
      "max": 80.35541226485999,
      "times": [
        80.05265783486,
        80.16650344086,
        80.27085189586,
        79.69591033886,
        79.71827372486,
        79.66847411886,
        80.14434544086,
        80.19982012486,
        80.35541226485999,
        79.85808258886
      ],
      "exit_codes": [
        0,
        0,
        0,
        0,
        0,
        0,
        0,
        0,
        0,
        0
      ]
    }
  ]
}
