{
  "results": [
    {
      "command": "cargo build --jobs 16 --release --example breakout",
      "mean": 78.58549341812002,
      "stddev": 0.2185824158644098,
      "median": 78.60391030012,
      "user": 1181.83474092,
      "system": 30.467899879999997,
      "min": 78.26179819812,
      "max": 78.86836824012,
      "times": [
        78.50918559712001,
        78.38915592912001,
        78.33515530812001,
        78.47249701012001,
        78.83232439812001,
        78.71668035612001,
        78.69863500312,
        78.86836824012,
        78.77113414112,
        78.26179819812
      ],
      "exit_codes": [
        0,
        0,
        0,
        0,
        0,
        0,
        0,
        0,
        0,
        0
      ]
    }
  ]
}
