{
  "results": [
    {
      "command": "cargo build --jobs 8 --release --example breakout",
      "mean": 121.94173635592001,
      "stddev": 0.2557194281756036,
      "median": 121.86541961082,
      "user": 934.99990786,
      "system": 24.69792112,
      "min": 121.68638127782,
      "max": 122.37356370582,
      "times": [
        121.68638127782,
        122.37356370582,
        121.72534616382,
        122.30671873082001,
        122.17014825482,
        121.71889548582,
        121.96529888982,
        121.83261780782,
        121.89822141382001,
        121.74017182882001
      ],
      "exit_codes": [
        0,
        0,
        0,
        0,
        0,
        0,
        0,
        0,
        0,
        0
      ]
    }
  ]
}
