{
  "results": [
    {
      "command": "cargo build --jobs 8 --release --example breakout",
      "mean": 120.19491403334,
      "stddev": 0.21907665800598278,
      "median": 120.27240458444001,
      "user": 903.2876483599999,
      "system": 23.71748,
      "min": 119.60553102744001,
      "max": 120.38203304244,
      "times": [
        120.18302303444,
        120.26973723544,
        120.28753698244,
        120.27507193344,
        120.15418456644001,
        120.17173760244,
        120.30422781244,
        120.31605709644,
        119.60553102744001,
        120.38203304244
      ],
      "exit_codes": [
        0,
        0,
        0,
        0,
        0,
        0,
        0,
        0,
        0,
        0
      ]
    }
  ]
}
