{
  "results": [
    {
      "command": "cargo build --jobs 16 --release --example breakout",
      "mean": 77.1550566852,
      "stddev": 0.16457280747127248,
      "median": 77.1054492827,
      "user": 1142.7975530200001,
      "system": 29.445179179999997,
      "min": 76.9496247397,
      "max": 77.4291109057,
      "times": [
        76.9496247397,
        77.3493636587,
        77.0481689737,
        77.1537748677,
        77.02416193069999,
        77.29985458569999,
        77.23604456769999,
        77.05712369769999,
        77.4291109057,
        77.00333892469999
      ],
      "exit_codes": [
        0,
        0,
        0,
        0,
        0,
        0,
        0,
        0,
        0,
        0
      ]
    }
  ]
}
