{
  "results": [
    {
      "command": "cargo build --jobs 8 --release --example breakout",
      "mean": 142.78258207438,
      "stddev": 0.26897499740650965,
      "median": 142.84377570298,
      "user": 1095.2281930999998,
      "system": 27.22828204,
      "min": 142.38965409598,
      "max": 143.18342756798,
      "times": [
        142.38965409598,
        142.44211514597998,
        143.02609586198,
        142.46701598798,
        142.74769938798,
        143.18342756798,
        142.81021761398,
        142.87733379198,
        142.93751977098,
        142.94474151897998
      ],
      "exit_codes": [
        0,
        0,
        0,
        0,
        0,
        0,
        0,
        0,
        0,
        0
      ]
    }
  ]
}
