{
  "results": [
    {
      "command": "cargo build --jobs 16 --release --example breakout",
      "mean": 99.39321118516,
      "stddev": 6.0898157142427385,
      "median": 97.82726811766,
      "user": 1370.9558817399998,
      "system": 33.86363066,
      "min": 95.97984601965999,
      "max": 116.57835891066,
      "times": [
        116.57835891066,
        97.91501232166,
        97.92325604466,
        97.73952391366,
        98.32824698665999,
        98.07266834965999,
        97.67706574165999,
        97.58187387566,
        95.97984601965999,
        96.13625968766
      ],
      "exit_codes": [
        0,
        0,
        0,
        0,
        0,
        0,
        0,
        0,
        0,
        0
      ]
    }
  ]
}
