{
  "results": [
    {
      "command": "cargo build --jobs 16 --release --example breakout",
      "mean": 91.7773069256,
      "stddev": 0.9315584545068705,
      "median": 91.44771509129998,
      "user": 1293.5916696799998,
      "system": 31.740056619999997,
      "min": 90.7611877423,
      "max": 93.54517075429999,
      "times": [
        91.75219707929999,
        91.54584337429999,
        93.54517075429999,
        91.13267359829999,
        92.4678182143,
        91.2848791173,
        90.91601893529999,
        91.34958680829999,
        93.0176936323,
        90.7611877423
      ],
      "exit_codes": [
        0,
        0,
        0,
        0,
        0,
        0,
        0,
        0,
        0,
        0
      ]
    }
  ]
}
