{
  "results": [
    {
      "command": "cargo build --jobs 8 --release --example breakout",
      "mean": 135.05077501827998,
      "stddev": 0.3245555578098236,
      "median": 135.03452581418,
      "user": 1032.0829737999998,
      "system": 25.4804375,
      "min": 134.58793238318,
      "max": 135.83509102718,
      "times": [
        134.99853878418,
        135.07590117618003,
        134.58793238318,
        134.93999307318,
        135.07157913418,
        135.07051284418,
        134.92687020618,
        134.79840032118003,
        135.20293123318,
        135.83509102718
      ],
      "exit_codes": [
        0,
        0,
        0,
        0,
        0,
        0,
        0,
        0,
        0,
        0
      ]
    }
  ]
}
