{
  "results": [
    {
      "command": "cargo build --jobs 16 --release --example breakout",
      "mean": 78.82742855914,
      "stddev": 0.3239653255353964,
      "median": 78.65037158284,
      "user": 1150.48210998,
      "system": 29.647982659999997,
      "min": 78.48351947084,
      "max": 79.40893144083999,
      "times": [
        79.26762146384,
        79.01957134384,
        78.55583758883999,
        79.40893144083999,
        79.00354659983999,
        78.61524857684,
        78.61926594084,
        78.48351947084,
        78.67904646884,
        78.62169669684
      ],
      "exit_codes": [
        0,
        0,
        0,
        0,
        0,
        0,
        0,
        0,
        0,
        0
      ]
    }
  ]
}
