{
  "results": [
    {
      "command": "cargo build --jobs 16 --release --example breakout",
      "mean": 79.67892485680001,
      "stddev": 0.2037176799480974,
      "median": 79.6803484374,
      "user": 1200.36746054,
      "system": 30.70570152,
      "min": 79.2996342054,
      "max": 79.9700371054,
      "times": [
        79.7064702914,
        79.9700371054,
        79.6297462774,
        79.8007690494,
        79.93831790040001,
        79.4744812264,
        79.2996342054,
        79.7480356504,
        79.5675302784,
        79.6542265834
      ],
      "exit_codes": [
        0,
        0,
        0,
        0,
        0,
        0,
        0,
        0,
        0,
        0
      ]
    }
  ]
}
