{
  "results": [
    {
      "command": "cargo build --jobs 8 --release --example breakout",
      "mean": 123.61517198648001,
      "stddev": 0.2174903433828121,
      "median": 123.67487574478,
      "user": 949.36263232,
      "system": 25.083176919999996,
      "min": 123.17036348028,
      "max": 123.86457700928,
      "times": [
        123.42011058528,
        123.44304300028,
        123.84957571628,
        123.58148542528001,
        123.86457700928,
        123.68457954528,
        123.78823361328,
        123.67673694328,
        123.17036348028,
        123.67301454628
      ],
      "exit_codes": [
        0,
        0,
        0,
        0,
        0,
        0,
        0,
        0,
        0,
        0
      ]
    }
  ]
}
