{
  "results": [
    {
      "command": "cargo build --jobs 16 --release --example breakout",
      "mean": 92.17212869266,
      "stddev": 0.9019146754645178,
      "median": 92.26972287916001,
      "user": 1293.8539388999998,
      "system": 31.762642319999998,
      "min": 91.05821580516,
      "max": 93.84964017016,
      "times": [
        92.61488938516001,
        92.46723469516,
        91.49068282716,
        92.22673721816001,
        93.84964017016,
        91.05821580516,
        92.31270854016,
        91.50338857316001,
        91.08943299816,
        93.10835671416001
      ],
      "exit_codes": [
        0,
        0,
        0,
        0,
        0,
        0,
        0,
        0,
        0,
        0
      ]
    }
  ]
}
