{
  "results": [
    {
      "command": "cargo build --jobs 16 --release --example breakout",
      "mean": 77.56571247747999,
      "stddev": 0.6142380539608613,
      "median": 77.36765052967999,
      "user": 1145.8857901200001,
      "system": 29.63154148,
      "min": 77.25290117067999,
      "max": 79.28344666567999,
      "times": [
        77.38384350967999,
        77.25332207167999,
        77.51390376367999,
        77.39942184668,
        79.28344666567999,
        77.26823321168,
        77.60830914067999,
        77.25290117067999,
        77.34228584467999,
        77.35145754967999
      ],
      "exit_codes": [
        0,
        0,
        0,
        0,
        0,
        0,
        0,
        0,
        0,
        0
      ]
    }
  ]
}
