{
  "results": [
    {
      "command": "cargo build --jobs 8 --release --example breakout",
      "mean": 120.2377810573,
      "stddev": 0.11138013371830412,
      "median": 120.26984625979999,
      "user": 910.18430784,
      "system": 24.20034942,
      "min": 120.0289273088,
      "max": 120.38806824279999,
      "times": [
        120.3195846588,
        120.30212323479999,
        120.1579512908,
        120.1607496308,
        120.14376368779999,
        120.31253481879999,
        120.0289273088,
        120.23756928479999,
        120.38806824279999,
        120.3265384148
      ],
      "exit_codes": [
        0,
        0,
        0,
        0,
        0,
        0,
        0,
        0,
        0,
        0
      ]
    }
  ]
}
