{
  "results": [
    {
      "command": "cargo build --jobs 8 --release --example breakout",
      "mean": 143.61142926768,
      "stddev": 0.1337375636313598,
      "median": 143.54702795838,
      "user": 1095.4689065,
      "system": 26.869998039999995,
      "min": 143.46592646238,
      "max": 143.84008346238,
      "times": [
        143.50224271138,
        143.55103113738,
        143.84008346238,
        143.81047529138002,
        143.52262371238,
        143.51368583638,
        143.54302477938,
        143.68888594038,
        143.67631334338,
        143.46592646238
      ],
      "exit_codes": [
        0,
        0,
        0,
        0,
        0,
        0,
        0,
        0,
        0,
        0
      ]
    }
  ]
}
