{
  "results": [
    {
      "command": "cargo build --jobs 16 --release --example breakout",
      "mean": 97.80329550223999,
      "stddev": 0.7549335608214212,
      "median": 97.96366375144001,
      "user": 1371.0661432799996,
      "system": 33.345210679999994,
      "min": 96.07717198994,
      "max": 98.41658029894,
      "times": [
        98.41658029894,
        96.07717198994,
        97.91140343194,
        98.20504402794,
        96.88529161194,
        97.89224027794,
        98.39383710494,
        98.39904960994001,
        98.01592407094,
        97.83641259794
      ],
      "exit_codes": [
        0,
        0,
        0,
        0,
        0,
        0,
        0,
        0,
        0,
        0
      ]
    }
  ]
}
