{
  "results": [
    {
      "command": "cargo build --jobs 8 --release --example breakout",
      "mean": 136.41572492748,
      "stddev": 5.07914386428904,
      "median": 134.91556087108,
      "user": 1031.7522356800002,
      "system": 25.275890439999994,
      "min": 134.23700542807998,
      "max": 150.84988834108,
      "times": [
        134.54398784608,
        134.64893831108,
        134.84434123408,
        150.84988834108,
        134.79909830207998,
        135.10351158708,
        135.02726943208,
        135.11642828508,
        134.23700542807998,
        134.98678050808
      ],
      "exit_codes": [
        0,
        0,
        0,
        0,
        0,
        0,
        0,
        0,
        0,
        0
      ]
    }
  ]
}
