{
  "results": [
    {
      "command": "cargo build --jobs 16 --release --example breakout",
      "mean": 92.61427111158,
      "stddev": 2.6464830648471116,
      "median": 91.81973126087999,
      "user": 1291.8754675199998,
      "system": 31.42329534,
      "min": 90.94161566337999,
      "max": 99.90210189438,
      "times": [
        91.12924982938,
        92.89880413038,
        92.01950987538,
        91.61995264638,
        92.29781584038,
        91.12533691838,
        91.53038036138,
        90.94161566337999,
        92.67794395637999,
        99.90210189438
      ],
      "exit_codes": [
        0,
        0,
        0,
        0,
        0,
        0,
        0,
        0,
        0,
        0
      ]
    }
  ]
}
