{
  "results": [
    {
      "command": "cargo build --jobs 16 --release --example breakout",
      "mean": 87.01953652121999,
      "stddev": 0.5783048707846382,
      "median": 87.10061507102,
      "user": 1217.7852985000002,
      "system": 32.05056956,
      "min": 85.99330739951999,
      "max": 87.75862643052,
      "times": [
        87.75862643052,
        87.75073281152,
        86.57631978351999,
        87.37931778152,
        85.99330739951999,
        87.04713306852,
        86.57456229952,
        87.15409707351999,
        87.38689775752,
        86.57437080652
      ],
      "exit_codes": [
        0,
        0,
        0,
        0,
        0,
        0,
        0,
        0,
        0,
        0
      ]
    }
  ]
}
