{
  "results": [
    {
      "command": "cargo build --jobs 8 --release --example breakout",
      "mean": 121.64059034163999,
      "stddev": 0.3041921724891649,
      "median": 121.62907600934,
      "user": 917.41365328,
      "system": 24.872790039999998,
      "min": 121.12434700534,
      "max": 122.34735291134001,
      "times": [
        121.67898392134,
        121.60183578134,
        121.61744633834,
        122.34735291134001,
        121.64070568034,
        121.66109929134001,
        121.12434700534,
        121.60282320834,
        121.72406242734,
        121.40724685134
      ],
      "exit_codes": [
        0,
        0,
        0,
        0,
        0,
        0,
        0,
        0,
        0,
        0
      ]
    }
  ]
}
