{
  "results": [
    {
      "command": "cargo build --jobs 16 --release --example breakout",
      "mean": 80.21124876052002,
      "stddev": 0.22711124777962619,
      "median": 80.20981097832001,
      "user": 1154.60637064,
      "system": 30.276741139999995,
      "min": 79.93471481232,
      "max": 80.74027960432001,
      "times": [
        80.28396240032001,
        80.00354029132001,
        80.74027960432001,
        80.18052044732,
        79.93471481232,
        80.22311753432,
        80.28480128832,
        79.99051442532,
        80.27453237932001,
        80.19650442232
      ],
      "exit_codes": [
        0,
        0,
        0,
        0,
        0,
        0,
        0,
        0,
        0,
        0
      ]
    }
  ]
}
