{
  "results": [
    {
      "command": "cargo build --jobs 16 --release --example breakout",
      "mean": 90.92942709511999,
      "stddev": 0.8423658736340505,
      "median": 90.74536534842,
      "user": 1248.63018736,
      "system": 30.340702320000002,
      "min": 90.11357440292,
      "max": 93.13971677091999,
      "times": [
        90.70320689792,
        90.99628729391999,
        91.01616168791999,
        90.78752379891999,
        93.13971677091999,
        90.61656109191999,
        90.11357440292,
        90.47048903791999,
        90.30103006792,
        91.14971990091999
      ],
      "exit_codes": [
        0,
        0,
        0,
        0,
        0,
        0,
        0,
        0,
        0,
        0
      ]
    }
  ]
}
