{
  "results": [
    {
      "command": "cargo build --jobs 8 --release --example breakout",
      "mean": 137.28601175626,
      "stddev": 0.1270761999889713,
      "median": 137.32222907746,
      "user": 1048.3674439600004,
      "system": 25.47333572,
      "min": 137.06560250796,
      "max": 137.43654097796,
      "times": [
        137.40895400496,
        137.31495667296,
        137.14896968896,
        137.32950148196,
        137.23170558496,
        137.34458115996,
        137.41428304296,
        137.06560250796,
        137.16502243996,
        137.43654097796
      ],
      "exit_codes": [
        0,
        0,
        0,
        0,
        0,
        0,
        0,
        0,
        0,
        0
      ]
    }
  ]
}
