{
  "results": [
    {
      "command": "cargo build --jobs 16 --release --example breakout",
      "mean": 95.43667575952,
      "stddev": 0.8574671774098227,
      "median": 95.16122262351999,
      "user": 1344.82058298,
      "system": 33.27560656000001,
      "min": 94.63590716352,
      "max": 97.20339259852,
      "times": [
        96.76031092452,
        95.03286811552,
        95.15002275552,
        94.65280455452,
        95.18679483352,
        94.63590716352,
        95.46699015052,
        97.20339259852,
        95.17242249152,
        95.10524400752
      ],
      "exit_codes": [
        0,
        0,
        0,
        0,
        0,
        0,
        0,
        0,
        0,
        0
      ]
    }
  ]
}
