{
  "results": [
    {
      "command": "cargo build --jobs 8 --release --example breakout",
      "mean": 142.51299132105999,
      "stddev": 0.41642774176711905,
      "median": 142.50608537566,
      "user": 1083.6439840799999,
      "system": 27.09078254,
      "min": 141.94159013516,
      "max": 143.14540503016,
      "times": [
        142.89463965316,
        142.73487376416,
        142.13963898516,
        142.15520821816,
        143.14540503016,
        142.93752848416,
        142.69742196316,
        141.94159013516,
        142.16885818915998,
        142.31474878816
      ],
      "exit_codes": [
        0,
        0,
        0,
        0,
        0,
        0,
        0,
        0,
        0,
        0
      ]
    }
  ]
}
