{
  "results": [
    {
      "command": "cargo build --jobs 16 --release --example breakout",
      "mean": 75.45883480746,
      "stddev": 0.19027589903118733,
      "median": 75.50253345336,
      "user": 1139.4725702,
      "system": 29.3647656,
      "min": 75.14054596886,
      "max": 75.72212428386,
      "times": [
        75.65145338186001,
        75.14054596886,
        75.49288746286,
        75.42487241286,
        75.72212428386,
        75.24032227886,
        75.51217944386,
        75.61430838486001,
        75.52296940486,
        75.26668505186001
      ],
      "exit_codes": [
        0,
        0,
        0,
        0,
        0,
        0,
        0,
        0,
        0,
        0
      ]
    }
  ]
}
