{
  "results": [
    {
      "command": "cargo build --jobs 16 --release --example breakout",
      "mean": 77.24219649352,
      "stddev": 4.277678422562191,
      "median": 75.87620932701999,
      "user": 1144.1252295400002,
      "system": 29.5191892,
      "min": 75.44364726852,
      "max": 89.39574886451999,
      "times": [
        75.83980330151999,
        75.63519732051999,
        76.12588461352,
        75.85307190051999,
        76.09115151252,
        89.39574886451999,
        75.80681315452,
        76.33130024552,
        75.44364726852,
        75.89934675351999
      ],
      "exit_codes": [
        0,
        0,
        0,
        0,
        0,
        0,
        0,
        0,
        0,
        0
      ]
    }
  ]
}
