{
  "results": [
    {
      "command": "cargo build --jobs 16 --release --example breakout",
      "mean": 76.92096387213999,
      "stddev": 0.12943449823113748,
      "median": 76.89007700043999,
      "user": 1136.84037428,
      "system": 29.429671579999997,
      "min": 76.71960958343999,
      "max": 77.14266446744,
      "times": [
        76.85480101543999,
        76.88256932344,
        77.14266446744,
        76.80901203444,
        76.89758467744,
        77.07767131343999,
        76.91600118544,
        77.04225060943999,
        76.86747451144,
        76.71960958343999
      ],
      "exit_codes": [
        0,
        0,
        0,
        0,
        0,
        0,
        0,
        0,
        0,
        0
      ]
    }
  ]
}
