{
  "results": [
    {
      "command": "cargo build --jobs 8 --release --example breakout",
      "mean": 119.06413163322,
      "stddev": 0.1500756406187979,
      "median": 119.10194246201999,
      "user": 902.9221469600001,
      "system": 23.95535716,
      "min": 118.74813387501999,
      "max": 119.26286742101999,
      "times": [
        119.11166204102,
        118.88522894802,
        119.06952709702,
        119.26286742101999,
        118.74813387501999,
        119.12195905502,
        119.19270803002,
        119.14167486001999,
        119.01533212202,
        119.09222288302
      ],
      "exit_codes": [
        0,
        0,
        0,
        0,
        0,
        0,
        0,
        0,
        0,
        0
      ]
    }
  ]
}
