{
  "results": [
    {
      "command": "cargo build --jobs 16 --release --example breakout",
      "mean": 77.26276360256,
      "stddev": 0.1460156837313437,
      "median": 77.23253926775999,
      "user": 1142.47553466,
      "system": 29.3500089,
      "min": 77.04830120225999,
      "max": 77.56945917326,
      "times": [
        77.56945917326,
        77.19716034225999,
        77.19784705226,
        77.04830120225999,
        77.24823835725999,
        77.26955459726,
        77.41425053326,
        77.21684017826,
        77.14292574826,
        77.32305884125999
      ],
      "exit_codes": [
        0,
        0,
        0,
        0,
        0,
        0,
        0,
        0,
        0,
        0
      ]
    }
  ]
}
