{
  "results": [
    {
      "command": "cargo build --jobs 16 --release --example breakout",
      "mean": 78.20998397208,
      "stddev": 0.20376729932753015,
      "median": 78.15570302548,
      "user": 1180.60562174,
      "system": 30.447251159999997,
      "min": 77.91422626648,
      "max": 78.64528005448,
      "times": [
        78.03946476447999,
        78.26472842848,
        78.16008536748,
        78.13783653348,
        78.20280910948,
        78.43347478848,
        78.15132068348,
        78.15061372448,
        78.64528005448,
        77.91422626648
      ],
      "exit_codes": [
        0,
        0,
        0,
        0,
        0,
        0,
        0,
        0,
        0,
        0
      ]
    }
  ]
}
