{
  "results": [
    {
      "command": "cargo build --jobs 8 --release --example breakout",
      "mean": 128.94898237734,
      "stddev": 0.192303277241348,
      "median": 129.03159016804,
      "user": 986.2448370799999,
      "system": 25.994349399999997,
      "min": 128.66513995454,
      "max": 129.12429552254,
      "times": [
        129.10106268554,
        128.96211765054,
        128.75721867554,
        129.11771173854,
        128.86925245554,
        128.67462694554,
        129.10661821554,
        128.66513995454,
        129.11177992954,
        129.12429552254
      ],
      "exit_codes": [
        0,
        0,
        0,
        0,
        0,
        0,
        0,
        0,
        0,
        0
      ]
    }
  ]
}
