{
  "results": [
    {
      "command": "cargo build --jobs 16 --release --example breakout",
      "mean": 80.37381829714,
      "stddev": 0.25130554173243685,
      "median": 80.35356561464,
      "user": 1209.8286017599999,
      "system": 33.39595226,
      "min": 79.98678234864,
      "max": 80.81098369164,
      "times": [
        80.16710440564,
        80.31554226964,
        80.58486095664,
        79.98678234864,
        80.17287255564,
        80.19939377264001,
        80.81098369164,
        80.39158895964,
        80.56838270564,
        80.54067130564
      ],
      "exit_codes": [
        0,
        0,
        0,
        0,
        0,
        0,
        0,
        0,
        0,
        0
      ]
    }
  ]
}
