{
  "results": [
    {
      "command": "cargo build --jobs 16 --release --example breakout",
      "mean": 73.12871056213999,
      "stddev": 0.3828631829887468,
      "median": 73.15170766174,
      "user": 1035.27417228,
      "system": 27.62735614,
      "min": 72.43324801824,
      "max": 73.82735885523999,
      "times": [
        73.34831727624,
        73.40941477124,
        73.21549301424,
        72.43324801824,
        72.69559517024,
        72.99811666423999,
        73.05614652823999,
        73.82735885523999,
        73.18301443124,
        73.12040089224
      ],
      "exit_codes": [
        0,
        0,
        0,
        0,
        0,
        0,
        0,
        0,
        0,
        0
      ]
    }
  ]
}
