{
  "results": [
    {
      "command": "cargo build --jobs 8 --release --example breakout",
      "mean": 109.29380491566003,
      "stddev": 0.11319725747268686,
      "median": 109.26342776276002,
      "user": 825.23816096,
      "system": 21.86761034,
      "min": 109.20254572376001,
      "max": 109.59492699876,
      "times": [
        109.59492699876,
        109.20254572376001,
        109.26660860576001,
        109.30418388276,
        109.20930721476,
        109.24678118276,
        109.24712943776001,
        109.26024691976001,
        109.33950246476,
        109.26681672576001
      ],
      "exit_codes": [
        0,
        0,
        0,
        0,
        0,
        0,
        0,
        0,
        0,
        0
      ]
    }
  ]
}
