{
  "results": [
    {
      "command": "cargo build --jobs 8 --release --example breakout",
      "mean": 120.53297794158001,
      "stddev": 0.24322339261227616,
      "median": 120.48951390398,
      "user": 911.4318649999999,
      "system": 24.198189139999997,
      "min": 120.20843002548001,
      "max": 120.93541161248001,
      "times": [
        120.20843002548001,
        120.57982959848,
        120.39919820948,
        120.33827323548,
        120.77673868348,
        120.73804131348001,
        120.93541161248001,
        120.68764074948001,
        120.30273135648001,
        120.36348463148
      ],
      "exit_codes": [
        0,
        0,
        0,
        0,
        0,
        0,
        0,
        0,
        0,
        0
      ]
    }
  ]
}
