{
  "results": [
    {
      "command": "cargo build --jobs 16 --release --example breakout",
      "mean": 77.67179621294,
      "stddev": 0.3593400767069673,
      "median": 77.57850992044001,
      "user": 1147.42721768,
      "system": 29.621588739999993,
      "min": 77.39409331744001,
      "max": 78.61141403644001,
      "times": [
        77.39409331744001,
        77.68630117844,
        77.72737502844001,
        77.40407152144,
        77.58293897544,
        77.42409421544001,
        77.50203701344,
        77.57408086544001,
        77.81155597744001,
        78.61141403644001
      ],
      "exit_codes": [
        0,
        0,
        0,
        0,
        0,
        0,
        0,
        0,
        0,
        0
      ]
    }
  ]
}
