{
  "results": [
    {
      "command": "cargo build --jobs 16 --release --example breakout",
      "mean": 70.0739113913,
      "stddev": 0.5925075065532972,
      "median": 70.0945386218,
      "user": 985.0682171799999,
      "system": 27.315954719999997,
      "min": 68.7648294063,
      "max": 70.9640911153,
      "times": [
        68.7648294063,
        69.9162496593,
        69.7479265853,
        69.9786124493,
        70.9640911153,
        70.3807360433,
        70.5187374243,
        70.4422585403,
        70.2104647943,
        69.8152078953
      ],
      "exit_codes": [
        0,
        0,
        0,
        0,
        0,
        0,
        0,
        0,
        0,
        0
      ]
    }
  ]
}
