{
  "results": [
    {
      "command": "cargo build --jobs 8 --release --example breakout",
      "mean": 121.9468056701,
      "stddev": 0.2799684035328242,
      "median": 121.8746461364,
      "user": 934.6791115,
      "system": 24.36279976,
      "min": 121.5178491769,
      "max": 122.3868230829,
      "times": [
        121.5178491769,
        121.8252883239,
        121.81961814489999,
        122.3868230829,
        121.8686539589,
        122.11244449089999,
        121.9980263679,
        122.3777131749,
        121.8806383139,
        121.6810016659
      ],
      "exit_codes": [
        0,
        0,
        0,
        0,
        0,
        0,
        0,
        0,
        0,
        0
      ]
    }
  ]
}
