{
  "results": [
    {
      "command": "cargo build --jobs 16 --release --example breakout",
      "mean": 78.26854389626001,
      "stddev": 0.2575292332993122,
      "median": 78.22945320266001,
      "user": 1180.9404040799998,
      "system": 30.061589699999995,
      "min": 78.00945101516001,
      "max": 78.95311036116,
      "times": [
        78.95311036116,
        78.16443599416,
        78.21591331316,
        78.11574483016001,
        78.32758786316,
        78.12756172316,
        78.24299309216,
        78.00945101516001,
        78.25642364116001,
        78.27221712916001
      ],
      "exit_codes": [
        0,
        0,
        0,
        0,
        0,
        0,
        0,
        0,
        0,
        0
      ]
    }
  ]
}
