{
  "results": [
    {
      "command": "cargo build --jobs 16 --release --example breakout",
      "mean": 77.95019424198,
      "stddev": 0.20645184546258288,
      "median": 77.98216100098,
      "user": 1143.3681197,
      "system": 30.186411919999994,
      "min": 77.58983036698001,
      "max": 78.21033287198,
      "times": [
        77.97194171698,
        77.58983036698001,
        78.21033287198,
        77.88230101298001,
        77.66685586398,
        78.05683441098,
        77.99238028498,
        78.15670784798,
        77.84222582898,
        78.13253221398
      ],
      "exit_codes": [
        0,
        0,
        0,
        0,
        0,
        0,
        0,
        0,
        0,
        0
      ]
    }
  ]
}
