{
  "results": [
    {
      "command": "cargo build --jobs 8 --release --example breakout",
      "mean": 119.95181053144002,
      "stddev": 0.13983586227808367,
      "median": 119.91973363264,
      "user": 907.7554726000001,
      "system": 24.741752019999996,
      "min": 119.76347968964001,
      "max": 120.15384568564001,
      "times": [
        120.00830246064001,
        119.79614587164001,
        119.90572843464001,
        120.15384568564001,
        120.14222454164,
        119.93363009464001,
        119.76347968964001,
        120.07983102864,
        119.82908033664,
        119.90583717064001
      ],
      "exit_codes": [
        0,
        0,
        0,
        0,
        0,
        0,
        0,
        0,
        0,
        0
      ]
    }
  ]
}
