{
  "results": [
    {
      "command": "cargo build --jobs 8 --release --example breakout",
      "mean": 138.16715833448,
      "stddev": 0.2627998431163068,
      "median": 138.09682364318002,
      "user": 1062.7286930599998,
      "system": 25.752687539999993,
      "min": 137.83827086668,
      "max": 138.56491222968,
      "times": [
        137.83827086668,
        138.03773903468,
        138.43259730468,
        138.13110391868,
        138.03126814868,
        138.19052601267998,
        137.84811423168,
        138.53450822968,
        138.06254336768,
        138.56491222968
      ],
      "exit_codes": [
        0,
        0,
        0,
        0,
        0,
        0,
        0,
        0,
        0,
        0
      ]
    }
  ]
}
