{
  "results": [
    {
      "command": "cargo build --jobs 16 --release --example breakout",
      "mean": 97.12011807234,
      "stddev": 1.156711357584636,
      "median": 97.18953313204,
      "user": 1373.29368494,
      "system": 33.43893252,
      "min": 95.62688830254001,
      "max": 99.15427408054,
      "times": [
        99.15427408054,
        97.51384821854,
        96.51197266354,
        96.86521804554,
        97.88298830154001,
        97.87392474154001,
        95.82954653454,
        98.02586375454,
        95.62688830254001,
        95.91665608054001
      ],
      "exit_codes": [
        0,
        0,
        0,
        0,
        0,
        0,
        0,
        0,
        0,
        0
      ]
    }
  ]
}
