{
  "results": [
    {
      "command": "cargo build --jobs 8 --release --example breakout",
      "mean": 116.189227304,
      "stddev": 0.2891839740794881,
      "median": 116.2192981544,
      "user": 870.30893614,
      "system": 22.640582520000002,
      "min": 115.7951365119,
      "max": 116.6578649209,
      "times": [
        115.8876722989,
        116.2337329319,
        115.7951365119,
        116.1420039139,
        116.3023098029,
        116.6578649209,
        116.2659926799,
        116.5642204899,
        116.2048633769,
        115.8384761129
      ],
      "exit_codes": [
        0,
        0,
        0,
        0,
        0,
        0,
        0,
        0,
        0,
        0
      ]
    }
  ]
}
