{
  "results": [
    {
      "command": "cargo build --jobs 16 --release --example breakout",
      "mean": 74.95055909424,
      "stddev": 0.20172362855500428,
      "median": 74.92592976394,
      "user": 1100.1147651800002,
      "system": 28.35107236,
      "min": 74.63101002294,
      "max": 75.30849389094,
      "times": [
        74.80667097194,
        74.95953437194,
        75.21050774194,
        75.30849389094,
        74.95127937194,
        74.83219146994,
        75.07741538794001,
        74.63101002294,
        74.82790755694,
        74.90058015594
      ],
      "exit_codes": [
        0,
        0,
        0,
        0,
        0,
        0,
        0,
        0,
        0,
        0
      ]
    }
  ]
}
