{
  "results": [
    {
      "command": "cargo build --jobs 8 --release --example breakout",
      "mean": 116.99578668724,
      "stddev": 0.1683712370311746,
      "median": 117.05020803394001,
      "user": 902.3443530999999,
      "system": 24.54795948,
      "min": 116.77491155344,
      "max": 117.20670691344,
      "times": [
        117.08868534544001,
        117.20670691344,
        117.08438720444,
        117.01602886344,
        117.18507569144,
        116.77491155344,
        116.82491085044,
        116.82325238144,
        117.13422837044,
        116.81967969844001
      ],
      "exit_codes": [
        0,
        0,
        0,
        0,
        0,
        0,
        0,
        0,
        0,
        0
      ]
    }
  ]
}
