{
  "results": [
    {
      "command": "cargo build --jobs 16 --release --example breakout",
      "mean": 75.17389473349999,
      "stddev": 0.4265935538060914,
      "median": 75.08049626050001,
      "user": 1137.5842922400002,
      "system": 30.435181399999998,
      "min": 74.5837068855,
      "max": 76.0212610515,
      "times": [
        74.7083452495,
        75.51295610150001,
        76.0212610515,
        75.0900783335,
        75.22462435550001,
        75.07091418750001,
        75.55401495150001,
        74.5837068855,
        75.03590391450001,
        74.9371423045
      ],
      "exit_codes": [
        0,
        0,
        0,
        0,
        0,
        0,
        0,
        0,
        0,
        0
      ]
    }
  ]
}
