{
  "results": [
    {
      "command": "cargo build --jobs 8 --release --example breakout",
      "mean": 121.82942320398001,
      "stddev": 0.1540637857513985,
      "median": 121.77439970378,
      "user": 920.84621192,
      "system": 24.791904199999998,
      "min": 121.70975828078001,
      "max": 122.19887861378,
      "times": [
        121.71496262378,
        121.79574913278,
        121.87096016378,
        121.75305027478001,
        121.82186786978001,
        122.19887861378,
        121.71537218078001,
        121.97180568278,
        121.74182721678,
        121.70975828078001
      ],
      "exit_codes": [
        0,
        0,
        0,
        0,
        0,
        0,
        0,
        0,
        0,
        0
      ]
    }
  ]
}
