{
  "results": [
    {
      "command": "cargo build --jobs 16 --release --example breakout",
      "mean": 75.53651916007999,
      "stddev": 0.16173889169148215,
      "median": 75.53365793498,
      "user": 1134.5727,
      "system": 29.507513080000003,
      "min": 75.21089297798,
      "max": 75.77093142998,
      "times": [
        75.21089297798,
        75.50270241497999,
        75.56461345497999,
        75.50011985798,
        75.49135735697999,
        75.58383135598,
        75.38213426297999,
        75.77093142998,
        75.64533338397999,
        75.71327510498
      ],
      "exit_codes": [
        0,
        0,
        0,
        0,
        0,
        0,
        0,
        0,
        0,
        0
      ]
    }
  ]
}
