{
  "results": [
    {
      "command": "cargo build --jobs 8 --release --example breakout",
      "mean": 116.99130810736001,
      "stddev": 0.28294987564812746,
      "median": 116.93325536816,
      "user": 899.5183533000002,
      "system": 24.01332772,
      "min": 116.50879531866,
      "max": 117.53861267966,
      "times": [
        116.82621038866,
        117.53861267966,
        117.15456480366001,
        116.99423825066,
        116.50879531866,
        116.86014747766,
        116.85420330166001,
        117.27937680466,
        116.87227248566,
        117.02465956266
      ],
      "exit_codes": [
        0,
        0,
        0,
        0,
        0,
        0,
        0,
        0,
        0,
        0
      ]
    }
  ]
}
