{
  "results": [
    {
      "command": "cargo build --jobs 8 --release --example breakout",
      "mean": 117.19982495608001,
      "stddev": 0.0722398978302885,
      "median": 117.20137987858,
      "user": 902.6859424200002,
      "system": 24.80268328,
      "min": 117.06823068908,
      "max": 117.31017870308,
      "times": [
        117.29631600108,
        117.06823068908,
        117.16586458308001,
        117.31017870308,
        117.12703163808,
        117.22333585508001,
        117.18196230308,
        117.18881567608,
        117.21394408108,
        117.22257003108
      ],
      "exit_codes": [
        0,
        0,
        0,
        0,
        0,
        0,
        0,
        0,
        0,
        0
      ]
    }
  ]
}
