{
  "results": [
    {
      "command": "cargo build --jobs 16 --release --example breakout",
      "mean": 76.33431227828001,
      "stddev": 3.2601585263555597,
      "median": 75.42948851038,
      "user": 1137.1804987799999,
      "system": 30.472324860000004,
      "min": 74.90929919488,
      "max": 85.58438068988,
      "times": [
        75.32679548788,
        75.72667872588,
        75.44766088988,
        75.00015231388001,
        75.02105425388001,
        85.58438068988,
        74.90929919488,
        75.46812420588,
        75.41380386588,
        75.44517315488001
      ],
      "exit_codes": [
        0,
        0,
        0,
        0,
        0,
        0,
        0,
        0,
        0,
        0
      ]
    }
  ]
}
