{
  "results": [
    {
      "command": "cargo build --jobs 16 --release --example breakout",
      "mean": 75.18963689072001,
      "stddev": 0.33031353354628873,
      "median": 75.33205020112001,
      "user": 1140.48011,
      "system": 29.430914119999994,
      "min": 74.67125072112,
      "max": 75.60432719012,
      "times": [
        75.46532730212,
        75.35343893512001,
        75.31066146712,
        75.10829161112001,
        75.41630674212,
        74.83268419312,
        75.60432719012,
        74.67125072112,
        75.38977589212,
        74.74430485312
      ],
      "exit_codes": [
        0,
        0,
        0,
        0,
        0,
        0,
        0,
        0,
        0,
        0
      ]
    }
  ]
}
