{
  "results": [
    {
      "command": "cargo build --jobs 8 --release --example breakout",
      "mean": 122.35950086174,
      "stddev": 0.12859229516886575,
      "median": 122.39614808954,
      "user": 928.40675328,
      "system": 24.39805578,
      "min": 122.11964172604,
      "max": 122.49703384504001,
      "times": [
        122.24815709904,
        122.41636620104,
        122.27132316604,
        122.47134626304,
        122.11964172604,
        122.46975667004,
        122.49703384504001,
        122.47230148004,
        122.25315218904,
        122.37592997804
      ],
      "exit_codes": [
        0,
        0,
        0,
        0,
        0,
        0,
        0,
        0,
        0,
        0
      ]
    }
  ]
}
