{
  "results": [
    {
      "command": "cargo build --jobs 8 --release --example breakout",
      "mean": 117.57047377488,
      "stddev": 0.1400405443557367,
      "median": 117.56500123628,
      "user": 905.6056065800001,
      "system": 24.95752214,
      "min": 117.36408930628,
      "max": 117.82201375328,
      "times": [
        117.65512479528,
        117.54173033228,
        117.47084522528,
        117.36408930628,
        117.48010058228,
        117.42577031828,
        117.67837429928,
        117.82201375328,
        117.58827214028,
        117.67841699627999
      ],
      "exit_codes": [
        0,
        0,
        0,
        0,
        0,
        0,
        0,
        0,
        0,
        0
      ]
    }
  ]
}
