{
  "results": [
    {
      "command": "cargo build --jobs 8 --release --example breakout",
      "mean": 117.25814386060001,
      "stddev": 0.07785773229194842,
      "median": 117.2742326927,
      "user": 903.8247305000001,
      "system": 24.7438172,
      "min": 117.1157495597,
      "max": 117.36752085570001,
      "times": [
        117.1157495597,
        117.3010704917,
        117.2758467387,
        117.2726186467,
        117.1995041197,
        117.2878899377,
        117.36752085570001,
        117.1963455147,
        117.2095503507,
        117.3553423907
      ],
      "exit_codes": [
        0,
        0,
        0,
        0,
        0,
        0,
        0,
        0,
        0,
        0
      ]
    }
  ]
}
