{
  "results": [
    {
      "command": "cargo build --jobs 16 --release --example breakout",
      "mean": 76.04395856384,
      "stddev": 0.25425570978363765,
      "median": 76.04709060884,
      "user": 1142.70391346,
      "system": 29.236516799999997,
      "min": 75.58164024284,
      "max": 76.42841372584,
      "times": [
        75.80439403484,
        76.42841372584,
        75.58164024284,
        76.34870799984,
        76.14304057184,
        76.03234105084,
        75.92621545083999,
        75.90557151083999,
        76.20742088384,
        76.06184016684
      ],
      "exit_codes": [
        0,
        0,
        0,
        0,
        0,
        0,
        0,
        0,
        0,
        0
      ]
    }
  ]
}
