{
  "results": [
    {
      "command": "cargo build --jobs 16 --release --example breakout",
      "mean": 78.13556281153998,
      "stddev": 0.23147848225468357,
      "median": 78.06600625184001,
      "user": 1177.7917934999998,
      "system": 30.06832594,
      "min": 77.84719555683999,
      "max": 78.64112829684,
      "times": [
        78.05183146384,
        78.10092941683999,
        78.08018103984,
        77.94346328383999,
        78.37157943484,
        78.64112829684,
        77.84719555683999,
        78.00987437684,
        78.04731440484,
        78.26213084084
      ],
      "exit_codes": [
        0,
        0,
        0,
        0,
        0,
        0,
        0,
        0,
        0,
        0
      ]
    }
  ]
}
