{
  "results": [
    {
      "command": "cargo build --jobs 8 --release --example breakout",
      "mean": 134.10896948154,
      "stddev": 0.17488341048662528,
      "median": 134.07747250034,
      "user": 1022.0245087999999,
      "system": 25.025177059999997,
      "min": 133.85381908734,
      "max": 134.35890185234,
      "times": [
        134.18977683934,
        133.97232042134002,
        133.99078664134,
        134.32520891834,
        133.85381908734,
        133.95771948834002,
        134.28621656634002,
        134.02511187534,
        134.35890185234,
        134.12983312534
      ],
      "exit_codes": [
        0,
        0,
        0,
        0,
        0,
        0,
        0,
        0,
        0,
        0
      ]
    }
  ]
}
