{
  "results": [
    {
      "command": "cargo build --jobs 16 --release --example breakout",
      "mean": 92.12412642406,
      "stddev": 1.2977219250010679,
      "median": 91.82874866085999,
      "user": 1280.32191992,
      "system": 31.22198566,
      "min": 90.73585221885999,
      "max": 94.46712737585999,
      "times": [
        92.14379441586,
        94.46712737585999,
        92.39420060185999,
        90.73585221885999,
        91.10069238386,
        91.74491508086,
        91.28688699086,
        91.14628762986,
        94.30892530186,
        91.91258224085999
      ],
      "exit_codes": [
        0,
        0,
        0,
        0,
        0,
        0,
        0,
        0,
        0,
        0
      ]
    }
  ]
}
