{
  "results": [
    {
      "command": "cargo build --jobs 16 --release --example breakout",
      "mean": 75.08865838926,
      "stddev": 0.3481093533886218,
      "median": 75.22203119736,
      "user": 1140.3222654600002,
      "system": 29.4097528,
      "min": 74.54834847485999,
      "max": 75.52199429486,
      "times": [
        75.52199429486,
        75.36019901186,
        75.19564481686,
        74.79567245786,
        75.25461198186,
        74.87734524386,
        74.63117204886,
        75.24841757786,
        75.45317798386,
        74.54834847485999
      ],
      "exit_codes": [
        0,
        0,
        0,
        0,
        0,
        0,
        0,
        0,
        0,
        0
      ]
    }
  ]
}
