{
  "results": [
    {
      "command": "cargo build --jobs 8 --release --example breakout",
      "mean": 120.28822564699999,
      "stddev": 0.20374166879928102,
      "median": 120.241723439,
      "user": 911.07931844,
      "system": 24.01573534,
      "min": 120.021834123,
      "max": 120.707081005,
      "times": [
        120.14633311700001,
        120.707081005,
        120.37775414900001,
        120.021834123,
        120.19914513,
        120.284103294,
        120.09715363800001,
        120.49331785300001,
        120.356190577,
        120.199343584
      ],
      "exit_codes": [
        0,
        0,
        0,
        0,
        0,
        0,
        0,
        0,
        0,
        0
      ]
    }
  ]
}
