{
  "results": [
    {
      "command": "cargo build --jobs 8 --release --example breakout",
      "mean": 121.73773600455999,
      "stddev": 0.2558792990176259,
      "median": 121.71100728185999,
      "user": 934.10631288,
      "system": 24.470776819999998,
      "min": 121.43190812586,
      "max": 122.17316028386,
      "times": [
        121.46482875286,
        121.63100430086,
        122.17316028386,
        121.83311237186,
        121.89830635786,
        121.45925051786,
        122.06377477086,
        121.70362014686,
        121.43190812586,
        121.71839441686
      ],
      "exit_codes": [
        0,
        0,
        0,
        0,
        0,
        0,
        0,
        0,
        0,
        0
      ]
    }
  ]
}
