{
  "results": [
    {
      "command": "cargo build --jobs 16 --release --example breakout",
      "mean": 78.29230749175998,
      "stddev": 0.26383498348133644,
      "median": 78.25728146406,
      "user": 1180.27075198,
      "system": 30.000656519999996,
      "min": 78.02591947456,
      "max": 78.74967348356,
      "times": [
        78.73640378856,
        78.74967348356,
        78.27655323856,
        78.09309178555999,
        78.23800968956,
        78.08937260756,
        78.29879694355999,
        78.36678524956,
        78.02591947456,
        78.04846865655999
      ],
      "exit_codes": [
        0,
        0,
        0,
        0,
        0,
        0,
        0,
        0,
        0,
        0
      ]
    }
  ]
}
