{
  "results": [
    {
      "command": "cargo build --jobs 8 --release --example breakout",
      "mean": 131.16102864383998,
      "stddev": 0.2485518076654734,
      "median": 131.16289707203998,
      "user": 1006.9111855200001,
      "system": 24.658156499999997,
      "min": 130.80159206004,
      "max": 131.67558314604,
      "times": [
        130.80159206004,
        131.15431837004,
        131.13803425604,
        131.67558314604,
        130.81614433904,
        131.07005697904,
        131.20877537104,
        131.28253873603998,
        131.29176740704,
        131.17147577404
      ],
      "exit_codes": [
        0,
        0,
        0,
        0,
        0,
        0,
        0,
        0,
        0,
        0
      ]
    }
  ]
}
