{
  "results": [
    {
      "command": "cargo build --jobs 16 --release --example breakout",
      "mean": 95.06584764814,
      "stddev": 0.5459608020021023,
      "median": 95.16922955874,
      "user": 1325.69106878,
      "system": 31.734697219999994,
      "min": 93.92034214424,
      "max": 95.69810667723999,
      "times": [
        95.36907139824,
        95.02853388224,
        95.69810667723999,
        93.92034214424,
        95.03113850124,
        95.62006268324,
        95.42516811124,
        94.64633690023999,
        95.30732061623999,
        94.61239556724
      ],
      "exit_codes": [
        0,
        0,
        0,
        0,
        0,
        0,
        0,
        0,
        0,
        0
      ]
    }
  ]
}
