{
  "results": [
    {
      "command": "cargo build --jobs 16 --release --example breakout",
      "mean": 81.7198002506,
      "stddev": 0.8872424614862089,
      "median": 81.65959635659999,
      "user": 1203.5297851199998,
      "system": 31.019980280000006,
      "min": 80.2027928136,
      "max": 83.3009794506,
      "times": [
        81.5514681496,
        81.0185001466,
        81.9380936626,
        82.7358674526,
        81.0309984726,
        83.3009794506,
        81.5225237306,
        80.2027928136,
        81.7677245636,
        82.1290540636
      ],
      "exit_codes": [
        0,
        0,
        0,
        0,
        0,
        0,
        0,
        0,
        0,
        0
      ]
    }
  ]
}
