{
  "results": [
    {
      "command": "cargo build --jobs 8 --release --example breakout",
      "mean": 124.96878974387998,
      "stddev": 0.2879365955288958,
      "median": 125.07511973638,
      "user": 957.67817068,
      "system": 25.059011339999998,
      "min": 124.38571838588,
      "max": 125.26136278388,
      "times": [
        125.26136278388,
        124.38571838588,
        124.68362456988,
        124.78410691888,
        125.16803458288,
        125.00670225788001,
        125.14353721488,
        124.83590401288001,
        125.20970219688,
        125.20920451488
      ],
      "exit_codes": [
        0,
        0,
        0,
        0,
        0,
        0,
        0,
        0,
        0,
        0
      ]
    }
  ]
}
