{
  "results": [
    {
      "command": "cargo build --jobs 8 --release --example breakout",
      "mean": 120.63246151109999,
      "stddev": 0.33440911823217473,
      "median": 120.52953946579999,
      "user": 911.2976624999999,
      "system": 24.12038102,
      "min": 120.4018601793,
      "max": 121.52978528429999,
      "times": [
        120.4355886413,
        120.55730215029999,
        121.52978528429999,
        120.4018601793,
        120.56020218329999,
        120.4226926053,
        120.6552437453,
        120.5017767813,
        120.76583353129999,
        120.4943300093
      ],
      "exit_codes": [
        0,
        0,
        0,
        0,
        0,
        0,
        0,
        0,
        0,
        0
      ]
    }
  ]
}
