{
  "results": [
    {
      "command": "cargo build --jobs 16 --release --example breakout",
      "mean": 77.59237451288001,
      "stddev": 0.1932531149757829,
      "median": 77.53987968598,
      "user": 1147.30663222,
      "system": 29.597696959999997,
      "min": 77.37688042847999,
      "max": 77.97792728147999,
      "times": [
        77.97792728147999,
        77.52255217748,
        77.70630557247999,
        77.55720719448,
        77.50489147047999,
        77.84133481648,
        77.37688042847999,
        77.56996504448,
        77.45803658647999,
        77.40864455648
      ],
      "exit_codes": [
        0,
        0,
        0,
        0,
        0,
        0,
        0,
        0,
        0,
        0
      ]
    }
  ]
}
