{
  "results": [
    {
      "command": "cargo build --jobs 16 --release --example breakout",
      "mean": 74.90636261992,
      "stddev": 0.12638671073539248,
      "median": 74.92971164492,
      "user": 1134.8041785399998,
      "system": 29.568079919999995,
      "min": 74.74567822492,
      "max": 75.06815453692,
      "times": [
        74.99019762992,
        75.05152584892001,
        74.74567822492,
        74.75035098392,
        74.98609723292,
        75.06815453692,
        74.75303057492,
        74.87430414592001,
        74.85916787692001,
        74.98511914392
      ],
      "exit_codes": [
        0,
        0,
        0,
        0,
        0,
        0,
        0,
        0,
        0,
        0
      ]
    }
  ]
}
