{
  "results": [
    {
      "command": "cargo build --jobs 8 --release --example breakout",
      "mean": 116.88398119178001,
      "stddev": 0.19456942197644428,
      "median": 116.94195862888,
      "user": 899.6995395399999,
      "system": 24.07890406,
      "min": 116.43242484438001,
      "max": 117.10911358538,
      "times": [
        116.71735131338001,
        116.93810687438,
        117.05617387738,
        116.96801556238,
        116.82077786938001,
        116.94581038338,
        116.86532046238,
        116.98671714538,
        116.43242484438001,
        117.10911358538
      ],
      "exit_codes": [
        0,
        0,
        0,
        0,
        0,
        0,
        0,
        0,
        0,
        0
      ]
    }
  ]
}
