{
  "results": [
    {
      "command": "cargo build --jobs 8 --release --example breakout",
      "mean": 106.30752271630001,
      "stddev": 0.34628686684137305,
      "median": 106.399954024,
      "user": 801.5168466800001,
      "system": 21.630019380000004,
      "min": 105.773277791,
      "max": 106.69866107,
      "times": [
        106.582746846,
        106.660698104,
        106.69866107,
        106.383473449,
        106.416434599,
        105.773277791,
        105.912566584,
        105.827574363,
        106.322115694,
        106.497678663
      ],
      "exit_codes": [
        0,
        0,
        0,
        0,
        0,
        0,
        0,
        0,
        0,
        0
      ]
    }
  ]
}
