{
  "results": [
    {
      "command": "cargo build --jobs 16 --release --example breakout",
      "mean": 70.88932925014,
      "stddev": 0.9576592507207569,
      "median": 71.14427981574,
      "user": 1003.6595297800001,
      "system": 27.387746739999994,
      "min": 69.10901523174,
      "max": 72.10422152374001,
      "times": [
        72.10422152374001,
        70.70799934874,
        71.19763026974,
        71.63736450074,
        69.10901523174,
        70.68165988674001,
        71.46635794074001,
        71.09092936174001,
        71.47779988174001,
        69.42031455574
      ],
      "exit_codes": [
        0,
        0,
        0,
        0,
        0,
        0,
        0,
        0,
        0,
        0
      ]
    }
  ]
}
