{
  "results": [
    {
      "command": "cargo build --jobs 8 --release --example breakout",
      "mean": 120.36784184797997,
      "stddev": 0.7709215122280608,
      "median": 120.14614704587999,
      "user": 909.22689536,
      "system": 24.29080144,
      "min": 119.99001590488,
      "max": 122.55316081488,
      "times": [
        119.99001590488,
        120.16750981887999,
        120.19809685688,
        120.19922155588,
        122.55316081488,
        120.12478427287999,
        120.07308038488,
        120.07610548288,
        120.20109819688,
        120.09534519088
      ],
      "exit_codes": [
        0,
        0,
        0,
        0,
        0,
        0,
        0,
        0,
        0,
        0
      ]
    }
  ]
}
