{
  "results": [
    {
      "command": "cargo build --jobs 16 --release --example breakout",
      "mean": 77.38408644366,
      "stddev": 0.33294374238410407,
      "median": 77.30842071356,
      "user": 1144.5772362399998,
      "system": 29.734627199999995,
      "min": 77.11268854956,
      "max": 78.29520405456,
      "times": [
        77.36297028456,
        77.20979705656,
        77.30330769556001,
        77.41617538556,
        77.37343627856,
        77.20482386856,
        77.24892753156,
        78.29520405456,
        77.31353373156,
        77.11268854956
      ],
      "exit_codes": [
        0,
        0,
        0,
        0,
        0,
        0,
        0,
        0,
        0,
        0
      ]
    }
  ]
}
