{
  "results": [
    {
      "command": "cargo build --jobs 8 --release --example breakout",
      "mean": 108.76365459886001,
      "stddev": 0.6624064929440392,
      "median": 108.39318290046,
      "user": 821.87984896,
      "system": 21.701114279999995,
      "min": 108.28933694146001,
      "max": 109.77474011446,
      "times": [
        109.68801837346,
        109.69789516446001,
        108.31481664246,
        108.36698555946,
        108.41938024146,
        108.29813662746001,
        108.45118852246,
        108.33604780146,
        109.77474011446,
        108.28933694146001
      ],
      "exit_codes": [
        0,
        0,
        0,
        0,
        0,
        0,
        0,
        0,
        0,
        0
      ]
    }
  ]
}
