{
  "results": [
    {
      "command": "cargo build --jobs 16 --release --example breakout",
      "mean": 72.52944458601999,
      "stddev": 0.7649207205286305,
      "median": 72.63890915842,
      "user": 1030.27911092,
      "system": 27.505541899999997,
      "min": 71.20766435792001,
      "max": 73.48456033192001,
      "times": [
        72.93638147792001,
        71.38736828692001,
        72.06416594692,
        73.18483978392001,
        71.20766435792001,
        72.66516220592001,
        73.48456033192001,
        73.21147301392,
        72.54017434392,
        72.61265611092
      ],
      "exit_codes": [
        0,
        0,
        0,
        0,
        0,
        0,
        0,
        0,
        0,
        0
      ]
    }
  ]
}
