{
  "results": [
    {
      "command": "cargo build --jobs 16 --release --example breakout",
      "mean": 81.74820170230001,
      "stddev": 0.5128861765007477,
      "median": 81.5898929318,
      "user": 1234.4910680199996,
      "system": 31.292688140000003,
      "min": 81.3719205763,
      "max": 83.0979751133,
      "times": [
        81.46332964829999,
        82.06747670029999,
        81.7343400413,
        81.42597314929999,
        81.3719205763,
        81.60675493929999,
        81.5311664453,
        83.0979751133,
        81.6100494853,
        81.5730309243
      ],
      "exit_codes": [
        0,
        0,
        0,
        0,
        0,
        0,
        0,
        0,
        0,
        0
      ]
    }
  ]
}
