{
  "results": [
    {
      "command": "cargo build --jobs 8 --release --example breakout",
      "mean": 120.13299315442,
      "stddev": 0.11708942936575889,
      "median": 120.10243359781998,
      "user": 908.69714556,
      "system": 24.147160260000003,
      "min": 120.00110350982,
      "max": 120.36321693881999,
      "times": [
        120.11137918281999,
        120.18067021382,
        120.07173961282,
        120.24271601881999,
        120.01624299382,
        120.36321693881999,
        120.00110350982,
        120.22249077382,
        120.02688428681999,
        120.09348801281999
      ],
      "exit_codes": [
        0,
        0,
        0,
        0,
        0,
        0,
        0,
        0,
        0,
        0
      ]
    }
  ]
}
