{
  "results": [
    {
      "command": "cargo build --jobs 16 --release --example breakout",
      "mean": 77.94732749634001,
      "stddev": 0.328052255253745,
      "median": 77.88725793174001,
      "user": 1154.1853550199999,
      "system": 29.669880159999998,
      "min": 77.54792859824,
      "max": 78.51252432324,
      "times": [
        77.66945625024,
        78.06479764824,
        77.82096506624,
        77.95189992724,
        77.54975126324,
        78.31677312724,
        77.54792859824,
        78.51252432324,
        78.21656282324,
        77.82261593624
      ],
      "exit_codes": [
        0,
        0,
        0,
        0,
        0,
        0,
        0,
        0,
        0,
        0
      ]
    }
  ]
}
