{
  "results": [
    {
      "command": "cargo build --jobs 16 --release --example breakout",
      "mean": 73.55305914361999,
      "stddev": 0.675614419381116,
      "median": 73.47415984591998,
      "user": 1078.48500244,
      "system": 28.188540579999994,
      "min": 72.84605800892,
      "max": 74.64633496091999,
      "times": [
        73.90908352491999,
        74.21122460491999,
        73.23137606191999,
        74.64633496091999,
        72.91864145391999,
        72.86360000591999,
        74.24234802791999,
        72.84605800892,
        72.94498115692,
        73.71694362992
      ],
      "exit_codes": [
        0,
        0,
        0,
        0,
        0,
        0,
        0,
        0,
        0,
        0
      ]
    }
  ]
}
