{
  "results": [
    {
      "command": "cargo build --jobs 8 --release --example breakout",
      "mean": 120.25576849662002,
      "stddev": 0.2596804892336655,
      "median": 120.30876882332001,
      "user": 906.53914852,
      "system": 24.12486834,
      "min": 119.80964919032,
      "max": 120.60328083132,
      "times": [
        120.17030367731999,
        119.84495586432,
        120.37856749132,
        120.24503114732,
        120.48713642932,
        120.37250649932,
        120.60328083132,
        120.22408395532,
        119.80964919032,
        120.42216988032
      ],
      "exit_codes": [
        0,
        0,
        0,
        0,
        0,
        0,
        0,
        0,
        0,
        0
      ]
    }
  ]
}
