{
  "results": [
    {
      "command": "cargo build --jobs 16 --release --example breakout",
      "mean": 77.45804457442001,
      "stddev": 0.29157039513260413,
      "median": 77.42528076522001,
      "user": 1141.9594506800001,
      "system": 29.77012302,
      "min": 77.02142333022,
      "max": 78.01402557522,
      "times": [
        77.37787830222001,
        77.62849762122,
        77.21635849922001,
        77.25745303122001,
        77.77392151422,
        78.01402557522,
        77.29409480922,
        77.47268322822,
        77.52410983322001,
        77.02142333022
      ],
      "exit_codes": [
        0,
        0,
        0,
        0,
        0,
        0,
        0,
        0,
        0,
        0
      ]
    }
  ]
}
