{
  "results": [
    {
      "command": "cargo build --jobs 16 --release --example breakout",
      "mean": 79.68943840368,
      "stddev": 0.44973958421865384,
      "median": 79.70078032938,
      "user": 1156.20116712,
      "system": 30.136597939999994,
      "min": 78.85959649338,
      "max": 80.30113999338,
      "times": [
        79.57799435438,
        78.85959649338,
        79.86631111138,
        79.23132005938,
        79.93447510538,
        79.42929852838,
        80.29268773238,
        80.30113999338,
        79.77861313838,
        79.62294752038
      ],
      "exit_codes": [
        0,
        0,
        0,
        0,
        0,
        0,
        0,
        0,
        0,
        0
      ]
    }
  ]
}
