{
  "results": [
    {
      "command": "cargo build --jobs 8 --release --example breakout",
      "mean": 117.94031212778,
      "stddev": 0.22459902731761724,
      "median": 117.97017316947999,
      "user": 905.5782999399999,
      "system": 23.671679899999994,
      "min": 117.65182402698,
      "max": 118.29120328498,
      "times": [
        117.92564548098,
        118.07082196498,
        117.67578154898,
        117.65209946598,
        118.01470085797999,
        117.88602830798,
        117.65182402698,
        118.06235232297999,
        118.29120328498,
        118.17266401597999
      ],
      "exit_codes": [
        0,
        0,
        0,
        0,
        0,
        0,
        0,
        0,
        0,
        0
      ]
    }
  ]
}
