{
  "results": [
    {
      "command": "cargo build --jobs 16 --release --example breakout",
      "mean": 81.17962972866,
      "stddev": 0.7374766628791858,
      "median": 81.47993836526001,
      "user": 1204.13003574,
      "system": 30.914178019999998,
      "min": 80.21478048476,
      "max": 82.10876783576,
      "times": [
        81.53032707776,
        80.22281664176,
        80.25553610776001,
        81.84760989676,
        81.77398761176,
        82.10876783576,
        80.79123380076,
        80.21478048476,
        81.42954965276,
        81.62168817676
      ],
      "exit_codes": [
        0,
        0,
        0,
        0,
        0,
        0,
        0,
        0,
        0,
        0
      ]
    }
  ]
}
