{
  "results": [
    {
      "command": "cargo build --jobs 16 --release --example breakout",
      "mean": 78.16068209203999,
      "stddev": 0.21162520144162988,
      "median": 78.10839396864,
      "user": 1179.59128516,
      "system": 30.133008339999996,
      "min": 77.81542042564,
      "max": 78.49141637664,
      "times": [
        78.00676365664,
        78.29955323164,
        78.11846905864,
        78.49141637664,
        78.41137281764,
        78.04056367564,
        78.09831887864,
        77.81542042564,
        78.00666963164001,
        78.31827316764
      ],
      "exit_codes": [
        0,
        0,
        0,
        0,
        0,
        0,
        0,
        0,
        0,
        0
      ]
    }
  ]
}
