{
  "results": [
    {
      "command": "cargo build --jobs 8 --release --example breakout",
      "mean": 133.07776060557998,
      "stddev": 0.1426909093112924,
      "median": 133.09648444108,
      "user": 1011.35689332,
      "system": 24.763543300000002,
      "min": 132.83684039758,
      "max": 133.29445162157998,
      "times": [
        132.99573755658,
        132.89554944158,
        133.07073634358,
        133.17017633358,
        133.12223253858,
        133.21040572558,
        133.29445162157998,
        133.16081198358,
        133.02066411357998,
        132.83684039758
      ],
      "exit_codes": [
        0,
        0,
        0,
        0,
        0,
        0,
        0,
        0,
        0,
        0
      ]
    }
  ]
}
