{
  "results": [
    {
      "command": "cargo build --jobs 16 --release --example breakout",
      "mean": 69.22604556776,
      "stddev": 0.9842419597585438,
      "median": 69.51944864705999,
      "user": 974.3279287400001,
      "system": 27.121244159999996,
      "min": 67.55947880506,
      "max": 70.52543411906,
      "times": [
        70.30737284605999,
        67.55947880506,
        69.75335487406,
        68.27109399205999,
        68.03005982206,
        69.07311630106,
        69.66322125005999,
        69.37567604406,
        69.70164762405999,
        70.52543411906
      ],
      "exit_codes": [
        0,
        0,
        0,
        0,
        0,
        0,
        0,
        0,
        0,
        0
      ]
    }
  ]
}
