{
  "results": [
    {
      "command": "cargo build --jobs 8 --release --example breakout",
      "mean": 103.39735375502002,
      "stddev": 0.34040252544977295,
      "median": 103.37174814262,
      "user": 780.4671748,
      "system": 21.649658119999998,
      "min": 102.87046390012,
      "max": 103.97428173112,
      "times": [
        102.95820227712001,
        103.53178074712001,
        103.97428173112,
        103.16843457112,
        103.68234250612001,
        103.68820481112,
        103.35633072112,
        102.87046390012,
        103.36012130912,
        103.38337497612001
      ],
      "exit_codes": [
        0,
        0,
        0,
        0,
        0,
        0,
        0,
        0,
        0,
        0
      ]
    }
  ]
}
