{
  "results": [
    {
      "command": "cargo build --jobs 8 --release --example breakout",
      "mean": 117.25524700987998,
      "stddev": 0.2488176685986921,
      "median": 117.28044602588,
      "user": 903.4058467799999,
      "system": 23.84304108,
      "min": 116.84037445588,
      "max": 117.67981141288,
      "times": [
        116.84037445588,
        117.28089225987999,
        117.50148955188,
        117.12435972988,
        117.67981141288,
        117.44189806588,
        117.27999979188,
        117.29715334788,
        116.99169539588,
        117.11479608687999
      ],
      "exit_codes": [
        0,
        0,
        0,
        0,
        0,
        0,
        0,
        0,
        0,
        0
      ]
    }
  ]
}
