{
  "results": [
    {
      "command": "cargo build --jobs 16 --release --example breakout",
      "mean": 80.40203191788001,
      "stddev": 0.08927527046409617,
      "median": 80.40637183318,
      "user": 1204.18236806,
      "system": 30.7867049,
      "min": 80.28418324568,
      "max": 80.55713063668,
      "times": [
        80.44074976068,
        80.55713063668,
        80.31982109468001,
        80.51416944468001,
        80.40516986968001,
        80.43259383068,
        80.30256245168,
        80.28418324568,
        80.40757379668,
        80.35636504768
      ],
      "exit_codes": [
        0,
        0,
        0,
        0,
        0,
        0,
        0,
        0,
        0,
        0
      ]
    }
  ]
}
