{
  "results": [
    {
      "command": "cargo build --jobs 8 --release --example breakout",
      "mean": 123.92283048675998,
      "stddev": 0.26501918519787565,
      "median": 123.80275554586,
      "user": 953.8119647799998,
      "system": 25.050455980000002,
      "min": 123.66719388435999,
      "max": 124.40216079135999,
      "times": [
        124.03651495035999,
        123.74811320735999,
        123.72121080736,
        124.40216079135999,
        123.67778458836,
        124.06990307935999,
        123.79266891035999,
        124.29991246735999,
        123.81284218136,
        123.66719388435999
      ],
      "exit_codes": [
        0,
        0,
        0,
        0,
        0,
        0,
        0,
        0,
        0,
        0
      ]
    }
  ]
}
