{
  "results": [
    {
      "command": "cargo build --jobs 8 --release --example breakout",
      "mean": 120.09945988624,
      "stddev": 0.24607826405105646,
      "median": 120.10646650914,
      "user": 904.7871680000001,
      "system": 23.75060774,
      "min": 119.71104470464,
      "max": 120.41086131963999,
      "times": [
        119.80157424964,
        120.30140076464,
        119.98361433964,
        120.41086131963999,
        120.37813744464,
        119.96809084864,
        120.22931867864,
        119.95973234864,
        120.25082416363999,
        119.71104470464
      ],
      "exit_codes": [
        0,
        0,
        0,
        0,
        0,
        0,
        0,
        0,
        0,
        0
      ]
    }
  ]
}
