{
  "results": [
    {
      "command": "cargo build --jobs 16 --release --example breakout",
      "mean": 77.29143956374,
      "stddev": 0.18599220728377036,
      "median": 77.27865687084,
      "user": 1144.4301555000002,
      "system": 29.318823780000002,
      "min": 76.98333247834,
      "max": 77.54067241334,
      "times": [
        77.22649971734,
        77.51272572134,
        77.37382107534,
        77.23927498434,
        77.31803875734,
        77.46384959334,
        77.54067241334,
        76.98333247834,
        77.06564161034,
        77.19053928634
      ],
      "exit_codes": [
        0,
        0,
        0,
        0,
        0,
        0,
        0,
        0,
        0,
        0
      ]
    }
  ]
}
