{
  "results": [
    {
      "command": "cargo build --jobs 8 --release --example breakout",
      "mean": 139.59629309813997,
      "stddev": 0.18978523986804155,
      "median": 139.55397025783998,
      "user": 1067.5888887400001,
      "system": 26.820836199999995,
      "min": 139.36069504084,
      "max": 139.91421016383998,
      "times": [
        139.52453782083998,
        139.38838472284,
        139.55356852283998,
        139.36069504084,
        139.55437199283998,
        139.61447517884,
        139.88822569983998,
        139.46041132384,
        139.70405051484,
        139.91421016383998
      ],
      "exit_codes": [
        0,
        0,
        0,
        0,
        0,
        0,
        0,
        0,
        0,
        0
      ]
    }
  ]
}
