{
  "results": [
    {
      "command": "cargo build --jobs 16 --release --example breakout",
      "mean": 96.54290539748,
      "stddev": 0.6938216351588526,
      "median": 96.49176069908,
      "user": 1336.98215582,
      "system": 33.38098332,
      "min": 95.61420544608,
      "max": 97.68496319208,
      "times": [
        97.35139994008,
        97.03103267208,
        96.26727013808,
        97.68496319208,
        96.82964458708,
        95.98339208108,
        95.61420544608,
        96.71625126008,
        96.22889305108001,
        95.72200160708
      ],
      "exit_codes": [
        0,
        0,
        0,
        0,
        0,
        0,
        0,
        0,
        0,
        0
      ]
    }
  ]
}
