{
  "results": [
    {
      "command": "cargo build --jobs 8 --release --example breakout",
      "mean": 120.47504655654,
      "stddev": 0.23103691672578514,
      "median": 120.40510040973999,
      "user": 903.7546319,
      "system": 23.80790518,
      "min": 120.22267530974,
      "max": 120.90866038374,
      "times": [
        120.37638493674,
        120.22267530974,
        120.46190656574,
        120.55890323973999,
        120.90866038374,
        120.42047342874,
        120.38972739073999,
        120.28647287774,
        120.28822954274,
        120.83703188973999
      ],
      "exit_codes": [
        0,
        0,
        0,
        0,
        0,
        0,
        0,
        0,
        0,
        0
      ]
    }
  ]
}
