{
  "results": [
    {
      "command": "cargo build --jobs 16 --release --example breakout",
      "mean": 77.2403594253,
      "stddev": 0.1252336706244038,
      "median": 77.22192351819999,
      "user": 1142.75339232,
      "system": 29.522202200000002,
      "min": 77.06218839419999,
      "max": 77.48518919119999,
      "times": [
        77.1964822812,
        77.48518919119999,
        77.1878066382,
        77.2137176262,
        77.2969004102,
        77.23012941019999,
        77.06218839419999,
        77.3914862882,
        77.2330255942,
        77.1066684192
      ],
      "exit_codes": [
        0,
        0,
        0,
        0,
        0,
        0,
        0,
        0,
        0,
        0
      ]
    }
  ]
}
