{
  "results": [
    {
      "command": "cargo build --jobs 8 --release --example breakout",
      "mean": 127.57627531554002,
      "stddev": 0.245626472835746,
      "median": 127.55132139614,
      "user": 976.7219748999999,
      "system": 25.6179938,
      "min": 127.24757148164001,
      "max": 127.98548452564,
      "times": [
        127.43255629864001,
        127.73753694264,
        127.24757148164001,
        127.91092980764,
        127.51275755064,
        127.98548452564,
        127.31999481464,
        127.38864693364,
        127.58988524164,
        127.63738955864
      ],
      "exit_codes": [
        0,
        0,
        0,
        0,
        0,
        0,
        0,
        0,
        0,
        0
      ]
    }
  ]
}
