{
  "results": [
    {
      "command": "cargo build --jobs 16 --release --example breakout",
      "mean": 83.17326467536,
      "stddev": 0.6810993512998444,
      "median": 83.12745088066,
      "user": 1226.90652716,
      "system": 31.78727698,
      "min": 81.90094133316,
      "max": 83.92238001516,
      "times": [
        83.87529610816,
        82.91835442516,
        83.31074695216,
        83.92238001516,
        83.78755968216,
        81.90094133316,
        82.56466583716,
        83.80426948916,
        82.70427810216,
        82.94415480916
      ],
      "exit_codes": [
        0,
        0,
        0,
        0,
        0,
        0,
        0,
        0,
        0,
        0
      ]
    }
  ]
}
