{
  "results": [
    {
      "command": "cargo build --jobs 16 --release --example breakout",
      "mean": 82.51434567480001,
      "stddev": 1.2974825191403772,
      "median": 82.1975357451,
      "user": 1198.0372147799999,
      "system": 31.505075859999998,
      "min": 80.89844194759999,
      "max": 84.24588697259999,
      "times": [
        81.30232482459999,
        84.24588697259999,
        83.24163656159999,
        81.1331148706,
        81.7848672956,
        82.1623510166,
        84.2353344176,
        82.2327204736,
        80.89844194759999,
        83.9067783676
      ],
      "exit_codes": [
        0,
        0,
        0,
        0,
        0,
        0,
        0,
        0,
        0,
        0
      ]
    }
  ]
}
