{
  "results": [
    {
      "command": "cargo build --jobs 16 --release --example breakout",
      "mean": 70.25847022426,
      "stddev": 1.0174063074754076,
      "median": 70.22375249385999,
      "user": 987.86113358,
      "system": 27.304525719999997,
      "min": 68.37136741886,
      "max": 71.70220671186,
      "times": [
        69.89130918986,
        71.06718506886,
        70.52439026585999,
        70.30691287586,
        68.37136741886,
        69.11208434786,
        70.01751270986,
        70.14059211186,
        71.70220671186,
        71.45114154186
      ],
      "exit_codes": [
        0,
        0,
        0,
        0,
        0,
        0,
        0,
        0,
        0,
        0
      ]
    }
  ]
}
