{
  "results": [
    {
      "command": "cargo build --jobs 8 --release --example breakout",
      "mean": 105.17259736886001,
      "stddev": 0.28287726943261765,
      "median": 105.19433671195999,
      "user": 792.00215882,
      "system": 21.81041758,
      "min": 104.68440008946,
      "max": 105.56409341646,
      "times": [
        105.14486048645999,
        104.75448893046,
        105.46901698446,
        105.56409341646,
        105.38132866245999,
        105.25994028646,
        105.08451862845999,
        105.13951326646,
        104.68440008946,
        105.24381293745999
      ],
      "exit_codes": [
        0,
        0,
        0,
        0,
        0,
        0,
        0,
        0,
        0,
        0
      ]
    }
  ]
}
