{
  "results": [
    {
      "command": "cargo build --jobs 16 --release --example breakout",
      "mean": 80.36829423446,
      "stddev": 0.24873762576990985,
      "median": 80.38400151976,
      "user": 1203.5010779,
      "system": 30.822784660000003,
      "min": 79.87006487875999,
      "max": 80.75891696976,
      "times": [
        80.26220872975999,
        80.48764314275999,
        80.49388203475999,
        80.75891696976,
        79.87006487875999,
        80.57743238876,
        80.39180420376,
        80.10306345576,
        80.36172770476,
        80.37619883576
      ],
      "exit_codes": [
        0,
        0,
        0,
        0,
        0,
        0,
        0,
        0,
        0,
        0
      ]
    }
  ]
}
