{
  "results": [
    {
      "command": "cargo build --jobs 8 --release --example breakout",
      "mean": 123.82387669689999,
      "stddev": 0.14387381928441853,
      "median": 123.8106493089,
      "user": 953.5371855200001,
      "system": 25.122434459999997,
      "min": 123.6143226994,
      "max": 124.1255186244,
      "times": [
        123.7695050984,
        123.7351887184,
        123.92587188040001,
        123.90425367040001,
        123.8653437864,
        124.1255186244,
        123.7005172434,
        123.8517935194,
        123.6143226994,
        123.7464517284
      ],
      "exit_codes": [
        0,
        0,
        0,
        0,
        0,
        0,
        0,
        0,
        0,
        0
      ]
    }
  ]
}
