{
  "results": [
    {
      "command": "cargo build --jobs 8 --release --example breakout",
      "mean": 121.33168886861999,
      "stddev": 0.15996048444068509,
      "median": 121.30654551821999,
      "user": 915.0724596799998,
      "system": 24.26171714,
      "min": 121.16535399822,
      "max": 121.70507769022,
      "times": [
        121.70507769022,
        121.36766853622,
        121.39578014621999,
        121.21912906022,
        121.23798768022,
        121.26053620521999,
        121.35255483121999,
        121.16535399822,
        121.42799537622,
        121.18480516222
      ],
      "exit_codes": [
        0,
        0,
        0,
        0,
        0,
        0,
        0,
        0,
        0,
        0
      ]
    }
  ]
}
