{
  "results": [
    {
      "command": "cargo build --jobs 8 --release --example breakout",
      "mean": 134.79945062337998,
      "stddev": 0.18968908055402975,
      "median": 134.80382026818,
      "user": 1028.43592562,
      "system": 25.149183119999996,
      "min": 134.46395487517998,
      "max": 135.08808407618,
      "times": [
        134.58886595118,
        134.96209331217997,
        134.46395487517998,
        134.95658695717998,
        134.91632500618,
        134.71432478018,
        135.08808407618,
        134.69663073918,
        134.82577859117998,
        134.78186194518
      ],
      "exit_codes": [
        0,
        0,
        0,
        0,
        0,
        0,
        0,
        0,
        0,
        0
      ]
    }
  ]
}
