{
  "results": [
    {
      "command": "cargo build --jobs 16 --release --example breakout",
      "mean": 80.55542976722,
      "stddev": 0.4246836291665797,
      "median": 80.73191938892,
      "user": 1161.90651404,
      "system": 30.17672754,
      "min": 79.74082671242,
      "max": 81.02328080542,
      "times": [
        80.05628173641999,
        80.34843438842,
        80.69015526542,
        80.77368351241999,
        80.96085823442,
        80.84246679542,
        81.02328080542,
        80.82008726542,
        79.74082671242,
        80.29822295641999
      ],
      "exit_codes": [
        0,
        0,
        0,
        0,
        0,
        0,
        0,
        0,
        0,
        0
      ]
    }
  ]
}
