{
  "results": [
    {
      "command": "cargo build --jobs 16 --release --example breakout",
      "mean": 78.43705844986002,
      "stddev": 0.33946316151737804,
      "median": 78.41694564876,
      "user": 1180.73689092,
      "system": 30.333923759999998,
      "min": 77.98867087876,
      "max": 79.25861263676,
      "times": [
        79.25861263676,
        78.46130657876,
        78.24779361776,
        78.53368112776,
        78.39211568976,
        77.98867087876,
        78.55642957576,
        78.35775201776,
        78.44177560776001,
        78.13244676776
      ],
      "exit_codes": [
        0,
        0,
        0,
        0,
        0,
        0,
        0,
        0,
        0,
        0
      ]
    }
  ]
}
