{
  "results": [
    {
      "command": "cargo build --jobs 8 --release --example breakout",
      "mean": 127.66058533774,
      "stddev": 1.635504324187179,
      "median": 127.08831002634,
      "user": 970.6429206799997,
      "system": 24.441829799999997,
      "min": 126.75168451034,
      "max": 132.24569587534,
      "times": [
        126.84218933634,
        127.07280779733999,
        127.56533327033999,
        132.24569587534,
        127.56857062134,
        126.75168451034,
        127.04085590333999,
        127.10381225533999,
        127.41603692534,
        126.99886688234
      ],
      "exit_codes": [
        0,
        0,
        0,
        0,
        0,
        0,
        0,
        0,
        0,
        0
      ]
    }
  ]
}
