{
  "results": [
    {
      "command": "cargo build --jobs 16 --release --example breakout",
      "mean": 74.85913836826,
      "stddev": 0.24613475577186922,
      "median": 74.81088631765999,
      "user": 1134.63999196,
      "system": 29.54305126,
      "min": 74.56413486116,
      "max": 75.18910878016,
      "times": [
        75.18910878016,
        75.16666823716,
        74.73238644615999,
        74.61824970715999,
        74.97448058916,
        75.14693305216,
        74.56413486116,
        74.66706866716,
        74.88938618915999,
        74.64296715316
      ],
      "exit_codes": [
        0,
        0,
        0,
        0,
        0,
        0,
        0,
        0,
        0,
        0
      ]
    }
  ]
}
