{
  "results": [
    {
      "command": "cargo build --jobs 16 --release --example breakout",
      "mean": 77.90285253846,
      "stddev": 0.21828149894569382,
      "median": 77.90352247626001,
      "user": 1143.1086168200002,
      "system": 30.010421639999993,
      "min": 77.47543607726,
      "max": 78.19978543126,
      "times": [
        77.47543607726,
        77.78101503626,
        78.10019077726,
        77.70272992726,
        78.12105261026,
        77.83425198826,
        78.19978543126,
        77.92546278626,
        78.00701858426,
        77.88158216626
      ],
      "exit_codes": [
        0,
        0,
        0,
        0,
        0,
        0,
        0,
        0,
        0,
        0
      ]
    }
  ]
}
