{
  "results": [
    {
      "command": "cargo build --jobs 8 --release --example breakout",
      "mean": 119.84939085828,
      "stddev": 0.16540987941170845,
      "median": 119.89492543148,
      "user": 908.3108027999999,
      "system": 24.56099112,
      "min": 119.47358804398,
      "max": 120.06177386198,
      "times": [
        119.47358804398,
        119.91986678398,
        119.77712685298,
        119.81747090898,
        119.92288242198,
        119.72694682498,
        119.90307791998,
        119.88677294298,
        120.00440202098,
        120.06177386198
      ],
      "exit_codes": [
        0,
        0,
        0,
        0,
        0,
        0,
        0,
        0,
        0,
        0
      ]
    }
  ]
}
