{
  "results": [
    {
      "command": "cargo build --jobs 16 --release --example breakout",
      "mean": 89.64393977674,
      "stddev": 1.073941721477358,
      "median": 89.25810706364001,
      "user": 1272.8115044800002,
      "system": 30.952063220000003,
      "min": 88.12574301714001,
      "max": 91.15321276414001,
      "times": [
        88.12574301714001,
        90.96892754214001,
        89.43691118614001,
        91.15321276414001,
        88.91407004614,
        88.95128054114001,
        91.14046828914,
        89.07930294114,
        89.67881231514001,
        88.99066912514
      ],
      "exit_codes": [
        0,
        0,
        0,
        0,
        0,
        0,
        0,
        0,
        0,
        0
      ]
    }
  ]
}
