{
  "results": [
    {
      "command": "cargo build --jobs 8 --release --example breakout",
      "mean": 131.93183072132,
      "stddev": 0.12412398076880359,
      "median": 131.97661330021998,
      "user": 1015.0636274399998,
      "system": 24.885968759999997,
      "min": 131.74096863722,
      "max": 132.13836546322,
      "times": [
        131.74576029922,
        131.97416979322,
        131.98217255921998,
        132.13836546322,
        131.85201201522,
        131.99110580622,
        131.74096863722,
        131.97905680722,
        132.01738836022,
        131.89730747221998
      ],
      "exit_codes": [
        0,
        0,
        0,
        0,
        0,
        0,
        0,
        0,
        0,
        0
      ]
    }
  ]
}
