{
  "results": [
    {
      "command": "cargo build --jobs 16 --release --example breakout",
      "mean": 76.89114564778001,
      "stddev": 0.38504691433846316,
      "median": 76.78251175088,
      "user": 1164.942842,
      "system": 29.908985120000004,
      "min": 76.43242572788,
      "max": 77.41241497788,
      "times": [
        77.26828222188,
        77.20690435188,
        76.88127116088,
        77.41241497788,
        76.43242572788,
        76.68375234088,
        76.54680589288,
        77.36514932288,
        76.53596042188,
        76.57849005888
      ],
      "exit_codes": [
        0,
        0,
        0,
        0,
        0,
        0,
        0,
        0,
        0,
        0
      ]
    }
  ]
}
