{
  "results": [
    {
      "command": "cargo build --jobs 8 --release --example breakout",
      "mean": 117.01781469706,
      "stddev": 0.11067207764753534,
      "median": 116.98541608695999,
      "user": 900.7086183600001,
      "system": 24.176234,
      "min": 116.88755103346,
      "max": 117.19732404445999,
      "times": [
        116.88755103346,
        116.91442030345999,
        117.14622610245999,
        117.04155153546,
        116.98409638545999,
        116.90677477445999,
        117.19732404445999,
        117.14571998846,
        116.98673578846,
        116.96774701446
      ],
      "exit_codes": [
        0,
        0,
        0,
        0,
        0,
        0,
        0,
        0,
        0,
        0
      ]
    }
  ]
}
