{
  "results": [
    {
      "command": "cargo build --jobs 16 --release --example breakout",
      "mean": 75.55955759626,
      "stddev": 0.2981007789259573,
      "median": 75.60065065126,
      "user": 1136.29896136,
      "system": 29.59312478,
      "min": 74.93930281076,
      "max": 75.88696334876,
      "times": [
        74.93930281076,
        75.88289780276,
        75.78555558376,
        75.56519919676,
        75.39743270576,
        75.32210550376,
        75.63610210576,
        75.41418355476,
        75.88696334876,
        75.76583334976
      ],
      "exit_codes": [
        0,
        0,
        0,
        0,
        0,
        0,
        0,
        0,
        0,
        0
      ]
    }
  ]
}
