{
  "results": [
    {
      "command": "cargo build --jobs 16 --release --example breakout",
      "mean": 78.37894405944,
      "stddev": 0.23695356343468463,
      "median": 78.34230129334,
      "user": 1180.77867396,
      "system": 30.083256259999995,
      "min": 78.05404535084,
      "max": 78.70274185484,
      "times": [
        78.13907187584,
        78.60447916284001,
        78.58541864284,
        78.17952396984,
        78.45366319884,
        78.61120821884,
        78.05404535084,
        78.70274185484,
        78.22834893184,
        78.23093938784
      ],
      "exit_codes": [
        0,
        0,
        0,
        0,
        0,
        0,
        0,
        0,
        0,
        0
      ]
    }
  ]
}
