{
  "results": [
    {
      "command": "cargo build --jobs 8 --release --example breakout",
      "mean": 121.99790438433999,
      "stddev": 0.28883208328489945,
      "median": 121.94763239314,
      "user": 935.1958729800001,
      "system": 24.427086300000003,
      "min": 121.69191444114,
      "max": 122.67002941914001,
      "times": [
        121.77371590514001,
        122.18841059714,
        121.72525079414001,
        122.67002941914001,
        122.09908689614001,
        121.69191444114,
        121.94285647014,
        121.85068904014001,
        122.08468196414,
        121.95240831614001
      ],
      "exit_codes": [
        0,
        0,
        0,
        0,
        0,
        0,
        0,
        0,
        0,
        0
      ]
    }
  ]
}
