{
  "results": [
    {
      "command": "cargo build --jobs 8 --release --example breakout",
      "mean": 120.08554563070001,
      "stddev": 0.1437975867331048,
      "median": 120.0864760693,
      "user": 908.3580073199998,
      "system": 24.6737766,
      "min": 119.9098187608,
      "max": 120.3352766318,
      "times": [
        120.1625500478,
        119.9609922598,
        119.9098187608,
        119.9877977478,
        120.1733543358,
        120.1374676538,
        120.0354844848,
        119.9201920578,
        120.3352766318,
        120.2325223268
      ],
      "exit_codes": [
        0,
        0,
        0,
        0,
        0,
        0,
        0,
        0,
        0,
        0
      ]
    }
  ]
}
