{
  "results": [
    {
      "command": "cargo build --jobs 16 --release --example breakout",
      "mean": 77.99656573668,
      "stddev": 0.28327978579759794,
      "median": 78.07161879937999,
      "user": 1143.63189346,
      "system": 30.116891700000004,
      "min": 77.41040246188,
      "max": 78.29118110088,
      "times": [
        77.86666111388,
        78.03392912087999,
        78.25555341187999,
        77.96022794587999,
        78.29118110088,
        78.17921177788,
        77.65560802888,
        77.41040246188,
        78.20357392688,
        78.10930847787999
      ],
      "exit_codes": [
        0,
        0,
        0,
        0,
        0,
        0,
        0,
        0,
        0,
        0
      ]
    }
  ]
}
