{
  "results": [
    {
      "command": "cargo build --jobs 8 --release --example breakout",
      "mean": 110.10273788049999,
      "stddev": 0.09900070212841038,
      "median": 110.11026013099999,
      "user": 832.73495708,
      "system": 21.87828344,
      "min": 109.90594895749999,
      "max": 110.23673108749999,
      "times": [
        110.05374008049999,
        110.0907171425,
        110.1413295085,
        110.2309675265,
        110.23673108749999,
        110.0075720265,
        110.09436090049999,
        110.1261593615,
        110.13985221349999,
        109.90594895749999
      ],
      "exit_codes": [
        0,
        0,
        0,
        0,
        0,
        0,
        0,
        0,
        0,
        0
      ]
    }
  ]
}
