{
  "results": [
    {
      "command": "cargo build --jobs 16 --release --example breakout",
      "mean": 73.36044047958,
      "stddev": 0.5499237857172691,
      "median": 73.21211795908,
      "user": 1042.7663621799998,
      "system": 27.639424180000002,
      "min": 72.82678729458,
      "max": 74.12351383758,
      "times": [
        72.91174800858,
        73.51248790958,
        72.85155046558,
        74.12351383758,
        73.83560194658,
        72.84791986158001,
        72.85613535058,
        72.82678729458,
        73.96275738058,
        73.87590274058
      ],
      "exit_codes": [
        0,
        0,
        0,
        0,
        0,
        0,
        0,
        0,
        0,
        0
      ]
    }
  ]
}
