{
  "results": [
    {
      "command": "cargo build --jobs 8 --release --example breakout",
      "mean": 122.34561861670002,
      "stddev": 0.1390038644168143,
      "median": 122.3530477772,
      "user": 923.1293054599998,
      "system": 24.826123539999998,
      "min": 122.1671710722,
      "max": 122.6239756712,
      "times": [
        122.19217615320001,
        122.3333898132,
        122.6239756712,
        122.41871790820001,
        122.4261120302,
        122.37270574120001,
        122.26510009820001,
        122.4314893372,
        122.22534834220001,
        122.1671710722
      ],
      "exit_codes": [
        0,
        0,
        0,
        0,
        0,
        0,
        0,
        0,
        0,
        0
      ]
    }
  ]
}
