{
  "results": [
    {
      "command": "cargo build --jobs 16 --release --example breakout",
      "mean": 80.55452425018001,
      "stddev": 0.3504107106057986,
      "median": 80.68184218108,
      "user": 1161.87108554,
      "system": 30.184846499999992,
      "min": 79.95045676858,
      "max": 81.02311763658,
      "times": [
        80.47490423158,
        80.78148282558,
        79.95045676858,
        80.66064953458,
        80.86485135558,
        81.02311763658,
        80.21179412658,
        80.70303482758,
        80.74429523258,
        80.13065596258
      ],
      "exit_codes": [
        0,
        0,
        0,
        0,
        0,
        0,
        0,
        0,
        0,
        0
      ]
    }
  ]
}
