{
  "results": [
    {
      "command": "cargo build --jobs 8 --release --example breakout",
      "mean": 125.32277860232,
      "stddev": 0.22548782622653582,
      "median": 125.33256967361999,
      "user": 961.3627913599997,
      "system": 25.1509362,
      "min": 124.84757907462,
      "max": 125.59537330862,
      "times": [
        125.30534075061999,
        125.53250331161999,
        125.35979859662,
        125.45791714962,
        125.59537330862,
        124.84757907462,
        125.50724880662,
        125.09370863662,
        125.25456852062,
        125.27374786762
      ],
      "exit_codes": [
        0,
        0,
        0,
        0,
        0,
        0,
        0,
        0,
        0,
        0
      ]
    }
  ]
}
