{
  "results": [
    {
      "command": "cargo build --jobs 16 --release --example breakout",
      "mean": 80.71387695941999,
      "stddev": 0.4802087391718551,
      "median": 80.58193831192,
      "user": 1215.61412932,
      "system": 31.083984519999994,
      "min": 80.18503952392,
      "max": 81.78756790492,
      "times": [
        80.89798221392,
        81.25032626492,
        80.58001116192,
        80.37907385292,
        81.78756790492,
        80.18503952392,
        80.58386546192,
        80.52097994792,
        80.36545635592,
        80.58846690592
      ],
      "exit_codes": [
        0,
        0,
        0,
        0,
        0,
        0,
        0,
        0,
        0,
        0
      ]
    }
  ]
}
