{
  "results": [
    {
      "command": "cargo build --jobs 16 --release --example breakout",
      "mean": 98.67874253826001,
      "stddev": 0.528170508344394,
      "median": 98.46171162296,
      "user": 1358.8765923400001,
      "system": 33.709293179999996,
      "min": 98.13096177846,
      "max": 99.51942804746001,
      "times": [
        98.18219412646,
        99.16530551846,
        98.13096177846,
        99.51942804746001,
        98.30443653446001,
        98.17692402346,
        98.50754434746,
        99.22832971146,
        99.15642239646,
        98.41587889846001
      ],
      "exit_codes": [
        0,
        0,
        0,
        0,
        0,
        0,
        0,
        0,
        0,
        0
      ]
    }
  ]
}
