{
  "results": [
    {
      "command": "cargo build --jobs 8 --release --example breakout",
      "mean": 142.55653505153998,
      "stddev": 0.6386007625614809,
      "median": 142.38580775783998,
      "user": 1084.2988691,
      "system": 27.085048819999997,
      "min": 141.90058917634,
      "max": 144.04307109433998,
      "times": [
        142.41225279233998,
        144.04307109433998,
        142.48657271733998,
        143.26860341734,
        141.90058917634,
        142.28425386534,
        142.35936272333998,
        142.18285381434,
        142.56597775333998,
        142.06181316133998
      ],
      "exit_codes": [
        0,
        0,
        0,
        0,
        0,
        0,
        0,
        0,
        0,
        0
      ]
    }
  ]
}
