{
  "results": [
    {
      "command": "cargo build --jobs 8 --release --example breakout",
      "mean": 123.78993146667999,
      "stddev": 0.17263694824531092,
      "median": 123.85668268598,
      "user": 950.7127232400001,
      "system": 25.042613380000002,
      "min": 123.50273840198001,
      "max": 123.97931749398,
      "times": [
        123.67394436498,
        123.90456219098,
        123.59973714498001,
        123.89613629598,
        123.81722907598001,
        123.96736777098,
        123.50273840198001,
        123.97931749398,
        123.63187166698,
        123.92641025998
      ],
      "exit_codes": [
        0,
        0,
        0,
        0,
        0,
        0,
        0,
        0,
        0,
        0
      ]
    }
  ]
}
