{
  "results": [
    {
      "command": "cargo build --jobs 16 --release --example breakout",
      "mean": 79.8388422935,
      "stddev": 0.23117959674683525,
      "median": 79.9206776285,
      "user": 1201.2344314399995,
      "system": 30.722008319999997,
      "min": 79.338145952,
      "max": 80.070650029,
      "times": [
        79.667325846,
        80.017015283,
        79.905237906,
        80.070650029,
        79.810929521,
        79.635310785,
        80.053211163,
        79.338145952,
        79.954479099,
        79.93611735100001
      ],
      "exit_codes": [
        0,
        0,
        0,
        0,
        0,
        0,
        0,
        0,
        0,
        0
      ]
    }
  ]
}
