{
  "results": [
    {
      "command": "cargo build --jobs 16 --release --example breakout",
      "mean": 97.35443044502001,
      "stddev": 0.6117061946418564,
      "median": 97.60010645232,
      "user": 1336.4890941199997,
      "system": 33.05522788,
      "min": 96.27119279381999,
      "max": 98.00207519682,
      "times": [
        96.27119279381999,
        97.19622257182,
        97.85870529882,
        97.65890374982,
        97.80872934482,
        96.66002385281999,
        98.00207519682,
        96.69642405581999,
        97.85071843082,
        97.54130915482
      ],
      "exit_codes": [
        0,
        0,
        0,
        0,
        0,
        0,
        0,
        0,
        0,
        0
      ]
    }
  ]
}
