{
  "results": [
    {
      "command": "cargo build --jobs 16 --release --example breakout",
      "mean": 75.79995581619998,
      "stddev": 0.9645630758197968,
      "median": 75.54703307029999,
      "user": 1137.76910974,
      "system": 30.730229379999997,
      "min": 75.1393957243,
      "max": 78.4931759373,
      "times": [
        75.5665310843,
        75.6973987683,
        75.3808437323,
        75.3512144353,
        75.41448090429999,
        78.4931759373,
        75.6685461233,
        75.1393957243,
        75.7604363963,
        75.5275350563
      ],
      "exit_codes": [
        0,
        0,
        0,
        0,
        0,
        0,
        0,
        0,
        0,
        0
      ]
    }
  ]
}
