{
  "results": [
    {
      "command": "cargo build --jobs 16 --release --example breakout",
      "mean": 78.37558865688001,
      "stddev": 0.2456023865185839,
      "median": 78.39176957907999,
      "user": 1180.57764052,
      "system": 30.09003876,
      "min": 77.99971308008,
      "max": 78.71274968908,
      "times": [
        78.11699777208,
        78.36230416107999,
        78.64102631008,
        78.17825307208,
        78.19247237207999,
        78.52266390007999,
        78.71274968908,
        78.42123499707999,
        77.99971308008,
        78.60847121508
      ],
      "exit_codes": [
        0,
        0,
        0,
        0,
        0,
        0,
        0,
        0,
        0,
        0
      ]
    }
  ]
}
