{
  "results": [
    {
      "command": "cargo build --jobs 16 --release --example breakout",
      "mean": 93.41281564966002,
      "stddev": 0.46068203071836317,
      "median": 93.50667932716001,
      "user": 1331.05330448,
      "system": 32.54837696,
      "min": 92.61265990516,
      "max": 94.36054357416,
      "times": [
        93.53867784616,
        93.53614413416001,
        93.36390070316,
        92.61265990516,
        93.54602239516001,
        94.36054357416,
        93.58054798416,
        93.47721452016,
        92.92616953516,
        93.18627589916001
      ],
      "exit_codes": [
        0,
        0,
        0,
        0,
        0,
        0,
        0,
        0,
        0,
        0
      ]
    }
  ]
}
