{
  "results": [
    {
      "command": "cargo build --jobs 8 --release --example breakout",
      "mean": 139.27029633408003,
      "stddev": 0.6862171892267076,
      "median": 139.04775913568,
      "user": 1061.3552261,
      "system": 26.192302259999998,
      "min": 138.86894303368,
      "max": 141.17939268368002,
      "times": [
        139.01800236868002,
        139.03119783168,
        139.16876488968,
        139.31817348868,
        141.17939268368002,
        138.90973421168002,
        138.91731410468,
        139.22712028868003,
        138.86894303368,
        139.06432043968002
      ],
      "exit_codes": [
        0,
        0,
        0,
        0,
        0,
        0,
        0,
        0,
        0,
        0
      ]
    }
  ]
}
