{
  "results": [
    {
      "command": "cargo build --jobs 16 --release --example breakout",
      "mean": 74.68410469386,
      "stddev": 0.3788190240544491,
      "median": 74.51931036145999,
      "user": 1133.2708547799998,
      "system": 29.62968448,
      "min": 74.24444019596,
      "max": 75.40417486896,
      "times": [
        74.34946453795999,
        74.24444019596,
        75.40417486896,
        74.46974793796,
        75.11655805896,
        74.54997822696,
        75.04501020496,
        74.46551024895999,
        74.70752016195999,
        74.48864249596
      ],
      "exit_codes": [
        0,
        0,
        0,
        0,
        0,
        0,
        0,
        0,
        0,
        0
      ]
    }
  ]
}
