{
  "results": [
    {
      "command": "cargo build --jobs 8 --release --example breakout",
      "mean": 116.9301936782,
      "stddev": 0.7263553753791145,
      "median": 116.82374096019998,
      "user": 897.44934004,
      "system": 23.98887808,
      "min": 116.21635748269999,
      "max": 118.8244746037,
      "times": [
        116.9762246067,
        116.3738706937,
        116.75362631969999,
        117.05528344769999,
        116.6332472627,
        116.21635748269999,
        116.5030623377,
        117.0719344267,
        116.8938556007,
        118.8244746037
      ],
      "exit_codes": [
        0,
        0,
        0,
        0,
        0,
        0,
        0,
        0,
        0,
        0
      ]
    }
  ]
}
