{
  "results": [
    {
      "command": "cargo build --jobs 8 --release --example breakout",
      "mean": 127.01240518217999,
      "stddev": 0.2868370116564332,
      "median": 126.95550833607999,
      "user": 971.41288308,
      "system": 25.63858536,
      "min": 126.72318467257999,
      "max": 127.74570535558,
      "times": [
        126.89331721958,
        126.99577320158,
        126.72318467257999,
        127.74570535558,
        127.15903225458,
        127.04801482258,
        126.95942834658,
        126.77720586657999,
        126.95158832557999,
        126.87080175658
      ],
      "exit_codes": [
        0,
        0,
        0,
        0,
        0,
        0,
        0,
        0,
        0,
        0
      ]
    }
  ]
}
