{
  "results": [
    {
      "command": "cargo build --jobs 8 --release --example breakout",
      "mean": 109.50268171972,
      "stddev": 0.2389148284394399,
      "median": 109.44081309502,
      "user": 825.8875441999999,
      "system": 21.843823799999996,
      "min": 109.23247297552,
      "max": 109.86789914351999,
      "times": [
        109.49695955652,
        109.40140183952,
        109.48022435052,
        109.26212186952,
        109.78975725552,
        109.81393458752,
        109.40062346152,
        109.28142215752,
        109.23247297552,
        109.86789914351999
      ],
      "exit_codes": [
        0,
        0,
        0,
        0,
        0,
        0,
        0,
        0,
        0,
        0
      ]
    }
  ]
}
