{
  "results": [
    {
      "command": "cargo build --jobs 16 --release --example breakout",
      "mean": 73.22012136254,
      "stddev": 0.5339967174252058,
      "median": 73.38020214884,
      "user": 1035.9568261600002,
      "system": 27.812675739999996,
      "min": 72.47581595934,
      "max": 73.89790132434,
      "times": [
        73.57570270133999,
        73.89790132434,
        73.74417350034,
        72.79131838933999,
        73.53799215734,
        73.66873776733999,
        72.62176814534,
        73.22241214034,
        72.47581595934,
        72.66539154034
      ],
      "exit_codes": [
        0,
        0,
        0,
        0,
        0,
        0,
        0,
        0,
        0,
        0
      ]
    }
  ]
}
