{
  "results": [
    {
      "command": "cargo build --jobs 16 --release --example breakout",
      "mean": 79.04386557132,
      "stddev": 0.4592313563139549,
      "median": 78.98517136582001,
      "user": 1153.7705043800001,
      "system": 30.172376859999996,
      "min": 78.45069451982,
      "max": 79.93801289482,
      "times": [
        78.45069451982,
        79.50854217682,
        79.93801289482,
        79.12658953782001,
        79.39237088582,
        78.75085998382,
        78.99994622182001,
        78.65225842382,
        78.64898455882,
        78.97039650982
      ],
      "exit_codes": [
        0,
        0,
        0,
        0,
        0,
        0,
        0,
        0,
        0,
        0
      ]
    }
  ]
}
