{
  "results": [
    {
      "command": "cargo build --jobs 8 --release --example breakout",
      "mean": 121.18273790372002,
      "stddev": 0.11484953014816851,
      "median": 121.15429751351999,
      "user": 916.21747994,
      "system": 24.6085888,
      "min": 121.05431202202,
      "max": 121.38513096702,
      "times": [
        121.36220738402,
        121.11851222002001,
        121.38513096702,
        121.05431202202,
        121.19011793002001,
        121.17886249402,
        121.11448566002001,
        121.12973253302,
        121.23312742502,
        121.06089040202001
      ],
      "exit_codes": [
        0,
        0,
        0,
        0,
        0,
        0,
        0,
        0,
        0,
        0
      ]
    }
  ]
}
