{
  "results": [
    {
      "command": "cargo build --jobs 8 --release --example breakout",
      "mean": 121.74891859348,
      "stddev": 0.3315846609863895,
      "median": 121.70047561588001,
      "user": 934.3560259,
      "system": 24.492480139999998,
      "min": 121.28328820488,
      "max": 122.38602562788,
      "times": [
        121.53942147888,
        121.70371185988,
        122.38602562788,
        121.69723937188,
        122.02705896888,
        121.86708563788,
        122.02863180688,
        121.44483740388,
        121.28328820488,
        121.51188557388
      ],
      "exit_codes": [
        0,
        0,
        0,
        0,
        0,
        0,
        0,
        0,
        0,
        0
      ]
    }
  ]
}
