{
  "results": [
    {
      "command": "cargo build --jobs 16 --release --example breakout",
      "mean": 80.75247810168,
      "stddev": 0.33475983849843083,
      "median": 80.70283501778,
      "user": 1162.6934378800001,
      "system": 30.17177344,
      "min": 80.29781942228,
      "max": 81.32252473828001,
      "times": [
        81.04968627728,
        80.74609742528,
        80.31852240228001,
        80.29781942228,
        81.06531057628,
        81.32252473828001,
        80.65810641128,
        80.90361207928001,
        80.50352907428001,
        80.65957261028001
      ],
      "exit_codes": [
        0,
        0,
        0,
        0,
        0,
        0,
        0,
        0,
        0,
        0
      ]
    }
  ]
}
