{
  "results": [
    {
      "command": "cargo build --jobs 16 --release --example breakout",
      "mean": 79.19530078526,
      "stddev": 3.8081769147748434,
      "median": 78.10334674846001,
      "user": 1142.13287952,
      "system": 30.187920599999995,
      "min": 77.59914268446,
      "max": 90.00648193046001,
      "times": [
        77.87200435546,
        78.37092223446001,
        90.00648193046001,
        77.80781012746,
        78.11634613046,
        77.59914268446,
        78.25740872446,
        77.60149817946001,
        78.09034736646001,
        78.23104611946
      ],
      "exit_codes": [
        0,
        0,
        0,
        0,
        0,
        0,
        0,
        0,
        0,
        0
      ]
    }
  ]
}
