{
  "results": [
    {
      "command": "cargo build --jobs 8 --release --example breakout",
      "mean": 143.78278013307997,
      "stddev": 0.1629502308000885,
      "median": 143.80189781218,
      "user": 1097.0189198599996,
      "system": 27.016884719999997,
      "min": 143.53672862468,
      "max": 144.04359412268,
      "times": [
        143.77647781668,
        143.95955617668,
        143.65308233768,
        143.61556789268,
        143.88932697767999,
        143.82731780767998,
        143.86363904868,
        143.66251052567998,
        143.53672862468,
        144.04359412268
      ],
      "exit_codes": [
        0,
        0,
        0,
        0,
        0,
        0,
        0,
        0,
        0,
        0
      ]
    }
  ]
}
