{
  "results": [
    {
      "command": "cargo build --jobs 16 --release --example breakout",
      "mean": 97.77124192592001,
      "stddev": 1.0174749165958636,
      "median": 98.08678977602,
      "user": 1375.91006136,
      "system": 33.65104366,
      "min": 96.02380751552,
      "max": 99.32428198552,
      "times": [
        99.32428198552,
        96.81329304252,
        96.02380751552,
        98.09274131052,
        97.70578735852,
        96.53590294252,
        98.61135156152,
        98.08083824152,
        98.35367628452,
        98.17073901652
      ],
      "exit_codes": [
        0,
        0,
        0,
        0,
        0,
        0,
        0,
        0,
        0,
        0
      ]
    }
  ]
}
