{
  "results": [
    {
      "command": "cargo build --jobs 16 --release --example breakout",
      "mean": 80.78744961187999,
      "stddev": 0.7281723843241605,
      "median": 80.56688494458,
      "user": 1215.31364796,
      "system": 31.09831608,
      "min": 79.92416080708,
      "max": 82.28537621007999,
      "times": [
        80.05699242808,
        81.17329795207999,
        81.65441042708,
        82.28537621007999,
        80.61367021008,
        80.52009967907999,
        80.37623383808,
        80.76125812907999,
        80.50899643807999,
        79.92416080708
      ],
      "exit_codes": [
        0,
        0,
        0,
        0,
        0,
        0,
        0,
        0,
        0,
        0
      ]
    }
  ]
}
