{
  "results": [
    {
      "command": "cargo build --jobs 8 --release --example breakout",
      "mean": 125.56484171374,
      "stddev": 0.10187999790833482,
      "median": 125.57383074213999,
      "user": 961.57804048,
      "system": 25.32252422,
      "min": 125.38240265114,
      "max": 125.72833632813999,
      "times": [
        125.57229850114,
        125.41065910213999,
        125.38240265114,
        125.60642849214,
        125.72833632813999,
        125.56631618413999,
        125.56274277514,
        125.57536298314,
        125.59736488914,
        125.64650523114
      ],
      "exit_codes": [
        0,
        0,
        0,
        0,
        0,
        0,
        0,
        0,
        0,
        0
      ]
    }
  ]
}
