{
  "results": [
    {
      "command": "cargo build --jobs 16 --release --example breakout",
      "mean": 97.46690189213999,
      "stddev": 2.924123864750954,
      "median": 96.53180010914,
      "user": 1372.61695922,
      "system": 32.59144263999999,
      "min": 95.88174880864,
      "max": 105.69102505564,
      "times": [
        105.69102505564,
        96.37271883164,
        95.94471276664,
        96.43061270864,
        96.42696294264,
        96.63298750964,
        95.88174880864,
        96.98298232063999,
        97.08627621763999,
        97.21899175963999
      ],
      "exit_codes": [
        0,
        0,
        0,
        0,
        0,
        0,
        0,
        0,
        0,
        0
      ]
    }
  ]
}
