{
  "results": [
    {
      "command": "cargo build --jobs 8 --release --example breakout",
      "mean": 122.26740630796,
      "stddev": 0.2637006722549847,
      "median": 122.23941485576,
      "user": 936.0983658399998,
      "system": 24.344768839999997,
      "min": 121.80275117276,
      "max": 122.64086901776,
      "times": [
        122.19976890176,
        122.20894275376,
        122.64086901776,
        122.14563289476,
        122.53798267475999,
        122.39936495376,
        121.95619042876,
        122.26988695776,
        121.80275117276,
        122.51267332376
      ],
      "exit_codes": [
        0,
        0,
        0,
        0,
        0,
        0,
        0,
        0,
        0,
        0
      ]
    }
  ]
}
