{
  "results": [
    {
      "command": "cargo build --jobs 16 --release --example breakout",
      "mean": 79.11757968500001,
      "stddev": 1.9933442627374696,
      "median": 78.73951204120002,
      "user": 1183.0732108400002,
      "system": 30.036634839999998,
      "min": 77.6200603972,
      "max": 84.5520475462,
      "times": [
        78.84476090620001,
        78.06827490120001,
        78.31067937920001,
        78.96135200120001,
        79.2098532272,
        78.63426317620001,
        77.7466151582,
        79.22789015720001,
        84.5520475462,
        77.6200603972
      ],
      "exit_codes": [
        0,
        0,
        0,
        0,
        0,
        0,
        0,
        0,
        0,
        0
      ]
    }
  ]
}
