{
  "results": [
    {
      "command": "cargo build --jobs 8 --release --example breakout",
      "mean": 130.22697628594,
      "stddev": 0.2516817847891416,
      "median": 130.26337510534,
      "user": 997.5198608399999,
      "system": 24.64039152,
      "min": 129.81792240933999,
      "max": 130.61545391534,
      "times": [
        129.81792240933999,
        130.23237176234,
        130.23793309133998,
        130.30726160734,
        130.53867835834,
        130.61545391534,
        130.28881711934,
        130.30351290934,
        129.96214399934,
        129.96566768734
      ],
      "exit_codes": [
        0,
        0,
        0,
        0,
        0,
        0,
        0,
        0,
        0,
        0
      ]
    }
  ]
}
