{
  "results": [
    {
      "command": "cargo build --jobs 16 --release --example breakout",
      "mean": 79.11881864879999,
      "stddev": 2.008541265869173,
      "median": 78.5443508465,
      "user": 1182.7836887999997,
      "system": 30.044338279999998,
      "min": 78.027379262,
      "max": 84.7743673,
      "times": [
        78.911841227,
        84.7743673,
        78.027379262,
        78.403165344,
        78.117993318,
        78.426511697,
        78.662189996,
        78.856817281,
        78.680704206,
        78.327216857
      ],
      "exit_codes": [
        0,
        0,
        0,
        0,
        0,
        0,
        0,
        0,
        0,
        0
      ]
    }
  ]
}
