{
  "results": [
    {
      "command": "cargo build --jobs 16 --release --example breakout",
      "mean": 86.84082150420001,
      "stddev": 0.7966198399045393,
      "median": 86.89499224069999,
      "user": 1218.10032946,
      "system": 31.98841734,
      "min": 85.2926394262,
      "max": 87.9830823142,
      "times": [
        87.2206942912,
        86.7469522552,
        87.56426122820001,
        87.4695064672,
        86.73603435620001,
        87.9830823142,
        86.1424783762,
        86.2095341012,
        85.2926394262,
        87.0430322262
      ],
      "exit_codes": [
        0,
        0,
        0,
        0,
        0,
        0,
        0,
        0,
        0,
        0
      ]
    }
  ]
}
