{
  "results": [
    {
      "command": "cargo build --jobs 8 --release --example breakout",
      "mean": 115.98568307834,
      "stddev": 0.26318919278591885,
      "median": 116.00907152014,
      "user": 869.2570926599998,
      "system": 22.693287339999998,
      "min": 115.63047987264001,
      "max": 116.35343061664,
      "times": [
        115.74965823064001,
        116.35343061664,
        115.63047987264001,
        115.78229092364,
        115.98090840264,
        115.68645341264,
        116.10206728964,
        116.24820857064,
        116.03723463764,
        116.28609882664
      ],
      "exit_codes": [
        0,
        0,
        0,
        0,
        0,
        0,
        0,
        0,
        0,
        0
      ]
    }
  ]
}
