{
  "results": [
    {
      "command": "cargo build --jobs 16 --release --example breakout",
      "mean": 77.55894704976001,
      "stddev": 0.3965730634610731,
      "median": 77.46971875016001,
      "user": 1147.5803976399998,
      "system": 29.787682079999996,
      "min": 77.18655836916,
      "max": 78.45391000716,
      "times": [
        77.90585558616,
        77.20994775116,
        77.73740778816,
        78.45391000716,
        77.53482552916,
        77.18655836916,
        77.20747493116001,
        77.40461197116001,
        77.61513133816,
        77.33374722616
      ],
      "exit_codes": [
        0,
        0,
        0,
        0,
        0,
        0,
        0,
        0,
        0,
        0
      ]
    }
  ]
}
