{
  "results": [
    {
      "command": "cargo build --jobs 8 --release --example breakout",
      "mean": 120.2893816018,
      "stddev": 0.3538678588909189,
      "median": 120.2067436287,
      "user": 906.9845024600002,
      "system": 24.23101562,
      "min": 119.9825274017,
      "max": 121.2416466657,
      "times": [
        120.3631828977,
        120.2167067627,
        120.2743832777,
        120.0759212537,
        119.9825274017,
        120.1029716847,
        121.2416466657,
        120.1967804947,
        120.31073740469999,
        120.1289581747
      ],
      "exit_codes": [
        0,
        0,
        0,
        0,
        0,
        0,
        0,
        0,
        0,
        0
      ]
    }
  ]
}
