{
  "results": [
    {
      "command": "cargo build --jobs 16 --release --example breakout",
      "mean": 78.59453148088001,
      "stddev": 0.21475707546549738,
      "median": 78.51591031798,
      "user": 1181.94355408,
      "system": 30.149481159999993,
      "min": 78.37200955648,
      "max": 78.96235997747999,
      "times": [
        78.50988112848,
        78.37616909248,
        78.91708854448,
        78.75626815247999,
        78.96235997747999,
        78.41495517647999,
        78.52193950748,
        78.60699889048,
        78.50764478248,
        78.37200955648
      ],
      "exit_codes": [
        0,
        0,
        0,
        0,
        0,
        0,
        0,
        0,
        0,
        0
      ]
    }
  ]
}
