{
  "results": [
    {
      "command": "cargo build --jobs 16 --release --example breakout",
      "mean": 76.86549421929999,
      "stddev": 0.2794925956721361,
      "median": 76.754488481,
      "user": 1147.22275146,
      "system": 29.481183439999995,
      "min": 76.4266764155,
      "max": 77.2823004405,
      "times": [
        76.6688269395,
        77.19126044149999,
        76.78426862949999,
        76.6900923625,
        76.6955958225,
        76.4266764155,
        77.0966270335,
        76.7247083325,
        77.2823004405,
        77.0945857755
      ],
      "exit_codes": [
        0,
        0,
        0,
        0,
        0,
        0,
        0,
        0,
        0,
        0
      ]
    }
  ]
}
