{
  "results": [
    {
      "command": "cargo build --jobs 8 --release --example breakout",
      "mean": 117.95325551063999,
      "stddev": 0.25868922211883333,
      "median": 117.96758191804,
      "user": 905.2260622200001,
      "system": 23.821249960000003,
      "min": 117.46277727804,
      "max": 118.33705516604,
      "times": [
        117.73800804004,
        118.33705516604,
        118.21522605004,
        118.06609825004,
        118.00607518804,
        117.92908864804,
        117.46277727804,
        117.81311775604,
        118.15860412804,
        117.80650460204
      ],
      "exit_codes": [
        0,
        0,
        0,
        0,
        0,
        0,
        0,
        0,
        0,
        0
      ]
    }
  ]
}
