{
  "results": [
    {
      "command": "cargo build --jobs 8 --release --example breakout",
      "mean": 113.52833864765998,
      "stddev": 0.2443280010080333,
      "median": 113.48393606496,
      "user": 857.9662371999999,
      "system": 22.194842819999998,
      "min": 113.20000695496,
      "max": 113.91832578296,
      "times": [
        113.20000695496,
        113.87294567696,
        113.73622547196,
        113.45257123296,
        113.51530089696,
        113.91832578296,
        113.31800819296,
        113.43339956096,
        113.54483893496,
        113.29176377096
      ],
      "exit_codes": [
        0,
        0,
        0,
        0,
        0,
        0,
        0,
        0,
        0,
        0
      ]
    }
  ]
}
