{
  "results": [
    {
      "command": "cargo build --jobs 16 --release --example breakout",
      "mean": 75.26246634868,
      "stddev": 0.47963025018397876,
      "median": 75.27132950758,
      "user": 1076.55769064,
      "system": 27.917853799999996,
      "min": 74.50697311508,
      "max": 76.06894525308,
      "times": [
        75.46543540308001,
        74.98482979108,
        75.07722361208,
        75.51647023308,
        74.97775001708,
        74.50697311508,
        75.51414783508,
        76.06894525308,
        74.76266404708001,
        75.75022418008
      ],
      "exit_codes": [
        0,
        0,
        0,
        0,
        0,
        0,
        0,
        0,
        0,
        0
      ]
    }
  ]
}
