{
  "results": [
    {
      "command": "cargo build --jobs 8 --release --example breakout",
      "mean": 120.49510828844,
      "stddev": 0.08868972321012236,
      "median": 120.49642402504,
      "user": 905.1872057799999,
      "system": 23.801022239999998,
      "min": 120.34801576704,
      "max": 120.62889250703999,
      "times": [
        120.62889250703999,
        120.42521662604,
        120.55609421404,
        120.45106829903999,
        120.54177975104,
        120.54623268303999,
        120.58612838303999,
        120.34801576704,
        120.44180944904,
        120.42584520503999
      ],
      "exit_codes": [
        0,
        0,
        0,
        0,
        0,
        0,
        0,
        0,
        0,
        0
      ]
    }
  ]
}
