{
  "results": [
    {
      "command": "cargo build --jobs 8 --release --example breakout",
      "mean": 121.49874303898,
      "stddev": 0.21201126953049812,
      "median": 121.52159356307999,
      "user": 904.26819344,
      "system": 23.863720800000003,
      "min": 121.05597248158,
      "max": 121.79794940858,
      "times": [
        121.05597248158,
        121.79794940858,
        121.35821952558,
        121.59656167057999,
        121.64152752758,
        121.41962049557999,
        121.59920258657999,
        121.68988801757999,
        121.38186322057999,
        121.44662545557999
      ],
      "exit_codes": [
        0,
        0,
        0,
        0,
        0,
        0,
        0,
        0,
        0,
        0
      ]
    }
  ]
}
