{
  "results": [
    {
      "command": "cargo build --jobs 8 --release --example breakout",
      "mean": 120.14848811535998,
      "stddev": 0.4372591102977881,
      "median": 120.21286871126,
      "user": 902.8951405199999,
      "system": 23.709156160000003,
      "min": 119.51085597876,
      "max": 120.78165009776,
      "times": [
        120.38324324576,
        119.95575275576,
        120.37197122376,
        119.51085597876,
        120.12993008476,
        119.56920871776,
        120.29580733776,
        119.79852590276,
        120.68793580876,
        120.78165009776
      ],
      "exit_codes": [
        0,
        0,
        0,
        0,
        0,
        0,
        0,
        0,
        0,
        0
      ]
    }
  ]
}
