{
  "results": [
    {
      "command": "cargo build --jobs 16 --release --example breakout",
      "mean": 80.66919540776,
      "stddev": 0.2758272327023393,
      "median": 80.70792197166,
      "user": 1162.5754443800001,
      "system": 30.193561139999996,
      "min": 80.05365234216,
      "max": 81.10137307016001,
      "times": [
        80.63439082416001,
        80.83140956916,
        80.05365234216,
        80.78145311916,
        80.78964122016001,
        80.54985028416,
        81.10137307016001,
        80.82804976516,
        80.58899440816,
        80.53313947516
      ],
      "exit_codes": [
        0,
        0,
        0,
        0,
        0,
        0,
        0,
        0,
        0,
        0
      ]
    }
  ]
}
