{
  "results": [
    {
      "command": "cargo build --jobs 8 --release --example breakout",
      "mean": 132.71042139794,
      "stddev": 0.206841540917354,
      "median": 132.69014125294,
      "user": 1022.3193042799998,
      "system": 24.6897876,
      "min": 132.45224556594,
      "max": 133.15243026593998,
      "times": [
        132.55904990393998,
        132.78481906294,
        132.92714722693998,
        132.68170928394,
        132.52510432794,
        132.72290761594,
        132.69857322194,
        132.45224556594,
        133.15243026593998,
        132.60022750394
      ],
      "exit_codes": [
        0,
        0,
        0,
        0,
        0,
        0,
        0,
        0,
        0,
        0
      ]
    }
  ]
}
