{
  "results": [
    {
      "command": "cargo build --jobs 16 --release --example breakout",
      "mean": 90.74379773448001,
      "stddev": 1.04140421460296,
      "median": 90.81237302188,
      "user": 1278.2707293199999,
      "system": 30.840597499999994,
      "min": 89.39010489088,
      "max": 92.04729926088,
      "times": [
        92.04729926088,
        91.70067036788,
        89.81973773088,
        91.78356476687999,
        91.70420877187999,
        89.96032612788,
        89.40731938388,
        90.65956619888,
        90.96517984488,
        89.39010489088
      ],
      "exit_codes": [
        0,
        0,
        0,
        0,
        0,
        0,
        0,
        0,
        0,
        0
      ]
    }
  ]
}
