{
  "results": [
    {
      "command": "cargo build --jobs 16 --release --example breakout",
      "mean": 77.42444348676,
      "stddev": 0.2179855817520657,
      "median": 77.37354215336,
      "user": 1139.9285961399996,
      "system": 29.74920144,
      "min": 77.08362195386,
      "max": 77.71792035486,
      "times": [
        77.25921221886,
        77.64318593686001,
        77.54813511986,
        77.38729864586,
        77.71792035486,
        77.23655142686,
        77.30276252086,
        77.70596102886,
        77.08362195386,
        77.35978566086
      ],
      "exit_codes": [
        0,
        0,
        0,
        0,
        0,
        0,
        0,
        0,
        0,
        0
      ]
    }
  ]
}
