{
  "results": [
    {
      "command": "cargo build --jobs 16 --release --example breakout",
      "mean": 77.05399609476001,
      "stddev": 3.5829761986648987,
      "median": 76.04106608396,
      "user": 1146.5488565800001,
      "system": 29.184264619999993,
      "min": 75.38567549996,
      "max": 87.22079471196,
      "times": [
        76.01505963196,
        76.11728424496,
        75.71552840196,
        75.64476371095999,
        87.22079471196,
        75.38567549996,
        75.87695350096,
        76.06707253596,
        76.26787242996,
        76.22895627896
      ],
      "exit_codes": [
        0,
        0,
        0,
        0,
        0,
        0,
        0,
        0,
        0,
        0
      ]
    }
  ]
}
