{
  "results": [
    {
      "command": "cargo build --jobs 8 --release --example breakout",
      "mean": 117.63401137928001,
      "stddev": 0.20551160077374422,
      "median": 117.61898720898,
      "user": 906.6368347399999,
      "system": 23.753981499999995,
      "min": 117.28006904048,
      "max": 117.96012794548001,
      "times": [
        117.57803287148,
        117.47482467248001,
        117.82824116048,
        117.44392095848,
        117.57326010048,
        117.96012794548001,
        117.28006904048,
        117.81744665548,
        117.65994154648,
        117.72424884148
      ],
      "exit_codes": [
        0,
        0,
        0,
        0,
        0,
        0,
        0,
        0,
        0,
        0
      ]
    }
  ]
}
