{
  "results": [
    {
      "command": "cargo build --jobs 8 --release --example breakout",
      "mean": 120.92313304134002,
      "stddev": 0.13324718928314677,
      "median": 120.95538154284,
      "user": 912.3494250799998,
      "system": 24.231283519999998,
      "min": 120.66440129034,
      "max": 121.07632210634,
      "times": [
        121.00087011934001,
        120.88370207334,
        120.98388251134,
        120.81905962834,
        121.07632210634,
        121.04086091834,
        121.04677094834,
        120.66440129034,
        120.78858024334001,
        120.92688057434
      ],
      "exit_codes": [
        0,
        0,
        0,
        0,
        0,
        0,
        0,
        0,
        0,
        0
      ]
    }
  ]
}
