{
  "results": [
    {
      "command": "cargo build --jobs 16 --release --example breakout",
      "mean": 77.86376549368,
      "stddev": 0.29739303169818065,
      "median": 77.88033096498,
      "user": 1153.49678082,
      "system": 30.020137060000003,
      "min": 77.50064191448,
      "max": 78.33914181947999,
      "times": [
        77.85383127148,
        78.27190671548,
        77.90683065848,
        77.52627871247999,
        77.96314812648,
        77.70111686348,
        78.33914181947999,
        77.50064191448,
        78.01944743948,
        77.55531141547999
      ],
      "exit_codes": [
        0,
        0,
        0,
        0,
        0,
        0,
        0,
        0,
        0,
        0
      ]
    }
  ]
}
