{
  "results": [
    {
      "command": "cargo build --jobs 16 --release --example breakout",
      "mean": 75.51653692912,
      "stddev": 0.6309789364667457,
      "median": 75.37232819912,
      "user": 1138.18524542,
      "system": 30.492511560000004,
      "min": 74.79767280962,
      "max": 77.15668027362,
      "times": [
        75.65826029362,
        75.37148660662,
        75.37316979162,
        77.15668027362,
        74.79767280962,
        75.68532382062,
        75.24710491962,
        75.24936345262,
        75.14067045762,
        75.48563686562
      ],
      "exit_codes": [
        0,
        0,
        0,
        0,
        0,
        0,
        0,
        0,
        0,
        0
      ]
    }
  ]
}
