{
  "results": [
    {
      "command": "cargo build --jobs 16 --release --example breakout",
      "mean": 73.15282775825999,
      "stddev": 0.31931577053562443,
      "median": 73.05698966136,
      "user": 1072.83162124,
      "system": 28.22964948,
      "min": 72.64083636686,
      "max": 73.64904402586001,
      "times": [
        73.64904402586001,
        73.27617371786,
        72.64083636686,
        73.03277270486001,
        73.08120661786,
        73.35537515086,
        73.02542074186,
        72.83741460886,
        73.02762665486,
        73.60240699286
      ],
      "exit_codes": [
        0,
        0,
        0,
        0,
        0,
        0,
        0,
        0,
        0,
        0
      ]
    }
  ]
}
