{
  "results": [
    {
      "command": "cargo build --jobs 8 --release --example breakout",
      "mean": 112.92038974082,
      "stddev": 0.2536091412008518,
      "median": 112.98348041662,
      "user": 853.9135160599999,
      "system": 22.784293159999997,
      "min": 112.53071108312,
      "max": 113.21254034111999,
      "times": [
        113.10042215911999,
        112.66677089112,
        113.00991044112,
        112.95705039212,
        113.20027921411999,
        113.10765883212,
        112.83776788611999,
        112.53071108312,
        113.21254034111999,
        112.58078616812
      ],
      "exit_codes": [
        0,
        0,
        0,
        0,
        0,
        0,
        0,
        0,
        0,
        0
      ]
    }
  ]
}
