{
  "results": [
    {
      "command": "cargo build --jobs 16 --release --example breakout",
      "mean": 93.95001884604001,
      "stddev": 0.6273680515376818,
      "median": 93.92778137293999,
      "user": 1319.8325845200002,
      "system": 32.73701987999999,
      "min": 93.21841075143999,
      "max": 94.90352584744,
      "times": [
        93.21841075143999,
        93.31376080644,
        93.82392122444,
        94.22931912144,
        94.90352584744,
        93.30417135543999,
        94.58042040144,
        94.66352843244,
        94.03164152144,
        93.43148899844
      ],
      "exit_codes": [
        0,
        0,
        0,
        0,
        0,
        0,
        0,
        0,
        0,
        0
      ]
    }
  ]
}
