{
  "results": [
    {
      "command": "cargo build --jobs 8 --release --example breakout",
      "mean": 138.1467616808,
      "stddev": 0.20811012319079275,
      "median": 138.069137973,
      "user": 1050.9470593600001,
      "system": 26.200773100000003,
      "min": 137.867812011,
      "max": 138.461876483,
      "times": [
        137.992702583,
        138.461876483,
        138.189474788,
        138.016452496,
        137.992363499,
        137.867812011,
        138.432305241,
        138.376353761,
        138.068208428,
        138.070067518
      ],
      "exit_codes": [
        0,
        0,
        0,
        0,
        0,
        0,
        0,
        0,
        0,
        0
      ]
    }
  ]
}
