{
  "results": [
    {
      "command": "cargo build --jobs 8 --release --example breakout",
      "mean": 118.23739432850002,
      "stddev": 0.1857795978913307,
      "median": 118.2645891862,
      "user": 906.69914496,
      "system": 24.018731660000004,
      "min": 117.94645646420001,
      "max": 118.45685714220001,
      "times": [
        118.4289213792,
        117.94645646420001,
        118.00648826720001,
        118.39433268420001,
        118.10919459620001,
        118.28985289020001,
        118.10358739520001,
        118.2393254822,
        118.45685714220001,
        118.3989269842
      ],
      "exit_codes": [
        0,
        0,
        0,
        0,
        0,
        0,
        0,
        0,
        0,
        0
      ]
    }
  ]
}
