{
  "results": [
    {
      "command": "cargo build --jobs 16 --release --example breakout",
      "mean": 91.85840841582,
      "stddev": 1.2111896649110645,
      "median": 91.64254022182001,
      "user": 1284.3966718799998,
      "system": 31.14168361999999,
      "min": 90.23065664932,
      "max": 94.01361298132001,
      "times": [
        93.46971649132,
        90.85287944732,
        90.23065664932,
        90.94142220932001,
        92.22767398432,
        92.51452097632,
        91.04852097532,
        91.91097886532,
        94.01361298132001,
        91.37410157832001
      ],
      "exit_codes": [
        0,
        0,
        0,
        0,
        0,
        0,
        0,
        0,
        0,
        0
      ]
    }
  ]
}
