{
  "results": [
    {
      "command": "cargo build --jobs 8 --release --example breakout",
      "mean": 110.02563461392,
      "stddev": 0.09119487363679951,
      "median": 110.01684281931999,
      "user": 828.5159802999999,
      "system": 22.152862540000005,
      "min": 109.92168189232,
      "max": 110.14106709632,
      "times": [
        110.03871443931999,
        110.12268646631999,
        109.95220264732,
        109.93163282932,
        109.92541412931999,
        109.99497119931999,
        109.92168189232,
        110.12627698732,
        110.14106709632,
        110.10169845232
      ],
      "exit_codes": [
        0,
        0,
        0,
        0,
        0,
        0,
        0,
        0,
        0,
        0
      ]
    }
  ]
}
