{
  "results": [
    {
      "command": "cargo build --jobs 16 --release --example breakout",
      "mean": 73.38065769905998,
      "stddev": 0.6955610842960352,
      "median": 73.40263827135999,
      "user": 1034.1452061,
      "system": 27.680260339999997,
      "min": 72.17902899536,
      "max": 74.33387947535999,
      "times": [
        73.45369074836,
        73.32433006235999,
        72.59364140136,
        73.35158579435999,
        73.96023918835999,
        73.91524787936,
        73.95945226136,
        74.33387947535999,
        72.73548118436,
        72.17902899536
      ],
      "exit_codes": [
        0,
        0,
        0,
        0,
        0,
        0,
        0,
        0,
        0,
        0
      ]
    }
  ]
}
