{
  "results": [
    {
      "command": "cargo build --jobs 8 --release --example breakout",
      "mean": 135.03347532189997,
      "stddev": 0.6975240788951387,
      "median": 134.8320211017,
      "user": 1028.5856763199997,
      "system": 25.243559139999995,
      "min": 134.55029181720002,
      "max": 136.9717335102,
      "times": [
        134.7746427552,
        136.9717335102,
        134.8714073632,
        134.6848615142,
        134.55029181720002,
        134.90404745220002,
        134.7335076302,
        134.9590980652,
        134.7926348402,
        135.0925282712
      ],
      "exit_codes": [
        0,
        0,
        0,
        0,
        0,
        0,
        0,
        0,
        0,
        0
      ]
    }
  ]
}
