{
  "results": [
    {
      "command": "cargo build --jobs 16 --release --example breakout",
      "mean": 92.09806287298,
      "stddev": 1.0208079919321902,
      "median": 91.91914466118,
      "user": 1286.9721964200003,
      "system": 31.409261479999998,
      "min": 90.91359513168,
      "max": 94.37273440768,
      "times": [
        91.60925572268,
        92.23308687368,
        92.02094730168,
        92.82474652468,
        92.68382891268,
        91.53400856068,
        94.37273440768,
        91.81734202068,
        90.91359513168,
        90.97108327368
      ],
      "exit_codes": [
        0,
        0,
        0,
        0,
        0,
        0,
        0,
        0,
        0,
        0
      ]
    }
  ]
}
