{
  "results": [
    {
      "command": "cargo build --jobs 16 --release --example breakout",
      "mean": 78.01985038954,
      "stddev": 0.17712777718513434,
      "median": 78.01890349854,
      "user": 1142.24818198,
      "system": 30.23983832,
      "min": 77.58123883854,
      "max": 78.21597958254,
      "times": [
        77.95809916554,
        78.11934870054,
        78.01172593353999,
        77.99683616454,
        78.21597958254,
        77.58123883854,
        78.07197212454,
        78.01504359354,
        78.02276340354,
        78.20549638854
      ],
      "exit_codes": [
        0,
        0,
        0,
        0,
        0,
        0,
        0,
        0,
        0,
        0
      ]
    }
  ]
}
