{
  "results": [
    {
      "command": "cargo build --jobs 8 --release --example breakout",
      "mean": 120.01964489887999,
      "stddev": 0.13871058009280818,
      "median": 120.05085590368,
      "user": 907.53018536,
      "system": 24.779856679999995,
      "min": 119.79808437918,
      "max": 120.21485195518,
      "times": [
        120.01539789818,
        119.83129389718,
        120.12372139718,
        119.94418769418,
        120.08631390918,
        120.12542850218,
        119.79808437918,
        120.12386362518001,
        119.93330573118,
        120.21485195518
      ],
      "exit_codes": [
        0,
        0,
        0,
        0,
        0,
        0,
        0,
        0,
        0,
        0
      ]
    }
  ]
}
