{
  "results": [
    {
      "command": "cargo build --jobs 16 --release --example breakout",
      "mean": 97.20679420165999,
      "stddev": 0.5096757580112697,
      "median": 97.21809342475999,
      "user": 1365.0933587399998,
      "system": 33.58214518,
      "min": 96.37374146226,
      "max": 97.92496756426,
      "times": [
        97.66916031826,
        96.80411141626,
        96.90177506526,
        97.85794937326,
        97.27989194125999,
        96.37374146226,
        97.34848129826,
        97.92496756426,
        97.15629490826,
        96.75156866926
      ],
      "exit_codes": [
        0,
        0,
        0,
        0,
        0,
        0,
        0,
        0,
        0,
        0
      ]
    }
  ]
}
