{
  "results": [
    {
      "command": "cargo build --jobs 16 --release --example breakout",
      "mean": 92.68566168523999,
      "stddev": 0.8721239397675891,
      "median": 92.76183452584002,
      "user": 1284.97952354,
      "system": 31.404410599999995,
      "min": 90.97314933084,
      "max": 93.89832037284,
      "times": [
        93.89832037284,
        92.68540060784001,
        92.83826844384001,
        92.89480470984,
        93.87488927284001,
        90.97314933084,
        92.44587635084001,
        92.61861510684,
        92.87135897284,
        91.75593368384
      ],
      "exit_codes": [
        0,
        0,
        0,
        0,
        0,
        0,
        0,
        0,
        0,
        0
      ]
    }
  ]
}
