{
  "results": [
    {
      "command": "cargo build --jobs 16 --release --example breakout",
      "mean": 80.60952692987999,
      "stddev": 0.2430001404744908,
      "median": 80.60714138018,
      "user": 1161.7058704400001,
      "system": 30.144584099999996,
      "min": 80.20617048168,
      "max": 80.90834403468001,
      "times": [
        80.57069710768,
        80.82552020768,
        80.90834403468001,
        80.20617048168,
        80.59840771368,
        80.61587504668,
        80.86391388268001,
        80.54163883768001,
        80.73677169668001,
        80.22793028968
      ],
      "exit_codes": [
        0,
        0,
        0,
        0,
        0,
        0,
        0,
        0,
        0,
        0
      ]
    }
  ]
}
