{
  "results": [
    {
      "command": "cargo build --jobs 8 --release --example breakout",
      "mean": 122.26559190286002,
      "stddev": 0.15368541433348978,
      "median": 122.30650921936001,
      "user": 922.73359466,
      "system": 24.684429400000003,
      "min": 121.89748130686,
      "max": 122.44991372086,
      "times": [
        122.23444903086,
        122.44991372086,
        122.23942575786,
        122.32611846086,
        122.31320384486,
        122.41259158186,
        122.16542337286,
        122.29981459386,
        121.89748130686,
        122.31749735786
      ],
      "exit_codes": [
        0,
        0,
        0,
        0,
        0,
        0,
        0,
        0,
        0,
        0
      ]
    }
  ]
}
