{
  "results": [
    {
      "command": "cargo build --jobs 16 --release --example breakout",
      "mean": 78.09243659792,
      "stddev": 0.5977156644831313,
      "median": 77.74308898372,
      "user": 1144.59199456,
      "system": 29.62132646,
      "min": 77.49129068322,
      "max": 78.91758218322,
      "times": [
        77.76937967222,
        77.65115529322,
        77.71679829522,
        77.49129068322,
        78.73129140722,
        78.91758218322,
        78.88754578022,
        77.55688485322,
        77.65086827422,
        78.55156953722
      ],
      "exit_codes": [
        0,
        0,
        0,
        0,
        0,
        0,
        0,
        0,
        0,
        0
      ]
    }
  ]
}
