{
  "results": [
    {
      "command": "cargo build --jobs 8 --release --example breakout",
      "mean": 120.85423031779999,
      "stddev": 0.576316412039636,
      "median": 120.9374499569,
      "user": 909.8336978,
      "system": 24.25672168,
      "min": 120.0644774354,
      "max": 121.8951159744,
      "times": [
        120.8364048234,
        120.9301816964,
        120.2227457444,
        121.8951159744,
        120.0644774354,
        121.0663866614,
        121.0979920234,
        121.3502140144,
        120.1340665874,
        120.9447182174
      ],
      "exit_codes": [
        0,
        0,
        0,
        0,
        0,
        0,
        0,
        0,
        0,
        0
      ]
    }
  ]
}
