{
  "results": [
    {
      "command": "cargo build --jobs 16 --release --example breakout",
      "mean": 77.28098994807999,
      "stddev": 0.0857244402519525,
      "median": 77.26811372678,
      "user": 1144.17364138,
      "system": 29.394876359999994,
      "min": 77.10693743528,
      "max": 77.43473328428,
      "times": [
        77.33446941628,
        77.35453604428,
        77.27845327828,
        77.43473328428,
        77.25569923428,
        77.25580828828,
        77.25777417527999,
        77.29449945328,
        77.10693743528,
        77.23698887127999
      ],
      "exit_codes": [
        0,
        0,
        0,
        0,
        0,
        0,
        0,
        0,
        0,
        0
      ]
    }
  ]
}
