{
  "results": [
    {
      "command": "cargo build --jobs 16 --release --example breakout",
      "mean": 77.21362547097999,
      "stddev": 0.3010414258350069,
      "median": 77.13454675968,
      "user": 1143.52205842,
      "system": 29.37580768,
      "min": 76.88693970567999,
      "max": 77.96452743468,
      "times": [
        77.11509731068,
        77.06524114967999,
        77.15399620868,
        77.36277609967999,
        77.16276878768,
        77.05928585468,
        77.01073162768,
        76.88693970567999,
        77.35489053068,
        77.96452743468
      ],
      "exit_codes": [
        0,
        0,
        0,
        0,
        0,
        0,
        0,
        0,
        0,
        0
      ]
    }
  ]
}
