{
  "results": [
    {
      "command": "cargo build --jobs 8 --release --example breakout",
      "mean": 120.25460439624001,
      "stddev": 0.2139921621496718,
      "median": 120.32188350074,
      "user": 904.52718104,
      "system": 23.828035959999998,
      "min": 119.75501313974,
      "max": 120.48073269174,
      "times": [
        120.15997658774,
        120.17677383274001,
        120.34697808974,
        120.39464918874,
        120.44490876374,
        119.75501313974,
        120.48073269174,
        120.12248308374001,
        120.29678891174001,
        120.36773967274
      ],
      "exit_codes": [
        0,
        0,
        0,
        0,
        0,
        0,
        0,
        0,
        0,
        0
      ]
    }
  ]
}
