{
  "results": [
    {
      "command": "cargo build --jobs 8 --release --example breakout",
      "mean": 139.48525627202,
      "stddev": 0.2358474578992026,
      "median": 139.50441313582002,
      "user": 1073.80012492,
      "system": 26.715289720000005,
      "min": 139.13339599032,
      "max": 139.93625578232,
      "times": [
        139.13339599032,
        139.57324768432,
        139.36578655432,
        139.16714964232,
        139.93625578232,
        139.57983119732,
        139.41718592032,
        139.53118224832,
        139.47764402332,
        139.67088367732
      ],
      "exit_codes": [
        0,
        0,
        0,
        0,
        0,
        0,
        0,
        0,
        0,
        0
      ]
    }
  ]
}
