{
  "results": [
    {
      "command": "cargo build --jobs 16 --release --example breakout",
      "mean": 80.3466359478,
      "stddev": 0.25990070032134194,
      "median": 80.4605701005,
      "user": 1204.2188282199998,
      "system": 30.892026020000003,
      "min": 79.8575828115,
      "max": 80.7001012065,
      "times": [
        80.46019651549999,
        80.4609436855,
        80.4840159905,
        80.5065774405,
        80.2272646445,
        80.4920831585,
        80.7001012065,
        79.9781585315,
        79.8575828115,
        80.2994354935
      ],
      "exit_codes": [
        0,
        0,
        0,
        0,
        0,
        0,
        0,
        0,
        0,
        0
      ]
    }
  ]
}
