{
  "results": [
    {
      "command": "cargo build --jobs 8 --release --example breakout",
      "mean": 123.9944451511,
      "stddev": 0.2028990446137808,
      "median": 124.00610111980001,
      "user": 953.6524696399999,
      "system": 25.058952899999998,
      "min": 123.7487506078,
      "max": 124.35173920480001,
      "times": [
        124.1071501808,
        124.0663066938,
        124.1098259008,
        123.7838844038,
        124.35173920480001,
        123.7609419668,
        123.7487506078,
        124.1879582308,
        123.8819987758,
        123.9458955458
      ],
      "exit_codes": [
        0,
        0,
        0,
        0,
        0,
        0,
        0,
        0,
        0,
        0
      ]
    }
  ]
}
