{
  "results": [
    {
      "command": "cargo build --jobs 16 --release --example breakout",
      "mean": 96.63898029522001,
      "stddev": 1.000454708289258,
      "median": 96.83319751102002,
      "user": 1345.2693567800002,
      "system": 33.15675838,
      "min": 95.19852688752,
      "max": 98.13918190252001,
      "times": [
        97.07997440252001,
        96.21646219852,
        95.19852688752,
        97.52280635752001,
        98.13918190252001,
        95.71567757452,
        95.32494993352,
        96.58642061952001,
        97.12259510952,
        97.48320796652
      ],
      "exit_codes": [
        0,
        0,
        0,
        0,
        0,
        0,
        0,
        0,
        0,
        0
      ]
    }
  ]
}
