{
  "results": [
    {
      "command": "cargo build --jobs 8 --release --example breakout",
      "mean": 139.5702041986,
      "stddev": 0.10236430793229569,
      "median": 139.6130836666,
      "user": 1074.8977141399998,
      "system": 26.590255159999998,
      "min": 139.3501457376,
      "max": 139.65192540159998,
      "times": [
        139.4377494506,
        139.64428702959998,
        139.3501457376,
        139.6247026856,
        139.65192540159998,
        139.60146464759998,
        139.58977319259998,
        139.52347935659998,
        139.63153216359999,
        139.6469823206
      ],
      "exit_codes": [
        0,
        0,
        0,
        0,
        0,
        0,
        0,
        0,
        0,
        0
      ]
    }
  ]
}
