{
  "results": [
    {
      "command": "cargo build --jobs 8 --release --example breakout",
      "mean": 118.81508560649999,
      "stddev": 0.13593102442920124,
      "median": 118.83914018230001,
      "user": 899.1990694,
      "system": 23.96135948,
      "min": 118.64774235530001,
      "max": 119.0284289683,
      "times": [
        118.6578281663,
        118.94347237230001,
        118.6880474143,
        118.8996377153,
        118.8180668433,
        118.9176631973,
        118.86021352130001,
        118.6897555113,
        119.0284289683,
        118.64774235530001
      ],
      "exit_codes": [
        0,
        0,
        0,
        0,
        0,
        0,
        0,
        0,
        0,
        0
      ]
    }
  ]
}
