{
  "results": [
    {
      "command": "cargo build --jobs 8 --release --example breakout",
      "mean": 122.42625714828,
      "stddev": 0.2967479199328501,
      "median": 122.43326140837999,
      "user": 936.3858462600001,
      "system": 24.4961845,
      "min": 121.93708532038,
      "max": 122.96093861038,
      "times": [
        122.39433237638,
        122.96093861038,
        122.02278794238,
        122.46164308338,
        122.72691155438,
        122.37545691438,
        122.51083641538,
        122.40487973338,
        122.46769953238,
        121.93708532038
      ],
      "exit_codes": [
        0,
        0,
        0,
        0,
        0,
        0,
        0,
        0,
        0,
        0
      ]
    }
  ]
}
