{
  "results": [
    {
      "command": "cargo build --jobs 16 --release --example breakout",
      "mean": 78.64891895388,
      "stddev": 0.4470487354990515,
      "median": 78.56395585748001,
      "user": 1184.17529052,
      "system": 30.097239339999994,
      "min": 78.07062822148,
      "max": 79.17774265848,
      "times": [
        78.61354240848,
        78.18684109148,
        79.15765494048,
        78.07062822148,
        78.15416714448,
        79.17774265848,
        79.12311086648,
        79.06540727248,
        78.51436930648,
        78.42572562848
      ],
      "exit_codes": [
        0,
        0,
        0,
        0,
        0,
        0,
        0,
        0,
        0,
        0
      ]
    }
  ]
}
