{
  "results": [
    {
      "command": "cargo build --jobs 8 --release --example breakout",
      "mean": 122.32776756142002,
      "stddev": 0.09856676216250661,
      "median": 122.34612144592,
      "user": 922.5021720799999,
      "system": 24.791239479999998,
      "min": 122.19589616892,
      "max": 122.45844000392,
      "times": [
        122.34022151792,
        122.45844000392,
        122.19589616892,
        122.44810434592,
        122.38505508392001,
        122.33645493192,
        122.35202137392,
        122.19634524592,
        122.20184069792,
        122.36329624392
      ],
      "exit_codes": [
        0,
        0,
        0,
        0,
        0,
        0,
        0,
        0,
        0,
        0
      ]
    }
  ]
}
