{
  "results": [
    {
      "command": "cargo build --jobs 16 --release --example breakout",
      "mean": 80.54782464606001,
      "stddev": 0.23086571941540016,
      "median": 80.60412559446,
      "user": 1162.1365782,
      "system": 30.214734820000007,
      "min": 79.97224175946,
      "max": 80.85423768246001,
      "times": [
        80.59114722446,
        80.49132296946,
        79.97224175946,
        80.64525719446,
        80.58415529446,
        80.64378632546,
        80.42886939046001,
        80.65012465546,
        80.61710396446,
        80.85423768246001
      ],
      "exit_codes": [
        0,
        0,
        0,
        0,
        0,
        0,
        0,
        0,
        0,
        0
      ]
    }
  ]
}
