{
  "results": [
    {
      "command": "cargo build --jobs 8 --release --example breakout",
      "mean": 117.7539906698,
      "stddev": 0.19468083442906634,
      "median": 117.8195352062,
      "user": 906.28215912,
      "system": 24.7473655,
      "min": 117.3354525687,
      "max": 117.9576366377,
      "times": [
        117.5216710697,
        117.8518768227,
        117.3354525687,
        117.7975570017,
        117.67191736470001,
        117.93822870870001,
        117.9576366377,
        117.8563631197,
        117.8415134107,
        117.7676899937
      ],
      "exit_codes": [
        0,
        0,
        0,
        0,
        0,
        0,
        0,
        0,
        0,
        0
      ]
    }
  ]
}
