{
  "results": [
    {
      "command": "cargo build --jobs 16 --release --example breakout",
      "mean": 75.58139499054,
      "stddev": 0.2636025965461754,
      "median": 75.58008796944,
      "user": 1143.6488254399997,
      "system": 30.46239964,
      "min": 75.12895993794,
      "max": 76.06528919093999,
      "times": [
        75.74952102194,
        75.65839746594,
        75.56299577093999,
        75.31625967894,
        76.06528919093999,
        75.59718016794,
        75.54835581594,
        75.12895993794,
        75.39341884494,
        75.79357200994
      ],
      "exit_codes": [
        0,
        0,
        0,
        0,
        0,
        0,
        0,
        0,
        0,
        0
      ]
    }
  ]
}
