{
  "results": [
    {
      "command": "cargo build --jobs 8 --release --example breakout",
      "mean": 124.63634805425997,
      "stddev": 0.1704382359259185,
      "median": 124.65329705246,
      "user": 956.3929945599999,
      "system": 24.826335919999995,
      "min": 124.30409639796,
      "max": 124.82454149196,
      "times": [
        124.80489324396,
        124.61973323996,
        124.82454149196,
        124.57041704596,
        124.77746944196,
        124.47402348396,
        124.52154245996,
        124.68686086496,
        124.77990287196,
        124.30409639796
      ],
      "exit_codes": [
        0,
        0,
        0,
        0,
        0,
        0,
        0,
        0,
        0,
        0
      ]
    }
  ]
}
