{
  "results": [
    {
      "command": "cargo build --jobs 8 --release --example breakout",
      "mean": 124.45600436305999,
      "stddev": 0.32366501858848945,
      "median": 124.45070762655999,
      "user": 953.2655090800001,
      "system": 27.44537084,
      "min": 124.01101187506,
      "max": 124.98843484206,
      "times": [
        124.43674150106,
        124.01101187506,
        124.49527611006,
        124.46467375206,
        124.26976232806,
        124.98843484206,
        124.60596528206,
        124.90108258806,
        124.37562782106,
        124.01146753106
      ],
      "exit_codes": [
        0,
        0,
        0,
        0,
        0,
        0,
        0,
        0,
        0,
        0
      ]
    }
  ]
}
