{
  "results": [
    {
      "command": "cargo build --jobs 16 --release --example breakout",
      "mean": 81.05000206318002,
      "stddev": 0.6914499708398034,
      "median": 81.24556062468,
      "user": 1202.49734288,
      "system": 33.8435032,
      "min": 79.85898959068001,
      "max": 82.01925174468,
      "times": [
        81.17146738168,
        81.46131155468001,
        81.31965386768,
        81.03287229368,
        80.55344870168001,
        80.06877351168,
        82.01925174468,
        81.33285928068001,
        79.85898959068001,
        81.68139270468001
      ],
      "exit_codes": [
        0,
        0,
        0,
        0,
        0,
        0,
        0,
        0,
        0,
        0
      ]
    }
  ]
}
