{
  "results": [
    {
      "command": "cargo build --jobs 8 --release --example breakout",
      "mean": 117.55623463371998,
      "stddev": 0.3584864575627184,
      "median": 117.55693137972,
      "user": 905.1792035600001,
      "system": 24.08166896,
      "min": 117.13894115072,
      "max": 118.17697299871999,
      "times": [
        117.98378843671999,
        117.18372818872,
        117.16347164372,
        117.46714095572,
        117.64672180372,
        117.79289079371999,
        117.13894115072,
        117.65236552172,
        117.35632484371999,
        118.17697299871999
      ],
      "exit_codes": [
        0,
        0,
        0,
        0,
        0,
        0,
        0,
        0,
        0,
        0
      ]
    }
  ]
}
