{
  "results": [
    {
      "command": "cargo build --jobs 8 --release --example breakout",
      "mean": 120.25426030784001,
      "stddev": 0.13967273470436714,
      "median": 120.23297918584001,
      "user": 909.3909409199999,
      "system": 24.7820939,
      "min": 120.09828746784,
      "max": 120.54546926784,
      "times": [
        120.32385725384,
        120.09828746784,
        120.19304827184,
        120.33773057884,
        120.18642154084,
        120.11141019584,
        120.54546926784,
        120.27291009984,
        120.12511489383999,
        120.34835350784
      ],
      "exit_codes": [
        0,
        0,
        0,
        0,
        0,
        0,
        0,
        0,
        0,
        0
      ]
    }
  ]
}
