{
  "results": [
    {
      "command": "cargo build --jobs 8 --release --example breakout",
      "mean": 130.42885538086,
      "stddev": 0.12447855227303636,
      "median": 130.40591026536003,
      "user": 995.8309620399999,
      "system": 24.56975406,
      "min": 130.28229014336,
      "max": 130.66011119236,
      "times": [
        130.40967152936003,
        130.62450365436,
        130.37514355236002,
        130.45191093036001,
        130.66011119236,
        130.35624721736002,
        130.28229014336,
        130.40214900136002,
        130.30064953836,
        130.42587704936003
      ],
      "exit_codes": [
        0,
        0,
        0,
        0,
        0,
        0,
        0,
        0,
        0,
        0
      ]
    }
  ]
}
