{
  "results": [
    {
      "command": "cargo build --jobs 16 --release --example breakout",
      "mean": 89.60753164862001,
      "stddev": 0.627368963543374,
      "median": 89.68746223022,
      "user": 1246.6473193799998,
      "system": 30.54200128,
      "min": 88.68503664672001,
      "max": 90.58929044372,
      "times": [
        89.68625265172001,
        90.21725147172,
        89.04328614972,
        90.58929044372,
        89.72853255472,
        90.11698994672001,
        89.68867180872,
        89.57822076872,
        88.68503664672001,
        88.74178404372
      ],
      "exit_codes": [
        0,
        0,
        0,
        0,
        0,
        0,
        0,
        0,
        0,
        0
      ]
    }
  ]
}
