{
  "results": [
    {
      "command": "cargo build --jobs 16 --release --example breakout",
      "mean": 96.54129898114,
      "stddev": 1.0266092686051391,
      "median": 96.24363965934,
      "user": 1336.51428464,
      "system": 32.978932040000004,
      "min": 95.72469494234,
      "max": 99.10148986634,
      "times": [
        96.20032688534,
        99.10148986634,
        96.33952482234,
        95.92036279434,
        96.28695243334,
        95.72469494234,
        95.90871933734,
        96.59264577034,
        97.45054954033999,
        95.88772341934
      ],
      "exit_codes": [
        0,
        0,
        0,
        0,
        0,
        0,
        0,
        0,
        0,
        0
      ]
    }
  ]
}
