{
  "results": [
    {
      "command": "cargo build --jobs 16 --release --example breakout",
      "mean": 98.47241473502,
      "stddev": 0.7872204070573521,
      "median": 98.64096247021999,
      "user": 1356.72908676,
      "system": 33.669552339999996,
      "min": 97.24985934121999,
      "max": 99.53683037021999,
      "times": [
        97.75156253722,
        97.66985445722,
        97.86985152822,
        98.83066602721999,
        99.07543723122,
        97.24985934121999,
        99.02733276122,
        99.53683037021999,
        99.26149418322,
        98.45125891321999
      ],
      "exit_codes": [
        0,
        0,
        0,
        0,
        0,
        0,
        0,
        0,
        0,
        0
      ]
    }
  ]
}
