{
  "results": [
    {
      "command": "cargo build --jobs 8 --release --example breakout",
      "mean": 120.24944137956001,
      "stddev": 0.1904401620258078,
      "median": 120.25330834886,
      "user": 905.4919757,
      "system": 23.91323146,
      "min": 119.80796606286,
      "max": 120.51469518286,
      "times": [
        120.51469518286,
        120.22459877486,
        120.29903100686,
        120.16776502686,
        120.23591401986,
        120.18025371386,
        119.80796606286,
        120.43267316386,
        120.36081416586,
        120.27070267786
      ],
      "exit_codes": [
        0,
        0,
        0,
        0,
        0,
        0,
        0,
        0,
        0,
        0
      ]
    }
  ]
}
