{
  "results": [
    {
      "command": "cargo build --jobs 16 --release --example breakout",
      "mean": 77.30942630035999,
      "stddev": 0.2022915242689298,
      "median": 77.26496536395999,
      "user": 1139.8445103200002,
      "system": 29.68268777999999,
      "min": 77.09626652045999,
      "max": 77.64069001146,
      "times": [
        77.54238941946,
        77.15637546545999,
        77.64069001146,
        77.09776531946,
        77.19553571045999,
        77.09626652045999,
        77.41706361045999,
        77.48776953646,
        77.12601239246,
        77.33439501746
      ],
      "exit_codes": [
        0,
        0,
        0,
        0,
        0,
        0,
        0,
        0,
        0,
        0
      ]
    }
  ]
}
