{
  "results": [
    {
      "command": "cargo build --jobs 8 --release --example breakout",
      "mean": 106.05581127513999,
      "stddev": 0.16429407013305777,
      "median": 106.13895632314,
      "user": 796.15019278,
      "system": 21.71258342,
      "min": 105.76038649614,
      "max": 106.19605480114,
      "times": [
        106.18284070313999,
        106.14644015613999,
        106.13147249014,
        106.00301686114,
        105.76038649614,
        106.18960276614,
        105.94845544814,
        105.81627222914,
        106.18357080013999,
        106.19605480114
      ],
      "exit_codes": [
        0,
        0,
        0,
        0,
        0,
        0,
        0,
        0,
        0,
        0
      ]
    }
  ]
}
