{
  "results": [
    {
      "command": "cargo build --jobs 16 --release --example breakout",
      "mean": 97.49554096254,
      "stddev": 0.7052101391840951,
      "median": 97.34086663644001,
      "user": 1337.2847006200002,
      "system": 32.987167539999994,
      "min": 96.53580387294001,
      "max": 98.87434129794,
      "times": [
        98.87434129794,
        97.56780101894,
        97.00200024694,
        98.03698699794,
        96.53580387294001,
        97.14506586194001,
        98.23544161894,
        97.41180762894001,
        96.87623543694001,
        97.26992564394001
      ],
      "exit_codes": [
        0,
        0,
        0,
        0,
        0,
        0,
        0,
        0,
        0,
        0
      ]
    }
  ]
}
