{
  "results": [
    {
      "command": "cargo build --jobs 8 --release --example breakout",
      "mean": 140.72199526735997,
      "stddev": 0.1922319008431102,
      "median": 140.71785156616,
      "user": 1067.3718350599997,
      "system": 26.426685459999998,
      "min": 140.46060611416,
      "max": 141.06844694016,
      "times": [
        140.57588674515998,
        140.77207505016,
        140.56547354216,
        140.46060611416,
        140.57840504016,
        140.72670560115998,
        140.70899753115998,
        141.06844694016,
        140.99136779915997,
        140.77198831016
      ],
      "exit_codes": [
        0,
        0,
        0,
        0,
        0,
        0,
        0,
        0,
        0,
        0
      ]
    }
  ]
}
