{
  "results": [
    {
      "command": "cargo build --jobs 16 --release --example breakout",
      "mean": 87.24501964128001,
      "stddev": 0.56893279386157,
      "median": 87.39839964438,
      "user": 1217.68010284,
      "system": 32.00220752,
      "min": 86.26353699988,
      "max": 88.00965091288,
      "times": [
        87.46662557588,
        87.33017371288001,
        87.29750234088,
        87.79375416088,
        88.00965091288,
        87.57515100188,
        86.75580718488001,
        86.26353699988,
        86.47149564088001,
        87.48649888188001
      ],
      "exit_codes": [
        0,
        0,
        0,
        0,
        0,
        0,
        0,
        0,
        0,
        0
      ]
    }
  ]
}
