{
  "results": [
    {
      "command": "cargo build --jobs 8 --release --example breakout",
      "mean": 127.14355721655997,
      "stddev": 0.09878359025231644,
      "median": 127.13809637496,
      "user": 972.38879272,
      "system": 25.60052134,
      "min": 126.99111312646,
      "max": 127.34819918746,
      "times": [
        127.14184029146,
        126.99111312646,
        127.11984053446,
        127.04436221046,
        127.07882843446,
        127.34819918746,
        127.17350141746,
        127.21505540246,
        127.13435245846,
        127.18847910246
      ],
      "exit_codes": [
        0,
        0,
        0,
        0,
        0,
        0,
        0,
        0,
        0,
        0
      ]
    }
  ]
}
