{
  "results": [
    {
      "command": "cargo build --jobs 16 --release --example breakout",
      "mean": 98.38934372872001,
      "stddev": 3.8289303189859485,
      "median": 97.18272781302001,
      "user": 1373.4979663999998,
      "system": 33.77269987999999,
      "min": 96.01393431552,
      "max": 109.10302472352001,
      "times": [
        96.48409746852,
        97.26832774852001,
        98.19084010752,
        97.06160612952,
        109.10302472352001,
        96.79126271352,
        98.26354448452,
        97.09712787752001,
        96.01393431552,
        97.61967171852
      ],
      "exit_codes": [
        0,
        0,
        0,
        0,
        0,
        0,
        0,
        0,
        0,
        0
      ]
    }
  ]
}
