{
  "results": [
    {
      "command": "cargo build --jobs 8 --release --example breakout",
      "mean": 143.83175607778,
      "stddev": 0.11411128372016742,
      "median": 143.83621257668,
      "user": 1098.04398456,
      "system": 27.16873524,
      "min": 143.62331837518002,
      "max": 144.01496610918,
      "times": [
        143.62331837518002,
        143.84505416618,
        143.82737098718002,
        143.81483859618,
        143.94349460618,
        144.01496610918,
        143.68603844618002,
        143.87199734518,
        143.80054304118002,
        143.88993910518002
      ],
      "exit_codes": [
        0,
        0,
        0,
        0,
        0,
        0,
        0,
        0,
        0,
        0
      ]
    }
  ]
}
