{
  "results": [
    {
      "command": "cargo build --jobs 8 --release --example breakout",
      "mean": 132.24526224422,
      "stddev": 0.3136547181022012,
      "median": 132.09670428182,
      "user": 1015.9904626800001,
      "system": 25.003467459999996,
      "min": 131.99627132732,
      "max": 132.99566155632,
      "times": [
        131.99627132732,
        132.04109460332,
        132.08065878132,
        132.18389823632,
        132.57884819132,
        132.99566155632,
        132.07619861432,
        132.09420881132,
        132.09919975232,
        132.30658256832
      ],
      "exit_codes": [
        0,
        0,
        0,
        0,
        0,
        0,
        0,
        0,
        0,
        0
      ]
    }
  ]
}
