{
  "results": [
    {
      "command": "cargo build --jobs 16 --release --example breakout",
      "mean": 77.44365781884001,
      "stddev": 0.1671730392306912,
      "median": 77.46383643164,
      "user": 1145.372878,
      "system": 29.41241034,
      "min": 77.11092837814,
      "max": 77.65196410813999,
      "times": [
        77.54157360414,
        77.35292296914,
        77.65196410813999,
        77.28126849314,
        77.60872408314,
        77.39045996614,
        77.40857827814,
        77.11092837814,
        77.51909458514,
        77.57106372314
      ],
      "exit_codes": [
        0,
        0,
        0,
        0,
        0,
        0,
        0,
        0,
        0,
        0
      ]
    }
  ]
}
