{
  "results": [
    {
      "command": "cargo build --jobs 8 --release --example breakout",
      "mean": 121.67932299764,
      "stddev": 0.15288258818217476,
      "median": 121.71751978774,
      "user": 907.2593595000001,
      "system": 23.804992839999997,
      "min": 121.30316710774001,
      "max": 121.82973365474,
      "times": [
        121.65129907274,
        121.76528966274,
        121.70076996774,
        121.82973365474,
        121.73426960774,
        121.82795047474,
        121.59992360274,
        121.30316710774001,
        121.63588792874,
        121.74493889674001
      ],
      "exit_codes": [
        0,
        0,
        0,
        0,
        0,
        0,
        0,
        0,
        0,
        0
      ]
    }
  ]
}
