{
  "results": [
    {
      "command": "cargo build --jobs 16 --release --example breakout",
      "mean": 77.94632918072,
      "stddev": 0.19859798069736073,
      "median": 77.95803068532001,
      "user": 1143.9557076400001,
      "system": 30.222467779999995,
      "min": 77.58626196332,
      "max": 78.19102418232,
      "times": [
        78.19102418232,
        77.89559122132,
        77.84265522832,
        78.10026951932,
        77.70275238632,
        78.13449296832,
        78.02047014932,
        77.88653990032,
        78.10323428832,
        77.58626196332
      ],
      "exit_codes": [
        0,
        0,
        0,
        0,
        0,
        0,
        0,
        0,
        0,
        0
      ]
    }
  ]
}
