{
  "results": [
    {
      "command": "cargo build --jobs 8 --release --example breakout",
      "mean": 120.17968663328,
      "stddev": 0.2150477450625545,
      "median": 120.22717584198,
      "user": 907.96419576,
      "system": 24.769692239999998,
      "min": 119.78071848198,
      "max": 120.54246332598,
      "times": [
        120.29675366798,
        120.54246332598,
        120.02709715697999,
        120.03996130698,
        120.02598164497999,
        119.78071848198,
        120.26856556698,
        120.36097349698,
        120.22436438598,
        120.22998729798
      ],
      "exit_codes": [
        0,
        0,
        0,
        0,
        0,
        0,
        0,
        0,
        0,
        0
      ]
    }
  ]
}
