{
  "results": [
    {
      "command": "cargo build --jobs 16 --release --example breakout",
      "mean": 80.08167333527999,
      "stddev": 0.2758860466551233,
      "median": 80.11458139828,
      "user": 1201.7964620199998,
      "system": 30.873670120000003,
      "min": 79.57861501728,
      "max": 80.43320154528,
      "times": [
        80.43320154528,
        80.12419458928,
        80.28564384028,
        79.85475599728,
        80.43229681028,
        79.57861501728,
        79.80595395127999,
        80.01668494127999,
        80.10496820728,
        80.18041845328
      ],
      "exit_codes": [
        0,
        0,
        0,
        0,
        0,
        0,
        0,
        0,
        0,
        0
      ]
    }
  ]
}
