{
  "results": [
    {
      "command": "cargo build --jobs 16 --release --example breakout",
      "mean": 78.31260652258,
      "stddev": 0.22852858638175685,
      "median": 78.28181968238,
      "user": 1180.9208898000002,
      "system": 30.04190196,
      "min": 77.92602540738,
      "max": 78.62430160238,
      "times": [
        77.92602540738,
        78.14561538438001,
        78.25150933438,
        78.40552886038,
        78.57076328338,
        78.14869438138,
        78.57434400338,
        78.62430160238,
        78.31213003038,
        78.16715293838
      ],
      "exit_codes": [
        0,
        0,
        0,
        0,
        0,
        0,
        0,
        0,
        0,
        0
      ]
    }
  ]
}
