{
  "results": [
    {
      "command": "cargo build --jobs 16 --release --example breakout",
      "mean": 74.69835417652,
      "stddev": 0.28417735664096105,
      "median": 74.75667060302,
      "user": 1095.80390412,
      "system": 28.37770914,
      "min": 74.28530871552,
      "max": 75.12330175352,
      "times": [
        74.28530871552,
        74.96542653451999,
        74.77254711252,
        74.37812031352,
        74.85435042252,
        74.74079409352,
        74.31685425351999,
        74.85494922852,
        74.69188933752,
        75.12330175352
      ],
      "exit_codes": [
        0,
        0,
        0,
        0,
        0,
        0,
        0,
        0,
        0,
        0
      ]
    }
  ]
}
