{
  "results": [
    {
      "command": "cargo build --jobs 8 --release --example breakout",
      "mean": 114.9492734446,
      "stddev": 0.21908325391119185,
      "median": 114.94201435069999,
      "user": 868.7589896000002,
      "system": 22.631814959999996,
      "min": 114.6004101882,
      "max": 115.3960087512,
      "times": [
        114.9718524022,
        114.8419638112,
        115.3960087512,
        114.7692527312,
        114.9121762992,
        115.1498097832,
        115.0487537962,
        114.97255340219999,
        114.6004101882,
        114.82995328119999
      ],
      "exit_codes": [
        0,
        0,
        0,
        0,
        0,
        0,
        0,
        0,
        0,
        0
      ]
    }
  ]
}
