{
  "results": [
    {
      "command": "cargo build --jobs 8 --release --example breakout",
      "mean": 143.03949662137998,
      "stddev": 0.222000209821368,
      "median": 143.05266961787999,
      "user": 1097.00323586,
      "system": 27.230865800000004,
      "min": 142.73600863688,
      "max": 143.41298384488,
      "times": [
        142.88237197388,
        143.25763105087998,
        143.41298384488,
        142.89503840688,
        143.16971255988,
        142.76123764588,
        143.10663445088,
        143.17464285888,
        142.73600863688,
        142.99870478488
      ],
      "exit_codes": [
        0,
        0,
        0,
        0,
        0,
        0,
        0,
        0,
        0,
        0
      ]
    }
  ]
}
