{
  "results": [
    {
      "command": "cargo build --jobs 16 --release --example breakout",
      "mean": 97.03168054324001,
      "stddev": 0.7596913329902079,
      "median": 97.13405324604,
      "user": 1373.2556836200001,
      "system": 33.80430653999999,
      "min": 96.05315407904,
      "max": 98.25353296504001,
      "times": [
        96.16260953204001,
        97.15492939304,
        96.05315407904,
        97.71195771604,
        97.65897906804001,
        96.30783584104,
        97.48564287704001,
        96.41498686204001,
        98.25353296504001,
        97.11317709904
      ],
      "exit_codes": [
        0,
        0,
        0,
        0,
        0,
        0,
        0,
        0,
        0,
        0
      ]
    }
  ]
}
