{
  "results": [
    {
      "command": "cargo build --jobs 8 --release --example breakout",
      "mean": 122.04062756446001,
      "stddev": 0.35914991590381545,
      "median": 122.05176946956,
      "user": 933.6185730199999,
      "system": 24.700451559999998,
      "min": 121.59945483006,
      "max": 122.74557174706,
      "times": [
        122.02369963806,
        122.74557174706,
        122.28553121906,
        122.07983930106,
        121.92647815405999,
        122.30877801906,
        121.60652116206,
        121.68862907006,
        122.14177250406,
        121.59945483006
      ],
      "exit_codes": [
        0,
        0,
        0,
        0,
        0,
        0,
        0,
        0,
        0,
        0
      ]
    }
  ]
}
