{
  "results": [
    {
      "command": "cargo build --jobs 16 --release --example breakout",
      "mean": 75.29535298436,
      "stddev": 0.17619985176381045,
      "median": 75.27767405686001,
      "user": 1139.3066319599998,
      "system": 29.306143840000004,
      "min": 75.00124859536,
      "max": 75.62211357136,
      "times": [
        75.34532238736,
        75.62211357136,
        75.16232235836,
        75.26916607736,
        75.00124859536,
        75.51379181736,
        75.28618203636,
        75.19387701836,
        75.22194272836,
        75.33756325336
      ],
      "exit_codes": [
        0,
        0,
        0,
        0,
        0,
        0,
        0,
        0,
        0,
        0
      ]
    }
  ]
}
