{
  "results": [
    {
      "command": "cargo build --jobs 16 --release --example breakout",
      "mean": 88.23929333414,
      "stddev": 0.3511303546824116,
      "median": 88.17781649514,
      "user": 1222.8840396399999,
      "system": 32.08499106,
      "min": 87.76580803364,
      "max": 88.83303892063999,
      "times": [
        87.98113855764,
        88.33399435864,
        88.26863936164,
        88.25341166263999,
        88.82079030263999,
        88.83303892063999,
        88.00222750063999,
        87.76580803364,
        88.10222132764,
        88.03166331563999
      ],
      "exit_codes": [
        0,
        0,
        0,
        0,
        0,
        0,
        0,
        0,
        0,
        0
      ]
    }
  ]
}
