{
  "results": [
    {
      "command": "cargo build --jobs 8 --release --example breakout",
      "mean": 117.41906026572,
      "stddev": 0.3203217963888459,
      "median": 117.40283196892,
      "user": 904.7256077400001,
      "system": 23.881955339999998,
      "min": 117.07999874692,
      "max": 118.13625317792,
      "times": [
        117.63841782592,
        117.48217350892,
        117.56851851191999,
        117.08403998892,
        117.33886372991999,
        117.21774374692,
        117.46680020792,
        118.13625317792,
        117.07999874692,
        117.17779321191999
      ],
      "exit_codes": [
        0,
        0,
        0,
        0,
        0,
        0,
        0,
        0,
        0,
        0
      ]
    }
  ]
}
