{
  "results": [
    {
      "command": "cargo build --jobs 8 --release --example breakout",
      "mean": 117.56221611926,
      "stddev": 0.15952633970600827,
      "median": 117.53206014276,
      "user": 905.2869061200001,
      "system": 24.95243906,
      "min": 117.33558451376,
      "max": 117.81228164776,
      "times": [
        117.67069972576,
        117.81228164776,
        117.39748711376001,
        117.46602684476,
        117.61059632976,
        117.47005377876,
        117.33558451376,
        117.53204133876,
        117.79531095276,
        117.53207894676
      ],
      "exit_codes": [
        0,
        0,
        0,
        0,
        0,
        0,
        0,
        0,
        0,
        0
      ]
    }
  ]
}
