{
  "results": [
    {
      "command": "cargo build --jobs 16 --release --example breakout",
      "mean": 97.09747715440001,
      "stddev": 2.76367800406314,
      "median": 96.15204077050001,
      "user": 1334.55031284,
      "system": 33.44795322,
      "min": 95.486231527,
      "max": 104.85558085,
      "times": [
        96.012240457,
        104.85558085,
        96.39568901700001,
        96.051139233,
        96.17618394600001,
        96.882693449,
        96.12789759500001,
        97.053672087,
        95.933443383,
        95.486231527
      ],
      "exit_codes": [
        0,
        0,
        0,
        0,
        0,
        0,
        0,
        0,
        0,
        0
      ]
    }
  ]
}
