{
  "results": [
    {
      "command": "cargo build --jobs 8 --release --example breakout",
      "mean": 139.46662736596002,
      "stddev": 0.41704522526931354,
      "median": 139.42720081286,
      "user": 1066.46431056,
      "system": 26.896234779999997,
      "min": 139.11109513886,
      "max": 140.52740892186,
      "times": [
        139.54649621086,
        139.19143965486,
        139.62864027386,
        139.12171839686,
        139.11109513886,
        140.52740892186,
        139.19210748786,
        139.49296594886,
        139.36720778486,
        139.48719384086
      ],
      "exit_codes": [
        0,
        0,
        0,
        0,
        0,
        0,
        0,
        0,
        0,
        0
      ]
    }
  ]
}
