{
  "results": [
    {
      "command": "cargo build --jobs 8 --release --example breakout",
      "mean": 123.67745295954003,
      "stddev": 0.2710968661369672,
      "median": 123.79416341864001,
      "user": 949.5691337000001,
      "system": 25.04512698,
      "min": 123.27080728414,
      "max": 123.94007367014001,
      "times": [
        123.90639897814,
        123.42776426814001,
        123.94007367014001,
        123.27080728414,
        123.91936860514001,
        123.86686022314001,
        123.38714537914001,
        123.72146661414,
        123.41087415614001,
        123.92377041714
      ],
      "exit_codes": [
        0,
        0,
        0,
        0,
        0,
        0,
        0,
        0,
        0,
        0
      ]
    }
  ]
}
