{
  "results": [
    {
      "command": "cargo build --jobs 8 --release --example breakout",
      "mean": 117.42679720934002,
      "stddev": 0.25464166331366245,
      "median": 117.38207943484,
      "user": 903.2825351600001,
      "system": 23.9527717,
      "min": 117.08441685034,
      "max": 117.81476567334,
      "times": [
        117.55654975534,
        117.81476567334,
        117.77425093634,
        117.39872053734,
        117.27147336634,
        117.62135780034001,
        117.18450298034,
        117.08441685034,
        117.19649586134,
        117.36543833234
      ],
      "exit_codes": [
        0,
        0,
        0,
        0,
        0,
        0,
        0,
        0,
        0,
        0
      ]
    }
  ]
}
