{
  "results": [
    {
      "command": "cargo build --jobs 8 --release --example breakout",
      "mean": 117.39696200970002,
      "stddev": 0.2308512810979721,
      "median": 117.4419886578,
      "user": 904.6262437800002,
      "system": 23.702855519999996,
      "min": 117.0610501183,
      "max": 117.7354292263,
      "times": [
        117.0610501183,
        117.0756671223,
        117.5437978093,
        117.63843262729999,
        117.4057726473,
        117.4782046683,
        117.5050279543,
        117.1766591843,
        117.7354292263,
        117.3495787393
      ],
      "exit_codes": [
        0,
        0,
        0,
        0,
        0,
        0,
        0,
        0,
        0,
        0
      ]
    }
  ]
}
