{
  "results": [
    {
      "command": "cargo build --jobs 16 --release --example breakout",
      "mean": 76.12063631374,
      "stddev": 0.28887017013805955,
      "median": 76.05054458524,
      "user": 1146.6033880399998,
      "system": 29.414713939999995,
      "min": 75.72293425474,
      "max": 76.61691303074001,
      "times": [
        75.99519999974001,
        76.06858641674,
        75.81814891774,
        76.56564911774001,
        75.72293425474,
        76.03250275374,
        75.98848907474,
        76.22215496674,
        76.17578460474,
        76.61691303074001
      ],
      "exit_codes": [
        0,
        0,
        0,
        0,
        0,
        0,
        0,
        0,
        0,
        0
      ]
    }
  ]
}
