{
  "results": [
    {
      "command": "cargo build --jobs 16 --release --example breakout",
      "mean": 82.21023645308,
      "stddev": 0.46298173694498596,
      "median": 82.14704339427999,
      "user": 1200.7637725999998,
      "system": 31.666196199999995,
      "min": 81.64940323178,
      "max": 82.91505595978,
      "times": [
        82.91505595978,
        81.81021306678001,
        82.41732457678,
        82.63713119378001,
        81.75413015378,
        81.85938456878,
        81.64940323178,
        82.76563499078,
        82.35336447578,
        81.94072231278
      ],
      "exit_codes": [
        0,
        0,
        0,
        0,
        0,
        0,
        0,
        0,
        0,
        0
      ]
    }
  ]
}
