{
  "results": [
    {
      "command": "cargo build --jobs 8 --release --example breakout",
      "mean": 124.75378175363998,
      "stddev": 0.2644790413196305,
      "median": 124.70377849244,
      "user": 957.13044732,
      "system": 25.53327492,
      "min": 124.48239554944,
      "max": 125.28504888044,
      "times": [
        124.95289723244,
        125.28504888044,
        124.50717828744,
        124.48239554944,
        124.83162613644,
        124.63584443143999,
        124.99603136644,
        124.51894055244,
        124.55614254644,
        124.77171255344
      ],
      "exit_codes": [
        0,
        0,
        0,
        0,
        0,
        0,
        0,
        0,
        0,
        0
      ]
    }
  ]
}
