{
  "results": [
    {
      "command": "cargo build --jobs 16 --release --example breakout",
      "mean": 98.22867227676001,
      "stddev": 0.5039673327771419,
      "median": 98.26600329566,
      "user": 1358.2646490000002,
      "system": 33.660153599999994,
      "min": 97.19867608166001,
      "max": 99.05612418566001,
      "times": [
        98.46543816966,
        98.62710394666,
        98.08200002766,
        98.23825503766001,
        98.03147682366,
        98.49865107766,
        99.05612418566001,
        97.79524586366,
        98.29375155366,
        97.19867608166001
      ],
      "exit_codes": [
        0,
        0,
        0,
        0,
        0,
        0,
        0,
        0,
        0,
        0
      ]
    }
  ]
}
