{
  "results": [
    {
      "command": "cargo build --jobs 8 --release --example breakout",
      "mean": 117.35309912424,
      "stddev": 0.3351616083635913,
      "median": 117.37054078114,
      "user": 904.0672043000001,
      "system": 23.87139962,
      "min": 116.79590432714,
      "max": 118.07709527114,
      "times": [
        116.79590432714,
        117.01893790214,
        117.36127751414,
        117.21341569114,
        117.30781495214,
        117.38819451014,
        117.46912108314,
        117.51942594313999,
        117.37980404814,
        118.07709527114
      ],
      "exit_codes": [
        0,
        0,
        0,
        0,
        0,
        0,
        0,
        0,
        0,
        0
      ]
    }
  ]
}
