{
  "results": [
    {
      "command": "cargo build --jobs 16 --release --example breakout",
      "mean": 75.91256456779999,
      "stddev": 0.27261809030623196,
      "median": 75.8585090388,
      "user": 1141.0397738400002,
      "system": 29.258014699999997,
      "min": 75.47368964329999,
      "max": 76.2763414043,
      "times": [
        75.8013269773,
        75.71098129229999,
        76.2763414043,
        75.6757212413,
        75.9156911003,
        76.0765680543,
        76.1984467903,
        76.2345029693,
        75.7623762053,
        75.47368964329999
      ],
      "exit_codes": [
        0,
        0,
        0,
        0,
        0,
        0,
        0,
        0,
        0,
        0
      ]
    }
  ]
}
