{
  "results": [
    {
      "command": "cargo build --jobs 16 --release --example breakout",
      "mean": 87.95276218294,
      "stddev": 1.1367729775530482,
      "median": 87.65538541574,
      "user": 1219.51533046,
      "system": 32.08596034,
      "min": 86.93284654774001,
      "max": 90.81903424674,
      "times": [
        87.45831210074,
        87.47622167774,
        88.43691301974,
        87.83454915374001,
        87.18022951674001,
        86.99190604674001,
        86.93284654774001,
        88.28083692374001,
        90.81903424674,
        88.11677259574
      ],
      "exit_codes": [
        0,
        0,
        0,
        0,
        0,
        0,
        0,
        0,
        0,
        0
      ]
    }
  ]
}
