{
  "results": [
    {
      "command": "cargo build --jobs 8 --release --example breakout",
      "mean": 127.32446483502,
      "stddev": 0.17223904789631342,
      "median": 127.34510899292002,
      "user": 974.1090300400001,
      "system": 25.634233159999997,
      "min": 127.02681211842001,
      "max": 127.55893786742001,
      "times": [
        127.46191154142001,
        127.55893786742001,
        127.29285508442001,
        127.28566009542001,
        127.28510544542,
        127.02681211842001,
        127.41961225442,
        127.45482425442,
        127.06156678742,
        127.39736290142001
      ],
      "exit_codes": [
        0,
        0,
        0,
        0,
        0,
        0,
        0,
        0,
        0,
        0
      ]
    }
  ]
}
