{
  "results": [
    {
      "command": "cargo build --jobs 16 --release --example breakout",
      "mean": 97.38312191556001,
      "stddev": 0.8392751862562546,
      "median": 97.10579803096,
      "user": 1335.5199581000002,
      "system": 33.13148078,
      "min": 96.49661665296,
      "max": 98.88993785696,
      "times": [
        96.57019970296,
        98.88993785696,
        98.04593522896,
        98.19234008096001,
        96.49661665296,
        97.20739078196,
        97.00420527996,
        98.00552685096,
        96.53811078996,
        96.88095592996
      ],
      "exit_codes": [
        0,
        0,
        0,
        0,
        0,
        0,
        0,
        0,
        0,
        0
      ]
    }
  ]
}
