{
  "results": [
    {
      "command": "cargo build --jobs 8 --release --example breakout",
      "mean": 106.95094614128,
      "stddev": 0.39139395083483297,
      "median": 107.00352243207999,
      "user": 808.7577635799998,
      "system": 21.85914018,
      "min": 106.28801365408,
      "max": 107.46995119508,
      "times": [
        107.16307167408,
        107.18198031908,
        106.61771040608,
        106.28801365408,
        106.66805072408,
        106.63868383308,
        106.84397319007999,
        107.30304925608,
        107.33497716108,
        107.46995119508
      ],
      "exit_codes": [
        0,
        0,
        0,
        0,
        0,
        0,
        0,
        0,
        0,
        0
      ]
    }
  ]
}
