{
  "results": [
    {
      "command": "cargo build --jobs 8 --release --example breakout",
      "mean": 134.31027638356,
      "stddev": 0.10272180146768155,
      "median": 134.32082191786,
      "user": 1029.41506878,
      "system": 24.84228326,
      "min": 134.13527560085998,
      "max": 134.45372031585998,
      "times": [
        134.45372031585998,
        134.35216934386,
        134.34139797986,
        134.30024585586,
        134.13527560085998,
        134.41886277186,
        134.17603225786,
        134.26759715385998,
        134.26306117986,
        134.39440137585999
      ],
      "exit_codes": [
        0,
        0,
        0,
        0,
        0,
        0,
        0,
        0,
        0,
        0
      ]
    }
  ]
}
