{
  "results": [
    {
      "command": "cargo build --jobs 16 --release --example breakout",
      "mean": 75.4548344241,
      "stddev": 0.16560211063831393,
      "median": 75.4762016043,
      "user": 1138.4116329,
      "system": 30.462133,
      "min": 75.2508215328,
      "max": 75.7433344578,
      "times": [
        75.2508215328,
        75.7433344578,
        75.4699590878,
        75.6096260318,
        75.3099913338,
        75.2661715828,
        75.5777668518,
        75.4824441208,
        75.5258248138,
        75.3124044278
      ],
      "exit_codes": [
        0,
        0,
        0,
        0,
        0,
        0,
        0,
        0,
        0,
        0
      ]
    }
  ]
}
