{
  "results": [
    {
      "command": "cargo build --jobs 8 --release --example breakout",
      "mean": 123.73741895882002,
      "stddev": 0.19154361471017536,
      "median": 123.79630324831999,
      "user": 950.3058769199997,
      "system": 25.0514896,
      "min": 123.42855614582,
      "max": 123.95903417482,
      "times": [
        123.42855614582,
        123.95903417482,
        123.83769470082,
        123.75491179582,
        123.88130227982,
        123.89874212882,
        123.69661595582,
        123.87533423981999,
        123.60538401082,
        123.43661415582
      ],
      "exit_codes": [
        0,
        0,
        0,
        0,
        0,
        0,
        0,
        0,
        0,
        0
      ]
    }
  ]
}
