{
  "results": [
    {
      "command": "cargo build --jobs 16 --release --example breakout",
      "mean": 77.77238574408,
      "stddev": 0.2748615836450871,
      "median": 77.76095144368,
      "user": 1141.3012535799999,
      "system": 30.184389579999998,
      "min": 77.31475205218,
      "max": 78.17716175618,
      "times": [
        77.42530447218,
        77.89839731318,
        78.08089755218,
        77.62682728118,
        77.69256686918,
        77.31475205218,
        77.98604725718,
        77.73203010718,
        78.17716175618,
        77.78987278018
      ],
      "exit_codes": [
        0,
        0,
        0,
        0,
        0,
        0,
        0,
        0,
        0,
        0
      ]
    }
  ]
}
