{
  "results": [
    {
      "command": "cargo build --jobs 16 --release --example breakout",
      "mean": 75.12107892437999,
      "stddev": 0.6175507454604477,
      "median": 74.94364898658,
      "user": 1137.1725992799998,
      "system": 30.533857419999997,
      "min": 74.53320886008,
      "max": 76.47173359508,
      "times": [
        76.47173359508,
        74.53320886008,
        75.44749140208,
        75.70761704008,
        74.64439460908,
        74.64135789108,
        74.83780016508,
        74.62045825008,
        75.04949780808,
        75.25722962308
      ],
      "exit_codes": [
        0,
        0,
        0,
        0,
        0,
        0,
        0,
        0,
        0,
        0
      ]
    }
  ]
}
