{
  "results": [
    {
      "command": "cargo build --jobs 8 --release --example breakout",
      "mean": 117.54926204974,
      "stddev": 0.15759912821536814,
      "median": 117.54118353293998,
      "user": 905.7053057,
      "system": 24.902704160000003,
      "min": 117.26245552294,
      "max": 117.79490396493999,
      "times": [
        117.26245552294,
        117.68084469893999,
        117.52396570693999,
        117.66282202394,
        117.44543293193999,
        117.55840135893999,
        117.40633115594,
        117.48637489794,
        117.67108823494,
        117.79490396493999
      ],
      "exit_codes": [
        0,
        0,
        0,
        0,
        0,
        0,
        0,
        0,
        0,
        0
      ]
    }
  ]
}
