{
  "results": [
    {
      "command": "cargo build --jobs 8 --release --example breakout",
      "mean": 120.2896442232,
      "stddev": 0.20754308607756147,
      "median": 120.32267705699999,
      "user": 905.73833144,
      "system": 23.881333759999997,
      "min": 119.806175071,
      "max": 120.53710757099999,
      "times": [
        120.160900773,
        120.33161612399999,
        120.303434842,
        120.420987942,
        119.806175071,
        120.53710757099999,
        120.168977258,
        120.31373798999999,
        120.472416875,
        120.381087786
      ],
      "exit_codes": [
        0,
        0,
        0,
        0,
        0,
        0,
        0,
        0,
        0,
        0
      ]
    }
  ]
}
