{
  "results": [
    {
      "command": "cargo build --jobs 8 --release --example breakout",
      "mean": 126.64817364552,
      "stddev": 0.36561032285120265,
      "median": 126.79630406512,
      "user": 970.8930924399998,
      "system": 27.297799379999997,
      "min": 126.12796120312,
      "max": 127.04189077312,
      "times": [
        126.12796120312,
        126.39663170312,
        126.20283135412,
        127.04189077312,
        126.72032978712,
        126.87227834312,
        127.03453430112,
        126.93390460612,
        126.90655436512,
        126.24482001912
      ],
      "exit_codes": [
        0,
        0,
        0,
        0,
        0,
        0,
        0,
        0,
        0,
        0
      ]
    }
  ]
}
