{
  "results": [
    {
      "command": "cargo build --jobs 16 --release --example breakout",
      "mean": 89.78348491794,
      "stddev": 0.9510333715381074,
      "median": 89.56858084894,
      "user": 1280.09212652,
      "system": 30.608844159999997,
      "min": 88.91936738594,
      "max": 92.01290717194,
      "times": [
        89.17700083994,
        89.11826049594,
        89.75139545094001,
        89.43628644094001,
        92.01290717194,
        89.87621967494,
        88.91936738594,
        89.07337613594001,
        90.76916032594,
        89.70087525694001
      ],
      "exit_codes": [
        0,
        0,
        0,
        0,
        0,
        0,
        0,
        0,
        0,
        0
      ]
    }
  ]
}
