{
  "results": [
    {
      "command": "cargo build --jobs 16 --release --example breakout",
      "mean": 75.7044251234,
      "stddev": 0.15628663822837882,
      "median": 75.7634714013,
      "user": 1140.3455931199999,
      "system": 30.50423442,
      "min": 75.33744091780001,
      "max": 75.8726005518,
      "times": [
        75.7943038348,
        75.7698494988,
        75.8726005518,
        75.55929015080001,
        75.7570933038,
        75.6613908428,
        75.6973057998,
        75.7705761398,
        75.33744091780001,
        75.8244001938
      ],
      "exit_codes": [
        0,
        0,
        0,
        0,
        0,
        0,
        0,
        0,
        0,
        0
      ]
    }
  ]
}
