{
  "results": [
    {
      "command": "cargo build --jobs 8 --release --example breakout",
      "mean": 117.26069195777998,
      "stddev": 0.08926562005489957,
      "median": 117.28776396977999,
      "user": 904.3833777399999,
      "system": 24.860617840000003,
      "min": 117.13908033777999,
      "max": 117.36967853777999,
      "times": [
        117.36967853777999,
        117.26967585777999,
        117.20893481078,
        117.33170445978,
        117.34828691777999,
        117.14079387977999,
        117.30585208177999,
        117.32630696177999,
        117.16660573278,
        117.13908033777999
      ],
      "exit_codes": [
        0,
        0,
        0,
        0,
        0,
        0,
        0,
        0,
        0,
        0
      ]
    }
  ]
}
