{
  "results": [
    {
      "command": "cargo build --jobs 16 --release --example breakout",
      "mean": 92.54553497244001,
      "stddev": 1.1029211643003165,
      "median": 92.51545564704,
      "user": 1287.22225884,
      "system": 31.515299640000002,
      "min": 90.89322657004,
      "max": 94.63859969204,
      "times": [
        94.63859969204,
        92.13510262104,
        91.88632402704,
        93.10720623404,
        92.89580867304001,
        90.89322657004,
        93.07935719104,
        91.51501298504,
        93.49672832004,
        91.80798341104
      ],
      "exit_codes": [
        0,
        0,
        0,
        0,
        0,
        0,
        0,
        0,
        0,
        0
      ]
    }
  ]
}
