{
  "results": [
    {
      "command": "cargo build --jobs 8 --release --example breakout",
      "mean": 134.91613683242002,
      "stddev": 0.1677205831950571,
      "median": 134.97968696662002,
      "user": 1028.6420225200002,
      "system": 25.184509060000003,
      "min": 134.65020650912,
      "max": 135.12978040312,
      "times": [
        134.98153911412,
        135.01979389512002,
        135.07230020012,
        134.99329991412,
        134.97783481912,
        135.12978040312,
        134.70304151412,
        134.92282467212002,
        134.71074728312,
        134.65020650912
      ],
      "exit_codes": [
        0,
        0,
        0,
        0,
        0,
        0,
        0,
        0,
        0,
        0
      ]
    }
  ]
}
