{
  "results": [
    {
      "command": "cargo build --jobs 8 --release --example breakout",
      "mean": 134.04880910454,
      "stddev": 0.16749714373762173,
      "median": 134.01572452163998,
      "user": 1027.1509973399998,
      "system": 24.887990699999996,
      "min": 133.82048493964,
      "max": 134.29587462464,
      "times": [
        133.87493849764,
        134.29587462464,
        133.98688513164,
        134.17944928864,
        133.91121591764,
        134.19283555764,
        133.94100249264,
        134.24084068364,
        133.82048493964,
        134.04456391163998
      ],
      "exit_codes": [
        0,
        0,
        0,
        0,
        0,
        0,
        0,
        0,
        0,
        0
      ]
    }
  ]
}
