{
  "results": [
    {
      "command": "cargo build --jobs 16 --release --example breakout",
      "mean": 90.95896023825999,
      "stddev": 0.564025360528967,
      "median": 90.91190672516001,
      "user": 1285.4472798599998,
      "system": 30.989034099999998,
      "min": 89.98838248116,
      "max": 91.77423026516,
      "times": [
        91.77423026516,
        91.58582532316001,
        90.85660602416,
        90.65744755716,
        90.47120227616,
        90.67019763016,
        91.62175853516,
        90.96720742616,
        90.99674486416001,
        89.98838248116
      ],
      "exit_codes": [
        0,
        0,
        0,
        0,
        0,
        0,
        0,
        0,
        0,
        0
      ]
    }
  ]
}
