{
  "results": [
    {
      "command": "cargo build --jobs 8 --release --example breakout",
      "mean": 108.57225990812,
      "stddev": 0.5576018014451406,
      "median": 108.49258598731998,
      "user": 820.34551898,
      "system": 21.677860340000002,
      "min": 107.89941645532,
      "max": 109.25650009232,
      "times": [
        108.13891137131999,
        107.89941645532,
        109.25650009232,
        108.10856397232,
        108.08370749331999,
        108.84626060331999,
        109.21602412432,
        108.07299429432,
        109.19228923232,
        108.90793144231999
      ],
      "exit_codes": [
        0,
        0,
        0,
        0,
        0,
        0,
        0,
        0,
        0,
        0
      ]
    }
  ]
}
