{
  "results": [
    {
      "command": "cargo build --jobs 8 --release --example breakout",
      "mean": 117.4815995339,
      "stddev": 0.3383513346241901,
      "median": 117.47540589980001,
      "user": 903.99602942,
      "system": 24.047018,
      "min": 116.97300833630001,
      "max": 118.0392945043,
      "times": [
        117.45621652930001,
        117.49459527030001,
        117.43681095230001,
        116.97300833630001,
        117.50350207230001,
        117.15118575230001,
        117.94706341230001,
        117.1617673023,
        118.0392945043,
        117.65255120730001
      ],
      "exit_codes": [
        0,
        0,
        0,
        0,
        0,
        0,
        0,
        0,
        0,
        0
      ]
    }
  ]
}
