{
  "results": [
    {
      "command": "cargo build --jobs 16 --release --example breakout",
      "mean": 75.46937986756,
      "stddev": 0.4477419857498497,
      "median": 75.50715354965999,
      "user": 1143.13487952,
      "system": 29.719183719999997,
      "min": 74.95683182415999,
      "max": 76.15940636516,
      "times": [
        76.15940636516,
        74.95683182415999,
        75.46498196616,
        75.87673540915999,
        75.05124455116,
        74.99793906315999,
        75.54932513316,
        75.65049202015999,
        75.97405285415999,
        75.01278948916
      ],
      "exit_codes": [
        0,
        0,
        0,
        0,
        0,
        0,
        0,
        0,
        0,
        0
      ]
    }
  ]
}
