{
  "results": [
    {
      "command": "cargo build --jobs 8 --release --example breakout",
      "mean": 134.03377009484,
      "stddev": 0.1837871149753974,
      "median": 134.00440193103998,
      "user": 1026.7569805599999,
      "system": 24.889710119999997,
      "min": 133.72104409003998,
      "max": 134.34871508604,
      "times": [
        133.94401904304,
        134.02600183504,
        133.91974785704,
        134.15598704203998,
        133.98280202703998,
        133.87661043103998,
        134.17508151304,
        134.34871508604,
        133.72104409003998,
        134.18769202404
      ],
      "exit_codes": [
        0,
        0,
        0,
        0,
        0,
        0,
        0,
        0,
        0,
        0
      ]
    }
  ]
}
