{
  "results": [
    {
      "command": "cargo build --jobs 16 --release --example breakout",
      "mean": 93.24723281514001,
      "stddev": 3.511703626150043,
      "median": 92.28616246474,
      "user": 1282.2548992200002,
      "system": 31.112254679999996,
      "min": 90.50110837974,
      "max": 102.81304483674,
      "times": [
        93.80170318774,
        92.40328241274,
        93.17069197274,
        90.50110837974,
        91.31246036174001,
        92.16904251674,
        91.41610873274,
        91.61696539774,
        102.81304483674,
        93.26792035274
      ],
      "exit_codes": [
        0,
        0,
        0,
        0,
        0,
        0,
        0,
        0,
        0,
        0
      ]
    }
  ]
}
