{
  "results": [
    {
      "command": "cargo build --jobs 8 --release --example breakout",
      "mean": 121.82977916094,
      "stddev": 0.25238568113377724,
      "median": 121.89678941884,
      "user": 936.1810420599999,
      "system": 24.46562504,
      "min": 121.42101841984,
      "max": 122.13224777783999,
      "times": [
        121.52808143684,
        121.42101841984,
        122.05837406484,
        121.56650454183999,
        121.91304857883999,
        121.90437565884,
        122.13224777783999,
        122.11667556684,
        121.88920317883999,
        121.76826238484
      ],
      "exit_codes": [
        0,
        0,
        0,
        0,
        0,
        0,
        0,
        0,
        0,
        0
      ]
    }
  ]
}
