{
  "results": [
    {
      "command": "cargo build --jobs 8 --release --example breakout",
      "mean": 139.24448339028,
      "stddev": 0.2776910049192129,
      "median": 139.25963072028,
      "user": 1068.09270778,
      "system": 26.550049079999997,
      "min": 138.86747946628,
      "max": 139.70622874528001,
      "times": [
        139.38681916428,
        139.70622874528001,
        139.12117178928,
        138.92903162628,
        139.48771863728,
        139.48016833428,
        138.86747946628,
        138.94695469928,
        139.26060386928,
        139.25865757128
      ],
      "exit_codes": [
        0,
        0,
        0,
        0,
        0,
        0,
        0,
        0,
        0,
        0
      ]
    }
  ]
}
