{
  "results": [
    {
      "command": "cargo build --jobs 8 --release --example breakout",
      "mean": 119.29411277436,
      "stddev": 0.35008354403890085,
      "median": 119.25311583676,
      "user": 914.52831534,
      "system": 24.027422819999998,
      "min": 118.58402825676,
      "max": 119.80977604376001,
      "times": [
        119.07912569076001,
        119.80977604376001,
        119.26250953776,
        119.44770276976,
        119.11760991776,
        118.58402825676,
        119.68722862976,
        119.17234943476001,
        119.24372213576001,
        119.53707532676
      ],
      "exit_codes": [
        0,
        0,
        0,
        0,
        0,
        0,
        0,
        0,
        0,
        0
      ]
    }
  ]
}
