{
  "results": [
    {
      "command": "cargo build --jobs 16 --release --example breakout",
      "mean": 76.53662677482001,
      "stddev": 0.41185772205918697,
      "median": 76.48222106642,
      "user": 1155.28942198,
      "system": 29.64969622,
      "min": 76.03947350941999,
      "max": 77.32313416842,
      "times": [
        76.75408512242,
        76.40661957542,
        76.50237167642,
        76.08720545941999,
        77.32313416842,
        76.11951150542,
        76.46207045642,
        76.03947350941999,
        76.96794429341999,
        76.70385198142
      ],
      "exit_codes": [
        0,
        0,
        0,
        0,
        0,
        0,
        0,
        0,
        0,
        0
      ]
    }
  ]
}
