{
  "results": [
    {
      "command": "cargo build --jobs 8 --release --example breakout",
      "mean": 127.92774599673999,
      "stddev": 0.3726562675495593,
      "median": 127.74962177914,
      "user": 977.2925306200001,
      "system": 27.891346159999994,
      "min": 127.41906979314,
      "max": 128.48931687614,
      "times": [
        128.48931687614,
        127.77100835014,
        128.27379058514,
        127.71514771014,
        127.56388461214,
        127.72823520813999,
        128.29737938414002,
        127.72351789314,
        127.41906979314,
        128.29610955514002
      ],
      "exit_codes": [
        0,
        0,
        0,
        0,
        0,
        0,
        0,
        0,
        0,
        0
      ]
    }
  ]
}
