{
  "results": [
    {
      "command": "cargo build --jobs 16 --release --example breakout",
      "mean": 75.06621709608001,
      "stddev": 0.3521782532260983,
      "median": 75.15346207908,
      "user": 1140.10241846,
      "system": 29.451129239999993,
      "min": 74.58797718408,
      "max": 75.57078170407999,
      "times": [
        75.16448967308,
        75.17377580408,
        75.30757939307999,
        75.47149424007999,
        74.67790502407999,
        75.14243448508,
        75.57078170407999,
        74.58797718408,
        74.59304454008,
        74.97268891307999
      ],
      "exit_codes": [
        0,
        0,
        0,
        0,
        0,
        0,
        0,
        0,
        0,
        0
      ]
    }
  ]
}
