{
  "results": [
    {
      "command": "cargo build --jobs 8 --release --example breakout",
      "mean": 117.11018086134001,
      "stddev": 0.08561632788800726,
      "median": 117.13661449424,
      "user": 903.6195597,
      "system": 23.872985800000002,
      "min": 116.95924448224001,
      "max": 117.21234611424,
      "times": [
        117.13722448224,
        117.17624355824,
        117.11735297324,
        117.17017154924001,
        117.13600450624,
        117.21234611424,
        116.95924448224001,
        117.16206255824001,
        117.05264933124,
        116.97850905824001
      ],
      "exit_codes": [
        0,
        0,
        0,
        0,
        0,
        0,
        0,
        0,
        0,
        0
      ]
    }
  ]
}
