{
  "results": [
    {
      "command": "cargo build --jobs 16 --release --example breakout",
      "mean": 82.87730270328001,
      "stddev": 0.6636240477866497,
      "median": 82.87094120318,
      "user": 1211.7547611199998,
      "system": 31.3756142,
      "min": 81.85785576668,
      "max": 83.87823392368,
      "times": [
        83.35877975568,
        82.35943354568,
        83.27901557768,
        82.38871075368,
        81.85785576668,
        83.58950381468,
        83.19031694768,
        83.87823392368,
        82.31961148868,
        82.55156545868
      ],
      "exit_codes": [
        0,
        0,
        0,
        0,
        0,
        0,
        0,
        0,
        0,
        0
      ]
    }
  ]
}
