{
  "results": [
    {
      "command": "cargo build --jobs 16 --release --example breakout",
      "mean": 78.11577044392,
      "stddev": 0.3897233303556303,
      "median": 78.22050436652,
      "user": 1139.3721754000003,
      "system": 29.56363994,
      "min": 77.28517820452,
      "max": 78.58261175052,
      "times": [
        78.32558633852,
        78.08885198451999,
        78.29115884251999,
        77.28517820452,
        78.14984989052,
        77.96342279852,
        78.47021666552,
        78.32213453352,
        77.67869343052,
        78.58261175052
      ],
      "exit_codes": [
        0,
        0,
        0,
        0,
        0,
        0,
        0,
        0,
        0,
        0
      ]
    }
  ]
}
