{
  "results": [
    {
      "command": "cargo build --jobs 8 --release --example breakout",
      "mean": 106.27984411290001,
      "stddev": 0.3983923015676565,
      "median": 106.2544781955,
      "user": 801.1236293999998,
      "system": 21.91056094,
      "min": 105.60754266149999,
      "max": 106.75172030649999,
      "times": [
        106.3278777845,
        106.2068289395,
        105.7099348135,
        106.7354906865,
        106.2167465765,
        106.75172030649999,
        106.2169733985,
        106.2919829925,
        106.7333429695,
        105.60754266149999
      ],
      "exit_codes": [
        0,
        0,
        0,
        0,
        0,
        0,
        0,
        0,
        0,
        0
      ]
    }
  ]
}
