{
  "results": [
    {
      "command": "cargo build --jobs 8 --release --example breakout",
      "mean": 121.45328773025999,
      "stddev": 0.3052173697680412,
      "median": 121.32306473356,
      "user": 935.0574007000001,
      "system": 24.395376499999998,
      "min": 121.19056559406,
      "max": 122.04950978406,
      "times": [
        121.32595264606,
        121.60664221306,
        121.32017682106,
        122.04950978406,
        121.24849679606001,
        121.20734800506,
        121.35462009006001,
        121.19056559406,
        121.30482898806001,
        121.92473636506
      ],
      "exit_codes": [
        0,
        0,
        0,
        0,
        0,
        0,
        0,
        0,
        0,
        0
      ]
    }
  ]
}
