{
  "results": [
    {
      "command": "cargo build --jobs 16 --release --example breakout",
      "mean": 77.37810979944001,
      "stddev": 0.11823168552837857,
      "median": 77.41513775164,
      "user": 1144.0728178200002,
      "system": 29.875096359999997,
      "min": 77.14249287714,
      "max": 77.51456613614,
      "times": [
        77.23308120514,
        77.46175667314,
        77.47757484614,
        77.45159767414,
        77.36208682414,
        77.42906424114,
        77.30766625514,
        77.14249287714,
        77.40121126214,
        77.51456613614
      ],
      "exit_codes": [
        0,
        0,
        0,
        0,
        0,
        0,
        0,
        0,
        0,
        0
      ]
    }
  ]
}
