{
  "results": [
    {
      "command": "cargo build --jobs 16 --release --example breakout",
      "mean": 77.53533961302,
      "stddev": 0.2244693455083063,
      "median": 77.44159071141999,
      "user": 1147.3429241000001,
      "system": 29.346359080000003,
      "min": 77.30829342642,
      "max": 77.93852877942,
      "times": [
        77.47442377942,
        77.40875764341999,
        77.93852877942,
        77.39565689442,
        77.74846856142,
        77.31798553942,
        77.83243825842,
        77.39686111841999,
        77.53198212942,
        77.30829342642
      ],
      "exit_codes": [
        0,
        0,
        0,
        0,
        0,
        0,
        0,
        0,
        0,
        0
      ]
    }
  ]
}
