{
  "results": [
    {
      "command": "cargo build --jobs 16 --release --example breakout",
      "mean": 97.30135126223999,
      "stddev": 1.4836409135244715,
      "median": 96.55317020144,
      "user": 1338.4714902800001,
      "system": 33.09691788,
      "min": 96.11822772494,
      "max": 100.17084188994001,
      "times": [
        96.11822772494,
        96.50192293094001,
        96.78415942294001,
        98.95526315394001,
        96.50942421294,
        96.23123400394,
        100.17084188994001,
        96.13764785394001,
        96.59691618994,
        99.00787523894
      ],
      "exit_codes": [
        0,
        0,
        0,
        0,
        0,
        0,
        0,
        0,
        0,
        0
      ]
    }
  ]
}
