{
  "results": [
    {
      "command": "cargo build --jobs 8 --release --example breakout",
      "mean": 120.12188149114002,
      "stddev": 0.19304954208607703,
      "median": 120.06556452334,
      "user": 907.9831209200001,
      "system": 24.741692699999998,
      "min": 119.94022260384,
      "max": 120.47399663284,
      "times": [
        120.10606805684,
        120.15843552884,
        120.02506098984,
        119.96472643284,
        119.97321669084,
        119.95367644084,
        120.21093560983999,
        120.41247592484,
        119.94022260384,
        120.47399663284
      ],
      "exit_codes": [
        0,
        0,
        0,
        0,
        0,
        0,
        0,
        0,
        0,
        0
      ]
    }
  ]
}
