{
  "results": [
    {
      "command": "cargo build --jobs 16 --release --example breakout",
      "mean": 77.97286720023999,
      "stddev": 0.24419384874696032,
      "median": 78.00444387574,
      "user": 1142.9570287599997,
      "system": 30.1111965,
      "min": 77.38098782424,
      "max": 78.20894885324,
      "times": [
        78.20894885324,
        78.05413426023999,
        77.93514253224,
        77.95475349124,
        77.90651325623999,
        78.20866881724,
        77.38098782424,
        78.08878688323999,
        77.84075693324,
        78.14997915123999
      ],
      "exit_codes": [
        0,
        0,
        0,
        0,
        0,
        0,
        0,
        0,
        0,
        0
      ]
    }
  ]
}
