{
  "results": [
    {
      "command": "cargo build --jobs 8 --release --example breakout",
      "mean": 121.3114766228,
      "stddev": 0.39134965041328973,
      "median": 121.2267568626,
      "user": 916.9769713,
      "system": 24.872158299999995,
      "min": 120.8754972316,
      "max": 122.2960864376,
      "times": [
        121.3188141396,
        122.2960864376,
        121.5323763926,
        121.1144968126,
        121.0698881216,
        121.3056319186,
        120.8754972316,
        121.3531132776,
        121.1009800896,
        121.1478818066
      ],
      "exit_codes": [
        0,
        0,
        0,
        0,
        0,
        0,
        0,
        0,
        0,
        0
      ]
    }
  ]
}
