{
  "results": [
    {
      "command": "cargo build --jobs 16 --release --example breakout",
      "mean": 81.3725999726,
      "stddev": 0.7019710962118871,
      "median": 81.4441066208,
      "user": 1204.0994627599998,
      "system": 31.08189438,
      "min": 80.0488729038,
      "max": 82.2598569648,
      "times": [
        82.1984041808,
        80.9987211048,
        82.2598569648,
        81.44555176179999,
        81.7891233308,
        80.5250241118,
        81.4426614798,
        80.0488729038,
        81.7681180318,
        81.2496658558
      ],
      "exit_codes": [
        0,
        0,
        0,
        0,
        0,
        0,
        0,
        0,
        0,
        0
      ]
    }
  ]
}
