{
  "results": [
    {
      "command": "cargo build --jobs 8 --release --example breakout",
      "mean": 120.42273743675999,
      "stddev": 0.33108868164294597,
      "median": 120.45374318526001,
      "user": 903.4916441199999,
      "system": 23.751656519999997,
      "min": 119.73301334526,
      "max": 120.96785123026001,
      "times": [
        120.60494157526,
        120.51681359726001,
        120.96785123026001,
        120.65515522626,
        120.09791952626,
        120.41027343826,
        120.49721293226001,
        120.34655481726,
        120.39763867926001,
        119.73301334526
      ],
      "exit_codes": [
        0,
        0,
        0,
        0,
        0,
        0,
        0,
        0,
        0,
        0
      ]
    }
  ]
}
