{
  "results": [
    {
      "command": "cargo build --jobs 16 --release --example breakout",
      "mean": 75.97468496972,
      "stddev": 0.5594300408018135,
      "median": 75.84163439452001,
      "user": 1144.5875194200003,
      "system": 29.51010834,
      "min": 75.57696288202001,
      "max": 77.51340494702,
      "times": [
        75.79173336102001,
        75.91955662802,
        75.88406748602,
        75.62257619602,
        75.57696288202001,
        76.06185329402001,
        75.69342611402,
        75.84033179502,
        77.51340494702,
        75.84293699402001
      ],
      "exit_codes": [
        0,
        0,
        0,
        0,
        0,
        0,
        0,
        0,
        0,
        0
      ]
    }
  ]
}
