{
  "results": [
    {
      "command": "cargo build --jobs 16 --release --example breakout",
      "mean": 98.00414709742,
      "stddev": 5.93924803824502,
      "median": 95.97038145692001,
      "user": 1334.1642046399998,
      "system": 32.77336755999999,
      "min": 95.37516368642001,
      "max": 114.79527348342,
      "times": [
        95.78770101442001,
        95.78401015942,
        114.79527348342,
        96.92446018242,
        96.15306189942001,
        96.16053127742,
        95.37516368642001,
        97.67392459842,
        95.70042926642,
        95.68691540642
      ],
      "exit_codes": [
        0,
        0,
        0,
        0,
        0,
        0,
        0,
        0,
        0,
        0
      ]
    }
  ]
}
