{
  "results": [
    {
      "command": "cargo build --jobs 8 --release --example breakout",
      "mean": 121.98668415272,
      "stddev": 0.6226061662257782,
      "median": 121.87955148642,
      "user": 933.2958255800002,
      "system": 24.346020380000002,
      "min": 121.32388690792,
      "max": 123.49922479492,
      "times": [
        121.86459514892,
        121.88022692992,
        121.54776473692,
        123.49922479492,
        121.87887604292,
        122.29357390492,
        122.02551281491999,
        122.19323557592,
        121.32388690792,
        121.35994466992
      ],
      "exit_codes": [
        0,
        0,
        0,
        0,
        0,
        0,
        0,
        0,
        0,
        0
      ]
    }
  ]
}
