{
  "results": [
    {
      "command": "cargo build --jobs 16 --release --example breakout",
      "mean": 75.71349731785999,
      "stddev": 0.20780243572090995,
      "median": 75.71948080205999,
      "user": 1142.1812243599998,
      "system": 30.546134759999994,
      "min": 75.35940437356,
      "max": 76.02550183356,
      "times": [
        75.66853313755999,
        75.54716004656,
        75.35940437356,
        75.47609297155999,
        75.91599128356,
        75.71118109256,
        75.72778051156,
        76.02550183356,
        75.83643035456,
        75.86689757356
      ],
      "exit_codes": [
        0,
        0,
        0,
        0,
        0,
        0,
        0,
        0,
        0,
        0
      ]
    }
  ]
}
