{
  "results": [
    {
      "command": "cargo build --jobs 8 --release --example breakout",
      "mean": 118.80645242902001,
      "stddev": 3.9829947254916127,
      "median": 117.58567019602,
      "user": 905.8286155399999,
      "system": 24.909062499999994,
      "min": 117.33545703552001,
      "max": 130.13736490352,
      "times": [
        117.55660943352001,
        117.62442603352001,
        117.51062082352,
        117.61473095852,
        117.39172957752001,
        117.51331834752001,
        117.33545703552001,
        117.69941702652001,
        117.68085015052,
        130.13736490352
      ],
      "exit_codes": [
        0,
        0,
        0,
        0,
        0,
        0,
        0,
        0,
        0,
        0
      ]
    }
  ]
}
