{
  "results": [
    {
      "command": "cargo build --jobs 16 --release --example breakout",
      "mean": 87.47902633942,
      "stddev": 1.0146072680576221,
      "median": 87.73971667242,
      "user": 1222.80791264,
      "system": 32.08176472,
      "min": 85.83354849442,
      "max": 88.91083143642,
      "times": [
        87.94145059842,
        88.91083143642,
        87.71759247542,
        88.09110976842,
        85.83354849442,
        87.23194175542,
        86.30975996942,
        87.76184086942,
        86.41143033842,
        88.58075768842
      ],
      "exit_codes": [
        0,
        0,
        0,
        0,
        0,
        0,
        0,
        0,
        0,
        0
      ]
    }
  ]
}
