{
  "results": [
    {
      "command": "cargo build --jobs 16 --release --example breakout",
      "mean": 90.5121488357,
      "stddev": 0.35396446164159767,
      "median": 90.4663771065,
      "user": 1260.93355938,
      "system": 30.860059099999994,
      "min": 89.946164947,
      "max": 91.048880436,
      "times": [
        90.133404232,
        91.048880436,
        90.841608071,
        90.232969126,
        90.761169088,
        90.829269033,
        90.399895679,
        90.395269211,
        89.946164947,
        90.532858534
      ],
      "exit_codes": [
        0,
        0,
        0,
        0,
        0,
        0,
        0,
        0,
        0,
        0
      ]
    }
  ]
}
