{
  "results": [
    {
      "command": "cargo build --jobs 16 --release --example breakout",
      "mean": 78.1406436154,
      "stddev": 0.20504642738534326,
      "median": 78.2013662349,
      "user": 1143.4214198,
      "system": 30.073278620000004,
      "min": 77.7147793914,
      "max": 78.45590906439999,
      "times": [
        77.9890732944,
        78.2710914864,
        77.99079285239999,
        78.45590906439999,
        77.7147793914,
        78.20486016139999,
        78.2614788594,
        78.0814658944,
        78.1978723084,
        78.2391128414
      ],
      "exit_codes": [
        0,
        0,
        0,
        0,
        0,
        0,
        0,
        0,
        0,
        0
      ]
    }
  ]
}
