{
  "results": [
    {
      "command": "cargo build --jobs 8 --release --example breakout",
      "mean": 120.08026215959998,
      "stddev": 0.17564283836927394,
      "median": 120.08092954079999,
      "user": 908.4412624199998,
      "system": 24.75384338,
      "min": 119.8121715338,
      "max": 120.36409402979999,
      "times": [
        119.9787106778,
        119.88588591179999,
        119.8121715338,
        120.36409402979999,
        120.17956771579999,
        120.19667391179999,
        120.2723124378,
        120.0911502808,
        119.9513462958,
        120.07070880079999
      ],
      "exit_codes": [
        0,
        0,
        0,
        0,
        0,
        0,
        0,
        0,
        0,
        0
      ]
    }
  ]
}
