{
  "results": [
    {
      "command": "cargo build --jobs 16 --release --example breakout",
      "mean": 87.13900676394,
      "stddev": 0.86359902165017,
      "median": 87.41350059804,
      "user": 1217.7021788799998,
      "system": 31.966185420000006,
      "min": 85.54127171204,
      "max": 87.87574104104,
      "times": [
        87.43601320004,
        87.34432178104,
        87.50830317404,
        85.54127171204,
        87.77488774004,
        87.87574104104,
        87.18124160504,
        87.39098799604,
        87.77269981604,
        85.56459957404
      ],
      "exit_codes": [
        0,
        0,
        0,
        0,
        0,
        0,
        0,
        0,
        0,
        0
      ]
    }
  ]
}
