{
  "results": [
    {
      "command": "cargo build --jobs 8 --release --example breakout",
      "mean": 127.05895219872,
      "stddev": 0.20605717505806806,
      "median": 127.12252576152,
      "user": 972.18028698,
      "system": 25.745670559999997,
      "min": 126.75072694402,
      "max": 127.31857268902,
      "times": [
        126.76848991602,
        127.12281694502,
        126.75072694402,
        127.12162769202,
        127.24373240002001,
        127.31857268902,
        127.13456930202,
        127.12223457802,
        126.80676528602,
        127.19998623502
      ],
      "exit_codes": [
        0,
        0,
        0,
        0,
        0,
        0,
        0,
        0,
        0,
        0
      ]
    }
  ]
}
