{
  "results": [
    {
      "command": "cargo build --jobs 16 --release --example breakout",
      "mean": 74.88570420855999,
      "stddev": 0.19319196163317226,
      "median": 74.87401678596001,
      "user": 1133.8352153199999,
      "system": 28.980644479999988,
      "min": 74.62093053795999,
      "max": 75.17280416796,
      "times": [
        74.62093053795999,
        74.74962422796,
        75.17280416796,
        74.82560318596,
        74.94155504096,
        74.80598003496,
        74.63449029796,
        74.92243038596,
        75.12611516696,
        75.05750903895999
      ],
      "exit_codes": [
        0,
        0,
        0,
        0,
        0,
        0,
        0,
        0,
        0,
        0
      ]
    }
  ]
}
