{
  "results": [
    {
      "command": "cargo build --jobs 8 --release --example breakout",
      "mean": 116.65791160634001,
      "stddev": 0.3804610946664261,
      "median": 116.51094414394001,
      "user": 898.6214088,
      "system": 24.04063702,
      "min": 116.37313942044,
      "max": 117.68114348644,
      "times": [
        116.37313942044,
        116.47195421044,
        116.42719357344001,
        116.67305799844,
        116.49433263644,
        116.72158781444,
        116.52755565144,
        116.73326495244,
        116.47588631944001,
        117.68114348644
      ],
      "exit_codes": [
        0,
        0,
        0,
        0,
        0,
        0,
        0,
        0,
        0,
        0
      ]
    }
  ]
}
