{
  "results": [
    {
      "command": "cargo build --jobs 8 --release --example breakout",
      "mean": 116.45717247528003,
      "stddev": 0.12911977280496417,
      "median": 116.48101152148001,
      "user": 897.72234572,
      "system": 23.613852520000002,
      "min": 116.27559782248001,
      "max": 116.66350219648001,
      "times": [
        116.34575193148001,
        116.30254731848001,
        116.48077164948,
        116.48125139348001,
        116.52807148348,
        116.60839233448,
        116.50904540548001,
        116.66350219648001,
        116.27559782248001,
        116.37679321748
      ],
      "exit_codes": [
        0,
        0,
        0,
        0,
        0,
        0,
        0,
        0,
        0,
        0
      ]
    }
  ]
}
