{
  "results": [
    {
      "command": "cargo build --jobs 16 --release --example breakout",
      "mean": 75.03628015913999,
      "stddev": 0.39294293956763215,
      "median": 75.02651577373999,
      "user": 1133.54405114,
      "system": 29.489325319999995,
      "min": 74.37467600673999,
      "max": 75.55850646773999,
      "times": [
        74.60489660274,
        74.85440178373999,
        75.35642177074,
        75.55780987274,
        74.84240908374,
        75.16064845573999,
        75.15359340474,
        74.37467600673999,
        75.55850646773999,
        74.89943814274
      ],
      "exit_codes": [
        0,
        0,
        0,
        0,
        0,
        0,
        0,
        0,
        0,
        0
      ]
    }
  ]
}
