{
  "results": [
    {
      "command": "cargo build --jobs 16 --release --example breakout",
      "mean": 71.11654991082,
      "stddev": 0.5142638641343972,
      "median": 71.30073327892,
      "user": 1011.6508785399999,
      "system": 27.45021854,
      "min": 70.23879905392,
      "max": 71.70976956392,
      "times": [
        71.30706779592,
        71.41349295392,
        70.94114594892,
        71.29439876192001,
        71.44520293092,
        71.70976956392,
        70.29276785092,
        70.23879905392,
        71.60954511492,
        70.91330913292
      ],
      "exit_codes": [
        0,
        0,
        0,
        0,
        0,
        0,
        0,
        0,
        0,
        0
      ]
    }
  ]
}
