{
  "results": [
    {
      "command": "cargo build --jobs 8 --release --example breakout",
      "mean": 107.02613971416001,
      "stddev": 0.40372975544165324,
      "median": 106.78449358116,
      "user": 809.9280168199999,
      "system": 21.986809479999998,
      "min": 106.63667631316001,
      "max": 107.64777027516,
      "times": [
        107.50986607316,
        106.79965321716,
        107.45985751916001,
        106.71601287916,
        107.31400345416,
        106.76933394516,
        106.63667631316001,
        107.64777027516,
        106.74333707116,
        106.66488639416
      ],
      "exit_codes": [
        0,
        0,
        0,
        0,
        0,
        0,
        0,
        0,
        0,
        0
      ]
    }
  ]
}
