{
  "results": [
    {
      "command": "cargo build --jobs 8 --release --example breakout",
      "mean": 117.14032447919999,
      "stddev": 0.24268688061980437,
      "median": 117.1506409699,
      "user": 902.5496883599999,
      "system": 23.884707619999997,
      "min": 116.6102651459,
      "max": 117.4741618269,
      "times": [
        116.6102651459,
        117.4741618269,
        117.0858764309,
        117.03491307190001,
        117.23664637190001,
        117.1448682229,
        116.9726874359,
        117.3037190359,
        117.1564137169,
        117.38369353290001
      ],
      "exit_codes": [
        0,
        0,
        0,
        0,
        0,
        0,
        0,
        0,
        0,
        0
      ]
    }
  ]
}
