{
  "results": [
    {
      "command": "cargo build --jobs 8 --release --example breakout",
      "mean": 120.20576480956,
      "stddev": 0.12597747653070726,
      "median": 120.20017280336,
      "user": 911.0776476799999,
      "system": 24.21549304,
      "min": 120.04402907436,
      "max": 120.45895962536,
      "times": [
        120.09039558536,
        120.21194457636,
        120.04402907436,
        120.29068293636,
        120.05631594735999,
        120.27951838535999,
        120.45895962536,
        120.18840103036,
        120.17629287836,
        120.26110805636
      ],
      "exit_codes": [
        0,
        0,
        0,
        0,
        0,
        0,
        0,
        0,
        0,
        0
      ]
    }
  ]
}
