{
  "results": [
    {
      "command": "cargo build --jobs 8 --release --example breakout",
      "mean": 116.89845130334,
      "stddev": 0.2252687433913178,
      "median": 116.91107044574,
      "user": 900.7426030400002,
      "system": 24.736100079999996,
      "min": 116.62771783123999,
      "max": 117.37480680323999,
      "times": [
        116.76562292524,
        117.06139691924,
        116.63089903024,
        117.37480680323999,
        116.94817770424,
        116.93845252823999,
        116.88368836324,
        116.62771783123999,
        116.74364216523999,
        117.01010876324
      ],
      "exit_codes": [
        0,
        0,
        0,
        0,
        0,
        0,
        0,
        0,
        0,
        0
      ]
    }
  ]
}
