{
  "results": [
    {
      "command": "cargo build --jobs 16 --release --example breakout",
      "mean": 70.57821653474,
      "stddev": 0.666934055551903,
      "median": 70.69288198064,
      "user": 1005.8271652399999,
      "system": 27.495644719999994,
      "min": 69.39941581564,
      "max": 71.77669207964,
      "times": [
        70.67033612563999,
        71.77669207964,
        69.39941581564,
        70.55171764864,
        70.87550118664,
        70.71542783564,
        70.73363388663999,
        71.04008905863999,
        69.71223389664,
        70.30711781363999
      ],
      "exit_codes": [
        0,
        0,
        0,
        0,
        0,
        0,
        0,
        0,
        0,
        0
      ]
    }
  ]
}
