{
  "results": [
    {
      "command": "cargo build --jobs 8 --release --example breakout",
      "mean": 106.41111382668001,
      "stddev": 0.41684055291247823,
      "median": 106.43167485708,
      "user": 802.6382527200001,
      "system": 21.8890425,
      "min": 105.80882854158,
      "max": 107.11843061057999,
      "times": [
        106.48021112858,
        106.78343129058,
        105.93437102258,
        106.33679814258,
        106.38313858558,
        106.74715310558,
        105.80882854158,
        107.11843061057999,
        105.97232341857999,
        106.54645242058
      ],
      "exit_codes": [
        0,
        0,
        0,
        0,
        0,
        0,
        0,
        0,
        0,
        0
      ]
    }
  ]
}
