{
  "results": [
    {
      "command": "cargo build --jobs 8 --release --example breakout",
      "mean": 113.14452662214,
      "stddev": 0.2680335593956122,
      "median": 113.06560309214001,
      "user": 854.4414175599999,
      "system": 22.7873303,
      "min": 112.84108712014,
      "max": 113.64659065214,
      "times": [
        113.41403879014,
        112.84108712014,
        113.32934200314,
        113.64659065214,
        112.90999324214,
        113.31761771314001,
        112.96634109914001,
        113.04113287414,
        113.09007331014,
        112.88904941714
      ],
      "exit_codes": [
        0,
        0,
        0,
        0,
        0,
        0,
        0,
        0,
        0,
        0
      ]
    }
  ]
}
