{
  "results": [
    {
      "command": "cargo build --jobs 8 --release --example breakout",
      "mean": 121.79373860633999,
      "stddev": 0.20642662287209593,
      "median": 121.83103004214,
      "user": 933.5546850799998,
      "system": 24.70909514,
      "min": 121.39860301564,
      "max": 122.02906629564,
      "times": [
        121.82082047364,
        121.99134118764,
        121.47694271764,
        121.84123961064,
        121.77699469664,
        121.89534423664,
        122.02906629564,
        121.93048819564,
        121.77654563364,
        121.39860301564
      ],
      "exit_codes": [
        0,
        0,
        0,
        0,
        0,
        0,
        0,
        0,
        0,
        0
      ]
    }
  ]
}
