{
  "results": [
    {
      "command": "cargo build --jobs 8 --release --example breakout",
      "mean": 119.95523550947999,
      "stddev": 0.16834864457736426,
      "median": 119.93380049557999,
      "user": 907.9650787999999,
      "system": 24.661798939999997,
      "min": 119.62875027308,
      "max": 120.24590084108,
      "times": [
        119.62875027308,
        119.91562563308,
        119.99336350307999,
        119.93634169308,
        120.24590084108,
        120.16466018608,
        119.85005610408,
        119.89407261107999,
        119.93125929808,
        119.99232495208
      ],
      "exit_codes": [
        0,
        0,
        0,
        0,
        0,
        0,
        0,
        0,
        0,
        0
      ]
    }
  ]
}
