{
  "results": [
    {
      "command": "cargo build --jobs 16 --release --example breakout",
      "mean": 77.95367573096,
      "stddev": 0.16353408559720545,
      "median": 77.95044854076,
      "user": 1141.9667642,
      "system": 30.237848879999994,
      "min": 77.70572903126,
      "max": 78.23047507526,
      "times": [
        77.89519451126,
        77.98070650026,
        77.70572903126,
        77.92019058126,
        78.23047507526,
        78.03221166226001,
        77.81471179926001,
        77.79715817626,
        78.16775377826,
        77.99262619426
      ],
      "exit_codes": [
        0,
        0,
        0,
        0,
        0,
        0,
        0,
        0,
        0,
        0
      ]
    }
  ]
}
