{
  "results": [
    {
      "command": "cargo build --jobs 16 --release --example breakout",
      "mean": 84.22657188228,
      "stddev": 1.4364257973517636,
      "median": 83.78929334668,
      "user": 1210.1913042,
      "system": 31.598894700000006,
      "min": 82.58447122768,
      "max": 86.41969597068,
      "times": [
        83.48695444968,
        82.58447122768,
        86.03842114668,
        83.82123338768,
        82.69154969768,
        83.32934140468,
        86.13389904067999,
        84.00279919168,
        86.41969597068,
        83.75735330568
      ],
      "exit_codes": [
        0,
        0,
        0,
        0,
        0,
        0,
        0,
        0,
        0,
        0
      ]
    }
  ]
}
