{
  "results": [
    {
      "command": "cargo build --jobs 8 --release --example breakout",
      "mean": 126.32757923341998,
      "stddev": 0.2567439765316009,
      "median": 126.25899589992,
      "user": 964.93024966,
      "system": 25.40354242,
      "min": 126.01460219542,
      "max": 126.76270951142,
      "times": [
        126.18716315342,
        126.15127237841999,
        126.24244572741999,
        126.58130950342,
        126.08426111541999,
        126.30115724842,
        126.76270951142,
        126.01460219542,
        126.27554607242,
        126.67532542842
      ],
      "exit_codes": [
        0,
        0,
        0,
        0,
        0,
        0,
        0,
        0,
        0,
        0
      ]
    }
  ]
}
