{
  "results": [
    {
      "command": "cargo build --jobs 8 --release --example breakout",
      "mean": 130.03615897022001,
      "stddev": 0.20092933564576912,
      "median": 129.97407968722,
      "user": 998.9453540400002,
      "system": 24.621472,
      "min": 129.76414944622002,
      "max": 130.47480748422,
      "times": [
        130.02692714822,
        129.76414944622002,
        130.47480748422,
        129.95006103522002,
        129.99616815822,
        130.16635266722,
        129.87968218022002,
        129.95199121622,
        129.94118193822,
        130.21026842822002
      ],
      "exit_codes": [
        0,
        0,
        0,
        0,
        0,
        0,
        0,
        0,
        0,
        0
      ]
    }
  ]
}
