{
  "results": [
    {
      "command": "cargo build --jobs 16 --release --example breakout",
      "mean": 89.96139175018001,
      "stddev": 0.980939365474418,
      "median": 89.93931820777999,
      "user": 1249.9744535599996,
      "system": 30.649512699999995,
      "min": 87.96129542278,
      "max": 91.96797385978,
      "times": [
        90.04070563778001,
        91.96797385978,
        89.91538206678,
        89.94129705578,
        89.39818632578,
        90.34740992578,
        90.31800392478,
        89.78632392278,
        89.93733935978,
        87.96129542278
      ],
      "exit_codes": [
        0,
        0,
        0,
        0,
        0,
        0,
        0,
        0,
        0,
        0
      ]
    }
  ]
}
