{
  "results": [
    {
      "command": "cargo build --jobs 16 --release --example breakout",
      "mean": 72.24728912757999,
      "stddev": 0.3536592018772637,
      "median": 72.15460845458,
      "user": 1066.70668592,
      "system": 28.13062504,
      "min": 71.86005858057999,
      "max": 73.06044524657999,
      "times": [
        73.06044524657999,
        72.32569309558,
        72.58778705857999,
        72.17792965157999,
        72.13128725758,
        72.28044222257999,
        71.86005858057999,
        72.04382675558,
        71.92519735057999,
        72.08022405658
      ],
      "exit_codes": [
        0,
        0,
        0,
        0,
        0,
        0,
        0,
        0,
        0,
        0
      ]
    }
  ]
}
