{
  "results": [
    {
      "command": "cargo build --jobs 8 --release --example breakout",
      "mean": 112.38876631622001,
      "stddev": 0.25355687456642456,
      "median": 112.40228409212,
      "user": 848.3135854599999,
      "system": 22.728944519999995,
      "min": 111.99349611812,
      "max": 112.74887051512,
      "times": [
        112.34843393212,
        112.74630998812,
        112.41269391112,
        112.03064422912,
        111.99349611812,
        112.44009512812,
        112.26158449612,
        112.74887051512,
        112.39187427312,
        112.51366057112
      ],
      "exit_codes": [
        0,
        0,
        0,
        0,
        0,
        0,
        0,
        0,
        0,
        0
      ]
    }
  ]
}
