{
  "results": [
    {
      "command": "cargo build --jobs 16 --release --example breakout",
      "mean": 80.2717710524,
      "stddev": 0.17725925135500686,
      "median": 80.3005099127,
      "user": 1155.09690438,
      "system": 30.294414600000003,
      "min": 79.8236931862,
      "max": 80.4714005312,
      "times": [
        80.2494907102,
        80.3457999302,
        80.4714005312,
        80.2668219402,
        80.3341978852,
        80.3644094722,
        80.1998451412,
        80.25524292920001,
        79.8236931862,
        80.4068087982
      ],
      "exit_codes": [
        0,
        0,
        0,
        0,
        0,
        0,
        0,
        0,
        0,
        0
      ]
    }
  ]
}
