{
  "results": [
    {
      "command": "cargo build --jobs 8 --release --example breakout",
      "mean": 123.30505055898,
      "stddev": 5.277544014039291,
      "median": 121.69901675828,
      "user": 918.2866402399999,
      "system": 24.794624579999997,
      "min": 121.04059466828,
      "max": 138.29641608728002,
      "times": [
        121.04059466828,
        121.69060489328,
        121.40668978728,
        121.70742862328,
        138.29641608728002,
        121.87506949028,
        121.46103851928,
        122.28462632528,
        121.50932265828,
        121.77871453728
      ],
      "exit_codes": [
        0,
        0,
        0,
        0,
        0,
        0,
        0,
        0,
        0,
        0
      ]
    }
  ]
}
