{
  "results": [
    {
      "command": "cargo build --jobs 16 --release --example breakout",
      "mean": 89.71350843732002,
      "stddev": 0.6103319965356574,
      "median": 89.86834962092,
      "user": 1249.2553497000001,
      "system": 30.475278659999997,
      "min": 88.26808422092,
      "max": 90.41275903492,
      "times": [
        88.26808422092,
        89.37933413192,
        90.14118703791999,
        89.39335635692,
        90.10903618092,
        90.41275903492,
        90.00858592492,
        89.62625886492,
        90.06836930291999,
        89.72811331692
      ],
      "exit_codes": [
        0,
        0,
        0,
        0,
        0,
        0,
        0,
        0,
        0,
        0
      ]
    }
  ]
}
