{
  "results": [
    {
      "command": "cargo build --jobs 8 --release --example breakout",
      "mean": 120.91571379204001,
      "stddev": 0.3804456696358199,
      "median": 121.08738419603999,
      "user": 911.7359718799999,
      "system": 24.29232888,
      "min": 120.31512932054,
      "max": 121.29040365754,
      "times": [
        121.15704105254,
        121.29040365754,
        120.48982968653999,
        121.08963209353999,
        121.23033840554,
        121.08513629854,
        120.33802272954,
        120.31512932054,
        120.99202109353999,
        121.16958358254
      ],
      "exit_codes": [
        0,
        0,
        0,
        0,
        0,
        0,
        0,
        0,
        0,
        0
      ]
    }
  ]
}
