{
  "results": [
    {
      "command": "cargo build --jobs 16 --release --example breakout",
      "mean": 77.93437120438001,
      "stddev": 0.3684136654490986,
      "median": 77.81237553398,
      "user": 1145.5625003399998,
      "system": 29.65556952,
      "min": 77.48322973898,
      "max": 78.76549941198,
      "times": [
        77.79972193998,
        78.76549941198,
        77.90345683898,
        77.77625019198,
        77.81636605398,
        77.48322973898,
        78.36925494998,
        77.80838501398,
        77.94056685298,
        77.68098105098001
      ],
      "exit_codes": [
        0,
        0,
        0,
        0,
        0,
        0,
        0,
        0,
        0,
        0
      ]
    }
  ]
}
