{
  "results": [
    {
      "command": "cargo build --jobs 16 --release --example breakout",
      "mean": 80.40355830403999,
      "stddev": 0.21146786844162666,
      "median": 80.51235989884,
      "user": 1202.1230401200003,
      "system": 30.80650518,
      "min": 80.04805018684,
      "max": 80.63675263184,
      "times": [
        80.57390487984,
        80.53431249484,
        80.32520323784,
        80.24577143884,
        80.09196221884,
        80.55254164584,
        80.63675263184,
        80.53667700284,
        80.04805018684,
        80.49040730284
      ],
      "exit_codes": [
        0,
        0,
        0,
        0,
        0,
        0,
        0,
        0,
        0,
        0
      ]
    }
  ]
}
