{
  "results": [
    {
      "command": "cargo build --jobs 8 --release --example breakout",
      "mean": 113.67604330254001,
      "stddev": 0.3947186230912638,
      "median": 113.56855988884,
      "user": 854.8339363399998,
      "system": 22.878709479999998,
      "min": 113.13002294434,
      "max": 114.34786071434,
      "times": [
        114.08455005734,
        113.62380948734,
        113.62182507234,
        113.13002294434,
        113.29176104334,
        113.51529470534,
        114.16387243834,
        114.34786071434,
        113.48743645434,
        113.49400010834
      ],
      "exit_codes": [
        0,
        0,
        0,
        0,
        0,
        0,
        0,
        0,
        0,
        0
      ]
    }
  ]
}
