{
  "results": [
    {
      "command": "cargo build --jobs 16 --release --example breakout",
      "mean": 73.37425529859999,
      "stddev": 0.19479691347966077,
      "median": 73.3691123252,
      "user": 1075.0178469399998,
      "system": 28.4423967,
      "min": 73.0632933607,
      "max": 73.78744370070001,
      "times": [
        73.78744370070001,
        73.4851047937,
        73.2829161827,
        73.1710587057,
        73.45642136570001,
        73.42998596570001,
        73.3281042607,
        73.0632933607,
        73.36101088870001,
        73.3772137617
      ],
      "exit_codes": [
        0,
        0,
        0,
        0,
        0,
        0,
        0,
        0,
        0,
        0
      ]
    }
  ]
}
