{
  "results": [
    {
      "command": "cargo build --jobs 16 --release --example breakout",
      "mean": 78.5033352413,
      "stddev": 0.17496585988575425,
      "median": 78.49458019440002,
      "user": 1147.8916521400001,
      "system": 29.540314919999997,
      "min": 78.1588858529,
      "max": 78.7433722529,
      "times": [
        78.6967226549,
        78.3777206739,
        78.64706080190001,
        78.41011370490001,
        78.54348822690001,
        78.4283941829,
        78.4456721619,
        78.1588858529,
        78.58192189990001,
        78.7433722529
      ],
      "exit_codes": [
        0,
        0,
        0,
        0,
        0,
        0,
        0,
        0,
        0,
        0
      ]
    }
  ]
}
