{
  "results": [
    {
      "command": "cargo build --jobs 16 --release --example breakout",
      "mean": 78.27613351954,
      "stddev": 0.7771631372724012,
      "median": 78.20012536124,
      "user": 1142.3640234199997,
      "system": 30.141023339999997,
      "min": 77.49317029273999,
      "max": 80.38470811174,
      "times": [
        77.89879634174,
        77.49317029273999,
        78.22588420374,
        78.23533199974,
        80.38470811174,
        78.19130519074,
        78.21677316773999,
        78.00959659774,
        78.20894553174,
        77.89682375774
      ],
      "exit_codes": [
        0,
        0,
        0,
        0,
        0,
        0,
        0,
        0,
        0,
        0
      ]
    }
  ]
}
