{
  "results": [
    {
      "command": "cargo build --jobs 8 --release --example breakout",
      "mean": 136.01029760038003,
      "stddev": 0.25967927654067535,
      "median": 135.97101407808,
      "user": 1043.3096905999998,
      "system": 24.590103139999997,
      "min": 135.68654770658,
      "max": 136.53408835258,
      "times": [
        135.85439785958002,
        135.90132581758002,
        135.68654770658,
        135.73323298158002,
        136.53408835258,
        136.10065957158,
        136.32295771358,
        136.02332386658,
        136.02773784458,
        135.91870428958
      ],
      "exit_codes": [
        0,
        0,
        0,
        0,
        0,
        0,
        0,
        0,
        0,
        0
      ]
    }
  ]
}
