{
  "results": [
    {
      "command": "cargo build --jobs 16 --release --example breakout",
      "mean": 71.3463940858,
      "stddev": 0.4593865217217984,
      "median": 71.2389557602,
      "user": 1007.8379513400001,
      "system": 27.425205920000003,
      "min": 70.71318254170001,
      "max": 71.9456954087,
      "times": [
        70.86858070070001,
        71.7210658937,
        71.2401230717,
        71.1981128107,
        71.8031932327,
        71.8759559037,
        71.9456954087,
        70.8602428457,
        71.2377884487,
        70.71318254170001
      ],
      "exit_codes": [
        0,
        0,
        0,
        0,
        0,
        0,
        0,
        0,
        0,
        0
      ]
    }
  ]
}
