{
  "results": [
    {
      "command": "cargo build --jobs 8 --release --example breakout",
      "mean": 106.40129368160001,
      "stddev": 0.2928425093619352,
      "median": 106.33393295050001,
      "user": 801.7769576799999,
      "system": 21.911818759999996,
      "min": 106.07532365450001,
      "max": 106.90813283150001,
      "times": [
        106.07532365450001,
        106.39452984750001,
        106.6798579995,
        106.19760810650001,
        106.0922907865,
        106.90813283150001,
        106.2146098445,
        106.2733360535,
        106.3980397265,
        106.7792079655
      ],
      "exit_codes": [
        0,
        0,
        0,
        0,
        0,
        0,
        0,
        0,
        0,
        0
      ]
    }
  ]
}
