{
  "results": [
    {
      "command": "cargo build --jobs 16 --release --example breakout",
      "mean": 73.25567003948,
      "stddev": 0.3341586554264738,
      "median": 73.32149857118,
      "user": 1074.6801494599997,
      "system": 28.44001164,
      "min": 72.74015796768,
      "max": 73.89283755368,
      "times": [
        73.37341340968,
        73.38412194968,
        73.26958373268,
        72.74015796768,
        73.50427746268,
        72.86233816068,
        73.13583186267999,
        73.89283755368,
        73.37723713168,
        73.01690116368
      ],
      "exit_codes": [
        0,
        0,
        0,
        0,
        0,
        0,
        0,
        0,
        0,
        0
      ]
    }
  ]
}
