{
  "results": [
    {
      "command": "cargo build --jobs 8 --release --example breakout",
      "mean": 117.06459093144,
      "stddev": 0.2069387634343047,
      "median": 117.00240024684001,
      "user": 902.9896364599999,
      "system": 23.874538759999997,
      "min": 116.83058991134,
      "max": 117.48801052234,
      "times": [
        117.48801052234,
        116.95219407834,
        117.22037170634,
        116.93810637134,
        116.83058991134,
        117.06515362034,
        117.04254817934,
        117.28233970534001,
        116.96225231434,
        116.86434290534
      ],
      "exit_codes": [
        0,
        0,
        0,
        0,
        0,
        0,
        0,
        0,
        0,
        0
      ]
    }
  ]
}
