{
  "results": [
    {
      "command": "cargo build --jobs 16 --release --example breakout",
      "mean": 75.76299396803999,
      "stddev": 1.0787816169198703,
      "median": 75.40925005224,
      "user": 1141.1038964599998,
      "system": 29.496519819999996,
      "min": 75.07315873974,
      "max": 78.73472813274,
      "times": [
        75.22667055574,
        75.07315873974,
        75.22130531874,
        75.78978543174,
        75.22223652074,
        78.73472813274,
        75.38192033574,
        75.91447987174,
        75.62907500474,
        75.43657976874
      ],
      "exit_codes": [
        0,
        0,
        0,
        0,
        0,
        0,
        0,
        0,
        0,
        0
      ]
    }
  ]
}
