{
  "results": [
    {
      "command": "cargo build --jobs 8 --release --example breakout",
      "mean": 139.52500471546,
      "stddev": 0.16179660596619105,
      "median": 139.53940260476,
      "user": 1074.35595968,
      "system": 26.701052499999996,
      "min": 139.31391793276,
      "max": 139.80615670476,
      "times": [
        139.38847897676,
        139.32494669576002,
        139.52793396176,
        139.55087124776,
        139.71258073476,
        139.62622974076,
        139.80615670476,
        139.31391793276,
        139.44504456276002,
        139.55388659676
      ],
      "exit_codes": [
        0,
        0,
        0,
        0,
        0,
        0,
        0,
        0,
        0,
        0
      ]
    }
  ]
}
