{
  "results": [
    {
      "command": "cargo build --jobs 16 --release --example breakout",
      "mean": 97.40497225701999,
      "stddev": 2.1525830786669062,
      "median": 97.21803784592001,
      "user": 1343.76930422,
      "system": 33.26057582,
      "min": 94.89358709142,
      "max": 102.89400798642001,
      "times": [
        97.64141218842,
        102.89400798642001,
        95.35399631142,
        96.99652647042001,
        96.59827366942001,
        94.89358709142,
        97.12547139442,
        97.68210448842001,
        97.55373867242,
        97.31060429742
      ],
      "exit_codes": [
        0,
        0,
        0,
        0,
        0,
        0,
        0,
        0,
        0,
        0
      ]
    }
  ]
}
