{
  "results": [
    {
      "command": "cargo build --jobs 16 --release --example breakout",
      "mean": 78.88937864712001,
      "stddev": 0.24168480632706738,
      "median": 78.89291832932,
      "user": 1155.0332946600001,
      "system": 30.18662124,
      "min": 78.44400194031999,
      "max": 79.19365572532,
      "times": [
        78.89783582432,
        79.09913570732,
        78.78369863032,
        78.87469153632,
        78.57638359732,
        79.19365572532,
        78.97494521832,
        79.16143745732,
        78.44400194031999,
        78.88800083432
      ],
      "exit_codes": [
        0,
        0,
        0,
        0,
        0,
        0,
        0,
        0,
        0,
        0
      ]
    }
  ]
}
