{
  "results": [
    {
      "command": "cargo build --jobs 8 --release --example breakout",
      "mean": 132.91733967349998,
      "stddev": 0.08184658298084804,
      "median": 132.92851694349997,
      "user": 1021.0416181199998,
      "system": 24.696218799999997,
      "min": 132.7435196855,
      "max": 133.0326092665,
      "times": [
        132.92698521149998,
        132.97083799749998,
        132.90581603549998,
        132.9247697385,
        132.9637167675,
        132.8184142145,
        133.0326092665,
        132.9300486755,
        132.95667914249998,
        132.7435196855
      ],
      "exit_codes": [
        0,
        0,
        0,
        0,
        0,
        0,
        0,
        0,
        0,
        0
      ]
    }
  ]
}
