{
  "results": [
    {
      "command": "cargo build --jobs 16 --release --example breakout",
      "mean": 89.674560958,
      "stddev": 1.0179051907723042,
      "median": 89.43424644640001,
      "user": 1277.61170234,
      "system": 30.67956252,
      "min": 88.5746375754,
      "max": 91.4637416744,
      "times": [
        89.5457691364,
        89.71556842140001,
        90.6772976184,
        88.5746375754,
        90.9468273114,
        91.4637416744,
        88.9261395294,
        88.8584598434,
        89.32272375640001,
        88.7144447134
      ],
      "exit_codes": [
        0,
        0,
        0,
        0,
        0,
        0,
        0,
        0,
        0,
        0
      ]
    }
  ]
}
