{
  "results": [
    {
      "command": "cargo build --jobs 16 --release --example breakout",
      "mean": 77.95977404524,
      "stddev": 0.2131928772861452,
      "median": 77.98940794274,
      "user": 1142.75455956,
      "system": 30.158478959999997,
      "min": 77.58168676624,
      "max": 78.27107015724,
      "times": [
        77.75340766924,
        77.96256210124,
        77.58168676624,
        78.10455261924,
        78.27107015724,
        78.18699447323999,
        77.89082464924,
        78.06028380124,
        77.77010443124,
        78.01625378423999
      ],
      "exit_codes": [
        0,
        0,
        0,
        0,
        0,
        0,
        0,
        0,
        0,
        0
      ]
    }
  ]
}
