{
  "results": [
    {
      "command": "cargo build --jobs 16 --release --example breakout",
      "mean": 75.86826011788,
      "stddev": 0.24567244064023697,
      "median": 75.79648249368,
      "user": 1140.6133442,
      "system": 29.363986639999997,
      "min": 75.60846599868,
      "max": 76.35008910068001,
      "times": [
        75.75615455168,
        76.27307281568,
        75.72419454068,
        75.60846599868,
        75.82325515968,
        75.83174542768,
        75.76970982768,
        75.85987686268,
        76.35008910068001,
        75.68603689368
      ],
      "exit_codes": [
        0,
        0,
        0,
        0,
        0,
        0,
        0,
        0,
        0,
        0
      ]
    }
  ]
}
