{
  "results": [
    {
      "command": "cargo build --jobs 8 --release --example breakout",
      "mean": 117.30555216447999,
      "stddev": 0.4013888648963225,
      "median": 117.21154320817999,
      "user": 903.0779108,
      "system": 23.856535020000003,
      "min": 116.90768220567999,
      "max": 118.13752835668,
      "times": [
        117.12341806568,
        117.01049247867999,
        117.29966835068,
        117.86670492468,
        118.13752835668,
        117.35206214867999,
        116.90768220567999,
        117.31301999067999,
        116.99177124668,
        117.05317387667999
      ],
      "exit_codes": [
        0,
        0,
        0,
        0,
        0,
        0,
        0,
        0,
        0,
        0
      ]
    }
  ]
}
