{
  "results": [
    {
      "command": "cargo build --jobs 16 --release --example breakout",
      "mean": 75.98161647586001,
      "stddev": 0.18002341218024825,
      "median": 76.03863607126,
      "user": 1139.36292574,
      "system": 29.32938668,
      "min": 75.71720008876,
      "max": 76.19902054476,
      "times": [
        76.14479084176,
        75.72780288276,
        76.05186121276,
        75.98530068376,
        76.02541092976,
        76.19902054476,
        76.12141271376,
        75.71720008876,
        76.07956699776,
        75.76379786276
      ],
      "exit_codes": [
        0,
        0,
        0,
        0,
        0,
        0,
        0,
        0,
        0,
        0
      ]
    }
  ]
}
