{
  "results": [
    {
      "command": "cargo build --jobs 8 --release --example breakout",
      "mean": 121.72210599197999,
      "stddev": 0.33660395208204225,
      "median": 121.75613220378,
      "user": 907.4664319999999,
      "system": 23.820834920000003,
      "min": 121.23068382577999,
      "max": 122.41466586877999,
      "times": [
        121.27675659078,
        121.73569290278,
        121.79405151377999,
        121.94372457077999,
        121.77657150478,
        121.58684254178,
        121.84137852078,
        122.41466586877999,
        121.23068382577999,
        121.62069207978
      ],
      "exit_codes": [
        0,
        0,
        0,
        0,
        0,
        0,
        0,
        0,
        0,
        0
      ]
    }
  ]
}
