{
  "results": [
    {
      "command": "cargo build --jobs 16 --release --example breakout",
      "mean": 75.50068655034,
      "stddev": 0.24275493047992794,
      "median": 75.55942658833999,
      "user": 1140.4939598400001,
      "system": 29.501966600000003,
      "min": 75.02970373234,
      "max": 75.80412542034,
      "times": [
        75.39515154434,
        75.60187424534,
        75.58521997134,
        75.02970373234,
        75.68688408234,
        75.80412542034,
        75.19652328534,
        75.73657464434,
        75.43717537234001,
        75.53363320534
      ],
      "exit_codes": [
        0,
        0,
        0,
        0,
        0,
        0,
        0,
        0,
        0,
        0
      ]
    }
  ]
}
