{
  "results": [
    {
      "command": "cargo build --jobs 16 --release --example breakout",
      "mean": 75.26250361658,
      "stddev": 0.17147920923246734,
      "median": 75.26791724798001,
      "user": 1137.2738513199997,
      "system": 30.417468899999996,
      "min": 74.94600144598,
      "max": 75.50915904498001,
      "times": [
        74.94600144598,
        75.18044341198001,
        75.18105815698,
        75.45397549498,
        75.31084978598001,
        75.09449634798001,
        75.41321798098001,
        75.50915904498001,
        75.27948442798001,
        75.25635006798001
      ],
      "exit_codes": [
        0,
        0,
        0,
        0,
        0,
        0,
        0,
        0,
        0,
        0
      ]
    }
  ]
}
