{
  "results": [
    {
      "command": "cargo build --jobs 16 --release --example breakout",
      "mean": 73.02949154902001,
      "stddev": 0.6457990695095585,
      "median": 72.84301313802001,
      "user": 1074.0628584199999,
      "system": 28.24158898,
      "min": 72.46389881452001,
      "max": 74.18800328952,
      "times": [
        72.49816676152,
        72.78164739852001,
        73.09798391352,
        74.18106322752,
        74.18800328952,
        72.49468139752,
        72.99312750352,
        72.90437887752,
        72.69196430652,
        72.46389881452001
      ],
      "exit_codes": [
        0,
        0,
        0,
        0,
        0,
        0,
        0,
        0,
        0,
        0
      ]
    }
  ]
}
