{
  "results": [
    {
      "command": "cargo build --jobs 8 --release --example breakout",
      "mean": 103.58038688219999,
      "stddev": 0.12342719691291423,
      "median": 103.5462723906,
      "user": 779.95197534,
      "system": 21.690708599999997,
      "min": 103.4555937886,
      "max": 103.8586637406,
      "times": [
        103.4555937886,
        103.6941340776,
        103.4597239606,
        103.8586637406,
        103.5382993236,
        103.5361129316,
        103.5542454576,
        103.6139045886,
        103.4803493786,
        103.6128415746
      ],
      "exit_codes": [
        0,
        0,
        0,
        0,
        0,
        0,
        0,
        0,
        0,
        0
      ]
    }
  ]
}
