{
  "results": [
    {
      "command": "cargo build --jobs 16 --release --example breakout",
      "mean": 94.52154279399998,
      "stddev": 1.1022254665638396,
      "median": 95.03162613139999,
      "user": 1326.6345802199999,
      "system": 30.78804518,
      "min": 93.0993191824,
      "max": 96.12392789939999,
      "times": [
        93.3723401594,
        93.16352425939999,
        95.55749294639999,
        93.59241688639999,
        95.00167402839999,
        95.06157823439999,
        96.12392789939999,
        95.1303888204,
        93.0993191824,
        95.1127655234
      ],
      "exit_codes": [
        0,
        0,
        0,
        0,
        0,
        0,
        0,
        0,
        0,
        0
      ]
    }
  ]
}
