{
  "results": [
    {
      "command": "cargo build --jobs 8 --release --example breakout",
      "mean": 138.17256235284003,
      "stddev": 0.2968006845226894,
      "median": 138.22563032274002,
      "user": 1059.7269168199996,
      "system": 24.693634319999997,
      "min": 137.65080293424,
      "max": 138.56220813523998,
      "times": [
        137.65080293424,
        138.55159562123998,
        137.90210156224,
        138.22397569024,
        138.56220813523998,
        138.35610458524,
        138.29493029924,
        137.87300977624,
        138.22728495524,
        138.08360996924
      ],
      "exit_codes": [
        0,
        0,
        0,
        0,
        0,
        0,
        0,
        0,
        0,
        0
      ]
    }
  ]
}
