{
  "results": [
    {
      "command": "cargo build --jobs 16 --release --example breakout",
      "mean": 71.45970071982,
      "stddev": 0.7974167527083584,
      "median": 71.44597589902,
      "user": 1010.7333022400001,
      "system": 27.655482380000002,
      "min": 69.81423385452,
      "max": 72.89589016152,
      "times": [
        72.15815835152,
        69.81423385452,
        71.50847840352,
        71.57509786852,
        71.16231734752,
        71.83344591152,
        71.38347339452,
        71.10411220852001,
        71.16179969652,
        72.89589016152
      ],
      "exit_codes": [
        0,
        0,
        0,
        0,
        0,
        0,
        0,
        0,
        0,
        0
      ]
    }
  ]
}
