{
  "results": [
    {
      "command": "cargo build --jobs 8 --release --example breakout",
      "mean": 106.91866399291999,
      "stddev": 0.21605142381485812,
      "median": 106.97618693502,
      "user": 806.2150889799998,
      "system": 21.874233899999997,
      "min": 106.36692927252,
      "max": 107.14203434352,
      "times": [
        106.94819800351999,
        107.03723860352,
        106.93413474452,
        106.36692927252,
        107.00417586652,
        107.14203434352,
        106.81222166751999,
        107.06531202152,
        106.86849878251999,
        107.00789662352
      ],
      "exit_codes": [
        0,
        0,
        0,
        0,
        0,
        0,
        0,
        0,
        0,
        0
      ]
    }
  ]
}
