{
  "results": [
    {
      "command": "cargo build --jobs 16 --release --example breakout",
      "mean": 92.91799641563998,
      "stddev": 3.8445720749939247,
      "median": 91.61967334993999,
      "user": 1271.52924504,
      "system": 31.312734159999998,
      "min": 90.53327120594,
      "max": 103.64546519193999,
      "times": [
        90.53327120594,
        91.56716023793999,
        91.89267440793999,
        91.67218646193999,
        91.51406950594,
        91.83870558493999,
        93.59293751793999,
        91.45004891794,
        91.47344512394,
        103.64546519193999
      ],
      "exit_codes": [
        0,
        0,
        0,
        0,
        0,
        0,
        0,
        0,
        0,
        0
      ]
    }
  ]
}
