{
  "results": [
    {
      "command": "cargo build --jobs 8 --release --example breakout",
      "mean": 133.08175761736,
      "stddev": 0.31486741814792557,
      "median": 132.98712675096,
      "user": 1017.2197257400001,
      "system": 25.091334099999997,
      "min": 132.80746325396,
      "max": 133.80730512596,
      "times": [
        132.89759698096,
        132.93676339696,
        133.80730512596,
        133.47184845996,
        132.84058974196,
        132.80746325396,
        132.99593121696,
        133.08582449496,
        132.99226719196,
        132.98198630996
      ],
      "exit_codes": [
        0,
        0,
        0,
        0,
        0,
        0,
        0,
        0,
        0,
        0
      ]
    }
  ]
}
