{
  "results": [
    {
      "command": "cargo build --jobs 8 --release --example breakout",
      "mean": 132.87921128906,
      "stddev": 0.30083885856180753,
      "median": 132.87841209616,
      "user": 1019.5036855999999,
      "system": 24.390858899999998,
      "min": 132.47390583866,
      "max": 133.37568238166,
      "times": [
        132.95212537666,
        132.55558795666,
        132.86377567266,
        132.47390583866,
        133.16502738166,
        133.37568238166,
        132.54009926866,
        132.89304851966,
        132.79456798966,
        133.17829250466
      ],
      "exit_codes": [
        0,
        0,
        0,
        0,
        0,
        0,
        0,
        0,
        0,
        0
      ]
    }
  ]
}
