{
  "results": [
    {
      "command": "cargo build --jobs 16 --release --example breakout",
      "mean": 90.7402732396,
      "stddev": 3.2229939729818256,
      "median": 89.83238899990002,
      "user": 1274.19439474,
      "system": 30.472435260000005,
      "min": 88.3521565374,
      "max": 98.9962826424,
      "times": [
        90.89101287240001,
        90.83764845840001,
        88.3521565374,
        91.3141325044,
        88.82712954140001,
        98.9962826424,
        88.7474836824,
        92.26356686540001,
        88.7190310154,
        88.4542882764
      ],
      "exit_codes": [
        0,
        0,
        0,
        0,
        0,
        0,
        0,
        0,
        0,
        0
      ]
    }
  ]
}
