{
  "results": [
    {
      "command": "cargo build --jobs 8 --release --example breakout",
      "mean": 117.61315137042001,
      "stddev": 0.13355200311944285,
      "median": 117.62040682612,
      "user": 888.17355712,
      "system": 24.00872694,
      "min": 117.44137149212,
      "max": 117.77888757212,
      "times": [
        117.44137149212,
        117.73449735712,
        117.46751610612,
        117.49611103412,
        117.77888757212,
        117.58364579112,
        117.48804839412,
        117.77517686912,
        117.65716786112,
        117.70909122712
      ],
      "exit_codes": [
        0,
        0,
        0,
        0,
        0,
        0,
        0,
        0,
        0,
        0
      ]
    }
  ]
}
