{
  "results": [
    {
      "command": "cargo build --jobs 16 --release --example breakout",
      "mean": 78.21779667228,
      "stddev": 3.3294246840639885,
      "median": 77.36170023658,
      "user": 1115.8979586399998,
      "system": 29.64119748,
      "min": 76.31559970758,
      "max": 87.53051670358,
      "times": [
        76.55583530958,
        77.78876008858,
        77.85536674458,
        77.59359998458001,
        76.31559970758,
        76.76857424358,
        76.59293146258,
        78.04698198958,
        77.12980048858,
        87.53051670358
      ],
      "exit_codes": [
        0,
        0,
        0,
        0,
        0,
        0,
        0,
        0,
        0,
        0
      ]
    }
  ]
}
