{
  "results": [
    {
      "command": "cargo build --jobs 16 --release --example breakout",
      "mean": 87.0075083043,
      "stddev": 0.8187831300791168,
      "median": 86.7217695994,
      "user": 1214.97249008,
      "system": 30.47450908,
      "min": 86.1571994249,
      "max": 88.8775071679,
      "times": [
        86.1571994249,
        86.7323473869,
        86.69890964790001,
        86.71119181190001,
        86.5643513099,
        87.1867735059,
        87.81442250490001,
        87.1364828289,
        88.8775071679,
        86.1958974539
      ],
      "exit_codes": [
        0,
        0,
        0,
        0,
        0,
        0,
        0,
        0,
        0,
        0
      ]
    }
  ]
}
