{
  "results": [
    {
      "command": "cargo build --jobs 8 --release --example breakout",
      "mean": 126.23280968450001,
      "stddev": 0.3764412121898178,
      "median": 126.114788723,
      "user": 969.1744968999999,
      "system": 24.354045859999996,
      "min": 125.88596360150001,
      "max": 127.2186250095,
      "times": [
        126.05660952150001,
        126.2501644495,
        126.0268125085,
        126.1712826345,
        126.0582948115,
        125.88596360150001,
        126.28067056350001,
        127.2186250095,
        126.0037854195,
        126.3758883255
      ],
      "exit_codes": [
        0,
        0,
        0,
        0,
        0,
        0,
        0,
        0,
        0,
        0
      ]
    }
  ]
}
