{
  "results": [
    {
      "command": "cargo build --jobs 8 --release --example breakout",
      "mean": 128.4033862038,
      "stddev": 0.1665959337067166,
      "median": 128.41240260479998,
      "user": 983.5351702999999,
      "system": 24.49314592,
      "min": 128.1491644908,
      "max": 128.7441090218,
      "times": [
        128.4590941148,
        128.7441090218,
        128.1491644908,
        128.5149136538,
        128.4151919318,
        128.4019111348,
        128.1950286598,
        128.3091165478,
        128.4096132778,
        128.4357192048
      ],
      "exit_codes": [
        0,
        0,
        0,
        0,
        0,
        0,
        0,
        0,
        0,
        0
      ]
    }
  ]
}
