{
  "results": [
    {
      "command": "cargo build --jobs 8 --release --example breakout",
      "mean": 106.63726464054,
      "stddev": 0.2769738400965822,
      "median": 106.65515775774,
      "user": 806.66765184,
      "system": 21.72243886,
      "min": 106.29127775074,
      "max": 107.04747307174,
      "times": [
        106.48058086473999,
        106.71910103473999,
        106.32108515174,
        106.86227200774,
        106.99448756374,
        106.59369476974,
        106.71662074574,
        106.29127775074,
        107.04747307174,
        106.34605344474
      ],
      "exit_codes": [
        0,
        0,
        0,
        0,
        0,
        0,
        0,
        0,
        0,
        0
      ]
    }
  ]
}
