{
  "results": [
    {
      "command": "cargo build --jobs 8 --release --example breakout",
      "mean": 134.8555516363,
      "stddev": 0.16848001249641248,
      "median": 134.82104065009997,
      "user": 1028.5456279,
      "system": 25.22777984,
      "min": 134.6749947561,
      "max": 135.1657836021,
      "times": [
        134.67839754509998,
        134.6749947561,
        134.9726892531,
        134.7254414271,
        134.7351687451,
        134.9058773051,
        135.1657836021,
        134.7692128341,
        134.8728684661,
        135.0550824291
      ],
      "exit_codes": [
        0,
        0,
        0,
        0,
        0,
        0,
        0,
        0,
        0,
        0
      ]
    }
  ]
}
