{
  "results": [
    {
      "command": "cargo build --jobs 16 --release --example breakout",
      "mean": 92.62792223211999,
      "stddev": 1.086881908348823,
      "median": 92.59776912052,
      "user": 1287.31983272,
      "system": 31.428507540000005,
      "min": 91.31402775501999,
      "max": 94.58291059102,
      "times": [
        92.80272738302,
        92.39281085802,
        91.66956246401999,
        93.20358554402,
        91.31402775501999,
        93.88671685701999,
        94.58291059102,
        91.33311836701999,
        92.06024985402,
        93.03351264802
      ],
      "exit_codes": [
        0,
        0,
        0,
        0,
        0,
        0,
        0,
        0,
        0,
        0
      ]
    }
  ]
}
