{
  "results": [
    {
      "command": "cargo build --jobs 16 --release --example breakout",
      "mean": 92.96535379182002,
      "stddev": 5.870845957476117,
      "median": 91.24901338502,
      "user": 1293.0728457999999,
      "system": 31.835141659999998,
      "min": 89.50428295302001,
      "max": 108.96907007802001,
      "times": [
        93.59286765302001,
        108.96907007802001,
        92.65119505402001,
        89.56709579502001,
        89.77504483702,
        89.50428295302001,
        89.59755057302,
        90.16113564802001,
        92.33689112202,
        93.49840420502001
      ],
      "exit_codes": [
        0,
        0,
        0,
        0,
        0,
        0,
        0,
        0,
        0,
        0
      ]
    }
  ]
}
