{
  "results": [
    {
      "command": "cargo build --jobs 8 --release --example breakout",
      "mean": 133.81212174209998,
      "stddev": 0.17687639655208023,
      "median": 133.75714946989999,
      "user": 1022.8785897599998,
      "system": 24.987184219999996,
      "min": 133.5882846534,
      "max": 134.10215013139998,
      "times": [
        133.6607444444,
        133.77818047239998,
        133.9923862354,
        133.7361184674,
        133.63444422639998,
        133.5882846534,
        133.9287375754,
        133.9860228804,
        134.10215013139998,
        133.7141483344
      ],
      "exit_codes": [
        0,
        0,
        0,
        0,
        0,
        0,
        0,
        0,
        0,
        0
      ]
    }
  ]
}
