{
  "results": [
    {
      "command": "cargo build --jobs 8 --release --example breakout",
      "mean": 116.10634969271999,
      "stddev": 0.28313249342808394,
      "median": 116.16300042672,
      "user": 871.0619917199999,
      "system": 22.91605144,
      "min": 115.64635994321999,
      "max": 116.40836507222,
      "times": [
        115.64635994321999,
        115.93840632522,
        116.03609835322,
        115.81983019622,
        116.40262843722,
        116.40836507222,
        115.84141961022,
        116.30585204222,
        116.37463444722,
        116.28990250022
      ],
      "exit_codes": [
        0,
        0,
        0,
        0,
        0,
        0,
        0,
        0,
        0,
        0
      ]
    }
  ]
}
