{
  "results": [
    {
      "command": "cargo build --jobs 8 --release --example breakout",
      "mean": 121.54511882401998,
      "stddev": 0.20383645594156327,
      "median": 121.52820717431999,
      "user": 932.50135522,
      "system": 24.37684182,
      "min": 121.23413628682,
      "max": 121.80550231882,
      "times": [
        121.79520594482,
        121.28945091482,
        121.79797643682,
        121.56109734882,
        121.23413628682,
        121.45548349582,
        121.80550231882,
        121.50859410582,
        121.54782024282,
        121.45592114482
      ],
      "exit_codes": [
        0,
        0,
        0,
        0,
        0,
        0,
        0,
        0,
        0,
        0
      ]
    }
  ]
}
