{
  "results": [
    {
      "command": "cargo build --jobs 8 --release --example breakout",
      "mean": 114.88373312412003,
      "stddev": 0.19129297235352768,
      "median": 114.92142933352,
      "user": 868.2851631,
      "system": 22.653040360000002,
      "min": 114.44783473352,
      "max": 115.05919677752,
      "times": [
        115.05919677752,
        115.01304535052,
        114.88698955052,
        115.02115796352,
        114.44783473352,
        114.89114864052,
        115.01888019952,
        114.92153966152,
        114.92131900552,
        114.65621935851999
      ],
      "exit_codes": [
        0,
        0,
        0,
        0,
        0,
        0,
        0,
        0,
        0,
        0
      ]
    }
  ]
}
