{
  "results": [
    {
      "command": "cargo build --jobs 16 --release --example breakout",
      "mean": 74.78639980476,
      "stddev": 0.33813462572305597,
      "median": 74.88588682535999,
      "user": 1094.78985808,
      "system": 28.34730844,
      "min": 74.27792797936,
      "max": 75.26142552435999,
      "times": [
        74.96217906236,
        74.85612561536,
        74.78867097036,
        74.33063587635999,
        74.27792797936,
        74.91564803536,
        75.06166389036,
        74.39215979636,
        75.26142552435999,
        75.01756129736
      ],
      "exit_codes": [
        0,
        0,
        0,
        0,
        0,
        0,
        0,
        0,
        0,
        0
      ]
    }
  ]
}
