{
  "results": [
    {
      "command": "cargo build --jobs 16 --release --example breakout",
      "mean": 75.50813204078,
      "stddev": 0.16472214273053135,
      "median": 75.48212671588,
      "user": 1137.3139173,
      "system": 28.454702979999997,
      "min": 75.21530931438001,
      "max": 75.77254187338,
      "times": [
        75.47137348938,
        75.40394047138,
        75.50132378038,
        75.44606642238,
        75.64390741038001,
        75.21530931438001,
        75.49287994238,
        75.77254187338,
        75.41395069238,
        75.72002701138
      ],
      "exit_codes": [
        0,
        0,
        0,
        0,
        0,
        0,
        0,
        0,
        0,
        0
      ]
    }
  ]
}
