{
  "results": [
    {
      "command": "cargo build --jobs 16 --release --example breakout",
      "mean": 80.02147114316001,
      "stddev": 0.14536945503746435,
      "median": 80.06526151416,
      "user": 1200.8722739199998,
      "system": 30.799087919999998,
      "min": 79.76408309266,
      "max": 80.19176309466,
      "times": [
        80.02911663966,
        79.76408309266,
        80.09407521666,
        80.11278860866,
        79.87398479366,
        79.84001610466001,
        80.14056033366,
        80.03644781166,
        80.13187573566,
        80.19176309466
      ],
      "exit_codes": [
        0,
        0,
        0,
        0,
        0,
        0,
        0,
        0,
        0,
        0
      ]
    }
  ]
}
