{
  "results": [
    {
      "command": "cargo build --jobs 16 --release --example breakout",
      "mean": 97.89345510230001,
      "stddev": 1.0049919228174415,
      "median": 97.89818505299999,
      "user": 1375.9814099400003,
      "system": 33.563335,
      "min": 96.5716356175,
      "max": 99.9669676825,
      "times": [
        97.6823347565,
        97.0468365185,
        97.61167896149999,
        96.7974028135,
        98.23705870949999,
        98.1309789745,
        98.7756216395,
        96.5716356175,
        98.1140353495,
        99.9669676825
      ],
      "exit_codes": [
        0,
        0,
        0,
        0,
        0,
        0,
        0,
        0,
        0,
        0
      ]
    }
  ]
}
