{
  "results": [
    {
      "command": "cargo build --jobs 8 --release --example breakout",
      "mean": 143.83461926883996,
      "stddev": 0.16591418001340166,
      "median": 143.83952590524,
      "user": 1097.2507369999998,
      "system": 27.08614748,
      "min": 143.47751566623998,
      "max": 144.02057735324,
      "times": [
        143.67278978924,
        144.02057735324,
        143.47751566623998,
        143.89310555224,
        144.01572244624,
        143.80019007424,
        143.84512335924,
        143.83392845123998,
        143.98015930324,
        143.80708069323998
      ],
      "exit_codes": [
        0,
        0,
        0,
        0,
        0,
        0,
        0,
        0,
        0,
        0
      ]
    }
  ]
}
