{
  "results": [
    {
      "command": "cargo build --jobs 8 --release --example breakout",
      "mean": 117.21200517475998,
      "stddev": 0.3092354968571621,
      "median": 117.10367923116,
      "user": 903.4817462199999,
      "system": 24.016425960000003,
      "min": 116.89097462466,
      "max": 117.86476481866,
      "times": [
        117.06419099266,
        117.14316746966,
        117.43936491766,
        116.89097462466,
        117.04905982066,
        117.35440736866,
        117.44309993166,
        116.94146594366,
        116.92955585966,
        117.86476481866
      ],
      "exit_codes": [
        0,
        0,
        0,
        0,
        0,
        0,
        0,
        0,
        0,
        0
      ]
    }
  ]
}
