{
  "results": [
    {
      "command": "cargo build --jobs 8 --release --example breakout",
      "mean": 116.80076903725998,
      "stddev": 0.6039222976330532,
      "median": 116.63924370266,
      "user": 898.45388616,
      "system": 24.07882574,
      "min": 116.32990333916,
      "max": 118.39709152616,
      "times": [
        116.85639753116,
        116.38461813816,
        116.32990333916,
        116.39804448816,
        116.58804840616,
        116.51528121816,
        118.39709152616,
        116.97297995315999,
        116.69043899916,
        116.87488677316
      ],
      "exit_codes": [
        0,
        0,
        0,
        0,
        0,
        0,
        0,
        0,
        0,
        0
      ]
    }
  ]
}
