{
  "results": [
    {
      "command": "cargo build --jobs 16 --release --example breakout",
      "mean": 74.85494158771999,
      "stddev": 0.22080113396389703,
      "median": 74.86300692712,
      "user": 1133.97291782,
      "system": 29.53275972,
      "min": 74.52676293812,
      "max": 75.22219781012,
      "times": [
        74.74560336512,
        74.77815948412,
        74.52676293812,
        75.22219781012,
        74.85088545912,
        74.58006399012,
        74.88431249512,
        74.87512839512,
        74.91933715212,
        75.16696478812
      ],
      "exit_codes": [
        0,
        0,
        0,
        0,
        0,
        0,
        0,
        0,
        0,
        0
      ]
    }
  ]
}
