{
  "results": [
    {
      "command": "cargo build --jobs 8 --release --example breakout",
      "mean": 122.44911695712001,
      "stddev": 0.48337714204020615,
      "median": 122.29122348632,
      "user": 922.1970961999999,
      "system": 24.81040622,
      "min": 121.99246095432,
      "max": 123.40724685332,
      "times": [
        122.26623110832,
        122.31621586432,
        123.40724685332,
        122.18849304032,
        122.33599811831999,
        121.99246095432,
        122.15574298631999,
        122.13736558532,
        123.26204726432,
        122.42936779632
      ],
      "exit_codes": [
        0,
        0,
        0,
        0,
        0,
        0,
        0,
        0,
        0,
        0
      ]
    }
  ]
}
