{
  "results": [
    {
      "command": "cargo build --jobs 16 --release --example breakout",
      "mean": 98.69206107694,
      "stddev": 4.675008233301994,
      "median": 97.75834737023999,
      "user": 1370.22597762,
      "system": 33.751182560000004,
      "min": 96.06017113274,
      "max": 111.68237399974,
      "times": [
        96.06017113274,
        96.10884152674,
        96.14967681274,
        98.44990048574,
        98.32553773974,
        111.68237399974,
        98.06300776574,
        98.30555486774,
        97.45368697474,
        96.32185946374
      ],
      "exit_codes": [
        0,
        0,
        0,
        0,
        0,
        0,
        0,
        0,
        0,
        0
      ]
    }
  ]
}
