{
  "results": [
    {
      "command": "cargo build --jobs 8 --release --example breakout",
      "mean": 120.73747621129999,
      "stddev": 0.3933122355111548,
      "median": 120.83045004389999,
      "user": 910.84969734,
      "system": 24.23000106,
      "min": 120.15672673339999,
      "max": 121.2043566464,
      "times": [
        120.9915315694,
        120.66936851839999,
        121.1296772124,
        120.3097554294,
        121.1074081614,
        120.46378290839999,
        120.9954835404,
        121.2043566464,
        120.15672673339999,
        120.3466713934
      ],
      "exit_codes": [
        0,
        0,
        0,
        0,
        0,
        0,
        0,
        0,
        0,
        0
      ]
    }
  ]
}
