{
  "results": [
    {
      "command": "cargo build --jobs 8 --release --example breakout",
      "mean": 112.40993571736001,
      "stddev": 0.19068466815467924,
      "median": 112.39979774716001,
      "user": 849.5194091999999,
      "system": 22.35810526,
      "min": 112.15363087466,
      "max": 112.79995086066,
      "times": [
        112.54035777066001,
        112.79995086066,
        112.30653740766,
        112.37441790866,
        112.25177351266001,
        112.22499856366001,
        112.15363087466,
        112.42517758566001,
        112.52703726766,
        112.49547542166
      ],
      "exit_codes": [
        0,
        0,
        0,
        0,
        0,
        0,
        0,
        0,
        0,
        0
      ]
    }
  ]
}
