{
  "results": [
    {
      "command": "cargo build --jobs 16 --release --example breakout",
      "mean": 75.57201006622002,
      "stddev": 0.20155514479580489,
      "median": 75.51509476922,
      "user": 1139.9209045,
      "system": 30.547008120000005,
      "min": 75.22879439722,
      "max": 75.85773942622,
      "times": [
        75.50259154022,
        75.85773942622,
        75.45333837222,
        75.81871181322,
        75.81260575022,
        75.44266107422,
        75.22879439722,
        75.59934581822,
        75.52759799822,
        75.47671447222
      ],
      "exit_codes": [
        0,
        0,
        0,
        0,
        0,
        0,
        0,
        0,
        0,
        0
      ]
    }
  ]
}
