{
  "results": [
    {
      "command": "cargo build --jobs 16 --release --example breakout",
      "mean": 88.2947784547,
      "stddev": 1.016394234268655,
      "median": 88.2066428823,
      "user": 1223.31240256,
      "system": 32.02683322,
      "min": 86.4068407723,
      "max": 90.6188402323,
      "times": [
        88.1007275073,
        86.4068407723,
        88.0867430093,
        88.2959058463,
        88.2556439953,
        90.6188402323,
        88.3727862823,
        87.9927157873,
        88.6599393453,
        88.1576417693
      ],
      "exit_codes": [
        0,
        0,
        0,
        0,
        0,
        0,
        0,
        0,
        0,
        0
      ]
    }
  ]
}
