{
  "results": [
    {
      "command": "cargo build --jobs 8 --release --example breakout",
      "mean": 127.59542721166001,
      "stddev": 0.5596918067107763,
      "median": 127.34579469696,
      "user": 977.7122966999999,
      "system": 25.88788204,
      "min": 126.99680565896,
      "max": 128.42220190496,
      "times": [
        127.22666452096,
        127.45122077296,
        127.19262297396,
        127.57860475496001,
        128.32714730596,
        128.42220190496,
        126.99680565896,
        127.14986177696001,
        127.24036862096,
        128.36877382596
      ],
      "exit_codes": [
        0,
        0,
        0,
        0,
        0,
        0,
        0,
        0,
        0,
        0
      ]
    }
  ]
}
