{
  "results": [
    {
      "command": "cargo build --jobs 8 --release --example breakout",
      "mean": 124.07380971856,
      "stddev": 0.14608245961491173,
      "median": 124.03578233316,
      "user": 952.3675143399998,
      "system": 25.132940219999995,
      "min": 123.89760409316,
      "max": 124.35568702316,
      "times": [
        124.25629842116001,
        123.89760409316,
        123.96130061216,
        123.96984042816001,
        124.05531301116001,
        123.98207402016,
        124.35568702316,
        124.03447690616001,
        124.03708776016,
        124.18841491016
      ],
      "exit_codes": [
        0,
        0,
        0,
        0,
        0,
        0,
        0,
        0,
        0,
        0
      ]
    }
  ]
}
