{
  "results": [
    {
      "command": "cargo build --jobs 8 --release --example breakout",
      "mean": 143.04019355538,
      "stddev": 0.24118530988622583,
      "median": 143.04516376308,
      "user": 1097.64136794,
      "system": 27.00646534,
      "min": 142.77948425208,
      "max": 143.63376842408002,
      "times": [
        143.02565674308002,
        143.07361164408002,
        142.87638013808,
        142.77948425208,
        143.06467078308,
        143.09341673408,
        142.86990510108,
        142.85450922808002,
        143.13053250608002,
        143.63376842408002
      ],
      "exit_codes": [
        0,
        0,
        0,
        0,
        0,
        0,
        0,
        0,
        0,
        0
      ]
    }
  ]
}
