{
  "results": [
    {
      "command": "cargo build --jobs 16 --release --example breakout",
      "mean": 97.57307736229998,
      "stddev": 0.7693086605858674,
      "median": 97.7328880906,
      "user": 1375.0417367999996,
      "system": 33.54418448,
      "min": 96.46653883959999,
      "max": 98.5851747096,
      "times": [
        96.46653883959999,
        98.2361586056,
        98.5851747096,
        96.92642365559999,
        97.81829911259999,
        96.87620870059999,
        98.4751629236,
        96.7352398396,
        97.96409016759999,
        97.6474770686
      ],
      "exit_codes": [
        0,
        0,
        0,
        0,
        0,
        0,
        0,
        0,
        0,
        0
      ]
    }
  ]
}
