{
  "results": [
    {
      "command": "cargo build --jobs 16 --release --example breakout",
      "mean": 77.27271375428,
      "stddev": 0.17212188087935248,
      "median": 77.28561283958001,
      "user": 1143.4768697200002,
      "system": 29.403210919999992,
      "min": 76.97306854408001,
      "max": 77.56658932708001,
      "times": [
        77.32803428808,
        77.19528812208,
        77.13115033208001,
        77.56658932708001,
        77.29513404208001,
        77.45097659208001,
        76.97306854408001,
        77.37476939008,
        77.27609163708,
        77.13603526808001
      ],
      "exit_codes": [
        0,
        0,
        0,
        0,
        0,
        0,
        0,
        0,
        0,
        0
      ]
    }
  ]
}
