{
  "results": [
    {
      "command": "cargo build --jobs 8 --release --example breakout",
      "mean": 126.02789445628,
      "stddev": 0.3199585945463715,
      "median": 126.03253514977999,
      "user": 963.7500082800001,
      "system": 24.818892860000002,
      "min": 125.62806253978,
      "max": 126.36393922278,
      "times": [
        126.32976120778,
        126.19607448677999,
        126.36156919878,
        125.70060481478,
        125.86899581278,
        125.62806253978,
        125.84735669378,
        126.36393922278,
        125.63760817578,
        126.34497240978
      ],
      "exit_codes": [
        0,
        0,
        0,
        0,
        0,
        0,
        0,
        0,
        0,
        0
      ]
    }
  ]
}
