{
  "results": [
    {
      "command": "cargo build --jobs 16 --release --example breakout",
      "mean": 80.8258872346,
      "stddev": 0.4014587169105466,
      "median": 80.79510720709999,
      "user": 1212.1093592600002,
      "system": 30.819037419999994,
      "min": 80.0363656861,
      "max": 81.4952942341,
      "times": [
        80.63645353609999,
        81.1423505961,
        80.70926623609999,
        81.1450690921,
        80.72875474509999,
        80.98206024609999,
        80.52179830509999,
        81.4952942341,
        80.0363656861,
        80.8614596691
      ],
      "exit_codes": [
        0,
        0,
        0,
        0,
        0,
        0,
        0,
        0,
        0,
        0
      ]
    }
  ]
}
