{
  "results": [
    {
      "command": "cargo build --jobs 8 --release --example breakout",
      "mean": 113.36299807885999,
      "stddev": 0.20310219628297577,
      "median": 113.27965821606,
      "user": 854.8815273799999,
      "system": 22.796548379999997,
      "min": 113.18534012306,
      "max": 113.70481553606,
      "times": [
        113.18846859606,
        113.34141066606,
        113.56115628306,
        113.19921302906,
        113.36841432606,
        113.21790576606,
        113.70481553606,
        113.21330174206,
        113.18534012306,
        113.64995472106
      ],
      "exit_codes": [
        0,
        0,
        0,
        0,
        0,
        0,
        0,
        0,
        0,
        0
      ]
    }
  ]
}
