{
  "results": [
    {
      "command": "cargo build --jobs 16 --release --example breakout",
      "mean": 80.59120881478,
      "stddev": 0.1776667759885731,
      "median": 80.62317822358,
      "user": 1160.15547742,
      "system": 30.229365559999998,
      "min": 80.16115882158,
      "max": 80.80179670058,
      "times": [
        80.56818937458,
        80.62957455558,
        80.63484998558,
        80.56484710258,
        80.80179670058,
        80.48361545558001,
        80.69542519658,
        80.16115882158,
        80.61678189158,
        80.75584906358
      ],
      "exit_codes": [
        0,
        0,
        0,
        0,
        0,
        0,
        0,
        0,
        0,
        0
      ]
    }
  ]
}
