{
  "results": [
    {
      "command": "cargo build --jobs 8 --release --example breakout",
      "mean": 122.32628184032001,
      "stddev": 0.3489556996119042,
      "median": 122.28002955802,
      "user": 921.8932103999999,
      "system": 24.812087299999995,
      "min": 121.88137262402,
      "max": 123.21244842502,
      "times": [
        122.11826839802,
        122.39810457902,
        122.33052490902,
        123.21244842502,
        122.16245720102,
        122.41586863602001,
        122.32892177902,
        122.23113733702,
        122.18371451502,
        121.88137262402
      ],
      "exit_codes": [
        0,
        0,
        0,
        0,
        0,
        0,
        0,
        0,
        0,
        0
      ]
    }
  ]
}
