{
  "results": [
    {
      "command": "cargo build --jobs 8 --release --example breakout",
      "mean": 106.67537081076,
      "stddev": 0.24694384960628826,
      "median": 106.80300561365999,
      "user": 806.8338445200001,
      "system": 21.707057080000002,
      "min": 106.23181795466,
      "max": 106.88320410866,
      "times": [
        106.29191599165999,
        106.56314320966,
        106.86657276666,
        106.76432271466,
        106.85462926766,
        106.88320410866,
        106.86859171165999,
        106.84168851266,
        106.23181795466,
        106.58782186965999
      ],
      "exit_codes": [
        0,
        0,
        0,
        0,
        0,
        0,
        0,
        0,
        0,
        0
      ]
    }
  ]
}
