{
  "results": [
    {
      "command": "cargo build --jobs 16 --release --example breakout",
      "mean": 90.25235476718,
      "stddev": 1.2404893373584804,
      "median": 89.99317786648001,
      "user": 1276.40975716,
      "system": 30.668353779999997,
      "min": 88.85832661298001,
      "max": 92.18710711598,
      "times": [
        90.56265930798,
        88.88449957698,
        91.47988303098,
        92.18710711598,
        90.27532180698,
        89.71103392598,
        89.08524028498,
        91.87062346698,
        89.60885254198,
        88.85832661298001
      ],
      "exit_codes": [
        0,
        0,
        0,
        0,
        0,
        0,
        0,
        0,
        0,
        0
      ]
    }
  ]
}
