{
  "results": [
    {
      "command": "cargo build --jobs 8 --release --example breakout",
      "mean": 119.83644527421998,
      "stddev": 0.1134021429920932,
      "median": 119.83244162241999,
      "user": 906.7217318400001,
      "system": 24.3865805,
      "min": 119.71077614442,
      "max": 120.11816893541999,
      "times": [
        119.78421922641999,
        119.86202193941999,
        119.74720317341999,
        119.71077614442,
        119.82061062641999,
        119.87350652842,
        120.11816893541999,
        119.85259378442,
        119.84427261841999,
        119.75107976541999
      ],
      "exit_codes": [
        0,
        0,
        0,
        0,
        0,
        0,
        0,
        0,
        0,
        0
      ]
    }
  ]
}
