{
  "results": [
    {
      "command": "cargo build --jobs 16 --release --example breakout",
      "mean": 77.3651971329,
      "stddev": 0.4934045111611894,
      "median": 77.1048812527,
      "user": 1142.167099,
      "system": 29.80813815999999,
      "min": 76.9985261717,
      "max": 78.4264216987,
      "times": [
        77.77607447269999,
        77.0757701207,
        77.0818092327,
        77.0377329877,
        77.1685004437,
        78.4264216987,
        76.9985261717,
        77.0499922807,
        77.90919064769999,
        77.1279532727
      ],
      "exit_codes": [
        0,
        0,
        0,
        0,
        0,
        0,
        0,
        0,
        0,
        0
      ]
    }
  ]
}
