{
  "results": [
    {
      "command": "cargo build --jobs 8 --release --example breakout",
      "mean": 110.70692551954001,
      "stddev": 0.06313799886567616,
      "median": 110.69195850914,
      "user": 837.0371395999998,
      "system": 21.970823239999998,
      "min": 110.62599601414,
      "max": 110.83460397014001,
      "times": [
        110.69357402714,
        110.68106144614,
        110.71761650214,
        110.68152265314001,
        110.70962844314,
        110.83460397014001,
        110.64357809914,
        110.62599601414,
        110.69034299114,
        110.79133104914
      ],
      "exit_codes": [
        0,
        0,
        0,
        0,
        0,
        0,
        0,
        0,
        0,
        0
      ]
    }
  ]
}
