{
  "results": [
    {
      "command": "cargo build --jobs 16 --release --example breakout",
      "mean": 72.80881098964001,
      "stddev": 0.4318872046369324,
      "median": 72.89446356724,
      "user": 1032.3398506600001,
      "system": 27.753320659999996,
      "min": 72.08850519773999,
      "max": 73.42929576873999,
      "times": [
        72.85995262674,
        73.13267480774,
        73.42929576873999,
        72.92897450774,
        73.26735702674,
        72.99871643073999,
        72.52251000574,
        72.56745892274,
        72.08850519773999,
        72.29266460174
      ],
      "exit_codes": [
        0,
        0,
        0,
        0,
        0,
        0,
        0,
        0,
        0,
        0
      ]
    }
  ]
}
