{
  "results": [
    {
      "command": "cargo build --jobs 8 --release --example breakout",
      "mean": 123.93856016808002,
      "stddev": 0.31193989740404865,
      "median": 123.87911572118,
      "user": 950.0194074199999,
      "system": 25.07337126,
      "min": 123.59773552168001,
      "max": 124.45035479068001,
      "times": [
        124.40571155368,
        124.45035479068001,
        124.18330931668001,
        123.75038402868,
        123.81547291068,
        123.66490107168,
        123.59773552168001,
        123.94307759568001,
        123.63189635968,
        123.94275853168
      ],
      "exit_codes": [
        0,
        0,
        0,
        0,
        0,
        0,
        0,
        0,
        0,
        0
      ]
    }
  ]
}
