{
  "results": [
    {
      "command": "cargo build --jobs 16 --release --example breakout",
      "mean": 79.68213182855999,
      "stddev": 0.2916871547120006,
      "median": 79.71042203856,
      "user": 1201.4479966200001,
      "system": 30.659870900000005,
      "min": 79.21180078505999,
      "max": 80.04569929706,
      "times": [
        79.26810252806,
        79.55409238106,
        79.91906865806,
        79.83976389506,
        79.56372621205999,
        79.97858121905999,
        79.21180078505999,
        80.04569929706,
        79.58108018205999,
        79.85940312806
      ],
      "exit_codes": [
        0,
        0,
        0,
        0,
        0,
        0,
        0,
        0,
        0,
        0
      ]
    }
  ]
}
