{
  "results": [
    {
      "command": "cargo build --jobs 8 --release --example breakout",
      "mean": 106.12529501192,
      "stddev": 0.4416621868036524,
      "median": 106.20341258072,
      "user": 799.0041652399999,
      "system": 21.93767682,
      "min": 105.49810090972,
      "max": 106.69460079372,
      "times": [
        105.50988956572,
        105.66373452572,
        106.56950309071999,
        106.05810961172,
        106.17089699572,
        106.69460079372,
        106.23592816572,
        106.26919699471999,
        106.58298946571999,
        105.49810090972
      ],
      "exit_codes": [
        0,
        0,
        0,
        0,
        0,
        0,
        0,
        0,
        0,
        0
      ]
    }
  ]
}
