{
  "results": [
    {
      "command": "cargo build --jobs 16 --release --example breakout",
      "mean": 70.40275674008,
      "stddev": 0.6300691316048912,
      "median": 70.39146430468,
      "user": 998.6602459199997,
      "system": 27.350485299999995,
      "min": 69.40064717518,
      "max": 71.20215339618,
      "times": [
        70.06550187618,
        71.20215339618,
        69.85713523918,
        70.71182500318,
        70.45252285817999,
        70.33040575118,
        71.15028951218,
        71.08230627718,
        69.40064717518,
        69.77478031218
      ],
      "exit_codes": [
        0,
        0,
        0,
        0,
        0,
        0,
        0,
        0,
        0,
        0
      ]
    }
  ]
}
