{
  "results": [
    {
      "command": "cargo build --jobs 8 --release --example breakout",
      "mean": 107.1262527916,
      "stddev": 0.35418203879559634,
      "median": 107.2692123705,
      "user": 807.0648087,
      "system": 21.87442076,
      "min": 106.411500549,
      "max": 107.52187492,
      "times": [
        107.52187492,
        107.43904903,
        106.411500549,
        106.760497986,
        107.377411145,
        106.92560783900001,
        107.287769247,
        107.250655494,
        106.938581029,
        107.349580677
      ],
      "exit_codes": [
        0,
        0,
        0,
        0,
        0,
        0,
        0,
        0,
        0,
        0
      ]
    }
  ]
}
