{
  "results": [
    {
      "command": "cargo build --jobs 8 --release --example breakout",
      "mean": 109.87965833947999,
      "stddev": 0.07766575581568727,
      "median": 109.89806810248001,
      "user": 827.2813128,
      "system": 22.166050819999995,
      "min": 109.78254517998,
      "max": 109.99319813398,
      "times": [
        109.78254517998,
        109.91786131998,
        109.95034923198,
        109.87827488498,
        109.99319813398,
        109.93219115598,
        109.78391987698,
        109.78846274098,
        109.83385145398,
        109.93592941598
      ],
      "exit_codes": [
        0,
        0,
        0,
        0,
        0,
        0,
        0,
        0,
        0,
        0
      ]
    }
  ]
}
