{
  "results": [
    {
      "command": "cargo build --jobs 16 --release --example breakout",
      "mean": 72.93040357292001,
      "stddev": 0.47346758700155617,
      "median": 72.90510635092,
      "user": 1033.15614968,
      "system": 27.86232814,
      "min": 72.28529732592,
      "max": 73.77079245591999,
      "times": [
        72.28529732592,
        72.40632820891999,
        72.87504572092,
        73.18824085691999,
        73.77079245591999,
        72.59839283091999,
        72.60695289691999,
        72.93516698091999,
        73.44964075892,
        73.18817769292
      ],
      "exit_codes": [
        0,
        0,
        0,
        0,
        0,
        0,
        0,
        0,
        0,
        0
      ]
    }
  ]
}
