{
  "results": [
    {
      "command": "cargo build --jobs 8 --release --example breakout",
      "mean": 127.06734531373999,
      "stddev": 0.1722872404696613,
      "median": 127.07268708854,
      "user": 973.0615038200001,
      "system": 25.5148947,
      "min": 126.76314046104,
      "max": 127.27640850004,
      "times": [
        126.93847043204,
        127.27554756304,
        127.09590793904,
        126.76314046104,
        127.04946623804,
        127.14617062304,
        127.21592256404,
        127.27640850004,
        126.86451800604,
        127.04790081104
      ],
      "exit_codes": [
        0,
        0,
        0,
        0,
        0,
        0,
        0,
        0,
        0,
        0
      ]
    }
  ]
}
