{
  "results": [
    {
      "command": "cargo build --jobs 16 --release --example breakout",
      "mean": 86.88927086128001,
      "stddev": 1.1864234327594159,
      "median": 87.09659745928002,
      "user": 1217.36099176,
      "system": 31.97100628,
      "min": 84.62045535978001,
      "max": 88.10019743178,
      "times": [
        84.99382406578,
        87.86887741178,
        87.20063371078001,
        86.78876946278001,
        86.91719250078,
        87.54301160178001,
        86.99256120778001,
        88.10019743178,
        87.86718585978001,
        84.62045535978001
      ],
      "exit_codes": [
        0,
        0,
        0,
        0,
        0,
        0,
        0,
        0,
        0,
        0
      ]
    }
  ]
}
