{
  "results": [
    {
      "command": "cargo build --jobs 8 --release --example breakout",
      "mean": 104.9804338102,
      "stddev": 0.34121347451919354,
      "median": 105.05915559670001,
      "user": 790.2459330199999,
      "system": 21.621192059999995,
      "min": 104.0814829942,
      "max": 105.2811173222,
      "times": [
        105.2811173222,
        105.1648576062,
        105.0607964702,
        104.9587048402,
        104.0814829942,
        105.1872214372,
        105.1726938712,
        105.0575147232,
        104.8322335102,
        105.0077153272
      ],
      "exit_codes": [
        0,
        0,
        0,
        0,
        0,
        0,
        0,
        0,
        0,
        0
      ]
    }
  ]
}
