{
  "results": [
    {
      "command": "cargo build --jobs 16 --release --example breakout",
      "mean": 75.96426146216001,
      "stddev": 0.23986058758286566,
      "median": 75.96240183636,
      "user": 1140.7826296,
      "system": 29.24936478,
      "min": 75.61300391736,
      "max": 76.39161278936001,
      "times": [
        75.61300391736,
        75.86320373436,
        76.11611324036001,
        75.91501769836,
        75.65914698836,
        76.07030458136,
        76.00978597436,
        75.81945996036,
        76.39161278936001,
        76.18496573736
      ],
      "exit_codes": [
        0,
        0,
        0,
        0,
        0,
        0,
        0,
        0,
        0,
        0
      ]
    }
  ]
}
