{
  "results": [
    {
      "command": "cargo build --jobs 8 --release --example breakout",
      "mean": 124.96527676022001,
      "stddev": 0.24732596610976312,
      "median": 125.04264770442,
      "user": 957.8325939599999,
      "system": 24.849839799999998,
      "min": 124.59425468542,
      "max": 125.32124000442,
      "times": [
        125.04103796042,
        124.59425468542,
        125.06038091642,
        124.79843452842,
        125.04425744842,
        124.66930176742,
        124.74828597442,
        125.23019705642,
        125.14537726042,
        125.32124000442
      ],
      "exit_codes": [
        0,
        0,
        0,
        0,
        0,
        0,
        0,
        0,
        0,
        0
      ]
    }
  ]
}
