{
  "results": [
    {
      "command": "cargo build --jobs 16 --release --example breakout",
      "mean": 75.89593517224002,
      "stddev": 0.2559966466945536,
      "median": 75.89232758974,
      "user": 1141.72727092,
      "system": 29.382057000000003,
      "min": 75.42899784674,
      "max": 76.41468286374,
      "times": [
        75.80924209874,
        75.73640741074,
        75.75640544774001,
        75.84383314874,
        75.99562451174,
        75.42899784674,
        75.95998820074,
        76.41468286374,
        75.94082203074001,
        76.07334816274
      ],
      "exit_codes": [
        0,
        0,
        0,
        0,
        0,
        0,
        0,
        0,
        0,
        0
      ]
    }
  ]
}
