{
  "results": [
    {
      "command": "cargo build --jobs 8 --release --example breakout",
      "mean": 117.1824504031,
      "stddev": 0.14740093049975062,
      "median": 117.2114525056,
      "user": 903.5309544999998,
      "system": 23.81753678,
      "min": 116.90097685159999,
      "max": 117.3624261646,
      "times": [
        117.3624261646,
        117.1791985916,
        116.98124201959999,
        116.90097685159999,
        117.30308976559999,
        117.24370641959999,
        117.16805434259999,
        117.3006112536,
        117.11929209159999,
        117.26590653059999
      ],
      "exit_codes": [
        0,
        0,
        0,
        0,
        0,
        0,
        0,
        0,
        0,
        0
      ]
    }
  ]
}
