{
  "results": [
    {
      "command": "cargo build --jobs 8 --release --example breakout",
      "mean": 119.97008769606,
      "stddev": 0.13375173308627572,
      "median": 119.93974717636002,
      "user": 908.0731069,
      "system": 24.4463784,
      "min": 119.82551445536001,
      "max": 120.23932723736,
      "times": [
        119.82551445536001,
        119.92470859036001,
        119.85323350436,
        120.23932723736,
        119.85488000736001,
        120.05085431236,
        120.09489661236,
        120.03962657436,
        119.86304990436001,
        119.95478576236
      ],
      "exit_codes": [
        0,
        0,
        0,
        0,
        0,
        0,
        0,
        0,
        0,
        0
      ]
    }
  ]
}
