{
  "results": [
    {
      "command": "cargo build --jobs 16 --release --example breakout",
      "mean": 78.20133142030001,
      "stddev": 0.23452533140507312,
      "median": 78.2033441907,
      "user": 1178.36612888,
      "system": 30.456345399999996,
      "min": 77.9197789422,
      "max": 78.5387588932,
      "times": [
        78.4011130982,
        77.9197789422,
        78.5246580492,
        78.2544951272,
        78.0009641852,
        77.9710063142,
        77.9712259812,
        78.2791203582,
        78.1521932542,
        78.5387588932
      ],
      "exit_codes": [
        0,
        0,
        0,
        0,
        0,
        0,
        0,
        0,
        0,
        0
      ]
    }
  ]
}
