{
  "results": [
    {
      "command": "cargo build --jobs 8 --release --example breakout",
      "mean": 121.44874167534002,
      "stddev": 0.3367623340439686,
      "median": 121.37671628214,
      "user": 932.0608967800001,
      "system": 24.71055946,
      "min": 121.11769967564,
      "max": 122.33137777164,
      "times": [
        121.27760755264,
        121.27306319564,
        122.33137777164,
        121.59101070764001,
        121.42192356664,
        121.11769967564,
        121.25828440864001,
        121.46295103864,
        121.33150899764,
        121.42198983864
      ],
      "exit_codes": [
        0,
        0,
        0,
        0,
        0,
        0,
        0,
        0,
        0,
        0
      ]
    }
  ]
}
