{
  "results": [
    {
      "command": "cargo build --jobs 16 --release --example breakout",
      "mean": 75.89264733486,
      "stddev": 0.17875704860636776,
      "median": 75.91471207626,
      "user": 1146.5611004599998,
      "system": 29.180048899999996,
      "min": 75.58790030176,
      "max": 76.21186961676,
      "times": [
        76.05277218575999,
        75.76093035475999,
        75.97693850476,
        75.58790030176,
        75.94625220276,
        75.88317194976,
        75.94672512676,
        75.70435002776,
        76.21186961676,
        75.85556307776
      ],
      "exit_codes": [
        0,
        0,
        0,
        0,
        0,
        0,
        0,
        0,
        0,
        0
      ]
    }
  ]
}
