{
  "results": [
    {
      "command": "cargo build --jobs 8 --release --example breakout",
      "mean": 117.57461772684,
      "stddev": 0.30436553829399016,
      "median": 117.45259907174001,
      "user": 906.3627688799997,
      "system": 23.613934000000004,
      "min": 117.24741500774,
      "max": 117.99477528974,
      "times": [
        117.99010525374001,
        117.24741500774,
        117.42371421774001,
        117.41171123174,
        117.99365182074001,
        117.30065902974,
        117.48148392574001,
        117.99477528974,
        117.31259548174,
        117.59006600974
      ],
      "exit_codes": [
        0,
        0,
        0,
        0,
        0,
        0,
        0,
        0,
        0,
        0
      ]
    }
  ]
}
