{
  "results": [
    {
      "command": "cargo build --jobs 16 --release --example breakout",
      "mean": 92.3902168317,
      "stddev": 0.6283433020248896,
      "median": 92.2756492387,
      "user": 1314.20202544,
      "system": 32.27148758,
      "min": 91.7653716212,
      "max": 93.9345172802,
      "times": [
        92.3405548462,
        93.9345172802,
        92.14817519420001,
        91.7653716212,
        92.8440377932,
        91.8241437702,
        92.4880751792,
        92.3354192282,
        92.0059941552,
        92.2158792492
      ],
      "exit_codes": [
        0,
        0,
        0,
        0,
        0,
        0,
        0,
        0,
        0,
        0
      ]
    }
  ]
}
