{
  "results": [
    {
      "command": "cargo build --jobs 8 --release --example breakout",
      "mean": 137.0631411605,
      "stddev": 0.4245913885976759,
      "median": 136.9679630499,
      "user": 1047.64894862,
      "system": 25.990274,
      "min": 136.6082224719,
      "max": 138.1938398019,
      "times": [
        136.8072428069,
        136.9082302079,
        136.9541262829,
        138.1938398019,
        136.9817998169,
        137.1323140879,
        136.6082224719,
        136.9341864069,
        136.9942271339,
        137.11722258790002
      ],
      "exit_codes": [
        0,
        0,
        0,
        0,
        0,
        0,
        0,
        0,
        0,
        0
      ]
    }
  ]
}
