{
  "results": [
    {
      "command": "cargo build --jobs 16 --release --example breakout",
      "mean": 78.2013243857,
      "stddev": 0.2496685932905417,
      "median": 78.21122066880001,
      "user": 1178.8870835,
      "system": 30.056763160000003,
      "min": 77.8972962048,
      "max": 78.6506436938,
      "times": [
        78.2729308298,
        77.9859479098,
        77.92152386880001,
        78.5297176108,
        78.6506436938,
        78.20710628680001,
        78.21533505080001,
        78.05154403780001,
        78.2811983638,
        77.8972962048
      ],
      "exit_codes": [
        0,
        0,
        0,
        0,
        0,
        0,
        0,
        0,
        0,
        0
      ]
    }
  ]
}
