{
  "results": [
    {
      "command": "cargo build --jobs 8 --release --example breakout",
      "mean": 117.17978329286002,
      "stddev": 0.29035550865867876,
      "median": 117.10659290286,
      "user": 903.62869706,
      "system": 23.736520579999997,
      "min": 116.80499361385999,
      "max": 117.71096815285999,
      "times": [
        116.80499361385999,
        116.95772334285999,
        116.96805463686,
        117.17283738686,
        117.47379552785999,
        117.30634001986,
        117.04034841885999,
        116.93639885086,
        117.42637297786,
        117.71096815285999
      ],
      "exit_codes": [
        0,
        0,
        0,
        0,
        0,
        0,
        0,
        0,
        0,
        0
      ]
    }
  ]
}
