{
  "results": [
    {
      "command": "cargo build --jobs 16 --release --example breakout",
      "mean": 75.94123418727999,
      "stddev": 0.2879973236704218,
      "median": 75.92958091788,
      "user": 1141.50045584,
      "system": 29.33933864,
      "min": 75.34974004988,
      "max": 76.51003154088,
      "times": [
        75.95013987888,
        75.92675977188,
        75.91479735288,
        76.14451241888,
        76.00978892888,
        75.79069138288,
        75.88347848388,
        76.51003154088,
        75.93240206388,
        75.34974004988
      ],
      "exit_codes": [
        0,
        0,
        0,
        0,
        0,
        0,
        0,
        0,
        0,
        0
      ]
    }
  ]
}
