{
  "results": [
    {
      "command": "cargo build --jobs 16 --release --example breakout",
      "mean": 78.08855543806001,
      "stddev": 0.1809564930512718,
      "median": 78.02571567476001,
      "user": 1178.86643954,
      "system": 30.111023760000002,
      "min": 77.91484353626001,
      "max": 78.48220729326,
      "times": [
        78.12031954326001,
        78.48220729326,
        77.92766084026,
        78.05357704826001,
        77.97850345726,
        78.09868437726,
        77.99482343326001,
        77.91484353626001,
        78.31708055026,
        77.99785430126
      ],
      "exit_codes": [
        0,
        0,
        0,
        0,
        0,
        0,
        0,
        0,
        0,
        0
      ]
    }
  ]
}
