{
  "results": [
    {
      "command": "cargo build --jobs 16 --release --example breakout",
      "mean": 75.99146391423999,
      "stddev": 0.4133461165822816,
      "median": 75.95025169054,
      "user": 1145.10551924,
      "system": 29.461042300000003,
      "min": 75.39996898754,
      "max": 76.54340791854,
      "times": [
        75.39996898754,
        76.14245676254001,
        76.43478813354,
        75.70955150154,
        75.40883645454001,
        76.54340791854,
        75.90287771454,
        75.91472646254,
        76.47224828854,
        75.98577691854
      ],
      "exit_codes": [
        0,
        0,
        0,
        0,
        0,
        0,
        0,
        0,
        0,
        0
      ]
    }
  ]
}
