{
  "results": [
    {
      "command": "cargo build --jobs 8 --release --example breakout",
      "mean": 118.01330959032,
      "stddev": 0.1454938239614784,
      "median": 118.05907514032,
      "user": 905.1946897600001,
      "system": 23.87495062,
      "min": 117.78371668632,
      "max": 118.19218074532,
      "times": [
        118.05034762632,
        118.17437376132,
        118.02086990132,
        117.82409614632,
        118.19218074532,
        117.78371668632,
        118.08595518132,
        118.08950814932,
        117.84424505132,
        118.06780265432
      ],
      "exit_codes": [
        0,
        0,
        0,
        0,
        0,
        0,
        0,
        0,
        0,
        0
      ]
    }
  ]
}
