{
  "results": [
    {
      "command": "cargo build --jobs 8 --release --example breakout",
      "mean": 120.04030635218001,
      "stddev": 0.09767993704660521,
      "median": 120.05693903458,
      "user": 908.8836003199998,
      "system": 24.10229706,
      "min": 119.86562571358,
      "max": 120.19750203158,
      "times": [
        119.86562571358,
        120.10264896758,
        119.94827781858,
        120.04363206058,
        119.96151510858,
        120.19750203158,
        120.07024600858,
        119.99678843258,
        120.11016574458,
        120.10666163558
      ],
      "exit_codes": [
        0,
        0,
        0,
        0,
        0,
        0,
        0,
        0,
        0,
        0
      ]
    }
  ]
}
