{
  "results": [
    {
      "command": "cargo build --jobs 16 --release --example breakout",
      "mean": 77.2858035082,
      "stddev": 0.17233549526162495,
      "median": 77.2082895292,
      "user": 1144.1414516999998,
      "system": 29.55103368,
      "min": 77.1152315512,
      "max": 77.6293597622,
      "times": [
        77.3862865112,
        77.1637538472,
        77.6293597622,
        77.50387818520001,
        77.3217542382,
        77.1978366472,
        77.1152315512,
        77.2178710692,
        77.1987079892,
        77.1233552812
      ],
      "exit_codes": [
        0,
        0,
        0,
        0,
        0,
        0,
        0,
        0,
        0,
        0
      ]
    }
  ]
}
