{
  "results": [
    {
      "command": "cargo build --jobs 8 --release --example breakout",
      "mean": 117.72768433617998,
      "stddev": 0.3431496186549855,
      "median": 117.91158781098,
      "user": 906.8855985400002,
      "system": 23.92318178,
      "min": 117.18236624747999,
      "max": 118.08526253548,
      "times": [
        118.01190714148,
        118.08526253548,
        117.99529650747999,
        117.92661648648,
        117.38727669248,
        117.89655913547999,
        117.58040106748,
        117.18236624747999,
        117.25440209247999,
        117.95675545547999
      ],
      "exit_codes": [
        0,
        0,
        0,
        0,
        0,
        0,
        0,
        0,
        0,
        0
      ]
    }
  ]
}
