{
  "results": [
    {
      "command": "cargo build --jobs 16 --release --example breakout",
      "mean": 98.33675679326,
      "stddev": 6.225774431223251,
      "median": 96.33350695946001,
      "user": 1340.65620206,
      "system": 32.97038266,
      "min": 95.85182439546,
      "max": 116.01177174746,
      "times": [
        96.29239248346,
        95.85182439546,
        96.37462143546,
        96.86881166346001,
        95.90701546346,
        96.19027029846,
        116.01177174746,
        96.42792567846,
        97.31480374846001,
        96.12813101846001
      ],
      "exit_codes": [
        0,
        0,
        0,
        0,
        0,
        0,
        0,
        0,
        0,
        0
      ]
    }
  ]
}
