{
  "results": [
    {
      "command": "cargo build --jobs 8 --release --example breakout",
      "mean": 139.96689932574,
      "stddev": 0.604492478715526,
      "median": 139.85490694974,
      "user": 1071.90794888,
      "system": 26.4931092,
      "min": 139.50842244424,
      "max": 141.59204334824003,
      "times": [
        139.54914843624002,
        141.59204334824003,
        139.98714775024,
        139.78550727324,
        139.71898799724002,
        139.50842244424,
        139.94218770824,
        139.92430662624002,
        139.57709677124,
        140.08414490224
      ],
      "exit_codes": [
        0,
        0,
        0,
        0,
        0,
        0,
        0,
        0,
        0,
        0
      ]
    }
  ]
}
