{
  "results": [
    {
      "command": "cargo build --jobs 8 --release --example breakout",
      "mean": 120.51443652001998,
      "stddev": 0.1206724107813836,
      "median": 120.49723014621999,
      "user": 912.25621598,
      "system": 24.19634636,
      "min": 120.34142962122,
      "max": 120.75197634522,
      "times": [
        120.57388148122,
        120.49347679521999,
        120.58035750121999,
        120.34142962122,
        120.61405404621999,
        120.75197634522,
        120.44166359722,
        120.50098349721999,
        120.46995387122,
        120.37658844421999
      ],
      "exit_codes": [
        0,
        0,
        0,
        0,
        0,
        0,
        0,
        0,
        0,
        0
      ]
    }
  ]
}
