{
  "results": [
    {
      "command": "cargo build --jobs 8 --release --example breakout",
      "mean": 134.1291351698,
      "stddev": 0.22397069111676204,
      "median": 134.0871191555,
      "user": 1025.4400555599998,
      "system": 25.012035539999996,
      "min": 133.8621381235,
      "max": 134.6780099855,
      "times": [
        133.8957346505,
        134.6780099855,
        134.2187042715,
        133.8621381235,
        134.0794296045,
        134.0919062435,
        134.2107158345,
        134.0804746735,
        134.0888288395,
        134.08540947150001
      ],
      "exit_codes": [
        0,
        0,
        0,
        0,
        0,
        0,
        0,
        0,
        0,
        0
      ]
    }
  ]
}
