{
  "results": [
    {
      "command": "cargo build --jobs 16 --release --example breakout",
      "mean": 92.6564237138,
      "stddev": 1.1183846468285243,
      "median": 92.9620267157,
      "user": 1283.2049141799998,
      "system": 31.25012592,
      "min": 90.8173626782,
      "max": 94.2102020972,
      "times": [
        94.2102020972,
        93.1004297982,
        93.5606547642,
        93.1839246032,
        90.8173626782,
        92.5474680472,
        91.0667564792,
        92.8236236332,
        93.5210667172,
        91.7327483202
      ],
      "exit_codes": [
        0,
        0,
        0,
        0,
        0,
        0,
        0,
        0,
        0,
        0
      ]
    }
  ]
}
