{
  "results": [
    {
      "command": "cargo build --jobs 16 --release --example breakout",
      "mean": 77.9950561171,
      "stddev": 0.18346287943239448,
      "median": 77.96889165830001,
      "user": 1142.8197155,
      "system": 30.13637958,
      "min": 77.74009216530001,
      "max": 78.3017456893,
      "times": [
        77.9640239193,
        78.0697514903,
        77.93006076130001,
        77.9737593973,
        77.93484892730001,
        77.7494195453,
        77.74009216530001,
        78.0324103473,
        78.25444892830001,
        78.3017456893
      ],
      "exit_codes": [
        0,
        0,
        0,
        0,
        0,
        0,
        0,
        0,
        0,
        0
      ]
    }
  ]
}
