{
  "results": [
    {
      "command": "cargo build --jobs 16 --release --example breakout",
      "mean": 73.87865983841999,
      "stddev": 0.5179874905592015,
      "median": 73.75716422651999,
      "user": 1086.81681074,
      "system": 28.176987079999996,
      "min": 73.26158681602,
      "max": 74.96528700502,
      "times": [
        73.54939981102,
        74.30501480302,
        74.26417239402,
        73.58644107202,
        74.96528700502,
        73.38768726302,
        73.95268076702,
        73.91995804502,
        73.59437040802,
        73.26158681602
      ],
      "exit_codes": [
        0,
        0,
        0,
        0,
        0,
        0,
        0,
        0,
        0,
        0
      ]
    }
  ]
}
