{
  "results": [
    {
      "command": "cargo build --jobs 16 --release --example breakout",
      "mean": 92.77554790904001,
      "stddev": 1.3957869352966805,
      "median": 92.12497265614,
      "user": 1293.42204972,
      "system": 31.755385580000002,
      "min": 91.70730463514,
      "max": 96.41929270814,
      "times": [
        92.97501063414,
        92.14780736614,
        92.05524057014,
        93.50756754214001,
        92.08163029514,
        91.70730463514,
        92.81512118214,
        96.41929270814,
        92.10213794614,
        91.94436621114001
      ],
      "exit_codes": [
        0,
        0,
        0,
        0,
        0,
        0,
        0,
        0,
        0,
        0
      ]
    }
  ]
}
