{
  "results": [
    {
      "command": "cargo build --jobs 8 --release --example breakout",
      "mean": 136.21208465664,
      "stddev": 3.0554456280622477,
      "median": 135.27736080553998,
      "user": 1032.71344252,
      "system": 25.586302380000003,
      "min": 135.01305946404,
      "max": 144.90057000904,
      "times": [
        135.25100735403998,
        144.90057000904,
        135.33278718104,
        135.30371425703999,
        135.47582379003998,
        135.23006616103999,
        135.16830893904,
        135.01305946404,
        135.31988010304,
        135.12562930804
      ],
      "exit_codes": [
        0,
        0,
        0,
        0,
        0,
        0,
        0,
        0,
        0,
        0
      ]
    }
  ]
}
