{
  "results": [
    {
      "command": "cargo build --jobs 8 --release --example breakout",
      "mean": 120.26084323746002,
      "stddev": 0.1833361207385797,
      "median": 120.31685151776,
      "user": 906.2893633199999,
      "system": 24.119609079999996,
      "min": 119.95715368376001,
      "max": 120.43416639476,
      "times": [
        120.39522278976,
        120.36673410076,
        120.43062320376,
        120.43416639476,
        120.26696893476,
        120.17677085476001,
        119.95715368376001,
        120.43376277076,
        120.15998514676001,
        119.98704449476
      ],
      "exit_codes": [
        0,
        0,
        0,
        0,
        0,
        0,
        0,
        0,
        0,
        0
      ]
    }
  ]
}
