{
  "results": [
    {
      "command": "cargo build --jobs 16 --release --example breakout",
      "mean": 77.44689215916,
      "stddev": 0.2167024926719276,
      "median": 77.36975965556,
      "user": 1140.74414482,
      "system": 29.827105699999997,
      "min": 77.21793024906,
      "max": 77.91199875606,
      "times": [
        77.63109776806,
        77.91199875606,
        77.53806154306,
        77.33098023306,
        77.27456197805999,
        77.27081614106,
        77.40853907806,
        77.30829950106,
        77.57663634406,
        77.21793024906
      ],
      "exit_codes": [
        0,
        0,
        0,
        0,
        0,
        0,
        0,
        0,
        0,
        0
      ]
    }
  ]
}
