{
  "results": [
    {
      "command": "cargo build --jobs 8 --release --example breakout",
      "mean": 131.98905314214,
      "stddev": 0.10005886389506002,
      "median": 132.02892628173998,
      "user": 1013.09397926,
      "system": 24.719083419999997,
      "min": 131.76818416924,
      "max": 132.08925365424,
      "times": [
        131.94535218824,
        131.76818416924,
        132.04372352324,
        131.91590293124,
        132.05215728924,
        132.08925365424,
        132.04465535224,
        131.92931650224,
        132.01412904024,
        132.08785677124
      ],
      "exit_codes": [
        0,
        0,
        0,
        0,
        0,
        0,
        0,
        0,
        0,
        0
      ]
    }
  ]
}
