{
  "results": [
    {
      "command": "cargo build --jobs 16 --release --example breakout",
      "mean": 90.03765999814001,
      "stddev": 1.6899294143571226,
      "median": 89.22104597594,
      "user": 1267.2376191600001,
      "system": 30.80335802,
      "min": 88.49118233494,
      "max": 93.90221444194,
      "times": [
        93.90221444194,
        89.17269881094,
        89.12554508994,
        89.09998710394001,
        91.80087622194,
        90.51566758194001,
        89.26939314094,
        88.65981958294,
        88.49118233494,
        90.33921567194
      ],
      "exit_codes": [
        0,
        0,
        0,
        0,
        0,
        0,
        0,
        0,
        0,
        0
      ]
    }
  ]
}
