{
  "results": [
    {
      "command": "cargo build --jobs 16 --release --example breakout",
      "mean": 72.50653954703999,
      "stddev": 0.4674306649954026,
      "median": 72.59396775233999,
      "user": 1065.5427706,
      "system": 28.170979120000005,
      "min": 71.83290449284,
      "max": 73.30584859784,
      "times": [
        72.59704322484,
        72.15456032684,
        72.10822049384,
        72.00507424384,
        71.83290449284,
        72.59089227983999,
        72.92345761584,
        73.30584859784,
        72.83636892384,
        72.71102527084
      ],
      "exit_codes": [
        0,
        0,
        0,
        0,
        0,
        0,
        0,
        0,
        0,
        0
      ]
    }
  ]
}
