{
  "results": [
    {
      "command": "cargo build --jobs 16 --release --example breakout",
      "mean": 91.97160657954,
      "stddev": 1.1390741218574705,
      "median": 91.67689050894,
      "user": 1282.4825654,
      "system": 31.157619040000004,
      "min": 90.56143731444,
      "max": 93.87628051243999,
      "times": [
        92.53900487044,
        91.19010893443999,
        90.56143731444,
        93.05420294844,
        93.87628051243999,
        91.00722671544,
        93.17007147343999,
        92.12462077244,
        90.96395200843999,
        91.22916024544
      ],
      "exit_codes": [
        0,
        0,
        0,
        0,
        0,
        0,
        0,
        0,
        0,
        0
      ]
    }
  ]
}
