{
  "results": [
    {
      "command": "cargo build --jobs 8 --release --example breakout",
      "mean": 120.12889920716,
      "stddev": 0.17908146152138424,
      "median": 120.16229069485999,
      "user": 909.026525,
      "system": 24.50559648,
      "min": 119.74898185736,
      "max": 120.39576926736,
      "times": [
        120.13473730336,
        120.10855278136,
        119.74898185736,
        120.39576926736,
        120.24990974036,
        120.22437399936,
        119.93624374336,
        120.09061488736,
        120.18984408636,
        120.20996440536
      ],
      "exit_codes": [
        0,
        0,
        0,
        0,
        0,
        0,
        0,
        0,
        0,
        0
      ]
    }
  ]
}
