{
  "results": [
    {
      "command": "cargo build --jobs 8 --release --example breakout",
      "mean": 118.05896752954001,
      "stddev": 0.16157319216831925,
      "median": 118.04746330274,
      "user": 906.67591922,
      "system": 23.779484559999997,
      "min": 117.82663782974001,
      "max": 118.24181766674,
      "times": [
        118.24181766674,
        117.92553138974,
        117.82663782974001,
        118.22987431174,
        118.10980876774,
        117.98511783774,
        117.90449008074,
        118.22713417074,
        118.21126162874,
        117.92800161174
      ],
      "exit_codes": [
        0,
        0,
        0,
        0,
        0,
        0,
        0,
        0,
        0,
        0
      ]
    }
  ]
}
