{
  "results": [
    {
      "command": "cargo build --jobs 16 --release --example breakout",
      "mean": 76.33639657399998,
      "stddev": 0.2210061990491675,
      "median": 76.3830504091,
      "user": 1145.8939972999997,
      "system": 29.360696039999993,
      "min": 75.94593869309999,
      "max": 76.64082113709999,
      "times": [
        76.08673533209999,
        76.4692441141,
        76.64082113709999,
        76.41506632309999,
        76.4381565881,
        76.3510344951,
        76.1219851101,
        76.5638273381,
        76.33115660909999,
        75.94593869309999
      ],
      "exit_codes": [
        0,
        0,
        0,
        0,
        0,
        0,
        0,
        0,
        0,
        0
      ]
    }
  ]
}
