{
  "results": [
    {
      "command": "cargo build --jobs 8 --release --example breakout",
      "mean": 121.85270432562001,
      "stddev": 0.18840817059003878,
      "median": 121.83460267032001,
      "user": 934.6625934,
      "system": 24.48573746,
      "min": 121.61377021132,
      "max": 122.12168579832,
      "times": [
        121.89564090832,
        122.09756165632,
        122.05260279732,
        121.89740598832,
        122.12168579832,
        121.67501274632001,
        121.77356443232,
        121.67035473932,
        121.72944397832,
        121.61377021132
      ],
      "exit_codes": [
        0,
        0,
        0,
        0,
        0,
        0,
        0,
        0,
        0,
        0
      ]
    }
  ]
}
