{
  "results": [
    {
      "command": "cargo build --jobs 16 --release --example breakout",
      "mean": 78.41613059346,
      "stddev": 0.2040427710494311,
      "median": 78.36197065095999,
      "user": 1181.1540500799997,
      "system": 30.000323520000002,
      "min": 78.18805300496,
      "max": 78.78327334096,
      "times": [
        78.46320313796,
        78.32971041296,
        78.37711496696,
        78.34682633496,
        78.22305179995999,
        78.47752045096,
        78.78327334096,
        78.73223290295999,
        78.18805300496,
        78.24031958196
      ],
      "exit_codes": [
        0,
        0,
        0,
        0,
        0,
        0,
        0,
        0,
        0,
        0
      ]
    }
  ]
}
