{
  "results": [
    {
      "command": "cargo build --jobs 16 --release --example breakout",
      "mean": 92.09875633791998,
      "stddev": 1.11834382271499,
      "median": 91.93938126462,
      "user": 1281.3654118199997,
      "system": 31.1315386,
      "min": 90.62492444812,
      "max": 94.13856669312,
      "times": [
        91.97641700711999,
        92.15830949612,
        91.72443904612,
        90.71728634712,
        93.73875770011999,
        92.23748263912,
        91.90234552212,
        91.76903448012,
        94.13856669312,
        90.62492444812
      ],
      "exit_codes": [
        0,
        0,
        0,
        0,
        0,
        0,
        0,
        0,
        0,
        0
      ]
    }
  ]
}
