{
  "results": [
    {
      "command": "cargo build --jobs 16 --release --example breakout",
      "mean": 78.81042736409998,
      "stddev": 0.3075606725168679,
      "median": 78.786653287,
      "user": 1180.9399758000002,
      "system": 29.969894259999997,
      "min": 78.3296224775,
      "max": 79.2212162275,
      "times": [
        78.3296224775,
        78.66598739049999,
        78.8878086955,
        79.20664511349999,
        78.68549787849999,
        78.5627581655,
        78.5055179835,
        79.0908496875,
        78.9483700215,
        79.2212162275
      ],
      "exit_codes": [
        0,
        0,
        0,
        0,
        0,
        0,
        0,
        0,
        0,
        0
      ]
    }
  ]
}
