{
  "results": [
    {
      "command": "cargo build --jobs 16 --release --example breakout",
      "mean": 75.12598737194,
      "stddev": 0.37623360011875834,
      "median": 74.90041089793999,
      "user": 1137.35635518,
      "system": 30.428265139999997,
      "min": 74.77430682094,
      "max": 75.71061683494,
      "times": [
        75.54780241594,
        74.81115076894,
        74.91739035994,
        75.54431410394,
        74.80664001694,
        75.40783098394,
        74.77430682094,
        74.88343143594,
        74.85638997794,
        75.71061683494
      ],
      "exit_codes": [
        0,
        0,
        0,
        0,
        0,
        0,
        0,
        0,
        0,
        0
      ]
    }
  ]
}
