{
  "results": [
    {
      "command": "cargo build --jobs 16 --release --example breakout",
      "mean": 92.6056237215,
      "stddev": 4.341905289400477,
      "median": 91.0838031016,
      "user": 1282.1270617599998,
      "system": 31.311355839999997,
      "min": 90.2435645711,
      "max": 104.5363164961,
      "times": [
        91.0819960371,
        104.5363164961,
        90.2435645711,
        92.3460124321,
        90.4273941041,
        93.8288171301,
        91.7960668191,
        90.4657395021,
        91.0856101661,
        90.2447199571
      ],
      "exit_codes": [
        0,
        0,
        0,
        0,
        0,
        0,
        0,
        0,
        0,
        0
      ]
    }
  ]
}
