{
  "results": [
    {
      "command": "cargo build --jobs 8 --release --example breakout",
      "mean": 120.40223902648002,
      "stddev": 0.09496739479218894,
      "median": 120.40825496898,
      "user": 903.4397364599997,
      "system": 23.86283538,
      "min": 120.26861868698,
      "max": 120.58443484198,
      "times": [
        120.40817932698,
        120.47865088198,
        120.41912152098,
        120.40018739898001,
        120.28014278598,
        120.26861868698,
        120.40833061098,
        120.45281824598,
        120.32190596398,
        120.58443484198
      ],
      "exit_codes": [
        0,
        0,
        0,
        0,
        0,
        0,
        0,
        0,
        0,
        0
      ]
    }
  ]
}
