{
  "results": [
    {
      "command": "cargo build --jobs 16 --release --example breakout",
      "mean": 77.27904010082,
      "stddev": 0.2721596238066468,
      "median": 77.14078340152,
      "user": 1142.8341488800002,
      "system": 29.3813623,
      "min": 77.04056915652,
      "max": 77.82328785151999,
      "times": [
        77.63666459452,
        77.49621172052,
        77.12473896351999,
        77.20013436651999,
        77.15031450452,
        77.06819097351999,
        77.04056915652,
        77.11903657852,
        77.13125229852,
        77.82328785151999
      ],
      "exit_codes": [
        0,
        0,
        0,
        0,
        0,
        0,
        0,
        0,
        0,
        0
      ]
    }
  ]
}
