{
  "results": [
    {
      "command": "cargo build --jobs 16 --release --example breakout",
      "mean": 80.50133391368,
      "stddev": 0.23496173074758855,
      "median": 80.53114257558,
      "user": 1160.5572392400002,
      "system": 30.0954592,
      "min": 79.98317643708,
      "max": 80.76413979708,
      "times": [
        80.21364284708001,
        80.51727006208,
        79.98317643708,
        80.52955253108,
        80.76413979708,
        80.72192862408001,
        80.53273262008001,
        80.60562646308,
        80.62162535908001,
        80.52364439608
      ],
      "exit_codes": [
        0,
        0,
        0,
        0,
        0,
        0,
        0,
        0,
        0,
        0
      ]
    }
  ]
}
