{
  "results": [
    {
      "command": "cargo build --jobs 16 --release --example breakout",
      "mean": 98.64036594176,
      "stddev": 4.470628343722204,
      "median": 97.51880909466,
      "user": 1366.7208862,
      "system": 33.62086558,
      "min": 95.57821848366,
      "max": 111.19802656766001,
      "times": [
        97.80821964866,
        97.47406818966,
        97.82989658566,
        97.56354999966,
        97.35765489266001,
        97.20456615866,
        97.91976847166,
        111.19802656766001,
        96.46969041966,
        95.57821848366
      ],
      "exit_codes": [
        0,
        0,
        0,
        0,
        0,
        0,
        0,
        0,
        0,
        0
      ]
    }
  ]
}
