{
  "results": [
    {
      "command": "cargo build --jobs 16 --release --example breakout",
      "mean": 75.10049899258,
      "stddev": 0.3216597445293322,
      "median": 75.14024616468001,
      "user": 1141.66635412,
      "system": 29.3586957,
      "min": 74.68763878468,
      "max": 75.63460128068,
      "times": [
        75.17815972868,
        75.63460128068,
        75.23189554268001,
        75.49796885568,
        75.25576295268,
        74.85769781368,
        74.82947007868,
        75.10233260068,
        74.68763878468,
        74.72946228768001
      ],
      "exit_codes": [
        0,
        0,
        0,
        0,
        0,
        0,
        0,
        0,
        0,
        0
      ]
    }
  ]
}
