{
  "results": [
    {
      "command": "cargo build --jobs 8 --release --example breakout",
      "mean": 117.28592898736,
      "stddev": 0.22533422646393922,
      "median": 117.19977518146,
      "user": 903.8822809999998,
      "system": 23.879540140000003,
      "min": 117.08563117896,
      "max": 117.82932591196,
      "times": [
        117.17571289096,
        117.82932591196,
        117.22362811996,
        117.24860955796,
        117.17072710795999,
        117.51497373596,
        117.17592224296,
        117.08563117896,
        117.12538508995999,
        117.30937403696
      ],
      "exit_codes": [
        0,
        0,
        0,
        0,
        0,
        0,
        0,
        0,
        0,
        0
      ]
    }
  ]
}
