{
  "results": [
    {
      "command": "cargo build --jobs 8 --release --example breakout",
      "mean": 134.60926909518,
      "stddev": 0.771194425398163,
      "median": 134.37558907547998,
      "user": 1027.9456142199997,
      "system": 25.22961378,
      "min": 134.15261544898,
      "max": 136.75706730598,
      "times": [
        134.58855085098,
        134.15261544898,
        134.20912601498,
        134.54073784797998,
        134.36448069498,
        134.56807282297999,
        134.34764434497998,
        136.75706730598,
        134.17769816397998,
        134.38669745598
      ],
      "exit_codes": [
        0,
        0,
        0,
        0,
        0,
        0,
        0,
        0,
        0,
        0
      ]
    }
  ]
}
