{
  "results": [
    {
      "command": "cargo build --jobs 16 --release --example breakout",
      "mean": 98.62123989915999,
      "stddev": 5.057399461776721,
      "median": 97.48390293386001,
      "user": 1371.1045806599998,
      "system": 33.90349901999999,
      "min": 95.81753738836,
      "max": 112.83142578536,
      "times": [
        98.21676213236,
        97.52979966236,
        112.83142578536,
        95.90721019636,
        97.55062313936,
        97.43800620536,
        97.53799326336,
        96.18291796336,
        95.81753738836,
        97.20012325536
      ],
      "exit_codes": [
        0,
        0,
        0,
        0,
        0,
        0,
        0,
        0,
        0,
        0
      ]
    }
  ]
}
