{
  "results": [
    {
      "command": "cargo build --jobs 16 --release --example breakout",
      "mean": 77.22576716481998,
      "stddev": 0.6313094969229719,
      "median": 76.94705684232,
      "user": 1135.28257214,
      "system": 29.283770800000003,
      "min": 76.69734449932,
      "max": 78.55798178731999,
      "times": [
        76.83739162031999,
        77.88234805632,
        78.55798178731999,
        76.69734449932,
        77.81619679532,
        76.73195365832,
        76.83617831032,
        77.00416323632,
        76.91315115332,
        76.98096253131999
      ],
      "exit_codes": [
        0,
        0,
        0,
        0,
        0,
        0,
        0,
        0,
        0,
        0
      ]
    }
  ]
}
