{
  "results": [
    {
      "command": "cargo build --jobs 16 --release --example breakout",
      "mean": 80.40124730422,
      "stddev": 0.36134715222695457,
      "median": 80.52550256702,
      "user": 1162.6636964599998,
      "system": 30.167417539999995,
      "min": 79.62661882052001,
      "max": 80.74591623552,
      "times": [
        80.59985810652,
        80.62364207852,
        80.66093869752001,
        80.02692282752001,
        80.71957765552,
        80.74591623552,
        80.45114702752001,
        79.62661882052001,
        80.39313285052,
        80.16471874252001
      ],
      "exit_codes": [
        0,
        0,
        0,
        0,
        0,
        0,
        0,
        0,
        0,
        0
      ]
    }
  ]
}
