{
  "results": [
    {
      "command": "cargo build --jobs 16 --release --example breakout",
      "mean": 80.62067395713999,
      "stddev": 0.12373251538385173,
      "median": 80.59591050693999,
      "user": 1156.679711,
      "system": 30.452532679999997,
      "min": 80.43280773094,
      "max": 80.88536101093999,
      "times": [
        80.88536101093999,
        80.64257739194,
        80.56396047594,
        80.52932717793999,
        80.60733860293999,
        80.74351478893999,
        80.56667755593999,
        80.58448241094,
        80.65069242493999,
        80.43280773094
      ],
      "exit_codes": [
        0,
        0,
        0,
        0,
        0,
        0,
        0,
        0,
        0,
        0
      ]
    }
  ]
}
