{
  "results": [
    {
      "command": "cargo build --jobs 8 --release --example breakout",
      "mean": 121.74978981776,
      "stddev": 0.09086578530119929,
      "median": 121.73932584896001,
      "user": 920.0624429399999,
      "system": 24.92300532,
      "min": 121.64854422346001,
      "max": 121.91310910946,
      "times": [
        121.81088473646,
        121.74512001646,
        121.69591803246,
        121.66499348046,
        121.91310910946,
        121.87083968946,
        121.64854422346001,
        121.65727603046,
        121.73353168146001,
        121.75768117746
      ],
      "exit_codes": [
        0,
        0,
        0,
        0,
        0,
        0,
        0,
        0,
        0,
        0
      ]
    }
  ]
}
