{
  "results": [
    {
      "command": "cargo build --jobs 16 --release --example breakout",
      "mean": 75.72522661510001,
      "stddev": 0.2380297294962173,
      "median": 75.8048757459,
      "user": 1142.33753912,
      "system": 30.456208980000003,
      "min": 75.4103765939,
      "max": 76.1085496109,
      "times": [
        75.9395962819,
        75.8523904939,
        76.1085496109,
        75.8373114189,
        75.4395578199,
        75.43810780289999,
        75.6166246369,
        75.8227932539,
        75.4103765939,
        75.7869582379
      ],
      "exit_codes": [
        0,
        0,
        0,
        0,
        0,
        0,
        0,
        0,
        0,
        0
      ]
    }
  ]
}
