{
  "results": [
    {
      "command": "cargo build --jobs 8 --release --example breakout",
      "mean": 117.70301221381999,
      "stddev": 0.17081124361058572,
      "median": 117.75404551022,
      "user": 906.09002126,
      "system": 24.863507,
      "min": 117.39834020122,
      "max": 117.90346564722,
      "times": [
        117.80251150222,
        117.82577843722,
        117.87895804422,
        117.90346564722,
        117.81881282722,
        117.70557951821999,
        117.39834020122,
        117.55642866922,
        117.52870340122,
        117.61154389021999
      ],
      "exit_codes": [
        0,
        0,
        0,
        0,
        0,
        0,
        0,
        0,
        0,
        0
      ]
    }
  ]
}
