{
  "results": [
    {
      "command": "cargo build --jobs 8 --release --example breakout",
      "mean": 116.43347595916,
      "stddev": 0.15032021909407392,
      "median": 116.42127425255998,
      "user": 897.1698943199999,
      "system": 23.83985846,
      "min": 116.27401618905999,
      "max": 116.70822764606,
      "times": [
        116.60981815506,
        116.51024058606,
        116.32399419805999,
        116.40962298705999,
        116.43292551805999,
        116.50706164905999,
        116.27573335705999,
        116.27401618905999,
        116.28311930605999,
        116.70822764606
      ],
      "exit_codes": [
        0,
        0,
        0,
        0,
        0,
        0,
        0,
        0,
        0,
        0
      ]
    }
  ]
}
