{
  "results": [
    {
      "command": "cargo build --jobs 16 --release --example breakout",
      "mean": 74.84641463681999,
      "stddev": 0.32476270667585555,
      "median": 74.87741719362,
      "user": 1132.3677752999997,
      "system": 29.270937979999996,
      "min": 74.24411250712,
      "max": 75.29276655512,
      "times": [
        75.06845274412,
        74.58406617812,
        74.90221910812,
        75.29276655512,
        74.81570242612,
        74.85261527912,
        75.18734630812,
        74.50026609812,
        75.01659916412,
        74.24411250712
      ],
      "exit_codes": [
        0,
        0,
        0,
        0,
        0,
        0,
        0,
        0,
        0,
        0
      ]
    }
  ]
}
