{
  "results": [
    {
      "command": "cargo build --jobs 16 --release --example breakout",
      "mean": 72.99215384700001,
      "stddev": 0.3300799203483749,
      "median": 73.00464866339999,
      "user": 1073.61079354,
      "system": 28.305067080000004,
      "min": 72.5682558494,
      "max": 73.5861967724,
      "times": [
        73.3256929094,
        72.8703961084,
        72.5682558494,
        72.58693519239999,
        73.1158090234,
        72.9080956504,
        73.1012016764,
        72.6890421654,
        73.5861967724,
        73.1699131224
      ],
      "exit_codes": [
        0,
        0,
        0,
        0,
        0,
        0,
        0,
        0,
        0,
        0
      ]
    }
  ]
}
