{
  "results": [
    {
      "command": "cargo build --jobs 8 --release --example breakout",
      "mean": 123.75494656016001,
      "stddev": 0.10662567129647761,
      "median": 123.76355450586001,
      "user": 950.36431204,
      "system": 25.11783424,
      "min": 123.55770974436001,
      "max": 123.95743881436,
      "times": [
        123.55770974436001,
        123.75671674836,
        123.71137568836001,
        123.84797421036001,
        123.72662151436,
        123.77039226336001,
        123.78990785036001,
        123.65860834636001,
        123.95743881436,
        123.77272042136
      ],
      "exit_codes": [
        0,
        0,
        0,
        0,
        0,
        0,
        0,
        0,
        0,
        0
      ]
    }
  ]
}
