{
  "results": [
    {
      "command": "cargo build --jobs 8 --release --example breakout",
      "mean": 117.36474792782,
      "stddev": 0.4260790214423815,
      "median": 117.26271717402,
      "user": 903.69697926,
      "system": 23.823252860000004,
      "min": 116.89148303052,
      "max": 118.17200356452,
      "times": [
        117.18300937152,
        117.32796259052,
        117.30488759652,
        118.17200356452,
        116.89148303052,
        116.95236220252,
        117.33954910752,
        117.18604565852,
        118.06962940452,
        117.22054675152
      ],
      "exit_codes": [
        0,
        0,
        0,
        0,
        0,
        0,
        0,
        0,
        0,
        0
      ]
    }
  ]
}
