{
  "results": [
    {
      "command": "cargo build --jobs 16 --release --example breakout",
      "mean": 75.70983629224,
      "stddev": 0.40001673537200905,
      "median": 75.77307333344,
      "user": 1146.03697158,
      "system": 29.671612340000003,
      "min": 75.13621218394,
      "max": 76.25210053094,
      "times": [
        75.53624448494,
        75.29010489294,
        75.23033528094,
        75.78398360294,
        76.25210053094,
        75.76216306394,
        75.90797114893999,
        75.97831115094,
        75.13621218394,
        76.22093658194
      ],
      "exit_codes": [
        0,
        0,
        0,
        0,
        0,
        0,
        0,
        0,
        0,
        0
      ]
    }
  ]
}
