{
  "results": [
    {
      "command": "cargo build --jobs 16 --release --example breakout",
      "mean": 75.63629020551998,
      "stddev": 0.2628802003467129,
      "median": 75.63200011562,
      "user": 1141.52694652,
      "system": 30.37863688,
      "min": 75.27426166812,
      "max": 76.16064042312,
      "times": [
        75.74252136812001,
        75.51209842112,
        75.47117884512001,
        75.32137252012001,
        75.67326338612,
        75.81573176312,
        75.59073684512,
        75.27426166812,
        76.16064042312,
        75.80109681512
      ],
      "exit_codes": [
        0,
        0,
        0,
        0,
        0,
        0,
        0,
        0,
        0,
        0
      ]
    }
  ]
}
