{
  "results": [
    {
      "command": "cargo build --jobs 8 --release --example breakout",
      "mean": 117.44693689993998,
      "stddev": 0.15548157938782087,
      "median": 117.42630405354001,
      "user": 904.5876250200001,
      "system": 24.877082319999996,
      "min": 117.24494317004,
      "max": 117.68771613504,
      "times": [
        117.64971716904,
        117.31462670204,
        117.42316587904,
        117.56211699904,
        117.68771613504,
        117.29266965904,
        117.24494317004,
        117.53692478104,
        117.32804627704,
        117.42944222804
      ],
      "exit_codes": [
        0,
        0,
        0,
        0,
        0,
        0,
        0,
        0,
        0,
        0
      ]
    }
  ]
}
