{
  "results": [
    {
      "command": "cargo build --jobs 16 --release --example breakout",
      "mean": 74.89986531066002,
      "stddev": 0.26081534430655845,
      "median": 74.84548806356,
      "user": 1098.00740108,
      "system": 28.490050079999996,
      "min": 74.53976688656,
      "max": 75.30247290056,
      "times": [
        74.73472949956,
        75.20480204256,
        75.30247290056,
        74.69147449256,
        75.17391340656,
        74.53976688656,
        74.85732893056,
        74.83364719656001,
        75.01162647956001,
        74.64889127156
      ],
      "exit_codes": [
        0,
        0,
        0,
        0,
        0,
        0,
        0,
        0,
        0,
        0
      ]
    }
  ]
}
