{
  "results": [
    {
      "command": "cargo build --jobs 8 --release --example breakout",
      "mean": 116.84923162619998,
      "stddev": 0.37913166762562756,
      "median": 116.910521377,
      "user": 898.2636916599998,
      "system": 23.98250984,
      "min": 116.170885152,
      "max": 117.267738199,
      "times": [
        116.170885152,
        116.758224481,
        117.06281827299999,
        117.07117941899999,
        116.71759212799999,
        117.22546753099999,
        116.444075133,
        117.267738199,
        117.22576123399999,
        116.54857471199999
      ],
      "exit_codes": [
        0,
        0,
        0,
        0,
        0,
        0,
        0,
        0,
        0,
        0
      ]
    }
  ]
}
