{
  "results": [
    {
      "command": "cargo build --jobs 16 --release --example breakout",
      "mean": 94.4514102871,
      "stddev": 1.056081705008002,
      "median": 95.0013824138,
      "user": 1326.4868690399999,
      "system": 30.961058020000003,
      "min": 93.00889442280001,
      "max": 95.7278912678,
      "times": [
        94.9795783758,
        93.2372708268,
        93.5086429378,
        95.0231864518,
        95.57672611080001,
        95.7278912678,
        93.3041702638,
        95.0991363138,
        93.00889442280001,
        95.04860589980001
      ],
      "exit_codes": [
        0,
        0,
        0,
        0,
        0,
        0,
        0,
        0,
        0,
        0
      ]
    }
  ]
}
