{
  "results": [
    {
      "command": "cargo build --jobs 8 --release --example breakout",
      "mean": 120.46039348588002,
      "stddev": 0.17561609660405375,
      "median": 120.46601975668,
      "user": 909.54387078,
      "system": 24.24542832,
      "min": 120.10733587418001,
      "max": 120.71451085418,
      "times": [
        120.33899679018,
        120.49252959618,
        120.35813639518001,
        120.52668204818,
        120.71451085418,
        120.62886465618,
        120.38472781118,
        120.43950991718,
        120.10733587418001,
        120.61264091618
      ],
      "exit_codes": [
        0,
        0,
        0,
        0,
        0,
        0,
        0,
        0,
        0,
        0
      ]
    }
  ]
}
