{
  "results": [
    {
      "command": "cargo build --jobs 16 --release --example breakout",
      "mean": 90.50028641148,
      "stddev": 1.180622041987858,
      "median": 90.23192383688001,
      "user": 1283.40586244,
      "system": 31.164383559999997,
      "min": 89.37156297988,
      "max": 92.94797500088,
      "times": [
        91.88314274488,
        89.51548063488,
        90.63115025588,
        89.59866283988,
        92.94797500088,
        89.51270751988001,
        89.99323302288,
        89.37156297988,
        90.47061465088001,
        91.07833446488
      ],
      "exit_codes": [
        0,
        0,
        0,
        0,
        0,
        0,
        0,
        0,
        0,
        0
      ]
    }
  ]
}
