{
  "results": [
    {
      "command": "cargo build --jobs 8 --release --example breakout",
      "mean": 134.18887536696,
      "stddev": 3.4061214920203198,
      "median": 133.10881369775998,
      "user": 1022.6384976600002,
      "system": 24.85005232,
      "min": 132.96728285076,
      "max": 143.87794550676,
      "times": [
        133.30395101776,
        133.15979991275998,
        133.23460429276,
        133.04544671675998,
        133.00879895376,
        133.05782748276,
        133.03643996076,
        133.19665697476,
        132.96728285076,
        143.87794550676
      ],
      "exit_codes": [
        0,
        0,
        0,
        0,
        0,
        0,
        0,
        0,
        0,
        0
      ]
    }
  ]
}
