{
  "results": [
    {
      "command": "cargo build --jobs 8 --release --example breakout",
      "mean": 124.71915707419998,
      "stddev": 0.28554038835653955,
      "median": 124.6877234202,
      "user": 951.1273846199999,
      "system": 25.123379739999997,
      "min": 124.22177928769999,
      "max": 125.21549543569999,
      "times": [
        124.7066513197,
        124.6687955207,
        124.6042450097,
        124.22177928769999,
        124.9818340447,
        124.56525118569999,
        124.9078481827,
        124.8705926447,
        124.4490781107,
        125.21549543569999
      ],
      "exit_codes": [
        0,
        0,
        0,
        0,
        0,
        0,
        0,
        0,
        0,
        0
      ]
    }
  ]
}
