{
  "results": [
    {
      "command": "cargo build --jobs 16 --release --example breakout",
      "mean": 87.50446202064002,
      "stddev": 0.8001785439557039,
      "median": 87.71580995414001,
      "user": 1222.290862,
      "system": 32.10518844,
      "min": 85.36048350114001,
      "max": 88.10129760714001,
      "times": [
        88.01062163314,
        87.73136082414001,
        87.17229378014001,
        87.62413592514001,
        87.70025908414,
        88.01097190714,
        87.54430402714,
        87.78889191714,
        88.10129760714001,
        85.36048350114001
      ],
      "exit_codes": [
        0,
        0,
        0,
        0,
        0,
        0,
        0,
        0,
        0,
        0
      ]
    }
  ]
}
