{
  "results": [
    {
      "command": "cargo build --jobs 8 --release --example breakout",
      "mean": 121.68038460945999,
      "stddev": 0.15016249783754193,
      "median": 121.74329859096,
      "user": 919.96246152,
      "system": 24.95320108,
      "min": 121.44861863196,
      "max": 121.83443302196,
      "times": [
        121.83443302196,
        121.79344466996,
        121.79245546996,
        121.46617980196,
        121.77572346196,
        121.44861863196,
        121.71087371995999,
        121.67973999796,
        121.79703470896,
        121.50534260996
      ],
      "exit_codes": [
        0,
        0,
        0,
        0,
        0,
        0,
        0,
        0,
        0,
        0
      ]
    }
  ]
}
