{
  "results": [
    {
      "command": "cargo build --jobs 8 --release --example breakout",
      "mean": 113.13051018354,
      "stddev": 0.2671090083201177,
      "median": 113.04232432804,
      "user": 855.2101254599999,
      "system": 22.782053379999997,
      "min": 112.85071491853999,
      "max": 113.66374577454,
      "times": [
        113.07094479554,
        112.99137753254,
        113.01370386054,
        113.09518548854,
        112.97969887654,
        113.66374577454,
        113.56475815754,
        112.85071491853999,
        112.95661698954,
        113.11835544154
      ],
      "exit_codes": [
        0,
        0,
        0,
        0,
        0,
        0,
        0,
        0,
        0,
        0
      ]
    }
  ]
}
