{
  "results": [
    {
      "command": "cargo build --jobs 16 --release --example breakout",
      "mean": 72.74103236942,
      "stddev": 0.28655453461947655,
      "median": 72.70079839412,
      "user": 1075.8440236000001,
      "system": 28.03989368,
      "min": 72.41027627612,
      "max": 73.23850298212,
      "times": [
        72.72871642512,
        72.84343684412,
        72.68610684012,
        72.57313158412,
        72.71548994812,
        73.23850298212,
        73.21321070512,
        72.52522100512,
        72.47623108412,
        72.41027627612
      ],
      "exit_codes": [
        0,
        0,
        0,
        0,
        0,
        0,
        0,
        0,
        0,
        0
      ]
    }
  ]
}
