{
  "results": [
    {
      "command": "cargo build --jobs 8 --release --example breakout",
      "mean": 120.32560210060001,
      "stddev": 0.2011314439553059,
      "median": 120.38491861360001,
      "user": 905.94412858,
      "system": 23.985724080000004,
      "min": 119.91336214260001,
      "max": 120.6582301886,
      "times": [
        120.2450222146,
        120.2298025596,
        120.4273947376,
        119.91336214260001,
        120.6582301886,
        120.4055922086,
        120.3642450186,
        120.1580034966,
        120.4065657516,
        120.4478026876
      ],
      "exit_codes": [
        0,
        0,
        0,
        0,
        0,
        0,
        0,
        0,
        0,
        0
      ]
    }
  ]
}
