{
  "results": [
    {
      "command": "cargo build --jobs 8 --release --example breakout",
      "mean": 132.09546605192,
      "stddev": 0.13404772204157367,
      "median": 132.06879385701998,
      "user": 1016.1946920800001,
      "system": 24.93250876,
      "min": 131.88323283152,
      "max": 132.28637323151997,
      "times": [
        131.96414788451997,
        132.11268528451998,
        132.08183691652,
        132.03151321151998,
        131.88323283152,
        132.25769751552,
        132.02576944551998,
        132.28637323151997,
        132.25565340051998,
        132.05575079751998
      ],
      "exit_codes": [
        0,
        0,
        0,
        0,
        0,
        0,
        0,
        0,
        0,
        0
      ]
    }
  ]
}
