{
  "results": [
    {
      "command": "cargo build --jobs 16 --release --example breakout",
      "mean": 89.1852654367,
      "stddev": 0.8968602924385276,
      "median": 88.8808457858,
      "user": 1270.87275992,
      "system": 31.046248299999995,
      "min": 88.50064996180001,
      "max": 91.56381931380001,
      "times": [
        89.4459840968,
        88.52765995680001,
        88.50064996180001,
        89.2672836888,
        88.82638569480001,
        88.6589287598,
        89.30025132280001,
        91.56381931380001,
        88.8537071258,
        88.90798444580001
      ],
      "exit_codes": [
        0,
        0,
        0,
        0,
        0,
        0,
        0,
        0,
        0,
        0
      ]
    }
  ]
}
