{
  "results": [
    {
      "command": "cargo build --jobs 16 --release --example breakout",
      "mean": 95.94404077355999,
      "stddev": 1.8324026573870749,
      "median": 95.41105681536001,
      "user": 1329.63804664,
      "system": 31.933133419999997,
      "min": 94.62301086986001,
      "max": 100.89980371886,
      "times": [
        95.43380824486,
        94.73575164186,
        95.52136245486001,
        96.28212904386001,
        94.90308094286,
        94.62301086986001,
        96.31713570686,
        95.38830538586001,
        100.89980371886,
        95.33601972586
      ],
      "exit_codes": [
        0,
        0,
        0,
        0,
        0,
        0,
        0,
        0,
        0,
        0
      ]
    }
  ]
}
