{
  "results": [
    {
      "command": "cargo build --jobs 16 --release --example breakout",
      "mean": 94.96730652724001,
      "stddev": 3.5248428498923876,
      "median": 94.42354762004001,
      "user": 1297.6499165799999,
      "system": 31.970503599999994,
      "min": 91.24130638654,
      "max": 104.12791866954001,
      "times": [
        94.40813465254,
        93.83672847254,
        94.90442122554,
        95.25825264954,
        104.12791866954001,
        91.69570246954001,
        94.06113242754,
        95.70050773154,
        91.24130638654,
        94.43896058754001
      ],
      "exit_codes": [
        0,
        0,
        0,
        0,
        0,
        0,
        0,
        0,
        0,
        0
      ]
    }
  ]
}
