{
  "results": [
    {
      "command": "cargo build --jobs 8 --release --example breakout",
      "mean": 135.71091612211998,
      "stddev": 0.373943867440646,
      "median": 135.57407840631998,
      "user": 1038.6609964,
      "system": 25.7340605,
      "min": 135.35347244631998,
      "max": 136.62747934932,
      "times": [
        135.77038295731998,
        135.58306171332,
        135.55938288932,
        136.62747934932,
        135.35347244631998,
        135.56509509932,
        135.88000230932,
        135.90786714531998,
        135.39453107532,
        135.46788623632
      ],
      "exit_codes": [
        0,
        0,
        0,
        0,
        0,
        0,
        0,
        0,
        0,
        0
      ]
    }
  ]
}
