{
  "results": [
    {
      "command": "cargo build --jobs 16 --release --example breakout",
      "mean": 77.87982488648,
      "stddev": 0.16994358367931578,
      "median": 77.86209140568,
      "user": 1155.0634105799998,
      "system": 29.951513939999995,
      "min": 77.59643742218,
      "max": 78.18231455918,
      "times": [
        78.18231455918,
        77.88077221218,
        77.86299676018001,
        77.84318421018,
        77.79124963218,
        77.59643742218,
        77.92457764518001,
        77.86118605118,
        78.11710612118,
        77.73842425118
      ],
      "exit_codes": [
        0,
        0,
        0,
        0,
        0,
        0,
        0,
        0,
        0,
        0
      ]
    }
  ]
}
