{
  "results": [
    {
      "command": "cargo build --jobs 8 --release --example breakout",
      "mean": 121.14117847484002,
      "stddev": 0.12864156411788266,
      "median": 121.12897101313999,
      "user": 913.3846974199998,
      "system": 24.27724,
      "min": 120.92669996764,
      "max": 121.35584135463999,
      "times": [
        121.15946330764,
        121.04055489464,
        121.17575213164,
        120.92669996764,
        121.07913462564,
        121.22688104964,
        121.09847871864,
        121.05208624464,
        121.29689245364,
        121.35584135463999
      ],
      "exit_codes": [
        0,
        0,
        0,
        0,
        0,
        0,
        0,
        0,
        0,
        0
      ]
    }
  ]
}
