{
  "results": [
    {
      "command": "cargo build --jobs 16 --release --example breakout",
      "mean": 75.59608263746,
      "stddev": 0.15273687812875233,
      "median": 75.56658977416,
      "user": 1141.29763662,
      "system": 30.736449519999997,
      "min": 75.35108303515999,
      "max": 75.82057601615999,
      "times": [
        75.59836889015999,
        75.48038249515999,
        75.35108303515999,
        75.51199088716,
        75.73874463515999,
        75.46885586815999,
        75.82057601615999,
        75.68345173515999,
        75.77256215416,
        75.53481065816
      ],
      "exit_codes": [
        0,
        0,
        0,
        0,
        0,
        0,
        0,
        0,
        0,
        0
      ]
    }
  ]
}
