{
  "results": [
    {
      "command": "cargo build --jobs 8 --release --example breakout",
      "mean": 117.43139953497999,
      "stddev": 0.18410693723456112,
      "median": 117.39635270508,
      "user": 905.06044188,
      "system": 25.06191372,
      "min": 117.09515897808,
      "max": 117.71075891008,
      "times": [
        117.09515897808,
        117.59779451508,
        117.26952094508,
        117.48360547208,
        117.39025748108,
        117.38325846908,
        117.64140171808,
        117.33979093207999,
        117.40244792908,
        117.71075891008
      ],
      "exit_codes": [
        0,
        0,
        0,
        0,
        0,
        0,
        0,
        0,
        0,
        0
      ]
    }
  ]
}
