{
  "results": [
    {
      "command": "cargo build --jobs 8 --release --example breakout",
      "mean": 134.09148349820003,
      "stddev": 0.30246874034397525,
      "median": 134.0601230453,
      "user": 1026.7532798199998,
      "system": 25.206852919999996,
      "min": 133.7529687653,
      "max": 134.7758383273,
      "times": [
        133.8280321483,
        134.3656304593,
        133.8357883883,
        134.1263077723,
        134.1587507133,
        133.7529687653,
        134.0997802933,
        133.9512723173,
        134.0204657973,
        134.7758383273
      ],
      "exit_codes": [
        0,
        0,
        0,
        0,
        0,
        0,
        0,
        0,
        0,
        0
      ]
    }
  ]
}
