{
  "results": [
    {
      "command": "cargo build --jobs 8 --release --example breakout",
      "mean": 142.44880623570003,
      "stddev": 0.40270203007555516,
      "median": 142.5579232707,
      "user": 1083.42987158,
      "system": 26.9461524,
      "min": 141.8620467757,
      "max": 142.9248396577,
      "times": [
        142.17280666370002,
        142.3769127967,
        142.79745081270002,
        141.9939550357,
        141.8620467757,
        142.0442044947,
        142.77754663070002,
        142.9248396577,
        142.7389337447,
        142.7993657447
      ],
      "exit_codes": [
        0,
        0,
        0,
        0,
        0,
        0,
        0,
        0,
        0,
        0
      ]
    }
  ]
}
