{
  "results": [
    {
      "command": "cargo build --jobs 16 --release --example breakout",
      "mean": 98.34899026623998,
      "stddev": 0.5671128430938159,
      "median": 98.13099538734,
      "user": 1357.43664132,
      "system": 33.79134248,
      "min": 97.59599461834,
      "max": 99.34464300233999,
      "times": [
        98.18933897634,
        98.91698596933999,
        99.34464300233999,
        97.96958889234,
        97.59599461834,
        97.99741909533999,
        98.07265179833999,
        97.83960839234,
        98.71102988134,
        98.85264203634
      ],
      "exit_codes": [
        0,
        0,
        0,
        0,
        0,
        0,
        0,
        0,
        0,
        0
      ]
    }
  ]
}
