{
  "results": [
    {
      "command": "cargo build --jobs 8 --release --example breakout",
      "mean": 120.35657953816,
      "stddev": 0.1460660157443146,
      "median": 120.30083154836001,
      "user": 910.3550516399998,
      "system": 24.24103392,
      "min": 120.22412316786,
      "max": 120.65425870186,
      "times": [
        120.27081926986,
        120.56305569886,
        120.24561536886,
        120.29395897386,
        120.65425870186,
        120.25305656686,
        120.43013096886,
        120.30770412286,
        120.22412316786,
        120.32307254186
      ],
      "exit_codes": [
        0,
        0,
        0,
        0,
        0,
        0,
        0,
        0,
        0,
        0
      ]
    }
  ]
}
