{
  "results": [
    {
      "command": "cargo build --jobs 16 --release --example breakout",
      "mean": 71.33713773312,
      "stddev": 0.780161532069113,
      "median": 71.36368013072001,
      "user": 1014.7553060599997,
      "system": 27.648105119999997,
      "min": 70.00151578972,
      "max": 72.36711163272001,
      "times": [
        72.36711163272001,
        71.20443500972,
        70.26033937372,
        70.99331858772001,
        71.21197943072,
        71.70173085272,
        71.81406450972001,
        70.00151578972,
        71.51538083072,
        72.30150131372001
      ],
      "exit_codes": [
        0,
        0,
        0,
        0,
        0,
        0,
        0,
        0,
        0,
        0
      ]
    }
  ]
}
