{
  "results": [
    {
      "command": "cargo build --jobs 8 --release --example breakout",
      "mean": 117.10937728146,
      "stddev": 0.16748802847382446,
      "median": 117.06223209205999,
      "user": 903.9159394999999,
      "system": 23.983395960000003,
      "min": 116.89027931906,
      "max": 117.46194819905999,
      "times": [
        116.89027931906,
        117.24098460505999,
        117.02410252505999,
        117.46194819905999,
        117.07358758906,
        116.93694341406,
        117.22926594005999,
        117.14863389006,
        117.05087659505999,
        117.03715073805999
      ],
      "exit_codes": [
        0,
        0,
        0,
        0,
        0,
        0,
        0,
        0,
        0,
        0
      ]
    }
  ]
}
