{
  "results": [
    {
      "command": "cargo build --jobs 8 --release --example breakout",
      "mean": 109.1648724611,
      "stddev": 0.16101910042581463,
      "median": 109.1033433228,
      "user": 823.35985208,
      "system": 21.848530520000004,
      "min": 109.0011715708,
      "max": 109.5657131168,
      "times": [
        109.2536135128,
        109.0749338458,
        109.5657131168,
        109.0821977018,
        109.0780673638,
        109.1382396068,
        109.0904793298,
        109.0011715708,
        109.2481012468,
        109.1162073158
      ],
      "exit_codes": [
        0,
        0,
        0,
        0,
        0,
        0,
        0,
        0,
        0,
        0
      ]
    }
  ]
}
