{
  "results": [
    {
      "command": "cargo build --jobs 16 --release --example breakout",
      "mean": 72.93393874824001,
      "stddev": 0.37436378095581935,
      "median": 72.97583808744,
      "user": 1032.1936041000001,
      "system": 27.59804558,
      "min": 72.31050667844,
      "max": 73.37476547644,
      "times": [
        73.33937951444,
        73.18466032644001,
        73.37476547644,
        73.16192483544,
        72.78975133944,
        72.31050667844,
        72.63993462644001,
        72.57224915144,
        72.70361335544,
        73.26260217844
      ],
      "exit_codes": [
        0,
        0,
        0,
        0,
        0,
        0,
        0,
        0,
        0,
        0
      ]
    }
  ]
}
