{
  "results": [
    {
      "command": "cargo build --jobs 8 --release --example breakout",
      "mean": 128.1036488386,
      "stddev": 0.49291527938485796,
      "median": 128.2840701478,
      "user": 977.1529536,
      "system": 27.7744255,
      "min": 127.3291492513,
      "max": 128.6416786543,
      "times": [
        128.1405406503,
        128.5243025273,
        127.5614589173,
        128.4873193343,
        127.3291492513,
        128.3968548443,
        128.3655685763,
        127.3870439113,
        128.2025717193,
        128.6416786543
      ],
      "exit_codes": [
        0,
        0,
        0,
        0,
        0,
        0,
        0,
        0,
        0,
        0
      ]
    }
  ]
}
