{
  "results": [
    {
      "command": "cargo build --jobs 16 --release --example breakout",
      "mean": 80.92825423321999,
      "stddev": 0.7529312226776355,
      "median": 80.80244566441999,
      "user": 1213.6857871799998,
      "system": 31.14103786,
      "min": 79.98467922492,
      "max": 82.61119612191999,
      "times": [
        79.98467922492,
        80.36029230592,
        81.56897107792,
        80.74888180992,
        80.85600951891999,
        80.55777724891999,
        82.61119612191999,
        80.31433434492,
        81.09002107191999,
        81.19037960691999
      ],
      "exit_codes": [
        0,
        0,
        0,
        0,
        0,
        0,
        0,
        0,
        0,
        0
      ]
    }
  ]
}
