{
  "results": [
    {
      "command": "cargo build --jobs 8 --release --example breakout",
      "mean": 125.36552321960001,
      "stddev": 0.15248572154282802,
      "median": 125.3589233119,
      "user": 960.5321335000001,
      "system": 25.22891266,
      "min": 125.1714135999,
      "max": 125.5760129979,
      "times": [
        125.4107044239,
        125.4562387969,
        125.1714135999,
        125.2924819659,
        125.5452187069,
        125.2193487289,
        125.3071421999,
        125.5013273119,
        125.1753434639,
        125.5760129979
      ],
      "exit_codes": [
        0,
        0,
        0,
        0,
        0,
        0,
        0,
        0,
        0,
        0
      ]
    }
  ]
}
