{
  "results": [
    {
      "command": "cargo build --jobs 16 --release --example breakout",
      "mean": 82.6744780032,
      "stddev": 0.9690113280760632,
      "median": 82.22470295759999,
      "user": 1200.00657658,
      "system": 31.70796796,
      "min": 81.80463122159999,
      "max": 84.40937902959999,
      "times": [
        82.03069575159999,
        82.1767638396,
        82.15934672559999,
        84.3434503856,
        81.80463122159999,
        81.81786329859999,
        82.8233715026,
        82.9066362016,
        84.40937902959999,
        82.27264207559999
      ],
      "exit_codes": [
        0,
        0,
        0,
        0,
        0,
        0,
        0,
        0,
        0,
        0
      ]
    }
  ]
}
