{
  "results": [
    {
      "command": "cargo build --jobs 8 --release --example breakout",
      "mean": 124.74271040410001,
      "stddev": 0.2699243044858006,
      "median": 124.64106104500001,
      "user": 955.8345867,
      "system": 25.5802737,
      "min": 124.3964681285,
      "max": 125.27370015150001,
      "times": [
        125.0444037145,
        124.93065930350001,
        124.48237361950001,
        124.63228517350001,
        125.27370015150001,
        124.6495388345,
        124.5882774025,
        124.63258325550001,
        124.7968144575,
        124.3964681285
      ],
      "exit_codes": [
        0,
        0,
        0,
        0,
        0,
        0,
        0,
        0,
        0,
        0
      ]
    }
  ]
}
