{
  "results": [
    {
      "command": "cargo build --jobs 16 --release --example breakout",
      "mean": 75.27126572718001,
      "stddev": 0.396921621494789,
      "median": 75.38472428547999,
      "user": 1134.5695488199997,
      "system": 29.207069199999996,
      "min": 74.59610450747999,
      "max": 75.78695195947999,
      "times": [
        74.59610450747999,
        75.78695195947999,
        75.56633637848,
        74.84238353348,
        75.37333434848,
        75.22544389548,
        75.39611422248,
        75.40330088147999,
        74.82579560548,
        75.69689193948
      ],
      "exit_codes": [
        0,
        0,
        0,
        0,
        0,
        0,
        0,
        0,
        0,
        0
      ]
    }
  ]
}
