{
  "results": [
    {
      "command": "cargo build --jobs 16 --release --example breakout",
      "mean": 72.38736708505999,
      "stddev": 0.43567502300030464,
      "median": 72.20018685856,
      "user": 1065.4976113599998,
      "system": 27.99281764,
      "min": 72.04048256905999,
      "max": 73.47911065006,
      "times": [
        72.63157302206,
        72.06661571106,
        72.23214131406,
        72.47210424106,
        72.52404711605999,
        72.04048256905999,
        72.09237570506,
        73.47911065006,
        72.16823240306,
        72.16698811906
      ],
      "exit_codes": [
        0,
        0,
        0,
        0,
        0,
        0,
        0,
        0,
        0,
        0
      ]
    }
  ]
}
