{
  "results": [
    {
      "command": "cargo build --jobs 8 --release --example breakout",
      "mean": 112.10582858821999,
      "stddev": 0.16827887150458828,
      "median": 112.09195387852,
      "user": 846.63965428,
      "system": 22.666247320000004,
      "min": 111.86850983052001,
      "max": 112.34317594852,
      "times": [
        112.12681437852001,
        111.86850983052001,
        112.01347058552001,
        112.26798904052,
        111.98827166052,
        112.28112710552,
        112.22179791152,
        111.89003604252001,
        112.34317594852,
        112.05709337852001
      ],
      "exit_codes": [
        0,
        0,
        0,
        0,
        0,
        0,
        0,
        0,
        0,
        0
      ]
    }
  ]
}
