{
  "results": [
    {
      "command": "cargo build --jobs 8 --release --example breakout",
      "mean": 122.22811340143998,
      "stddev": 0.33235248988044525,
      "median": 122.15302389824,
      "user": 931.4216739799998,
      "system": 24.361566559999996,
      "min": 121.73167483223999,
      "max": 122.83159932523999,
      "times": [
        121.73167483223999,
        122.11175294723999,
        121.95777821524,
        122.28778818624,
        121.96947598624,
        122.09724781924,
        122.57443953824,
        122.19429484924,
        122.52508231524,
        122.83159932523999
      ],
      "exit_codes": [
        0,
        0,
        0,
        0,
        0,
        0,
        0,
        0,
        0,
        0
      ]
    }
  ]
}
