{
  "results": [
    {
      "command": "cargo build --jobs 16 --release --example breakout",
      "mean": 79.55475078213999,
      "stddev": 0.25743136673228945,
      "median": 79.59274482583999,
      "user": 1183.2974915999998,
      "system": 30.032593999999996,
      "min": 78.94694430284,
      "max": 79.85339109783999,
      "times": [
        79.58552383984,
        79.49534255884,
        79.59996581184,
        79.64935466384,
        78.94694430284,
        79.51910147484,
        79.85339109783999,
        79.82308508784,
        79.38171310183999,
        79.69308588183999
      ],
      "exit_codes": [
        0,
        0,
        0,
        0,
        0,
        0,
        0,
        0,
        0,
        0
      ]
    }
  ]
}
