{
  "results": [
    {
      "command": "cargo build --jobs 16 --release --example breakout",
      "mean": 75.23620843764,
      "stddev": 0.34572440063901994,
      "median": 75.35541233684,
      "user": 1141.0374567,
      "system": 29.3140688,
      "min": 74.71120466384001,
      "max": 75.62799341084,
      "times": [
        74.71120466384001,
        75.50189463984,
        74.78970299684,
        74.83018501984,
        75.13880366884,
        75.58067846884,
        75.36527119984,
        75.47079683384,
        75.62799341084,
        75.34555347384
      ],
      "exit_codes": [
        0,
        0,
        0,
        0,
        0,
        0,
        0,
        0,
        0,
        0
      ]
    }
  ]
}
