{
  "results": [
    {
      "command": "cargo build --jobs 8 --release --example breakout",
      "mean": 117.21608685400001,
      "stddev": 0.24925593959065687,
      "median": 117.21306461559999,
      "user": 902.1367918599999,
      "system": 23.78552876,
      "min": 116.9367229011,
      "max": 117.8062382471,
      "times": [
        117.1562929191,
        117.1842556071,
        117.2526109451,
        116.9367229011,
        117.2418736241,
        117.8062382471,
        117.0453253101,
        117.3546945291,
        116.93846533909999,
        117.2443891181
      ],
      "exit_codes": [
        0,
        0,
        0,
        0,
        0,
        0,
        0,
        0,
        0,
        0
      ]
    }
  ]
}
