{
  "results": [
    {
      "command": "cargo build --jobs 16 --release --example breakout",
      "mean": 75.88832119902,
      "stddev": 0.24163619227586755,
      "median": 75.92441140282,
      "user": 1137.76123294,
      "system": 29.25239898,
      "min": 75.56221749032,
      "max": 76.20409283432,
      "times": [
        75.77525317032,
        76.04159103532,
        76.20409283432,
        76.13393995532,
        76.10119498732,
        75.57637559532,
        75.56221749032,
        75.63972411632,
        76.01329804532,
        75.83552476032
      ],
      "exit_codes": [
        0,
        0,
        0,
        0,
        0,
        0,
        0,
        0,
        0,
        0
      ]
    }
  ]
}
