{
  "results": [
    {
      "command": "cargo build --jobs 16 --release --example breakout",
      "mean": 78.19841479056001,
      "stddev": 0.34864332725772157,
      "median": 78.27642206506,
      "user": 1178.2772396799999,
      "system": 30.021917459999997,
      "min": 77.48694960806,
      "max": 78.63345201706001,
      "times": [
        77.48694960806,
        77.80498641206,
        78.14396572106,
        78.29820889706001,
        78.47478004506,
        78.43571729706001,
        78.00953525806,
        78.44191741706,
        78.63345201706001,
        78.25463523306
      ],
      "exit_codes": [
        0,
        0,
        0,
        0,
        0,
        0,
        0,
        0,
        0,
        0
      ]
    }
  ]
}
