{
  "results": [
    {
      "command": "cargo build --jobs 8 --release --example breakout",
      "mean": 117.30001545706,
      "stddev": 0.2243649661906297,
      "median": 117.25627886685999,
      "user": 904.7621269199999,
      "system": 23.84338478,
      "min": 117.00658044485999,
      "max": 117.77826874786,
      "times": [
        117.21686150186,
        117.13379907486,
        117.16630405986,
        117.50211242686,
        117.14955517386,
        117.29569623185999,
        117.30162121586,
        117.44935569286,
        117.77826874786,
        117.00658044485999
      ],
      "exit_codes": [
        0,
        0,
        0,
        0,
        0,
        0,
        0,
        0,
        0,
        0
      ]
    }
  ]
}
