{
  "results": [
    {
      "command": "cargo build --jobs 8 --release --example breakout",
      "mean": 122.30462337687997,
      "stddev": 0.11065945589428747,
      "median": 122.33022220678,
      "user": 927.98751366,
      "system": 24.50556236,
      "min": 122.07319970728,
      "max": 122.43978198527999,
      "times": [
        122.25327135127999,
        122.37635775727999,
        122.43387698427999,
        122.32257568728,
        122.24981823227999,
        122.34387506127999,
        122.07319970728,
        122.21560827628,
        122.33786872627999,
        122.43978198527999
      ],
      "exit_codes": [
        0,
        0,
        0,
        0,
        0,
        0,
        0,
        0,
        0,
        0
      ]
    }
  ]
}
