{
  "results": [
    {
      "command": "cargo build --jobs 16 --release --example breakout",
      "mean": 79.15561509096,
      "stddev": 0.25991282066368837,
      "median": 79.05184081106,
      "user": 1169.88229508,
      "system": 29.879282940000003,
      "min": 78.90300151006,
      "max": 79.74270967506,
      "times": [
        79.07240260105999,
        79.39067053305999,
        79.13626071905999,
        79.74270967506,
        79.03127902106,
        78.94677756605999,
        79.02957826206,
        79.32774754405999,
        78.97572347805999,
        78.90300151006
      ],
      "exit_codes": [
        0,
        0,
        0,
        0,
        0,
        0,
        0,
        0,
        0,
        0
      ]
    }
  ]
}
