{
  "results": [
    {
      "command": "cargo build --jobs 8 --release --example breakout",
      "mean": 132.90487290716,
      "stddev": 0.06819883485121457,
      "median": 132.91237436616,
      "user": 1021.30140144,
      "system": 24.69357032,
      "min": 132.81327997466002,
      "max": 133.00064931166,
      "times": [
        132.82608752166,
        132.81327997466002,
        132.98081493566002,
        132.90381778466002,
        132.81637942066,
        133.00064931166,
        132.92093094766,
        132.89162719166,
        132.93323148066,
        132.96191050266
      ],
      "exit_codes": [
        0,
        0,
        0,
        0,
        0,
        0,
        0,
        0,
        0,
        0
      ]
    }
  ]
}
