{
  "results": [
    {
      "command": "cargo build --jobs 16 --release --example breakout",
      "mean": 89.68361846578,
      "stddev": 0.8731840770911865,
      "median": 89.27253986968,
      "user": 1278.2711617799998,
      "system": 30.804120740000002,
      "min": 88.87207842718,
      "max": 91.07804956018,
      "times": [
        89.07663951418,
        90.91947137718,
        91.07804956018,
        89.02557639818,
        88.87207842718,
        89.16368644018,
        89.33317605918,
        89.36934248618,
        90.78626071518,
        89.21190368018
      ],
      "exit_codes": [
        0,
        0,
        0,
        0,
        0,
        0,
        0,
        0,
        0,
        0
      ]
    }
  ]
}
