{
  "results": [
    {
      "command": "cargo build --jobs 16 --release --example breakout",
      "mean": 74.65190208674001,
      "stddev": 0.28547233838893843,
      "median": 74.70115684174,
      "user": 1099.77797194,
      "system": 28.37251864,
      "min": 74.10668370674,
      "max": 75.17685817374,
      "times": [
        74.50045766574,
        74.73398751374,
        75.17685817374,
        74.48520373074001,
        74.81776606074,
        74.78026269674001,
        74.45530693874001,
        74.10668370674,
        74.66832616974,
        74.79416821074001
      ],
      "exit_codes": [
        0,
        0,
        0,
        0,
        0,
        0,
        0,
        0,
        0,
        0
      ]
    }
  ]
}
