{
  "results": [
    {
      "command": "cargo build --jobs 16 --release --example breakout",
      "mean": 77.89620726339999,
      "stddev": 0.3619152538378577,
      "median": 78.0175494344,
      "user": 1142.7545085,
      "system": 29.9745245,
      "min": 77.13960199739999,
      "max": 78.2337650074,
      "times": [
        78.0029461124,
        77.13960199739999,
        78.1857969854,
        77.6841732464,
        78.0321527564,
        78.1673060994,
        77.84802676139999,
        78.1878709434,
        78.2337650074,
        77.4804327244
      ],
      "exit_codes": [
        0,
        0,
        0,
        0,
        0,
        0,
        0,
        0,
        0,
        0
      ]
    }
  ]
}
