{
  "results": [
    {
      "command": "cargo build --jobs 8 --release --example breakout",
      "mean": 119.83968666441999,
      "stddev": 0.1511227992962903,
      "median": 119.84206995712,
      "user": 907.77781644,
      "system": 24.619602099999998,
      "min": 119.62763188562,
      "max": 120.16736849462,
      "times": [
        119.62763188562,
        119.81903868862001,
        119.85870868462001,
        119.87166411562,
        119.82543122962001,
        119.70689828862001,
        119.87797884762,
        119.69578478462,
        120.16736849462,
        119.94636162462001
      ],
      "exit_codes": [
        0,
        0,
        0,
        0,
        0,
        0,
        0,
        0,
        0,
        0
      ]
    }
  ]
}
