{
  "results": [
    {
      "command": "cargo build --jobs 8 --release --example breakout",
      "mean": 132.63714612056,
      "stddev": 0.1969513268342925,
      "median": 132.65948040636,
      "user": 1021.9899037199999,
      "system": 24.630472759999996,
      "min": 132.37998991436,
      "max": 132.97143873236,
      "times": [
        132.97143873236,
        132.51395082936,
        132.45315551736002,
        132.42464557736,
        132.73626865836002,
        132.89005719936,
        132.65074821936,
        132.68299396436,
        132.37998991436,
        132.66821259336
      ],
      "exit_codes": [
        0,
        0,
        0,
        0,
        0,
        0,
        0,
        0,
        0,
        0
      ]
    }
  ]
}
