{
  "results": [
    {
      "command": "cargo build --jobs 16 --release --example breakout",
      "mean": 90.40370194741999,
      "stddev": 1.0478221982084945,
      "median": 89.95817664812,
      "user": 1278.11274812,
      "system": 30.759752639999995,
      "min": 89.36966558312,
      "max": 92.14565750412,
      "times": [
        89.78069832512,
        91.08228197211999,
        89.48640123012,
        89.52200777012,
        92.03780027111999,
        89.73169451812,
        92.14565750412,
        90.13565497111999,
        90.74515732911999,
        89.36966558312
      ],
      "exit_codes": [
        0,
        0,
        0,
        0,
        0,
        0,
        0,
        0,
        0,
        0
      ]
    }
  ]
}
