{
  "results": [
    {
      "command": "cargo build --jobs 8 --release --example breakout",
      "mean": 121.34766316906,
      "stddev": 0.26918807256057053,
      "median": 121.42110150766001,
      "user": 904.4402161199998,
      "system": 23.815860879999995,
      "min": 120.85172786666001,
      "max": 121.70612691066,
      "times": [
        121.53924104966,
        121.02718444766,
        121.56996529566001,
        120.85172786666001,
        121.11685027566001,
        121.32080833566,
        121.42887241266001,
        121.41333060266001,
        121.70612691066,
        121.50252449366
      ],
      "exit_codes": [
        0,
        0,
        0,
        0,
        0,
        0,
        0,
        0,
        0,
        0
      ]
    }
  ]
}
