{
  "results": [
    {
      "command": "cargo build --jobs 16 --release --example breakout",
      "mean": 78.20415693243999,
      "stddev": 0.3858222410877643,
      "median": 78.20277049513999,
      "user": 1139.42779282,
      "system": 29.460278359999997,
      "min": 77.81246565314,
      "max": 78.97173128314,
      "times": [
        77.81246565314,
        78.16829423813999,
        78.97173128314,
        77.81820312914,
        78.70050995113999,
        77.97175869114,
        78.24338736214,
        78.23724675214,
        78.28452100214,
        77.83345126214
      ],
      "exit_codes": [
        0,
        0,
        0,
        0,
        0,
        0,
        0,
        0,
        0,
        0
      ]
    }
  ]
}
