{
  "results": [
    {
      "command": "cargo build --jobs 16 --release --example breakout",
      "mean": 96.92156077374001,
      "stddev": 0.9108847206240167,
      "median": 96.53706796174001,
      "user": 1339.5015905799999,
      "system": 33.12275868,
      "min": 96.19999594724,
      "max": 98.61539349224,
      "times": [
        96.22765599224,
        96.61054372224,
        96.19999594724,
        98.45253899724,
        98.61539349224,
        97.34886114924,
        96.52408340524,
        96.40666340424,
        96.55005251824,
        96.27981910924
      ],
      "exit_codes": [
        0,
        0,
        0,
        0,
        0,
        0,
        0,
        0,
        0,
        0
      ]
    }
  ]
}
