{
  "results": [
    {
      "command": "cargo build --jobs 8 --release --example breakout",
      "mean": 139.77203590812002,
      "stddev": 0.3271708254972006,
      "median": 139.67185371642,
      "user": 1069.8697769599999,
      "system": 26.550737320000003,
      "min": 139.39145888992002,
      "max": 140.54920965492002,
      "times": [
        139.39145888992002,
        139.91698279392,
        139.96763049392,
        139.58005447592,
        139.63309266792,
        139.50253858192,
        139.70611056292,
        139.83568408992,
        140.54920965492002,
        139.63759686992
      ],
      "exit_codes": [
        0,
        0,
        0,
        0,
        0,
        0,
        0,
        0,
        0,
        0
      ]
    }
  ]
}
