{
  "results": [
    {
      "command": "cargo build --jobs 8 --release --example breakout",
      "mean": 117.3853548583,
      "stddev": 0.34691221579414344,
      "median": 117.2834122271,
      "user": 905.5728406999999,
      "system": 23.92770434,
      "min": 117.0124766196,
      "max": 118.06972634259999,
      "times": [
        117.0364743926,
        117.28909684259999,
        117.3414374226,
        117.5586197886,
        117.2777276116,
        117.0124766196,
        118.06972634259999,
        117.86733011359999,
        117.2152499536,
        117.1854094956
      ],
      "exit_codes": [
        0,
        0,
        0,
        0,
        0,
        0,
        0,
        0,
        0,
        0
      ]
    }
  ]
}
