{
  "results": [
    {
      "command": "cargo build --jobs 16 --release --example breakout",
      "mean": 76.95288274416,
      "stddev": 3.8662717257738786,
      "median": 75.81002294666,
      "user": 1143.91694522,
      "system": 29.506941539999996,
      "min": 75.22704381215999,
      "max": 87.90712932615999,
      "times": [
        75.33604437816,
        75.32541943716,
        76.29616573915999,
        75.97808751315999,
        75.82207490216,
        75.79797099116,
        87.90712932615999,
        76.20722799715999,
        75.22704381215999,
        75.63166334515999
      ],
      "exit_codes": [
        0,
        0,
        0,
        0,
        0,
        0,
        0,
        0,
        0,
        0
      ]
    }
  ]
}
