{
  "results": [
    {
      "command": "cargo build --jobs 16 --release --example breakout",
      "mean": 98.91659812416,
      "stddev": 4.104989720739994,
      "median": 97.71653848226,
      "user": 1343.3245966999996,
      "system": 33.13057492,
      "min": 96.91655288776,
      "max": 110.46118320276,
      "times": [
        98.61646944676,
        97.08268252276,
        96.91655288776,
        97.25323251176,
        98.28324397476,
        96.94742352376,
        97.24348668676,
        98.17984445276,
        98.18186203176,
        110.46118320276
      ],
      "exit_codes": [
        0,
        0,
        0,
        0,
        0,
        0,
        0,
        0,
        0,
        0
      ]
    }
  ]
}
