{
  "results": [
    {
      "command": "cargo build --jobs 16 --release --example breakout",
      "mean": 77.51475409220001,
      "stddev": 0.13521031808528183,
      "median": 77.50020125060001,
      "user": 1149.23846602,
      "system": 29.5970905,
      "min": 77.2665312796,
      "max": 77.6866814616,
      "times": [
        77.6342623806,
        77.6866814616,
        77.5795107876,
        77.4709916436,
        77.2665312796,
        77.3851690826,
        77.4830063496,
        77.6858936806,
        77.51739615160001,
        77.4380981046
      ],
      "exit_codes": [
        0,
        0,
        0,
        0,
        0,
        0,
        0,
        0,
        0,
        0
      ]
    }
  ]
}
