{
  "results": [
    {
      "command": "cargo build --jobs 8 --release --example breakout",
      "mean": 120.36912855175999,
      "stddev": 0.24443787497895944,
      "median": 120.29498795376,
      "user": 912.1686633600002,
      "system": 24.127245299999995,
      "min": 120.14637437876,
      "max": 120.98713385076,
      "times": [
        120.98713385076,
        120.42686047276,
        120.28860636876,
        120.21386701876,
        120.25087351776,
        120.18739286376,
        120.37606689776,
        120.30136953876,
        120.14637437876,
        120.51274060976
      ],
      "exit_codes": [
        0,
        0,
        0,
        0,
        0,
        0,
        0,
        0,
        0,
        0
      ]
    }
  ]
}
