{
  "results": [
    {
      "command": "cargo build --jobs 8 --release --example breakout",
      "mean": 132.23043096336,
      "stddev": 0.2945213982819494,
      "median": 132.16153482075998,
      "user": 1014.4152049600001,
      "system": 24.92945352,
      "min": 131.87942675776,
      "max": 132.84599337376,
      "times": [
        131.99928041176,
        132.06654843776002,
        132.84599337376,
        132.16436793576,
        132.01025743476,
        131.87942675776,
        132.36866169276,
        132.15870170576,
        132.23253368876001,
        132.57853819476
      ],
      "exit_codes": [
        0,
        0,
        0,
        0,
        0,
        0,
        0,
        0,
        0,
        0
      ]
    }
  ]
}
