{
  "results": [
    {
      "command": "cargo build --jobs 16 --release --example breakout",
      "mean": 89.50868255236,
      "stddev": 1.1149482251030205,
      "median": 89.54339374716,
      "user": 1270.64343644,
      "system": 31.026903700000002,
      "min": 88.07236548966,
      "max": 91.11773776066,
      "times": [
        89.26727536766,
        88.36671774966,
        90.54552542766,
        89.81951212666,
        90.39318858366,
        88.11151874866,
        90.47010018466,
        88.07236548966,
        91.11773776066,
        88.92288408466
      ],
      "exit_codes": [
        0,
        0,
        0,
        0,
        0,
        0,
        0,
        0,
        0,
        0
      ]
    }
  ]
}
