{
  "results": [
    {
      "command": "cargo build --jobs 16 --release --example breakout",
      "mean": 80.56143329676,
      "stddev": 0.3484894594683991,
      "median": 80.68214592825998,
      "user": 1162.52002484,
      "system": 30.262471099999992,
      "min": 79.97381793075999,
      "max": 80.90733000376,
      "times": [
        80.77757998375999,
        80.12079435976,
        80.75372044075999,
        79.97381793075999,
        80.90733000376,
        80.83114779876,
        80.15119226776,
        80.88555794876,
        80.61057141575999,
        80.60262081776
      ],
      "exit_codes": [
        0,
        0,
        0,
        0,
        0,
        0,
        0,
        0,
        0,
        0
      ]
    }
  ]
}
