{
  "results": [
    {
      "command": "cargo build --jobs 8 --release --example breakout",
      "mean": 122.4743692757,
      "stddev": 0.19202778587310448,
      "median": 122.47027129099999,
      "user": 924.27460464,
      "system": 24.79594424,
      "min": 122.1183116415,
      "max": 122.7685530265,
      "times": [
        122.37095615449999,
        122.6742734395,
        122.6226039145,
        122.3120653595,
        122.5659907025,
        122.1183116415,
        122.3703959365,
        122.4572257735,
        122.48331680849999,
        122.7685530265
      ],
      "exit_codes": [
        0,
        0,
        0,
        0,
        0,
        0,
        0,
        0,
        0,
        0
      ]
    }
  ]
}
