{
  "results": [
    {
      "command": "cargo build --jobs 8 --release --example breakout",
      "mean": 117.10465968808,
      "stddev": 0.14513018719098816,
      "median": 117.11767636078,
      "user": 903.59938172,
      "system": 23.819014299999996,
      "min": 116.76465174978,
      "max": 117.26936829878001,
      "times": [
        117.11267710778,
        117.10077149178001,
        117.19671096378,
        117.26936829878001,
        117.05876839178,
        116.99934897678,
        117.24413003678,
        117.17749424978,
        116.76465174978,
        117.12267561378
      ],
      "exit_codes": [
        0,
        0,
        0,
        0,
        0,
        0,
        0,
        0,
        0,
        0
      ]
    }
  ]
}
