{
  "results": [
    {
      "command": "cargo build --jobs 16 --release --example breakout",
      "mean": 70.82311093894,
      "stddev": 0.7729083257553524,
      "median": 70.79106483944,
      "user": 998.11202082,
      "system": 27.46340904,
      "min": 69.33448984393999,
      "max": 72.13602132094,
      "times": [
        72.13602132094,
        71.26206436094,
        69.33448984393999,
        70.74327089894,
        70.53498643994,
        70.83885877994,
        71.18819416993999,
        70.21921647693999,
        70.43802952294,
        71.53597757493999
      ],
      "exit_codes": [
        0,
        0,
        0,
        0,
        0,
        0,
        0,
        0,
        0,
        0
      ]
    }
  ]
}
