{
  "results": [
    {
      "command": "cargo build --jobs 8 --release --example breakout",
      "mean": 124.30560448466001,
      "stddev": 0.13680492563417684,
      "median": 124.28781960736,
      "user": 950.5097656599999,
      "system": 25.113918219999995,
      "min": 124.06337102636,
      "max": 124.56746973036,
      "times": [
        124.31095711236,
        124.06337102636,
        124.35308842636,
        124.38927784636,
        124.56746973036,
        124.25319282936,
        124.26468210236001,
        124.18289496036,
        124.40846583536,
        124.26264497736001
      ],
      "exit_codes": [
        0,
        0,
        0,
        0,
        0,
        0,
        0,
        0,
        0,
        0
      ]
    }
  ]
}
