{
  "results": [
    {
      "command": "cargo build --jobs 16 --release --example breakout",
      "mean": 80.37190778444,
      "stddev": 0.25406109322955867,
      "median": 80.44627738273999,
      "user": 1201.96227652,
      "system": 30.76129992,
      "min": 79.85890431274,
      "max": 80.67411769073999,
      "times": [
        80.49895273874,
        79.85890431274,
        80.48676589973999,
        80.49245179374,
        80.67411769073999,
        80.46308726474,
        80.42946750074,
        79.96534639174,
        80.42583413774,
        80.42415011374
      ],
      "exit_codes": [
        0,
        0,
        0,
        0,
        0,
        0,
        0,
        0,
        0,
        0
      ]
    }
  ]
}
