{
  "results": [
    {
      "command": "cargo build --jobs 8 --release --example breakout",
      "mean": 117.69029424675998,
      "stddev": 0.28787804701281716,
      "median": 117.70513017535998,
      "user": 903.5133826399999,
      "system": 23.93853686,
      "min": 117.21034621336,
      "max": 118.02899967036,
      "times": [
        118.02144631035999,
        117.46484380435999,
        118.02899967036,
        117.37912126335999,
        117.59205991735999,
        117.21034621336,
        117.86917040335999,
        117.81820043335999,
        117.95421390435999,
        117.56454054736
      ],
      "exit_codes": [
        0,
        0,
        0,
        0,
        0,
        0,
        0,
        0,
        0,
        0
      ]
    }
  ]
}
