{
  "results": [
    {
      "command": "cargo build --jobs 16 --release --example breakout",
      "mean": 75.48821366439999,
      "stddev": 0.18362894447012568,
      "median": 75.4569519451,
      "user": 1142.3987248599997,
      "system": 29.47689294,
      "min": 75.1213382251,
      "max": 75.8560654421,
      "times": [
        75.1213382251,
        75.61923032509999,
        75.4514125341,
        75.5760233071,
        75.4654068461,
        75.8560654421,
        75.4333249801,
        75.4597542521,
        75.45414963809999,
        75.4454310941
      ],
      "exit_codes": [
        0,
        0,
        0,
        0,
        0,
        0,
        0,
        0,
        0,
        0
      ]
    }
  ]
}
