{
  "results": [
    {
      "command": "cargo build --jobs 8 --release --example breakout",
      "mean": 106.22348886976002,
      "stddev": 0.3998631171024311,
      "median": 106.38489958866,
      "user": 800.1932721999999,
      "system": 21.68087498,
      "min": 105.53944690916,
      "max": 106.61141492516,
      "times": [
        106.48004588816,
        105.54110114616,
        106.61141492516,
        106.55916819516001,
        105.53944690916,
        106.06463174216,
        106.52675181716,
        106.14252889716,
        106.36766437516,
        106.40213480216
      ],
      "exit_codes": [
        0,
        0,
        0,
        0,
        0,
        0,
        0,
        0,
        0,
        0
      ]
    }
  ]
}
