{
  "results": [
    {
      "command": "cargo build --jobs 16 --release --example breakout",
      "mean": 81.58241307979999,
      "stddev": 0.6008162173338705,
      "median": 81.6662453085,
      "user": 1203.8452649800004,
      "system": 30.905042700000003,
      "min": 80.5711312095,
      "max": 82.5482313555,
      "times": [
        81.7133284955,
        82.0360872385,
        80.5711312095,
        81.4513367045,
        81.65622541949999,
        82.5482313555,
        82.1769074015,
        80.9771685655,
        81.01744921049999,
        81.6762651975
      ],
      "exit_codes": [
        0,
        0,
        0,
        0,
        0,
        0,
        0,
        0,
        0,
        0
      ]
    }
  ]
}
