{
  "results": [
    {
      "command": "cargo build --jobs 8 --release --example breakout",
      "mean": 121.95741590916,
      "stddev": 0.28732007517383756,
      "median": 121.95486900436,
      "user": 934.19213058,
      "system": 24.6958138,
      "min": 121.55448895885999,
      "max": 122.34027046285999,
      "times": [
        121.71974267985999,
        121.81348306986,
        121.68269892186,
        121.72308640486,
        122.09625493886,
        122.17804549486,
        122.34027046285999,
        122.29034704985999,
        122.17574110986,
        121.55448895885999
      ],
      "exit_codes": [
        0,
        0,
        0,
        0,
        0,
        0,
        0,
        0,
        0,
        0
      ]
    }
  ]
}
