{
  "results": [
    {
      "command": "cargo build --jobs 16 --release --example breakout",
      "mean": 78.39348203074,
      "stddev": 0.2799713471390548,
      "median": 78.28146653224,
      "user": 1181.3157199599996,
      "system": 30.371751340000003,
      "min": 78.12192469973999,
      "max": 78.97076664373999,
      "times": [
        78.20278477574,
        78.34208692474,
        78.81073265274,
        78.28107340174,
        78.19267538074,
        78.46127159974,
        78.12192469973999,
        78.28185966274,
        78.97076664373999,
        78.26964456574
      ],
      "exit_codes": [
        0,
        0,
        0,
        0,
        0,
        0,
        0,
        0,
        0,
        0
      ]
    }
  ]
}
