{
  "results": [
    {
      "command": "cargo build --jobs 16 --release --example breakout",
      "mean": 73.97355497116,
      "stddev": 0.4609583873218945,
      "median": 73.83871356476,
      "user": 1086.4803177600002,
      "system": 28.263685220000003,
      "min": 73.37484161576,
      "max": 74.68132511176,
      "times": [
        73.61341591276,
        73.74855189675999,
        73.51314538776,
        74.68132511176,
        74.08841109676,
        74.60644167576,
        74.43198988476,
        73.85248781876,
        73.82493931076,
        73.37484161576
      ],
      "exit_codes": [
        0,
        0,
        0,
        0,
        0,
        0,
        0,
        0,
        0,
        0
      ]
    }
  ]
}
