{
  "results": [
    {
      "command": "cargo build --jobs 8 --release --example breakout",
      "mean": 114.03359816010001,
      "stddev": 0.18343683886261677,
      "median": 114.0202994047,
      "user": 862.6510857999999,
      "system": 22.599023280000004,
      "min": 113.7900943412,
      "max": 114.4590409252,
      "times": [
        113.7900943412,
        114.1110042762,
        113.98021314020001,
        113.8186260352,
        114.0255751032,
        114.0150237062,
        114.4590409252,
        114.09229041420001,
        113.98100343920001,
        114.0631102202
      ],
      "exit_codes": [
        0,
        0,
        0,
        0,
        0,
        0,
        0,
        0,
        0,
        0
      ]
    }
  ]
}
