{
  "results": [
    {
      "command": "cargo build --jobs 16 --release --example breakout",
      "mean": 75.89795265128,
      "stddev": 0.7200091387886526,
      "median": 75.78129426538,
      "user": 1145.7405270200002,
      "system": 29.643740920000006,
      "min": 75.31609064288,
      "max": 77.84271183088,
      "times": [
        77.84271183088,
        75.31609064288,
        75.72721123788,
        75.54462833688,
        75.83537729288,
        75.93088691588,
        75.35271183588,
        75.60142399388,
        75.92705318988,
        75.90143123588
      ],
      "exit_codes": [
        0,
        0,
        0,
        0,
        0,
        0,
        0,
        0,
        0,
        0
      ]
    }
  ]
}
