{
  "results": [
    {
      "command": "cargo build --jobs 16 --release --example breakout",
      "mean": 78.11356159106,
      "stddev": 0.10813300886378402,
      "median": 78.09961122666,
      "user": 1144.3087523,
      "system": 30.172685059999992,
      "min": 77.92249623416001,
      "max": 78.28475917516,
      "times": [
        78.22123408516,
        78.10537257816,
        78.09384987516,
        78.28475917516,
        78.05704522816,
        78.14221191616001,
        78.08696073216001,
        78.21722405716001,
        77.92249623416001,
        78.00446202916001
      ],
      "exit_codes": [
        0,
        0,
        0,
        0,
        0,
        0,
        0,
        0,
        0,
        0
      ]
    }
  ]
}
