{
  "results": [
    {
      "command": "cargo build --jobs 8 --release --example breakout",
      "mean": 120.45702234015998,
      "stddev": 0.27600879279253876,
      "median": 120.50851635115998,
      "user": 909.0121971399998,
      "system": 24.760309380000002,
      "min": 120.10825910115999,
      "max": 120.79743396116,
      "times": [
        120.10825910115999,
        120.66940294416,
        120.72281379715999,
        120.14916725516,
        120.65697914315999,
        120.21473441116,
        120.19148450815999,
        120.36005355916,
        120.79743396116,
        120.69989472115999
      ],
      "exit_codes": [
        0,
        0,
        0,
        0,
        0,
        0,
        0,
        0,
        0,
        0
      ]
    }
  ]
}
