{
  "results": [
    {
      "command": "cargo build --jobs 8 --release --example breakout",
      "mean": 133.95924924778,
      "stddev": 0.18697695458614483,
      "median": 133.90853475578,
      "user": 1026.0041870399996,
      "system": 25.22296132,
      "min": 133.74455506628,
      "max": 134.36036537028,
      "times": [
        133.74455506628,
        133.85237876328,
        134.36036537028,
        133.99089610228,
        133.89021284728,
        133.92781806128,
        134.20470150728,
        133.91688338528,
        133.90018612628,
        133.80449524828
      ],
      "exit_codes": [
        0,
        0,
        0,
        0,
        0,
        0,
        0,
        0,
        0,
        0
      ]
    }
  ]
}
