{
  "results": [
    {
      "command": "cargo build --jobs 16 --release --example breakout",
      "mean": 77.27105191278001,
      "stddev": 0.2246728413789975,
      "median": 77.22143065588,
      "user": 1144.6522545399998,
      "system": 29.406869219999997,
      "min": 77.08707433037999,
      "max": 77.88454251537999,
      "times": [
        77.26039832037999,
        77.88454251537999,
        77.20834861638,
        77.19497076038,
        77.08707433037999,
        77.27112485238,
        77.23451269537999,
        77.27738804138,
        77.11746585438,
        77.17469314137999
      ],
      "exit_codes": [
        0,
        0,
        0,
        0,
        0,
        0,
        0,
        0,
        0,
        0
      ]
    }
  ]
}
