{
  "results": [
    {
      "command": "cargo build --jobs 8 --release --example breakout",
      "mean": 120.64269072357999,
      "stddev": 0.16022073474914617,
      "median": 120.62592027148,
      "user": 905.6002488199999,
      "system": 23.78235264,
      "min": 120.44888604698001,
      "max": 121.02006549298001,
      "times": [
        120.58510782898,
        120.71782756998,
        120.61412187798,
        121.02006549298001,
        120.63771866498,
        120.52113843598,
        120.44888604698001,
        120.68043090498,
        120.70461723998001,
        120.49699317298
      ],
      "exit_codes": [
        0,
        0,
        0,
        0,
        0,
        0,
        0,
        0,
        0,
        0
      ]
    }
  ]
}
