{
  "results": [
    {
      "command": "cargo build --jobs 16 --release --example breakout",
      "mean": 80.02627182820001,
      "stddev": 0.21825623575910483,
      "median": 80.0172964757,
      "user": 1154.06686712,
      "system": 30.270583679999998,
      "min": 79.7397652147,
      "max": 80.3255210307,
      "times": [
        80.1358976307,
        79.8296192697,
        79.87217873270001,
        79.8986953207,
        79.7397652147,
        80.2208073977,
        80.3255210307,
        79.79744803370001,
        80.2177446407,
        80.22504101070001
      ],
      "exit_codes": [
        0,
        0,
        0,
        0,
        0,
        0,
        0,
        0,
        0,
        0
      ]
    }
  ]
}
