{
  "results": [
    {
      "command": "cargo build --jobs 8 --release --example breakout",
      "mean": 121.44498845356001,
      "stddev": 0.18606134837142085,
      "median": 121.53031984586,
      "user": 917.3048775199999,
      "system": 24.71013432,
      "min": 121.17848851086,
      "max": 121.69361162686,
      "times": [
        121.50005332286001,
        121.22993835786001,
        121.56058636886,
        121.33775506286001,
        121.57939239886001,
        121.17848851086,
        121.69361162686,
        121.21712648886,
        121.57229041286,
        121.58064198486001
      ],
      "exit_codes": [
        0,
        0,
        0,
        0,
        0,
        0,
        0,
        0,
        0,
        0
      ]
    }
  ]
}
