{
  "results": [
    {
      "command": "cargo build --jobs 8 --release --example breakout",
      "mean": 117.01341652518002,
      "stddev": 0.19511745699145128,
      "median": 117.01416024098,
      "user": 898.43293058,
      "system": 24.060365419999997,
      "min": 116.67756934798,
      "max": 117.28575850998,
      "times": [
        116.88298141098001,
        116.82370557298,
        116.90496490298,
        117.12511736898,
        117.20602105998,
        117.19972659598001,
        116.67756934798,
        116.95661694298,
        117.07170353898,
        117.28575850998
      ],
      "exit_codes": [
        0,
        0,
        0,
        0,
        0,
        0,
        0,
        0,
        0,
        0
      ]
    }
  ]
}
