{
  "results": [
    {
      "command": "cargo build --jobs 16 --release --example breakout",
      "mean": 73.26291422253999,
      "stddev": 0.26077635650701164,
      "median": 73.17699559453999,
      "user": 1075.9061848199997,
      "system": 28.220504060000003,
      "min": 72.94568915753999,
      "max": 73.77324806553999,
      "times": [
        73.13280895753999,
        73.45705012654,
        73.20676691553999,
        72.94568915753999,
        73.55607380154,
        73.30099451753999,
        73.14722427353999,
        73.77324806553999,
        73.00141114153999,
        73.10787526854
      ],
      "exit_codes": [
        0,
        0,
        0,
        0,
        0,
        0,
        0,
        0,
        0,
        0
      ]
    }
  ]
}
