{
  "results": [
    {
      "command": "cargo build --jobs 8 --release --example breakout",
      "mean": 119.97727240104,
      "stddev": 0.19550794196805385,
      "median": 119.99054043204,
      "user": 907.9257941999998,
      "system": 24.444664379999995,
      "min": 119.65240134554,
      "max": 120.25995968654,
      "times": [
        119.98943238054001,
        119.99164848354,
        119.65240134554,
        119.97686496754001,
        120.25995968654,
        120.06463455154001,
        120.17980204554,
        119.94299926754,
        119.65788878554001,
        120.05709249654001
      ],
      "exit_codes": [
        0,
        0,
        0,
        0,
        0,
        0,
        0,
        0,
        0,
        0
      ]
    }
  ]
}
