{
  "results": [
    {
      "command": "cargo build --jobs 8 --release --example breakout",
      "mean": 134.16406459495997,
      "stddev": 0.178283167128722,
      "median": 134.12456547836,
      "user": 1026.8948145,
      "system": 25.291115599999994,
      "min": 133.89629893586002,
      "max": 134.44519336586,
      "times": [
        134.26457129186002,
        133.89629893586002,
        134.44519336586,
        134.01291278586,
        134.08420533086002,
        134.16492562586,
        134.26523071386,
        134.05264407686002,
        134.04656849686,
        134.40809532586002
      ],
      "exit_codes": [
        0,
        0,
        0,
        0,
        0,
        0,
        0,
        0,
        0,
        0
      ]
    }
  ]
}
