{
  "results": [
    {
      "command": "cargo build --jobs 16 --release --example breakout",
      "mean": 92.02640186597999,
      "stddev": 1.1100368555944462,
      "median": 91.55868227987999,
      "user": 1285.9175617399999,
      "system": 31.506213119999995,
      "min": 90.97699511338,
      "max": 94.46029605838,
      "times": [
        91.45145008537999,
        93.36554350937999,
        94.46029605838,
        91.66591447437999,
        92.52335677938,
        91.31024259237999,
        90.97699511338,
        91.87678616838,
        91.21380599237999,
        91.41962788638
      ],
      "exit_codes": [
        0,
        0,
        0,
        0,
        0,
        0,
        0,
        0,
        0,
        0
      ]
    }
  ]
}
