{
  "results": [
    {
      "command": "cargo build --jobs 8 --release --example breakout",
      "mean": 118.15183657157999,
      "stddev": 2.4804639529462373,
      "median": 117.33006957588,
      "user": 904.9411126000001,
      "system": 23.92265278,
      "min": 117.08992345888,
      "max": 125.18880789388,
      "times": [
        117.08992345888,
        125.18880789388,
        117.63263665688,
        117.74670937687999,
        117.31806598787999,
        117.46840337687999,
        117.34207316388,
        117.28877366388,
        117.22587680388,
        117.21709533287999
      ],
      "exit_codes": [
        0,
        0,
        0,
        0,
        0,
        0,
        0,
        0,
        0,
        0
      ]
    }
  ]
}
