{
  "results": [
    {
      "command": "cargo build --jobs 16 --release --example breakout",
      "mean": 76.09031897676,
      "stddev": 0.3262239955880049,
      "median": 76.16152630306,
      "user": 1143.49529196,
      "system": 29.456826740000004,
      "min": 75.54198857106,
      "max": 76.45991094606,
      "times": [
        76.33186750106,
        76.39647629306,
        75.54198857106,
        75.88122146506001,
        75.61125760006,
        76.18475814406,
        76.13829446206,
        76.36362549406,
        76.45991094606,
        75.99378929106
      ],
      "exit_codes": [
        0,
        0,
        0,
        0,
        0,
        0,
        0,
        0,
        0,
        0
      ]
    }
  ]
}
