{
  "results": [
    {
      "command": "cargo build --jobs 8 --release --example breakout",
      "mean": 116.77715301276001,
      "stddev": 0.13577619304334118,
      "median": 116.76792491076,
      "user": 897.7185781799999,
      "system": 23.99144196,
      "min": 116.62488123676,
      "max": 116.97298234176,
      "times": [
        116.62488123676,
        116.80521630676,
        116.86691818876001,
        116.64252001076001,
        116.86838024376,
        116.97298234176,
        116.96166870476,
        116.65674399076,
        116.73063351476,
        116.64158558876001
      ],
      "exit_codes": [
        0,
        0,
        0,
        0,
        0,
        0,
        0,
        0,
        0,
        0
      ]
    }
  ]
}
