{
  "results": [
    {
      "command": "cargo build --jobs 16 --release --example breakout",
      "mean": 74.84236780528002,
      "stddev": 0.39055118695998375,
      "median": 74.90046752408,
      "user": 1133.3960025600002,
      "system": 29.51388492,
      "min": 74.16943394758,
      "max": 75.37421338158,
      "times": [
        75.37421338158,
        75.22832377558001,
        74.77580779858,
        74.89544716958001,
        75.02668324058,
        74.45206741458,
        75.17669218458,
        74.41952126158,
        74.16943394758,
        74.90548787858
      ],
      "exit_codes": [
        0,
        0,
        0,
        0,
        0,
        0,
        0,
        0,
        0,
        0
      ]
    }
  ]
}
