{
  "results": [
    {
      "command": "cargo build --jobs 8 --release --example breakout",
      "mean": 124.18500970119999,
      "stddev": 0.20384173485600668,
      "median": 124.1503520944,
      "user": 951.4879804999998,
      "system": 25.180848559999998,
      "min": 123.8368102919,
      "max": 124.5044722669,
      "times": [
        124.1607068939,
        124.1316861239,
        124.5044722669,
        124.4041584109,
        124.1399972949,
        123.9561593659,
        123.8368102919,
        124.2644125569,
        124.0932479429,
        124.3584458639
      ],
      "exit_codes": [
        0,
        0,
        0,
        0,
        0,
        0,
        0,
        0,
        0,
        0
      ]
    }
  ]
}
