{
  "results": [
    {
      "command": "cargo build --jobs 16 --release --example breakout",
      "mean": 80.18062941101999,
      "stddev": 0.19180510747089452,
      "median": 80.20539730831999,
      "user": 1202.7856992399998,
      "system": 30.84379424,
      "min": 79.70397413782,
      "max": 80.41116747782,
      "times": [
        80.19308751282,
        80.28781712281999,
        79.70397413782,
        80.41116747782,
        80.23400996481999,
        80.21770710381999,
        80.16123158782,
        80.17505539381999,
        80.33883088082,
        80.08341292781999
      ],
      "exit_codes": [
        0,
        0,
        0,
        0,
        0,
        0,
        0,
        0,
        0,
        0
      ]
    }
  ]
}
