{
  "results": [
    {
      "command": "cargo build --jobs 8 --release --example breakout",
      "mean": 120.25656064152,
      "stddev": 0.15767898229607072,
      "median": 120.22083217322,
      "user": 911.1748241399998,
      "system": 24.23544604,
      "min": 119.95169955972,
      "max": 120.49234935872,
      "times": [
        120.16437360972,
        120.49234935872,
        120.18655329972,
        120.20947677372,
        120.23218757272001,
        119.95169955972,
        120.39545702972,
        120.18176071672,
        120.32268480972,
        120.42906368472
      ],
      "exit_codes": [
        0,
        0,
        0,
        0,
        0,
        0,
        0,
        0,
        0,
        0
      ]
    }
  ]
}
