{
  "results": [
    {
      "command": "cargo build --jobs 8 --release --example breakout",
      "mean": 106.13388304136,
      "stddev": 0.37305061331260103,
      "median": 106.14744152696,
      "user": 799.5610828599999,
      "system": 21.85661926,
      "min": 105.65985431746,
      "max": 106.60154664046,
      "times": [
        106.60154664046,
        106.35932951346,
        105.84497851946,
        106.39662647845999,
        106.49308753446,
        105.75142677146,
        105.76695488646,
        106.52947221146,
        105.93555354045999,
        105.65985431746
      ],
      "exit_codes": [
        0,
        0,
        0,
        0,
        0,
        0,
        0,
        0,
        0,
        0
      ]
    }
  ]
}
