{
  "results": [
    {
      "command": "cargo build --jobs 16 --release --example breakout",
      "mean": 98.88693190555999,
      "stddev": 3.041731704630555,
      "median": 98.04842156326,
      "user": 1372.1281983399997,
      "system": 33.341757359999995,
      "min": 97.39250180876,
      "max": 107.50197241776,
      "times": [
        98.18646954175999,
        97.82169309176,
        107.50197241776,
        97.39250180876,
        97.94071143075999,
        97.46687389175999,
        98.09241154876,
        98.16245222076,
        98.29980152575999,
        98.00443157776
      ],
      "exit_codes": [
        0,
        0,
        0,
        0,
        0,
        0,
        0,
        0,
        0,
        0
      ]
    }
  ]
}
