{
  "results": [
    {
      "command": "cargo build --jobs 8 --release --example breakout",
      "mean": 139.88940905159998,
      "stddev": 0.49641662932571384,
      "median": 139.8178629935,
      "user": 1069.8933194799997,
      "system": 26.356183000000005,
      "min": 139.3971143025,
      "max": 141.2004610555,
      "times": [
        139.3971143025,
        139.7100010885,
        139.9092301455,
        139.8230780835,
        139.4957685935,
        141.2004610555,
        139.81264790350002,
        139.9969009175,
        139.8765237115,
        139.67236471450002
      ],
      "exit_codes": [
        0,
        0,
        0,
        0,
        0,
        0,
        0,
        0,
        0,
        0
      ]
    }
  ]
}
