{
  "results": [
    {
      "command": "cargo build --jobs 8 --release --example breakout",
      "mean": 117.63525911674,
      "stddev": 0.3038152866564128,
      "median": 117.53758463754,
      "user": 906.4074647,
      "system": 24.06033712,
      "min": 117.32988634154,
      "max": 118.23659257654,
      "times": [
        117.42831981554,
        117.32988634154,
        117.73219938954,
        117.74145757754,
        117.43782339554,
        118.23659257654,
        117.51635278954,
        117.33318383854,
        118.03795895754,
        117.55881648553999
      ],
      "exit_codes": [
        0,
        0,
        0,
        0,
        0,
        0,
        0,
        0,
        0,
        0
      ]
    }
  ]
}
