{
  "results": [
    {
      "command": "cargo build --jobs 16 --release --example breakout",
      "mean": 82.42933218604,
      "stddev": 0.4801411510470745,
      "median": 82.27729084024,
      "user": 1234.15742718,
      "system": 33.77228862,
      "min": 81.91169254024,
      "max": 83.32306488424,
      "times": [
        82.25217712423999,
        83.32306488424,
        82.28356349724,
        82.40492328824,
        82.64572175724,
        81.98010328724,
        81.91169254024,
        82.27101818324,
        83.16529160524,
        82.05576569323999
      ],
      "exit_codes": [
        0,
        0,
        0,
        0,
        0,
        0,
        0,
        0,
        0,
        0
      ]
    }
  ]
}
