{
  "results": [
    {
      "command": "cargo build --jobs 8 --release --example breakout",
      "mean": 128.20598668914,
      "stddev": 0.514184216042911,
      "median": 128.27302925634,
      "user": 977.29305716,
      "system": 27.8003974,
      "min": 127.34257115834,
      "max": 128.92019985934,
      "times": [
        128.46877802634,
        128.92019985934,
        127.76682922133999,
        127.80575985434,
        128.07728048634,
        128.56059868034,
        127.80943093634,
        127.34257115834,
        128.64000972434,
        128.66840894434
      ],
      "exit_codes": [
        0,
        0,
        0,
        0,
        0,
        0,
        0,
        0,
        0,
        0
      ]
    }
  ]
}
