{
  "results": [
    {
      "command": "cargo build --jobs 8 --release --example breakout",
      "mean": 123.76212448928,
      "stddev": 0.2839832965399792,
      "median": 123.75381282478,
      "user": 949.7367654399999,
      "system": 25.095014699999997,
      "min": 123.35338372828,
      "max": 124.28518331528,
      "times": [
        124.02089042928,
        123.71355434428,
        123.46905416328,
        124.28518331528,
        123.98023769828,
        123.81706708428,
        123.35338372828,
        123.48964376128,
        123.79407130528,
        123.69815906328
      ],
      "exit_codes": [
        0,
        0,
        0,
        0,
        0,
        0,
        0,
        0,
        0,
        0
      ]
    }
  ]
}
