{
  "results": [
    {
      "command": "cargo build --jobs 8 --release --example breakout",
      "mean": 119.73926972518,
      "stddev": 0.16388268376933224,
      "median": 119.69108238148,
      "user": 907.68218362,
      "system": 24.51418902,
      "min": 119.54713663497999,
      "max": 119.99145259498,
      "times": [
        119.54713663497999,
        119.61275076198,
        119.68768720998,
        119.69447755298,
        119.64535781498,
        119.99145259498,
        119.57735879398,
        119.94590365398,
        119.74448628598,
        119.94608594798
      ],
      "exit_codes": [
        0,
        0,
        0,
        0,
        0,
        0,
        0,
        0,
        0,
        0
      ]
    }
  ]
}
