{
  "results": [
    {
      "command": "cargo build --jobs 16 --release --example breakout",
      "mean": 77.84689620736,
      "stddev": 0.22312338284871128,
      "median": 77.90904795125999,
      "user": 1143.0011820999998,
      "system": 30.01081598,
      "min": 77.51154002876,
      "max": 78.21836174276,
      "times": [
        77.91621294676,
        77.51154002876,
        77.59942489276,
        78.02278723276,
        77.56206415076,
        77.90188295576,
        78.21836174276,
        77.94655051376,
        77.92586205475999,
        77.86427555476
      ],
      "exit_codes": [
        0,
        0,
        0,
        0,
        0,
        0,
        0,
        0,
        0,
        0
      ]
    }
  ]
}
