{
  "results": [
    {
      "command": "cargo build --jobs 16 --release --example breakout",
      "mean": 81.38817473862,
      "stddev": 0.3607076718370209,
      "median": 81.19732195192,
      "user": 1227.02361688,
      "system": 33.792321339999994,
      "min": 81.11277577342,
      "max": 82.19439004942001,
      "times": [
        81.16074087742,
        82.19439004942001,
        81.11277577342,
        81.13474862242,
        81.43227294242,
        81.18700486342,
        81.81801528142,
        81.14484087242,
        81.48931906342,
        81.20763904042
      ],
      "exit_codes": [
        0,
        0,
        0,
        0,
        0,
        0,
        0,
        0,
        0,
        0
      ]
    }
  ]
}
