{
  "results": [
    {
      "command": "cargo build --jobs 8 --release --example breakout",
      "mean": 128.86826789846,
      "stddev": 0.1591981123826979,
      "median": 128.91361898826,
      "user": 986.14745642,
      "system": 25.99187994,
      "min": 128.58627801326,
      "max": 129.09031818126002,
      "times": [
        128.58627801326,
        129.09031818126002,
        128.74483248426,
        128.93676426026,
        128.99149882626,
        129.02857438726,
        128.90094375026,
        128.72460838126,
        128.92629422626,
        128.75256647426
      ],
      "exit_codes": [
        0,
        0,
        0,
        0,
        0,
        0,
        0,
        0,
        0,
        0
      ]
    }
  ]
}
