{
  "results": [
    {
      "command": "cargo build --jobs 16 --release --example breakout",
      "mean": 75.88468620956,
      "stddev": 0.21887689974499352,
      "median": 75.85485866176,
      "user": 1138.4515991199999,
      "system": 29.060580320000003,
      "min": 75.61781365126001,
      "max": 76.26074623126,
      "times": [
        75.61781365126001,
        75.91588508126,
        76.00536328126,
        75.95433778126001,
        75.66519599926,
        75.71622410526001,
        76.26074623126,
        75.73250331226001,
        76.18496041026,
        75.79383224226001
      ],
      "exit_codes": [
        0,
        0,
        0,
        0,
        0,
        0,
        0,
        0,
        0,
        0
      ]
    }
  ]
}
