{
  "results": [
    {
      "command": "cargo build --jobs 16 --release --example breakout",
      "mean": 69.94720005742,
      "stddev": 0.5747540544985745,
      "median": 69.93195076152,
      "user": 987.60621942,
      "system": 27.231362519999998,
      "min": 69.07984750052,
      "max": 71.09219409652,
      "times": [
        70.17217936052,
        69.63253496752,
        70.03613182752001,
        69.07984750052,
        69.97408009352,
        70.46736712252,
        69.88982142952001,
        69.86710265552,
        71.09219409652,
        69.26074152052
      ],
      "exit_codes": [
        0,
        0,
        0,
        0,
        0,
        0,
        0,
        0,
        0,
        0
      ]
    }
  ]
}
