{
  "results": [
    {
      "command": "cargo build --jobs 16 --release --example breakout",
      "mean": 77.41962850367999,
      "stddev": 0.18469845691447156,
      "median": 77.35202401178,
      "user": 1150.2035135800002,
      "system": 29.839703199999995,
      "min": 77.25431028828,
      "max": 77.85911481628,
      "times": [
        77.53857641127999,
        77.31261063427999,
        77.85911481628,
        77.28182534227999,
        77.35827933028,
        77.37322821327999,
        77.31375951928,
        77.34576869328,
        77.25431028828,
        77.55881178828
      ],
      "exit_codes": [
        0,
        0,
        0,
        0,
        0,
        0,
        0,
        0,
        0,
        0
      ]
    }
  ]
}
