{
  "results": [
    {
      "command": "cargo build --jobs 8 --release --example breakout",
      "mean": 120.58702710466,
      "stddev": 0.13601143663152943,
      "median": 120.60302053016001,
      "user": 909.12535138,
      "system": 24.11138788,
      "min": 120.37340559166,
      "max": 120.81309535766,
      "times": [
        120.61355927166001,
        120.72724891766,
        120.59248178866001,
        120.64885453866,
        120.81309535766,
        120.57229625966,
        120.48174887566,
        120.37340559166,
        120.63832009766,
        120.40926034766001
      ],
      "exit_codes": [
        0,
        0,
        0,
        0,
        0,
        0,
        0,
        0,
        0,
        0
      ]
    }
  ]
}
