{
  "results": [
    {
      "command": "cargo build --jobs 16 --release --example breakout",
      "mean": 79.63940945737998,
      "stddev": 0.18524416670887897,
      "median": 79.65559061408001,
      "user": 1200.7834746199999,
      "system": 30.64049592,
      "min": 79.32112436658,
      "max": 79.86222553058,
      "times": [
        79.46358004958,
        79.84633659757999,
        79.32112436658,
        79.53235641558,
        79.86222553058,
        79.71803824958,
        79.79811919858,
        79.59314297858,
        79.48996796958,
        79.76920321758
      ],
      "exit_codes": [
        0,
        0,
        0,
        0,
        0,
        0,
        0,
        0,
        0,
        0
      ]
    }
  ]
}
