{
  "results": [
    {
      "command": "cargo build --jobs 8 --release --example breakout",
      "mean": 123.59628924882001,
      "stddev": 0.30197595798074583,
      "median": 123.61212017782,
      "user": 949.7667900399999,
      "system": 25.05640446,
      "min": 123.19604061132,
      "max": 124.26700239032,
      "times": [
        123.65057724432,
        123.19604061132,
        123.73995027432,
        123.42302213232,
        123.61909007232,
        123.23871511732,
        123.60515028332,
        124.26700239032,
        123.49311390832,
        123.73023045432
      ],
      "exit_codes": [
        0,
        0,
        0,
        0,
        0,
        0,
        0,
        0,
        0,
        0
      ]
    }
  ]
}
