{
  "results": [
    {
      "command": "cargo build --jobs 8 --release --example breakout",
      "mean": 118.37758526369998,
      "stddev": 2.3969519918652393,
      "median": 117.6510306877,
      "user": 888.39511408,
      "system": 24.10789016,
      "min": 117.4088774022,
      "max": 125.1884355832,
      "times": [
        117.6725766002,
        117.4403810912,
        117.4088774022,
        125.1884355832,
        117.8145475982,
        117.6121265922,
        117.5080232022,
        117.7172159342,
        117.6294847752,
        117.7841838582
      ],
      "exit_codes": [
        0,
        0,
        0,
        0,
        0,
        0,
        0,
        0,
        0,
        0
      ]
    }
  ]
}
