{
  "results": [
    {
      "command": "cargo build --jobs 16 --release --example breakout",
      "mean": 76.8395020297,
      "stddev": 0.48428131164686317,
      "median": 76.8428507949,
      "user": 1118.4262684799999,
      "system": 29.585199940000003,
      "min": 76.0640162959,
      "max": 77.6458558209,
      "times": [
        76.2955244539,
        77.2777080629,
        76.0640162959,
        76.7602338009,
        76.4098382339,
        76.7752835169,
        76.9104180729,
        77.0798882779,
        77.6458558209,
        77.1762537609
      ],
      "exit_codes": [
        0,
        0,
        0,
        0,
        0,
        0,
        0,
        0,
        0,
        0
      ]
    }
  ]
}
