{
  "results": [
    {
      "command": "cargo build --jobs 8 --release --example breakout",
      "mean": 119.68814617667996,
      "stddev": 0.5441579223954249,
      "median": 119.54864468988,
      "user": 906.0815680399999,
      "system": 23.7552415,
      "min": 119.15013339738,
      "max": 121.11989339338,
      "times": [
        119.80226906538,
        119.56055083338,
        119.53673854638,
        119.42701394238,
        119.29049700538,
        119.74183051638,
        121.11989339338,
        119.76141381138,
        119.49112125538,
        119.15013339738
      ],
      "exit_codes": [
        0,
        0,
        0,
        0,
        0,
        0,
        0,
        0,
        0,
        0
      ]
    }
  ]
}
