{
  "results": [
    {
      "command": "cargo build --jobs 8 --release --example breakout",
      "mean": 139.20957821743997,
      "stddev": 0.18705300291902657,
      "median": 139.22148196994,
      "user": 1067.3162529400001,
      "system": 26.352144719999995,
      "min": 138.86792293544,
      "max": 139.47300180844,
      "times": [
        139.28115151144,
        138.96318659343999,
        139.15373445644,
        139.47300180844,
        139.41991070544,
        139.20842657744,
        139.16894577444,
        138.86792293544,
        139.32496444944,
        139.23453736244
      ],
      "exit_codes": [
        0,
        0,
        0,
        0,
        0,
        0,
        0,
        0,
        0,
        0
      ]
    }
  ]
}
