{
  "results": [
    {
      "command": "cargo build --jobs 16 --release --example breakout",
      "mean": 96.06835875864,
      "stddev": 0.5454509699103451,
      "median": 96.08141488004,
      "user": 1336.72995202,
      "system": 32.779287559999986,
      "min": 95.23733469054,
      "max": 96.91954793654,
      "times": [
        96.18295564754,
        95.98015622054,
        96.69134135154,
        96.48713841954,
        95.36829843354,
        95.65398512654,
        95.99197191953999,
        96.17085784054,
        95.23733469054,
        96.91954793654
      ],
      "exit_codes": [
        0,
        0,
        0,
        0,
        0,
        0,
        0,
        0,
        0,
        0
      ]
    }
  ]
}
