{
  "results": [
    {
      "command": "cargo build --jobs 8 --release --example breakout",
      "mean": 104.18907165142,
      "stddev": 0.1363107628476336,
      "median": 104.15917147142,
      "user": 780.8938313599999,
      "system": 21.7170824,
      "min": 103.99694267992,
      "max": 104.43271356892,
      "times": [
        104.10184321291999,
        104.29518446092,
        104.33572381292,
        104.13742752492,
        104.09995005092,
        104.18091541791999,
        104.24875789692,
        103.99694267992,
        104.06125788792,
        104.43271356892
      ],
      "exit_codes": [
        0,
        0,
        0,
        0,
        0,
        0,
        0,
        0,
        0,
        0
      ]
    }
  ]
}
