{
  "results": [
    {
      "command": "cargo build --jobs 16 --release --example breakout",
      "mean": 81.9764944151,
      "stddev": 1.4289721557210053,
      "median": 81.8917982934,
      "user": 1202.30186456,
      "system": 31.08645249999999,
      "min": 80.0879357194,
      "max": 85.2272295894,
      "times": [
        82.1165333124,
        81.1569773984,
        85.2272295894,
        81.90277994739999,
        81.8808166394,
        82.6914266184,
        80.3823619314,
        80.0879357194,
        82.6169274984,
        81.7019554964
      ],
      "exit_codes": [
        0,
        0,
        0,
        0,
        0,
        0,
        0,
        0,
        0,
        0
      ]
    }
  ]
}
