{
  "results": [
    {
      "command": "cargo build --jobs 8 --release --example breakout",
      "mean": 124.66617671704,
      "stddev": 0.4790601192545177,
      "median": 124.77580996704,
      "user": 957.3470894600001,
      "system": 24.927985459999995,
      "min": 124.08453442954,
      "max": 125.54958493054001,
      "times": [
        124.94473271054001,
        125.00256224054,
        124.84458455354,
        124.24488380654,
        124.24295335954001,
        124.08453442954,
        124.11830201354,
        124.70703538054,
        124.92259374554,
        125.54958493054001
      ],
      "exit_codes": [
        0,
        0,
        0,
        0,
        0,
        0,
        0,
        0,
        0,
        0
      ]
    }
  ]
}
