{
  "results": [
    {
      "command": "cargo build --jobs 8 --release --example breakout",
      "mean": 120.4877412627,
      "stddev": 0.12781332449232033,
      "median": 120.50936704349999,
      "user": 910.0691516200001,
      "system": 24.12380598,
      "min": 120.2479676625,
      "max": 120.6256523145,
      "times": [
        120.4852550395,
        120.6253643515,
        120.50862758849999,
        120.3262281095,
        120.57519529449999,
        120.3945979045,
        120.5101064985,
        120.5784178635,
        120.2479676625,
        120.6256523145
      ],
      "exit_codes": [
        0,
        0,
        0,
        0,
        0,
        0,
        0,
        0,
        0,
        0
      ]
    }
  ]
}
