{
  "results": [
    {
      "command": "cargo build --jobs 16 --release --example breakout",
      "mean": 98.35235611696,
      "stddev": 6.161649727400896,
      "median": 96.20059729456,
      "user": 1338.2004827999997,
      "system": 33.05060235999999,
      "min": 95.83077169805999,
      "max": 115.73359742006,
      "times": [
        96.04194036406,
        95.86524639705999,
        96.42529209506,
        95.83077169805999,
        98.64542311806,
        96.02777407405999,
        96.21223050806,
        96.18896408105999,
        115.73359742006,
        96.55232141406
      ],
      "exit_codes": [
        0,
        0,
        0,
        0,
        0,
        0,
        0,
        0,
        0,
        0
      ]
    }
  ]
}
