{
  "results": [
    {
      "command": "cargo build --jobs 16 --release --example breakout",
      "mean": 77.56496948892,
      "stddev": 0.29444596387105987,
      "median": 77.41160721232,
      "user": 1150.58766376,
      "system": 29.851820699999998,
      "min": 77.33376657982,
      "max": 78.20701167882,
      "times": [
        77.42806134482,
        77.76889568482,
        77.88388880382,
        77.33376657982,
        77.54482121782,
        77.39515307982,
        78.20701167882,
        77.35423054782,
        77.35140523782,
        77.38246071382
      ],
      "exit_codes": [
        0,
        0,
        0,
        0,
        0,
        0,
        0,
        0,
        0,
        0
      ]
    }
  ]
}
