{
  "results": [
    {
      "command": "cargo build --jobs 8 --release --example breakout",
      "mean": 117.21763182138,
      "stddev": 0.1333502694843199,
      "median": 117.23368807937999,
      "user": 903.1608790800001,
      "system": 24.803323180000003,
      "min": 116.97026806038,
      "max": 117.41931022538,
      "times": [
        117.13276548937999,
        116.97026806038,
        117.22574004038,
        117.23188867537999,
        117.23548748338,
        117.41931022538,
        117.37875190538,
        117.25623126238,
        117.25501085538,
        117.07086421638
      ],
      "exit_codes": [
        0,
        0,
        0,
        0,
        0,
        0,
        0,
        0,
        0,
        0
      ]
    }
  ]
}
