{
  "results": [
    {
      "command": "cargo build --jobs 16 --release --example breakout",
      "mean": 75.67330731106001,
      "stddev": 0.3116910106888905,
      "median": 75.78002401436001,
      "user": 1138.2663725,
      "system": 30.539862439999997,
      "min": 75.12108845036,
      "max": 76.02821441236,
      "times": [
        75.85006293436,
        75.75773165236001,
        75.89480492836,
        75.95716499236,
        75.61745418236,
        75.80231637636,
        75.12108845036,
        75.50921926736001,
        76.02821441236,
        75.19501591436
      ],
      "exit_codes": [
        0,
        0,
        0,
        0,
        0,
        0,
        0,
        0,
        0,
        0
      ]
    }
  ]
}
