{
  "results": [
    {
      "command": "cargo build --jobs 8 --release --example breakout",
      "mean": 124.89512405446001,
      "stddev": 0.29635984621759576,
      "median": 124.91644885046,
      "user": 958.2226866800002,
      "system": 25.12210958,
      "min": 124.34312178696,
      "max": 125.27800657796,
      "times": [
        124.70726776096001,
        124.87730325696,
        124.99180133296001,
        124.34312178696,
        124.58806505896,
        124.95559444396001,
        125.14457653296,
        124.81349000696001,
        125.25201378596,
        125.27800657796
      ],
      "exit_codes": [
        0,
        0,
        0,
        0,
        0,
        0,
        0,
        0,
        0,
        0
      ]
    }
  ]
}
