{
  "results": [
    {
      "command": "cargo build --jobs 16 --release --example breakout",
      "mean": 80.46170537696001,
      "stddev": 0.4242623146993807,
      "median": 80.35509498256,
      "user": 1211.7871265,
      "system": 30.974212739999995,
      "min": 79.77770601306,
      "max": 80.99792273106,
      "times": [
        80.99792273106,
        80.83112299706,
        80.82300835806001,
        80.27425203606,
        79.77770601306,
        80.98657314306,
        80.16557871906001,
        80.05069980706,
        80.41682077506,
        80.29336919006
      ],
      "exit_codes": [
        0,
        0,
        0,
        0,
        0,
        0,
        0,
        0,
        0,
        0
      ]
    }
  ]
}
