{
  "results": [
    {
      "command": "cargo build --jobs 16 --release --example breakout",
      "mean": 72.59765290483999,
      "stddev": 0.4573046333461403,
      "median": 72.38472864593999,
      "user": 1071.02225702,
      "system": 28.146700899999995,
      "min": 72.11884641094,
      "max": 73.17484054293999,
      "times": [
        72.40237941193999,
        72.21027622193999,
        73.16594902893999,
        72.26948870193999,
        73.17484054293999,
        73.07564742193999,
        72.36707787994,
        72.11884641094,
        73.05386151094,
        72.13816191693999
      ],
      "exit_codes": [
        0,
        0,
        0,
        0,
        0,
        0,
        0,
        0,
        0,
        0
      ]
    }
  ]
}
