{
  "results": [
    {
      "command": "cargo build --jobs 16 --release --example breakout",
      "mean": 78.60934300628,
      "stddev": 1.6782637913833411,
      "median": 78.11561250028001,
      "user": 1139.44272678,
      "system": 30.0837305,
      "min": 77.79089464978,
      "max": 83.36583934378001,
      "times": [
        78.17439820878,
        78.21480461378,
        78.04180969478001,
        77.86951095178,
        78.10950161278001,
        83.36583934378001,
        78.30741806678,
        78.12172338778001,
        77.79089464978,
        78.09752953278
      ],
      "exit_codes": [
        0,
        0,
        0,
        0,
        0,
        0,
        0,
        0,
        0,
        0
      ]
    }
  ]
}
