{
  "results": [
    {
      "command": "cargo build --jobs 16 --release --example breakout",
      "mean": 78.18072027672,
      "stddev": 0.2053617800468914,
      "median": 78.15307703351999,
      "user": 1179.8593676799999,
      "system": 30.07278358,
      "min": 77.91523425652,
      "max": 78.45268665751999,
      "times": [
        78.07194096351999,
        77.91523425652,
        78.04950558352,
        78.23421310351999,
        78.44104785552,
        78.45268665751999,
        78.33882303752,
        77.99269949252,
        77.96341574352,
        78.34763607352
      ],
      "exit_codes": [
        0,
        0,
        0,
        0,
        0,
        0,
        0,
        0,
        0,
        0
      ]
    }
  ]
}
