{
  "results": [
    {
      "command": "cargo build --jobs 8 --release --example breakout",
      "mean": 120.12970219919998,
      "stddev": 0.20903177872760786,
      "median": 120.0863367419,
      "user": 909.15424098,
      "system": 24.16587412,
      "min": 119.8977958049,
      "max": 120.6393101029,
      "times": [
        120.2112955729,
        120.0115157109,
        120.1231730909,
        120.6393101029,
        119.8977958049,
        120.1584359309,
        119.9940191819,
        120.0495003929,
        119.97889156289999,
        120.23308464089999
      ],
      "exit_codes": [
        0,
        0,
        0,
        0,
        0,
        0,
        0,
        0,
        0,
        0
      ]
    }
  ]
}
