{
  "results": [
    {
      "command": "cargo build --jobs 16 --release --example breakout",
      "mean": 77.37120615328,
      "stddev": 0.1806984375852414,
      "median": 77.29900138138001,
      "user": 1145.4300141399997,
      "system": 29.644496479999997,
      "min": 77.15062328738,
      "max": 77.68037340338,
      "times": [
        77.29834795538,
        77.62461559438,
        77.68037340338,
        77.29251063438001,
        77.29965480738001,
        77.55229629038,
        77.15062328738,
        77.24874620938,
        77.33364399838,
        77.23124935238
      ],
      "exit_codes": [
        0,
        0,
        0,
        0,
        0,
        0,
        0,
        0,
        0,
        0
      ]
    }
  ]
}
