{
  "results": [
    {
      "command": "cargo build --jobs 8 --release --example breakout",
      "mean": 140.55649571132,
      "stddev": 0.16585233802565014,
      "median": 140.53677310252,
      "user": 1068.66214954,
      "system": 26.853958520000003,
      "min": 140.31129224852,
      "max": 140.85982288352,
      "times": [
        140.46289000752,
        140.67736362252,
        140.43741047352,
        140.68967031152,
        140.46472350252,
        140.64305890852,
        140.31129224852,
        140.85982288352,
        140.40990245252002,
        140.60882270252
      ],
      "exit_codes": [
        0,
        0,
        0,
        0,
        0,
        0,
        0,
        0,
        0,
        0
      ]
    }
  ]
}
