{
  "results": [
    {
      "command": "cargo build --jobs 8 --release --example breakout",
      "mean": 120.51896023122,
      "stddev": 0.1687195116620656,
      "median": 120.49947362032,
      "user": 904.2815459599999,
      "system": 23.69684822,
      "min": 120.27348320532,
      "max": 120.83083337232,
      "times": [
        120.51964731332001,
        120.40178530932,
        120.27348320532,
        120.35917727632,
        120.48437103332,
        120.51457620732,
        120.65582579532,
        120.44612249732,
        120.70378030232,
        120.83083337232
      ],
      "exit_codes": [
        0,
        0,
        0,
        0,
        0,
        0,
        0,
        0,
        0,
        0
      ]
    }
  ]
}
