{
  "results": [
    {
      "command": "cargo build --jobs 16 --release --example breakout",
      "mean": 75.9701009945,
      "stddev": 0.257531206261318,
      "median": 75.9281909532,
      "user": 1145.3125456799999,
      "system": 29.650647499999998,
      "min": 75.5905610567,
      "max": 76.4172045647,
      "times": [
        76.1585003057,
        75.8064650207,
        75.8447756077,
        76.2148906117,
        75.9326610947,
        75.5905610567,
        75.6788401397,
        75.92372081170001,
        76.1333907317,
        76.4172045647
      ],
      "exit_codes": [
        0,
        0,
        0,
        0,
        0,
        0,
        0,
        0,
        0,
        0
      ]
    }
  ]
}
