{
  "results": [
    {
      "command": "cargo build --jobs 8 --release --example breakout",
      "mean": 117.42759374334,
      "stddev": 0.14812043086668672,
      "median": 117.41288577674,
      "user": 906.1410822199999,
      "system": 24.1317635,
      "min": 117.20695347674,
      "max": 117.68585288574,
      "times": [
        117.52220777774,
        117.59538379674,
        117.68585288574,
        117.20695347674,
        117.33833015774,
        117.38934263173999,
        117.46581939474,
        117.43251398574,
        117.24627575874,
        117.39325756774
      ],
      "exit_codes": [
        0,
        0,
        0,
        0,
        0,
        0,
        0,
        0,
        0,
        0
      ]
    }
  ]
}
