{
  "results": [
    {
      "command": "cargo build --jobs 8 --release --example breakout",
      "mean": 122.07800763316,
      "stddev": 0.36231312497484064,
      "median": 122.14565507496,
      "user": 921.99073586,
      "system": 24.827231440000002,
      "min": 121.14720081845999,
      "max": 122.48740479746,
      "times": [
        122.02940866946,
        122.23318283146,
        122.34736277546,
        122.48740479746,
        122.05071261646,
        121.14720081845999,
        121.96244077546,
        122.17532428446,
        122.23105289746,
        122.11598586546
      ],
      "exit_codes": [
        0,
        0,
        0,
        0,
        0,
        0,
        0,
        0,
        0,
        0
      ]
    }
  ]
}
