{
  "results": [
    {
      "command": "cargo build --jobs 16 --release --example breakout",
      "mean": 80.43802058626,
      "stddev": 0.5707231459456128,
      "median": 80.47604544756001,
      "user": 1160.4001456,
      "system": 30.127622039999995,
      "min": 79.46725983306,
      "max": 81.62995144806,
      "times": [
        79.46725983306,
        80.35061610106,
        81.62995144806,
        80.81167661306,
        80.60445657106,
        79.97045566706,
        80.04016446206,
        80.46286181806,
        80.48922907706,
        80.55353427206
      ],
      "exit_codes": [
        0,
        0,
        0,
        0,
        0,
        0,
        0,
        0,
        0,
        0
      ]
    }
  ]
}
