{
  "results": [
    {
      "command": "cargo build --jobs 8 --release --example breakout",
      "mean": 118.80611234224003,
      "stddev": 0.21414006030208177,
      "median": 118.80645065464,
      "user": 899.3317104200001,
      "system": 23.994624419999997,
      "min": 118.53314979764,
      "max": 119.25865266064,
      "times": [
        118.70501515164,
        118.84617699364,
        118.84664132264,
        118.53314979764,
        119.01350915764,
        118.76836290964,
        118.56500478164,
        118.84453839964,
        119.25865266064,
        118.68007224764
      ],
      "exit_codes": [
        0,
        0,
        0,
        0,
        0,
        0,
        0,
        0,
        0,
        0
      ]
    }
  ]
}
