{
  "results": [
    {
      "command": "cargo build --jobs 16 --release --example breakout",
      "mean": 77.12234856021999,
      "stddev": 0.8182403201255083,
      "median": 76.65289984461998,
      "user": 1132.2624012799997,
      "system": 29.49679912,
      "min": 76.33690999311999,
      "max": 78.31596629212,
      "times": [
        77.82509095412,
        76.72790555511999,
        78.31596629212,
        76.33690999311999,
        76.43792362411999,
        77.93723026411999,
        76.57789413411999,
        78.13422609711999,
        76.56009116412,
        76.37024752411999
      ],
      "exit_codes": [
        0,
        0,
        0,
        0,
        0,
        0,
        0,
        0,
        0,
        0
      ]
    }
  ]
}
