{
  "results": [
    {
      "command": "cargo build --jobs 8 --release --example breakout",
      "mean": 121.51717623246,
      "stddev": 0.4850010311966568,
      "median": 121.50260872455999,
      "user": 904.6645878399999,
      "system": 23.9656266,
      "min": 120.85431144606,
      "max": 122.59679830505999,
      "times": [
        121.65846262005999,
        121.24390815506,
        122.59679830505999,
        121.48713367405999,
        121.44017515406,
        121.51808377505999,
        121.77052746705999,
        120.85431144606,
        121.65691656706,
        120.94544516106
      ],
      "exit_codes": [
        0,
        0,
        0,
        0,
        0,
        0,
        0,
        0,
        0,
        0
      ]
    }
  ]
}
