{
  "results": [
    {
      "command": "cargo build --jobs 16 --release --example breakout",
      "mean": 80.01648899944,
      "stddev": 0.28488865404477937,
      "median": 79.94204143473999,
      "user": 1201.6565803999997,
      "system": 30.867089479999997,
      "min": 79.61333272674,
      "max": 80.43173365174,
      "times": [
        80.43173365174,
        79.84847586474,
        80.35430846074,
        80.03560700474,
        80.20913849574,
        79.61333272674,
        79.77752355574,
        79.79777596874,
        80.28159814374,
        79.81539612174
      ],
      "exit_codes": [
        0,
        0,
        0,
        0,
        0,
        0,
        0,
        0,
        0,
        0
      ]
    }
  ]
}
