{
  "results": [
    {
      "command": "cargo build --jobs 8 --release --example breakout",
      "mean": 124.12317283062,
      "stddev": 0.15159415141330662,
      "median": 124.12034065502,
      "user": 950.8893222399998,
      "system": 25.02011298,
      "min": 123.91410196401999,
      "max": 124.37962008102,
      "times": [
        124.06065720802,
        124.21159848402,
        123.99484964001999,
        124.29366749802,
        124.37962008102,
        124.15685953502,
        123.91410196401999,
        124.08382177502,
        124.19353195602,
        123.94302016502
      ],
      "exit_codes": [
        0,
        0,
        0,
        0,
        0,
        0,
        0,
        0,
        0,
        0
      ]
    }
  ]
}
