{
  "results": [
    {
      "command": "cargo build --jobs 16 --release --example breakout",
      "mean": 76.34304897588001,
      "stddev": 2.6790055647790094,
      "median": 75.62412158298,
      "user": 1136.8211933,
      "system": 30.40848184,
      "min": 74.89512371348,
      "max": 83.92818226548,
      "times": [
        75.62272036348,
        75.22667231648,
        75.62552280248,
        83.92818226548,
        74.89512371348,
        75.41763346648,
        75.64383545848,
        75.66282532448,
        75.53355989448,
        75.87441415348
      ],
      "exit_codes": [
        0,
        0,
        0,
        0,
        0,
        0,
        0,
        0,
        0,
        0
      ]
    }
  ]
}
