{
  "results": [
    {
      "command": "cargo build --jobs 8 --release --example breakout",
      "mean": 117.12114280467999,
      "stddev": 0.2940696860615368,
      "median": 117.04436612518,
      "user": 902.5401566200001,
      "system": 24.781239219999996,
      "min": 116.76346123217999,
      "max": 117.78581150618,
      "times": [
        116.89623382818,
        117.46667170018,
        117.10667734518,
        117.01410923718,
        117.78581150618,
        117.02236949318,
        117.08049586618,
        117.06636275718,
        116.76346123217999,
        117.00923508118
      ],
      "exit_codes": [
        0,
        0,
        0,
        0,
        0,
        0,
        0,
        0,
        0,
        0
      ]
    }
  ]
}
