{
  "results": [
    {
      "command": "cargo build --jobs 8 --release --example breakout",
      "mean": 117.12347496198,
      "stddev": 0.1820210150152741,
      "median": 117.11703954437999,
      "user": 902.8650717799999,
      "system": 23.848025139999997,
      "min": 116.74472349238,
      "max": 117.40806169438,
      "times": [
        117.04815695238,
        117.26301772338,
        117.12643412038,
        117.04077671438,
        117.25326384937999,
        117.01032847338,
        117.10764496838,
        116.74472349238,
        117.23234163138,
        117.40806169438
      ],
      "exit_codes": [
        0,
        0,
        0,
        0,
        0,
        0,
        0,
        0,
        0,
        0
      ]
    }
  ]
}
