{
  "results": [
    {
      "command": "cargo build --jobs 16 --release --example breakout",
      "mean": 75.44407461191999,
      "stddev": 0.190601430773016,
      "median": 75.49237746022,
      "user": 1139.5068234999999,
      "system": 29.302097420000003,
      "min": 75.12858249122,
      "max": 75.76374468022,
      "times": [
        75.50981870922,
        75.28117891522,
        75.52059668721999,
        75.47493621122,
        75.58691620222,
        75.76374468022,
        75.19647026122,
        75.51905965622,
        75.12858249122,
        75.45944230522
      ],
      "exit_codes": [
        0,
        0,
        0,
        0,
        0,
        0,
        0,
        0,
        0,
        0
      ]
    }
  ]
}
