{
  "results": [
    {
      "command": "cargo build --jobs 16 --release --example breakout",
      "mean": 73.03308033288002,
      "stddev": 0.3407647703467727,
      "median": 73.02345172648,
      "user": 1073.7725672,
      "system": 28.29993068,
      "min": 72.51555293698,
      "max": 73.45045215798001,
      "times": [
        73.43668828098001,
        72.51555293698,
        73.21966994398001,
        73.36837571998001,
        72.56082220498,
        72.89590882798001,
        72.83642980298,
        72.94530716498001,
        73.10159628798,
        73.45045215798001
      ],
      "exit_codes": [
        0,
        0,
        0,
        0,
        0,
        0,
        0,
        0,
        0,
        0
      ]
    }
  ]
}
