{
  "results": [
    {
      "command": "cargo build --jobs 8 --release --example breakout",
      "mean": 112.98378516424,
      "stddev": 0.203576807973384,
      "median": 113.02741104484,
      "user": 854.1627342200002,
      "system": 22.731376139999995,
      "min": 112.52623228984,
      "max": 113.24939426883999,
      "times": [
        112.83293010483999,
        112.90204568984,
        112.52623228984,
        113.01919263683999,
        112.92825944884,
        113.13287668484,
        113.03562945284,
        113.05718201084,
        113.24939426883999,
        113.15410905483999
      ],
      "exit_codes": [
        0,
        0,
        0,
        0,
        0,
        0,
        0,
        0,
        0,
        0
      ]
    }
  ]
}
