{
  "results": [
    {
      "command": "cargo build --jobs 8 --release --example breakout",
      "mean": 126.96999030091999,
      "stddev": 0.24294968265990818,
      "median": 126.99278078082,
      "user": 970.79110356,
      "system": 27.7599293,
      "min": 126.45488295032,
      "max": 127.34618328831999,
      "times": [
        126.72367404532,
        126.99134356032,
        126.45488295032,
        127.07251387532,
        126.92557797932,
        127.12311608131999,
        126.93808833132,
        127.34618328831999,
        127.13030489632,
        126.99421800132
      ],
      "exit_codes": [
        0,
        0,
        0,
        0,
        0,
        0,
        0,
        0,
        0,
        0
      ]
    }
  ]
}
