{
  "results": [
    {
      "command": "cargo build --jobs 8 --release --example breakout",
      "mean": 127.43913214690001,
      "stddev": 0.266713492240993,
      "median": 127.4591569307,
      "user": 974.8248311999998,
      "system": 25.662190879999997,
      "min": 126.9754437207,
      "max": 127.84498584469999,
      "times": [
        127.1889012307,
        127.4303312237,
        126.9754437207,
        127.19424160669999,
        127.7307035967,
        127.57074190969999,
        127.36339318469999,
        127.60459651369999,
        127.84498584469999,
        127.4879826377
      ],
      "exit_codes": [
        0,
        0,
        0,
        0,
        0,
        0,
        0,
        0,
        0,
        0
      ]
    }
  ]
}
