{
  "results": [
    {
      "command": "cargo build --jobs 16 --release --example breakout",
      "mean": 87.34402595882001,
      "stddev": 0.7367166188190397,
      "median": 87.51807490622,
      "user": 1221.1309449799996,
      "system": 32.100411939999994,
      "min": 85.50316523672,
      "max": 87.93386184372,
      "times": [
        87.93386184372,
        87.51417571772,
        87.88365523371999,
        85.50316523672,
        86.95446533572,
        87.43625797972,
        87.93035604572,
        87.76161092272,
        87.00073717772,
        87.52197409472
      ],
      "exit_codes": [
        0,
        0,
        0,
        0,
        0,
        0,
        0,
        0,
        0,
        0
      ]
    }
  ]
}
