{
  "results": [
    {
      "command": "cargo build --jobs 16 --release --example breakout",
      "mean": 91.55629842388001,
      "stddev": 0.8106824679087706,
      "median": 91.26305743018,
      "user": 1284.63440132,
      "system": 31.1365838,
      "min": 90.65831865418001,
      "max": 92.96241478418,
      "times": [
        92.77113525518,
        91.26689216818001,
        90.91938195518,
        92.96241478418,
        90.65831865418001,
        91.25922269218,
        91.13799564318,
        90.76884469718,
        91.78013009518,
        92.03864829418
      ],
      "exit_codes": [
        0,
        0,
        0,
        0,
        0,
        0,
        0,
        0,
        0,
        0
      ]
    }
  ]
}
