{
  "results": [
    {
      "command": "cargo build --jobs 8 --release --example breakout",
      "mean": 134.13683926796003,
      "stddev": 0.18618750169566842,
      "median": 134.12400258846,
      "user": 1026.9992080000002,
      "system": 24.90842188,
      "min": 133.81175376896,
      "max": 134.41134240696,
      "times": [
        134.20763251896,
        134.12911190896,
        134.26490143596,
        134.36917137396,
        134.11889326796,
        134.03948770696,
        133.81175376896,
        134.08722242896,
        133.92887586196,
        134.41134240696
      ],
      "exit_codes": [
        0,
        0,
        0,
        0,
        0,
        0,
        0,
        0,
        0,
        0
      ]
    }
  ]
}
