{
  "results": [
    {
      "command": "cargo build --jobs 8 --release --example breakout",
      "mean": 117.37060813366001,
      "stddev": 0.2242867845021336,
      "median": 117.38072594776,
      "user": 904.9815303599999,
      "system": 23.88954432,
      "min": 117.04752059626,
      "max": 117.80559516926,
      "times": [
        117.44599355026,
        117.23258040326,
        117.11781961326,
        117.41251400826,
        117.24286843526,
        117.34893788725999,
        117.04752059626,
        117.80559516926,
        117.48375555526,
        117.56849611826
      ],
      "exit_codes": [
        0,
        0,
        0,
        0,
        0,
        0,
        0,
        0,
        0,
        0
      ]
    }
  ]
}
