{
  "results": [
    {
      "command": "cargo build --jobs 8 --release --example breakout",
      "mean": 143.88050697098,
      "stddev": 0.4603600545444043,
      "median": 143.73877635498002,
      "user": 1096.8768922200002,
      "system": 27.205076860000002,
      "min": 143.61825751248,
      "max": 145.16144127447998,
      "times": [
        143.73372598748,
        143.64318517048,
        143.67175366048,
        143.76353744248,
        145.16144127447998,
        143.89130756748,
        143.61825751248,
        143.67250552148,
        143.74382672248,
        143.90552885047998
      ],
      "exit_codes": [
        0,
        0,
        0,
        0,
        0,
        0,
        0,
        0,
        0,
        0
      ]
    }
  ]
}
