{
  "results": [
    {
      "command": "cargo build --jobs 16 --release --example breakout",
      "mean": 98.89127875562,
      "stddev": 4.4416810967987095,
      "median": 97.75199050172,
      "user": 1370.9313700799999,
      "system": 33.73179212,
      "min": 96.32127463372,
      "max": 111.40923171572,
      "times": [
        96.86722528872,
        96.32127463372,
        97.93540685672,
        97.76909395772,
        96.93146525172,
        98.17751054972,
        97.52037451972,
        98.24631773672,
        97.73488704572,
        111.40923171572
      ],
      "exit_codes": [
        0,
        0,
        0,
        0,
        0,
        0,
        0,
        0,
        0,
        0
      ]
    }
  ]
}
