{
  "results": [
    {
      "command": "cargo build --jobs 8 --release --example breakout",
      "mean": 117.26267614534,
      "stddev": 0.15559067929475626,
      "median": 117.22978223874,
      "user": 903.1746177799998,
      "system": 24.524613960000003,
      "min": 117.08925620224001,
      "max": 117.56124647024001,
      "times": [
        117.13078823324001,
        117.24308357624001,
        117.27674939024,
        117.14156287924,
        117.08925620224001,
        117.21648090124,
        117.49758202824,
        117.29486651324001,
        117.17514525924001,
        117.56124647024001
      ],
      "exit_codes": [
        0,
        0,
        0,
        0,
        0,
        0,
        0,
        0,
        0,
        0
      ]
    }
  ]
}
