{
  "results": [
    {
      "command": "cargo build --jobs 8 --release --example breakout",
      "mean": 119.92496545524,
      "stddev": 0.24433479455462903,
      "median": 119.88283978164,
      "user": 907.0385170399999,
      "system": 24.768296759999995,
      "min": 119.55491167664,
      "max": 120.34832219264,
      "times": [
        119.76079172364,
        120.34832219264,
        119.88273035864,
        119.74314680364,
        120.26497436764001,
        120.05355465164,
        119.88294920464,
        119.55491167664,
        119.77612533164,
        119.98214824164
      ],
      "exit_codes": [
        0,
        0,
        0,
        0,
        0,
        0,
        0,
        0,
        0,
        0
      ]
    }
  ]
}
