{
  "results": [
    {
      "command": "cargo build --jobs 8 --release --example breakout",
      "mean": 120.67874147989998,
      "stddev": 0.1396656765899685,
      "median": 120.67786269499999,
      "user": 905.5196616199997,
      "system": 24.4428381,
      "min": 120.40550938099999,
      "max": 120.96642313,
      "times": [
        120.60662191499999,
        120.96642313,
        120.652657814,
        120.719888422,
        120.40550938099999,
        120.724350835,
        120.73900719699999,
        120.700993308,
        120.654732082,
        120.61723071499999
      ],
      "exit_codes": [
        0,
        0,
        0,
        0,
        0,
        0,
        0,
        0,
        0,
        0
      ]
    }
  ]
}
