{
  "results": [
    {
      "command": "cargo build --jobs 16 --release --example breakout",
      "mean": 78.01037730654001,
      "stddev": 0.29873352362357536,
      "median": 78.05119381504001,
      "user": 1155.02734466,
      "system": 29.902181459999998,
      "min": 77.62064548304001,
      "max": 78.62986185004,
      "times": [
        78.13702420404,
        77.88679622804001,
        78.14078774604,
        77.62064548304001,
        78.04195076504001,
        78.06043686504,
        78.62986185004,
        77.73000666304,
        78.17669311604001,
        77.67957014504
      ],
      "exit_codes": [
        0,
        0,
        0,
        0,
        0,
        0,
        0,
        0,
        0,
        0
      ]
    }
  ]
}
