{
  "results": [
    {
      "command": "cargo build --jobs 16 --release --example breakout",
      "mean": 77.27483049094002,
      "stddev": 0.35090348770847585,
      "median": 77.23317561304,
      "user": 1141.74883052,
      "system": 30.036221160000004,
      "min": 76.75816296354,
      "max": 78.00872140154,
      "times": [
        76.75816296354,
        77.21446483354,
        76.96621514954,
        77.25188639254,
        77.16633053354,
        77.36464774554,
        77.49564458654,
        78.00872140154,
        77.00201161354,
        77.52021968954
      ],
      "exit_codes": [
        0,
        0,
        0,
        0,
        0,
        0,
        0,
        0,
        0,
        0
      ]
    }
  ]
}
