{
  "results": [
    {
      "command": "cargo build --jobs 16 --release --example breakout",
      "mean": 75.26144928789999,
      "stddev": 0.27018114464917814,
      "median": 75.3054200947,
      "user": 1140.8380781399999,
      "system": 29.37657946,
      "min": 74.6803720452,
      "max": 75.5976399352,
      "times": [
        74.6803720452,
        75.0549949702,
        75.4455704282,
        75.2881638772,
        75.5976399352,
        75.0647105442,
        75.3345928882,
        75.5459218542,
        75.3226763122,
        75.2798500242
      ],
      "exit_codes": [
        0,
        0,
        0,
        0,
        0,
        0,
        0,
        0,
        0,
        0
      ]
    }
  ]
}
