{
  "results": [
    {
      "command": "cargo build --jobs 8 --release --example breakout",
      "mean": 117.17212308032,
      "stddev": 0.1318278379157215,
      "median": 117.21532270382,
      "user": 903.6611525800001,
      "system": 23.885746459999993,
      "min": 116.99720353982,
      "max": 117.36814596282,
      "times": [
        116.99720353982,
        117.30709411882,
        117.21056315482,
        117.26866153382,
        117.22017347582,
        117.03613453882,
        117.08988757582,
        117.00328464982,
        117.36814596282,
        117.22008225282
      ],
      "exit_codes": [
        0,
        0,
        0,
        0,
        0,
        0,
        0,
        0,
        0,
        0
      ]
    }
  ]
}
