{
  "results": [
    {
      "command": "cargo build --jobs 16 --release --example breakout",
      "mean": 93.98843880896001,
      "stddev": 0.655590867773467,
      "median": 93.72079313736,
      "user": 1318.7547376599998,
      "system": 33.112823899999995,
      "min": 93.26386522386,
      "max": 94.95606981386,
      "times": [
        93.46499259686,
        94.01103572186,
        93.49304384386,
        93.64381626286,
        94.78120654986,
        93.26386522386,
        93.53611880486,
        93.79777001186,
        94.95606981386,
        94.93646925985999
      ],
      "exit_codes": [
        0,
        0,
        0,
        0,
        0,
        0,
        0,
        0,
        0,
        0
      ]
    }
  ]
}
