{
  "results": [
    {
      "command": "cargo build --jobs 8 --release --example breakout",
      "mean": 138.16219265026,
      "stddev": 0.2746659954474436,
      "median": 138.14305121586,
      "user": 1051.7809427799998,
      "system": 26.549177979999996,
      "min": 137.77496875936,
      "max": 138.62634088535998,
      "times": [
        138.34382963136,
        137.77496875936,
        137.99811015436,
        138.28799227736,
        138.62634088535998,
        137.92735960636,
        138.44135903336,
        138.30412397536,
        137.99048505336,
        137.92735712636
      ],
      "exit_codes": [
        0,
        0,
        0,
        0,
        0,
        0,
        0,
        0,
        0,
        0
      ]
    }
  ]
}
