{
  "results": [
    {
      "command": "cargo build --jobs 8 --release --example breakout",
      "mean": 112.64173264876001,
      "stddev": 0.18839975795289973,
      "median": 112.68810133506001,
      "user": 850.6513941599999,
      "system": 22.77417234,
      "min": 112.35993257356,
      "max": 113.02120827456001,
      "times": [
        112.35993257356,
        112.71449082556,
        112.72104081256,
        112.50990243356,
        112.57396020556,
        112.71377597156001,
        112.72302939956,
        112.41755929256,
        112.66242669856001,
        113.02120827456001
      ],
      "exit_codes": [
        0,
        0,
        0,
        0,
        0,
        0,
        0,
        0,
        0,
        0
      ]
    }
  ]
}
