{
  "results": [
    {
      "command": "cargo build --jobs 16 --release --example breakout",
      "mean": 72.62117808768001,
      "stddev": 0.2844193712654896,
      "median": 72.54322155208,
      "user": 1070.00086988,
      "system": 28.221868360000002,
      "min": 72.23943549908,
      "max": 73.09785670708,
      "times": [
        72.47866155407999,
        72.23943549908,
        72.34689338808,
        72.49968036108,
        72.58676274308,
        72.45717489908,
        72.64076028308,
        72.82559160608,
        73.09785670708,
        73.03896383608
      ],
      "exit_codes": [
        0,
        0,
        0,
        0,
        0,
        0,
        0,
        0,
        0,
        0
      ]
    }
  ]
}
