{
  "results": [
    {
      "command": "cargo build --jobs 8 --release --example breakout",
      "mean": 113.75168944219999,
      "stddev": 0.230068712981879,
      "median": 113.7256676952,
      "user": 856.7568651999998,
      "system": 22.90100912,
      "min": 113.3163532562,
      "max": 114.1369539592,
      "times": [
        113.67217470519999,
        113.6650674762,
        114.0271098602,
        113.7791606852,
        113.8117344212,
        113.3163532562,
        113.65040615619999,
        113.8576231022,
        113.60031080019999,
        114.1369539592
      ],
      "exit_codes": [
        0,
        0,
        0,
        0,
        0,
        0,
        0,
        0,
        0,
        0
      ]
    }
  ]
}
