{
  "results": [
    {
      "command": "cargo build --jobs 16 --release --example breakout",
      "mean": 73.43050368648001,
      "stddev": 0.45925822958915236,
      "median": 73.39076930558001,
      "user": 1076.6289483599999,
      "system": 28.412425859999995,
      "min": 72.67471020358,
      "max": 74.34424588358,
      "times": [
        73.37370899458001,
        73.60388379658,
        72.67471020358,
        73.46424811558,
        73.15639225658,
        73.40782961658,
        74.34424588358,
        73.18691091158,
        73.16199811958,
        73.93110896658001
      ],
      "exit_codes": [
        0,
        0,
        0,
        0,
        0,
        0,
        0,
        0,
        0,
        0
      ]
    }
  ]
}
