{
  "results": [
    {
      "command": "cargo build --jobs 16 --release --example breakout",
      "mean": 96.52627938491999,
      "stddev": 0.4550880805813758,
      "median": 96.52398616202,
      "user": 1334.5284491799998,
      "system": 33.37338662,
      "min": 95.58443958502,
      "max": 97.42758335901999,
      "times": [
        95.58443958502,
        96.37355428202,
        96.45437323002,
        96.55930510802,
        96.31074464102,
        96.48866721601999,
        97.42758335901999,
        96.75771444601999,
        96.67866597502,
        96.62774600702
      ],
      "exit_codes": [
        0,
        0,
        0,
        0,
        0,
        0,
        0,
        0,
        0,
        0
      ]
    }
  ]
}
