{
  "results": [
    {
      "command": "cargo build --jobs 8 --release --example breakout",
      "mean": 139.4684874998,
      "stddev": 0.19052048674248429,
      "median": 139.495489309,
      "user": 1065.4377700199998,
      "system": 26.85706194,
      "min": 139.2219451055,
      "max": 139.7748561265,
      "times": [
        139.2272904715,
        139.2963897345,
        139.5977173405,
        139.34454035649998,
        139.55162658449999,
        139.5916188405,
        139.63953840449997,
        139.43935203349997,
        139.7748561265,
        139.2219451055
      ],
      "exit_codes": [
        0,
        0,
        0,
        0,
        0,
        0,
        0,
        0,
        0,
        0
      ]
    }
  ]
}
