{
  "results": [
    {
      "command": "cargo build --jobs 8 --release --example breakout",
      "mean": 123.52321926647998,
      "stddev": 0.11900556095509901,
      "median": 123.56969661228001,
      "user": 949.7633381200001,
      "system": 24.985371599999997,
      "min": 123.31226302328,
      "max": 123.63448050028,
      "times": [
        123.60450565128001,
        123.31226302328,
        123.54650337228,
        123.63448050028,
        123.35642761928,
        123.61975665428,
        123.42336556728,
        123.59288985228001,
        123.62973681528,
        123.51226360928
      ],
      "exit_codes": [
        0,
        0,
        0,
        0,
        0,
        0,
        0,
        0,
        0,
        0
      ]
    }
  ]
}
