{
  "results": [
    {
      "command": "cargo build --jobs 16 --release --example breakout",
      "mean": 77.46951599823998,
      "stddev": 0.3602809084075681,
      "median": 77.34188849494001,
      "user": 1144.7955541200001,
      "system": 29.51145626,
      "min": 77.11896301744,
      "max": 78.27422972144001,
      "times": [
        77.66750442244,
        78.27422972144001,
        77.11896301744,
        77.19536451344,
        77.39619493944001,
        77.28758205044001,
        77.78753386244,
        77.55178646144,
        77.21919268944,
        77.19680830444
      ],
      "exit_codes": [
        0,
        0,
        0,
        0,
        0,
        0,
        0,
        0,
        0,
        0
      ]
    }
  ]
}
