{
  "results": [
    {
      "command": "cargo build --jobs 8 --release --example breakout",
      "mean": 120.13200621484,
      "stddev": 0.13449114257996117,
      "median": 120.12677059333998,
      "user": 909.6059321399998,
      "system": 24.13632137999999,
      "min": 119.90381965834,
      "max": 120.35286242734,
      "times": [
        120.25749939533999,
        120.10157133534,
        120.35286242734,
        120.14697658733999,
        119.90381965834,
        120.12975237133999,
        120.00745362033999,
        120.02788414033999,
        120.12378881533999,
        120.26845379733999
      ],
      "exit_codes": [
        0,
        0,
        0,
        0,
        0,
        0,
        0,
        0,
        0,
        0
      ]
    }
  ]
}
