{
  "results": [
    {
      "command": "cargo build --jobs 16 --release --example breakout",
      "mean": 78.54024788586,
      "stddev": 0.39193492133816876,
      "median": 78.53711068506,
      "user": 1147.16954382,
      "system": 29.67489858,
      "min": 78.08052621706,
      "max": 79.44831840506,
      "times": [
        78.20645947406,
        78.62349285405999,
        78.18869380305999,
        78.49591595906,
        78.60028420606,
        78.08052621706,
        78.57830541106,
        78.80544968705999,
        78.37503284206,
        79.44831840506
      ],
      "exit_codes": [
        0,
        0,
        0,
        0,
        0,
        0,
        0,
        0,
        0,
        0
      ]
    }
  ]
}
