{
  "results": [
    {
      "command": "cargo build --jobs 16 --release --example breakout",
      "mean": 87.32726307970003,
      "stddev": 0.45612714138838123,
      "median": 87.35894888370001,
      "user": 1218.02501152,
      "system": 32.004297779999995,
      "min": 86.57091684170001,
      "max": 87.8954769197,
      "times": [
        86.57091684170001,
        87.44563013470001,
        87.00318420170001,
        87.8954769197,
        87.8190662617,
        87.63351559670001,
        86.7041777987,
        87.2473102687,
        87.27226763270001,
        87.6810851407
      ],
      "exit_codes": [
        0,
        0,
        0,
        0,
        0,
        0,
        0,
        0,
        0,
        0
      ]
    }
  ]
}
