{
  "results": [
    {
      "command": "cargo build --jobs 8 --release --example breakout",
      "mean": 126.85274570608001,
      "stddev": 0.10970423597893182,
      "median": 126.83793081088001,
      "user": 972.7913562800001,
      "system": 25.544431599999992,
      "min": 126.71823202988,
      "max": 127.07259785588,
      "times": [
        126.95649441988,
        126.86376491688,
        126.90088160588,
        126.78391646988,
        127.07259785588,
        126.74773103788,
        126.76273894488,
        126.90900307488,
        126.71823202988,
        126.81209670488
      ],
      "exit_codes": [
        0,
        0,
        0,
        0,
        0,
        0,
        0,
        0,
        0,
        0
      ]
    }
  ]
}
