{
  "results": [
    {
      "command": "cargo build --jobs 16 --release --example breakout",
      "mean": 70.86296036922002,
      "stddev": 0.6791877365572535,
      "median": 70.76871014942,
      "user": 1001.9951568,
      "system": 27.295475280000005,
      "min": 69.40439859992,
      "max": 71.96933350492,
      "times": [
        70.81810112492,
        70.71931917392,
        69.40439859992,
        70.67006133492,
        71.27996061092,
        71.96933350492,
        70.63710059592,
        71.25802090892,
        71.35409167092,
        70.51921616692
      ],
      "exit_codes": [
        0,
        0,
        0,
        0,
        0,
        0,
        0,
        0,
        0,
        0
      ]
    }
  ]
}
