{
  "results": [
    {
      "command": "cargo build --jobs 16 --release --example breakout",
      "mean": 75.16503096455999,
      "stddev": 0.1735882334243963,
      "median": 75.23591572066,
      "user": 1137.0362447799998,
      "system": 30.41871704,
      "min": 74.91971088166,
      "max": 75.35996094666,
      "times": [
        75.26462572366,
        75.03726616266,
        75.27752742066001,
        75.32111359866,
        75.20720571766,
        74.91971088166,
        75.35996094666,
        74.99750300666,
        75.32995538066,
        74.93544080666
      ],
      "exit_codes": [
        0,
        0,
        0,
        0,
        0,
        0,
        0,
        0,
        0,
        0
      ]
    }
  ]
}
