{
  "results": [
    {
      "command": "cargo build --jobs 8 --release --example breakout",
      "mean": 116.97507699456,
      "stddev": 0.1802818838063858,
      "median": 117.01289168536002,
      "user": 902.0762200199999,
      "system": 24.72728102,
      "min": 116.65002649936001,
      "max": 117.28804101536001,
      "times": [
        116.93028071736,
        117.09644918636,
        117.00330892736001,
        117.06589057336001,
        116.65002649936001,
        117.02247444336001,
        117.06263605136,
        116.85115931136001,
        116.78050322036,
        117.28804101536001
      ],
      "exit_codes": [
        0,
        0,
        0,
        0,
        0,
        0,
        0,
        0,
        0,
        0
      ]
    }
  ]
}
