{
  "results": [
    {
      "command": "cargo build --jobs 8 --release --example breakout",
      "mean": 132.78505104823998,
      "stddev": 0.14518786732766956,
      "median": 132.73834530314,
      "user": 1020.32137272,
      "system": 24.72805528,
      "min": 132.63462762714,
      "max": 133.06827492114,
      "times": [
        132.63462762714,
        133.06827492114,
        132.74401860414,
        133.01989027814,
        132.77806228314,
        132.73267200214,
        132.70391475514,
        132.66974339214,
        132.79895948313998,
        132.70034713613998
      ],
      "exit_codes": [
        0,
        0,
        0,
        0,
        0,
        0,
        0,
        0,
        0,
        0
      ]
    }
  ]
}
