{
  "results": [
    {
      "command": "cargo build --jobs 8 --release --example breakout",
      "mean": 129.02641434254,
      "stddev": 0.10666768572174616,
      "median": 129.02876468713998,
      "user": 986.7342119799998,
      "system": 26.00298338,
      "min": 128.86217110964,
      "max": 129.18813376164,
      "times": [
        128.88249482764,
        129.08005982464,
        129.18813376164,
        129.00233293264,
        129.05519644164,
        128.95544728264,
        129.08835569363998,
        129.00188515264,
        129.14806639864,
        128.86217110964
      ],
      "exit_codes": [
        0,
        0,
        0,
        0,
        0,
        0,
        0,
        0,
        0,
        0
      ]
    }
  ]
}
