{
  "results": [
    {
      "command": "cargo build --jobs 8 --release --example breakout",
      "mean": 117.52364039278,
      "stddev": 0.3353756704826168,
      "median": 117.37651051078001,
      "user": 906.31032168,
      "system": 23.962849839999997,
      "min": 117.24226323428,
      "max": 118.21286440828,
      "times": [
        117.38521058928,
        118.21286440828,
        117.39739382328,
        117.24226323428,
        117.36781043228001,
        117.56417989028,
        118.06128711728,
        117.35891844928,
        117.33969576128,
        117.30678022228
      ],
      "exit_codes": [
        0,
        0,
        0,
        0,
        0,
        0,
        0,
        0,
        0,
        0
      ]
    }
  ]
}
