{
  "results": [
    {
      "command": "cargo build --jobs 16 --release --example breakout",
      "mean": 76.19271971026001,
      "stddev": 0.7144488085318037,
      "median": 76.12776535206001,
      "user": 1144.82611666,
      "system": 29.638875500000005,
      "min": 75.53644577306,
      "max": 78.04344289306,
      "times": [
        76.30698174806,
        76.31277088106,
        78.04344289306,
        75.68766339706,
        76.26733132106,
        75.70566080406,
        75.53644577306,
        75.79050707706,
        76.28819382506,
        75.98819938306
      ],
      "exit_codes": [
        0,
        0,
        0,
        0,
        0,
        0,
        0,
        0,
        0,
        0
      ]
    }
  ]
}
