{
  "results": [
    {
      "command": "cargo build --jobs 8 --release --example breakout",
      "mean": 117.10173524164001,
      "stddev": 0.22091125854721166,
      "median": 117.17228897734,
      "user": 899.27959892,
      "system": 24.03483734,
      "min": 116.75087660234,
      "max": 117.43423333834001,
      "times": [
        116.86826628634,
        117.43423333834001,
        117.21242002234,
        116.88897029034,
        116.75087660234,
        117.20987739034,
        117.18737196134,
        117.15720599334,
        116.97247609934,
        117.33565443234001
      ],
      "exit_codes": [
        0,
        0,
        0,
        0,
        0,
        0,
        0,
        0,
        0,
        0
      ]
    }
  ]
}
