{
  "results": [
    {
      "command": "cargo build --jobs 8 --release --example breakout",
      "mean": 133.12915447272002,
      "stddev": 0.094516509618725,
      "median": 133.10978094282,
      "user": 1022.5850322599999,
      "system": 24.9890113,
      "min": 133.00876428031998,
      "max": 133.36302056532,
      "times": [
        133.06842816131999,
        133.15596475432,
        133.00876428031998,
        133.13714233032,
        133.16869944132,
        133.12306693532,
        133.07568319132,
        133.36302056532,
        133.09649495032,
        133.09428011731998
      ],
      "exit_codes": [
        0,
        0,
        0,
        0,
        0,
        0,
        0,
        0,
        0,
        0
      ]
    }
  ]
}
