{
  "results": [
    {
      "command": "cargo build --jobs 16 --release --example breakout",
      "mean": 90.30612420298,
      "stddev": 1.3799034960196528,
      "median": 89.63715924588,
      "user": 1282.5599306399997,
      "system": 31.010101279999997,
      "min": 88.72376381238,
      "max": 92.40246362938,
      "times": [
        89.38071711638,
        90.93960097838,
        88.72376381238,
        92.40246362938,
        89.27930349438,
        89.64257877438,
        92.23676127438,
        89.13119302538,
        91.69312020738,
        89.63173971738
      ],
      "exit_codes": [
        0,
        0,
        0,
        0,
        0,
        0,
        0,
        0,
        0,
        0
      ]
    }
  ]
}
