{
  "results": [
    {
      "command": "cargo build --jobs 8 --release --example breakout",
      "mean": 117.05660988504,
      "stddev": 0.17407827836516213,
      "median": 117.05316324724001,
      "user": 902.7310495600001,
      "system": 23.75946422,
      "min": 116.67469761374001,
      "max": 117.33272647874,
      "times": [
        117.13007769374,
        117.14946105274001,
        116.67469761374001,
        117.03792525774,
        116.95765768874,
        117.19866464474,
        116.97856192574001,
        117.04374096874001,
        117.06258552574,
        117.33272647874
      ],
      "exit_codes": [
        0,
        0,
        0,
        0,
        0,
        0,
        0,
        0,
        0,
        0
      ]
    }
  ]
}
