{
  "results": [
    {
      "command": "cargo build --jobs 16 --release --example breakout",
      "mean": 75.48443467828,
      "stddev": 0.2020794472520713,
      "median": 75.51995618628,
      "user": 1139.5904113999998,
      "system": 29.254924059999997,
      "min": 75.06679145278,
      "max": 75.76260245078,
      "times": [
        75.60037924778,
        75.50008258278,
        75.60840643978,
        75.06679145278,
        75.76260245078,
        75.24999494277999,
        75.53115308678,
        75.62600694378,
        75.50875928578,
        75.39017034977999
      ],
      "exit_codes": [
        0,
        0,
        0,
        0,
        0,
        0,
        0,
        0,
        0,
        0
      ]
    }
  ]
}
