{
  "results": [
    {
      "command": "cargo build --jobs 16 --release --example breakout",
      "mean": 77.95569279524,
      "stddev": 0.25995644303209087,
      "median": 78.04457095864001,
      "user": 1142.0502891999997,
      "system": 30.072956679999997,
      "min": 77.42508987864001,
      "max": 78.19577726064,
      "times": [
        77.86907651464,
        78.12118449964001,
        78.19577726064,
        77.58938657864,
        78.14131826664,
        77.97870244464,
        77.96812492864001,
        78.15782810764,
        78.11043947264001,
        77.42508987864001
      ],
      "exit_codes": [
        0,
        0,
        0,
        0,
        0,
        0,
        0,
        0,
        0,
        0
      ]
    }
  ]
}
