{
  "results": [
    {
      "command": "cargo build --jobs 16 --release --example breakout",
      "mean": 75.17218152958,
      "stddev": 0.27715411993049643,
      "median": 75.23283093548,
      "user": 1141.31092182,
      "system": 29.14972438,
      "min": 74.71665232848,
      "max": 75.50447084448,
      "times": [
        75.50447084448,
        75.21185779348,
        74.81969238447999,
        75.07598808348,
        75.25380407748,
        75.36506650748,
        74.92749117748,
        75.48809897848,
        74.71665232848,
        75.35869312048
      ],
      "exit_codes": [
        0,
        0,
        0,
        0,
        0,
        0,
        0,
        0,
        0,
        0
      ]
    }
  ]
}
