{
  "results": [
    {
      "command": "cargo build --jobs 16 --release --example breakout",
      "mean": 75.33680069346,
      "stddev": 0.25957244471698615,
      "median": 75.40711409286,
      "user": 1141.41393996,
      "system": 29.669726579999995,
      "min": 74.80518630835999,
      "max": 75.65881774736,
      "times": [
        75.39806965636,
        74.80518630835999,
        75.41615852936,
        75.65881774736,
        75.51395367536,
        75.03221172636,
        75.49895788036,
        75.33125045836,
        75.18528735235999,
        75.52811360036
      ],
      "exit_codes": [
        0,
        0,
        0,
        0,
        0,
        0,
        0,
        0,
        0,
        0
      ]
    }
  ]
}
