{
  "results": [
    {
      "command": "cargo build --jobs 8 --release --example breakout",
      "mean": 117.21675851526,
      "stddev": 0.1361288565485673,
      "median": 117.16747241496,
      "user": 903.1584314600001,
      "system": 23.758807979999997,
      "min": 117.01490853346,
      "max": 117.41541881646,
      "times": [
        117.01490853346,
        117.30674072246,
        117.12147083746001,
        117.12068474646,
        117.14664854746,
        117.35397139946001,
        117.12042181446,
        117.18829628246,
        117.37902345246,
        117.41541881646
      ],
      "exit_codes": [
        0,
        0,
        0,
        0,
        0,
        0,
        0,
        0,
        0,
        0
      ]
    }
  ]
}
