{
  "results": [
    {
      "command": "cargo build --jobs 8 --release --example breakout",
      "mean": 117.19377136844,
      "stddev": 0.07253917573519053,
      "median": 117.17583910044,
      "user": 903.8432456800001,
      "system": 24.0657959,
      "min": 117.10859707594,
      "max": 117.29897519194,
      "times": [
        117.10859707594,
        117.18694150894,
        117.29058426194,
        117.15513582894,
        117.26769887794,
        117.29897519194,
        117.11679883394,
        117.22470726594,
        117.12353814694,
        117.16473669194
      ],
      "exit_codes": [
        0,
        0,
        0,
        0,
        0,
        0,
        0,
        0,
        0,
        0
      ]
    }
  ]
}
