{
  "results": [
    {
      "command": "cargo build --jobs 16 --release --example breakout",
      "mean": 75.62054815012,
      "stddev": 0.5193178546268924,
      "median": 75.58700552342,
      "user": 1139.06907958,
      "system": 29.478080439999996,
      "min": 74.95474000942,
      "max": 76.93089284642,
      "times": [
        75.76138011342,
        75.61106476442,
        75.56294628242,
        74.95474000942,
        75.63454906742,
        76.93089284642,
        75.27656028941999,
        75.43634110142,
        75.33089764242,
        75.70610938442
      ],
      "exit_codes": [
        0,
        0,
        0,
        0,
        0,
        0,
        0,
        0,
        0,
        0
      ]
    }
  ]
}
