{
  "results": [
    {
      "command": "cargo build --jobs 16 --release --example breakout",
      "mean": 92.19070046626,
      "stddev": 1.3168892345162804,
      "median": 91.87634062366,
      "user": 1293.42926732,
      "system": 31.817012919999996,
      "min": 90.82863375716,
      "max": 94.90561936416,
      "times": [
        90.82863375716,
        92.50551150216,
        91.37975665616,
        93.22912903816,
        92.37292459116,
        91.07054128916,
        93.27182104816,
        94.90561936416,
        91.09244665716,
        91.25062075916
      ],
      "exit_codes": [
        0,
        0,
        0,
        0,
        0,
        0,
        0,
        0,
        0,
        0
      ]
    }
  ]
}
