{
  "results": [
    {
      "command": "cargo build --jobs 8 --release --example breakout",
      "mean": 134.95759136296,
      "stddev": 0.20039407695074116,
      "median": 135.03075357685998,
      "user": 1032.6712076600002,
      "system": 25.52030398,
      "min": 134.54273094986,
      "max": 135.16412412585998,
      "times": [
        134.54273094986,
        135.08162295186,
        134.88520003085998,
        134.68775803286,
        135.04452092186,
        135.16412412585998,
        135.12700838886,
        135.07338842086,
        135.01698623186,
        134.95257357486
      ],
      "exit_codes": [
        0,
        0,
        0,
        0,
        0,
        0,
        0,
        0,
        0,
        0
      ]
    }
  ]
}
