{
  "results": [
    {
      "command": "cargo build --jobs 16 --release --example breakout",
      "mean": 92.16684195997999,
      "stddev": 1.3922437266875913,
      "median": 91.53202289548,
      "user": 1284.84513892,
      "system": 31.431828359999997,
      "min": 90.57239829048,
      "max": 94.40739429147999,
      "times": [
        91.37793298348,
        91.59884107648,
        91.08062782148,
        90.57239829048,
        92.21882596948,
        94.40739429147999,
        91.46520471448,
        94.26735254847999,
        91.15864200848,
        93.52119989548
      ],
      "exit_codes": [
        0,
        0,
        0,
        0,
        0,
        0,
        0,
        0,
        0,
        0
      ]
    }
  ]
}
