{
  "results": [
    {
      "command": "cargo build --jobs 16 --release --example breakout",
      "mean": 77.91105051738,
      "stddev": 2.41146664403741,
      "median": 77.14202252828,
      "user": 1141.9332799600002,
      "system": 29.442591300000004,
      "min": 77.06680927528001,
      "max": 84.76996709328,
      "times": [
        77.17434993228001,
        77.07524410128,
        77.10757289828001,
        77.15235468528,
        77.36362634128001,
        77.13169037128,
        77.09407350328,
        77.06680927528001,
        77.17481697228001,
        84.76996709328
      ],
      "exit_codes": [
        0,
        0,
        0,
        0,
        0,
        0,
        0,
        0,
        0,
        0
      ]
    }
  ]
}
