{
  "results": [
    {
      "command": "cargo build --jobs 16 --release --example breakout",
      "mean": 96.51940990616,
      "stddev": 1.0629524965063748,
      "median": 96.49731139395999,
      "user": 1348.5369476,
      "system": 32.09249572,
      "min": 95.35133844846,
      "max": 98.28609527046,
      "times": [
        97.46512125746,
        98.28609527046,
        96.98842177346,
        96.09380896546,
        95.51336596546,
        97.58340436346,
        95.65341116746,
        95.35133844846,
        95.35831802746,
        96.90081382246
      ],
      "exit_codes": [
        0,
        0,
        0,
        0,
        0,
        0,
        0,
        0,
        0,
        0
      ]
    }
  ]
}
