{
  "results": [
    {
      "command": "cargo build --jobs 8 --release --example breakout",
      "mean": 141.65486317638,
      "stddev": 4.681445892373273,
      "median": 140.19153643968,
      "user": 1076.4634379200002,
      "system": 25.852292239999997,
      "min": 139.87443019368,
      "max": 154.96658981968,
      "times": [
        139.87443019368,
        139.91423361668,
        140.39859777468,
        154.96658981968,
        140.28416406568002,
        140.09014042868,
        140.21839827268,
        140.52056298168,
        140.16467460668,
        140.11684000368
      ],
      "exit_codes": [
        0,
        0,
        0,
        0,
        0,
        0,
        0,
        0,
        0,
        0
      ]
    }
  ]
}
