{
  "results": [
    {
      "command": "cargo build --jobs 16 --release --example breakout",
      "mean": 75.19511663616001,
      "stddev": 0.3960357088771762,
      "median": 75.07634372586,
      "user": 1139.9664052800001,
      "system": 29.60470234,
      "min": 74.65918856436,
      "max": 75.66758125636,
      "times": [
        74.89977795936,
        75.66066228736,
        75.10579067936,
        75.04689677236,
        74.85701839736,
        75.57818727936,
        74.84911387636,
        74.65918856436,
        75.62694928936,
        75.66758125636
      ],
      "exit_codes": [
        0,
        0,
        0,
        0,
        0,
        0,
        0,
        0,
        0,
        0
      ]
    }
  ]
}
