{
  "results": [
    {
      "command": "cargo build --jobs 8 --release --example breakout",
      "mean": 134.9062338242,
      "stddev": 0.10715528413878989,
      "median": 134.88660959499998,
      "user": 1031.3346264799998,
      "system": 25.00606688,
      "min": 134.7556677755,
      "max": 135.0792517905,
      "times": [
        134.9531549645,
        134.9948305975,
        134.8027581875,
        134.88083280749998,
        134.89238638249998,
        134.7556677755,
        134.81719749349998,
        134.84697872849998,
        135.0792517905,
        135.03927951449998
      ],
      "exit_codes": [
        0,
        0,
        0,
        0,
        0,
        0,
        0,
        0,
        0,
        0
      ]
    }
  ]
}
