{
  "results": [
    {
      "command": "cargo build --jobs 8 --release --example breakout",
      "mean": 124.83883684958,
      "stddev": 0.6012592658091885,
      "median": 124.83943069408001,
      "user": 958.87554652,
      "system": 24.307351519999997,
      "min": 124.20641208758,
      "max": 125.50021762058,
      "times": [
        125.29910779858001,
        124.20641208758,
        125.44315716458,
        124.29677189058,
        124.25356912858001,
        125.50021762058,
        124.22944950258001,
        124.37975358958,
        125.30869651858,
        125.47123319458001
      ],
      "exit_codes": [
        0,
        0,
        0,
        0,
        0,
        0,
        0,
        0,
        0,
        0
      ]
    }
  ]
}
