{
  "results": [
    {
      "command": "cargo build --jobs 16 --release --example breakout",
      "mean": 83.74693402346,
      "stddev": 1.749823305335329,
      "median": 83.46400113636,
      "user": 1203.88455866,
      "system": 29.984360279999997,
      "min": 81.96866915535999,
      "max": 87.92721478636,
      "times": [
        83.06607613135999,
        84.74960082436,
        87.92721478636,
        82.41049902536,
        82.09978035136,
        83.20697699736,
        83.72102527535999,
        83.76048559136,
        81.96866915535999,
        84.55901209636
      ],
      "exit_codes": [
        0,
        0,
        0,
        0,
        0,
        0,
        0,
        0,
        0,
        0
      ]
    }
  ]
}
