{
  "results": [
    {
      "command": "cargo build --jobs 16 --release --example breakout",
      "mean": 90.19954707004001,
      "stddev": 0.5773178335014766,
      "median": 90.28637134134,
      "user": 1256.9577216999999,
      "system": 30.32534236,
      "min": 89.35572513384001,
      "max": 91.07002150384001,
      "times": [
        90.53410713584,
        89.75775543984,
        90.55379125584001,
        89.40414629484,
        90.37171620084,
        89.35572513384001,
        90.80626451784,
        89.94091673584,
        91.07002150384001,
        90.20102648184
      ],
      "exit_codes": [
        0,
        0,
        0,
        0,
        0,
        0,
        0,
        0,
        0,
        0
      ]
    }
  ]
}
