{
  "results": [
    {
      "command": "cargo build --jobs 8 --release --example breakout",
      "mean": 130.97556555123998,
      "stddev": 0.32858685460102294,
      "median": 130.93211785173997,
      "user": 1005.0272424199999,
      "system": 24.360604199999997,
      "min": 130.64805782824,
      "max": 131.70687477024,
      "times": [
        130.75472922024,
        131.70687477024,
        130.96572930524,
        130.96946943224,
        131.20963830624,
        131.21505332224,
        130.64975947624,
        130.89850639824,
        130.73783745324,
        130.64805782824
      ],
      "exit_codes": [
        0,
        0,
        0,
        0,
        0,
        0,
        0,
        0,
        0,
        0
      ]
    }
  ]
}
