{
  "results": [
    {
      "command": "cargo build --jobs 16 --release --example breakout",
      "mean": 76.0536821346,
      "stddev": 0.381495344576228,
      "median": 76.1602761051,
      "user": 1145.6399827599998,
      "system": 29.698674599999997,
      "min": 75.3643791101,
      "max": 76.59779735709999,
      "times": [
        75.8522769521,
        76.2146084611,
        76.59779735709999,
        75.3643791101,
        76.3754364171,
        76.2017956931,
        76.1187565171,
        75.9693736981,
        76.3086757271,
        75.5337214131
      ],
      "exit_codes": [
        0,
        0,
        0,
        0,
        0,
        0,
        0,
        0,
        0,
        0
      ]
    }
  ]
}
