{
  "results": [
    {
      "command": "cargo build --jobs 8 --release --example breakout",
      "mean": 117.37132418435999,
      "stddev": 0.21037383849882854,
      "median": 117.31128652806001,
      "user": 906.2432003399999,
      "system": 24.05418738,
      "min": 117.19324032456,
      "max": 117.91762900556,
      "times": [
        117.21954588156,
        117.19324032456,
        117.26419980156,
        117.29745961556,
        117.24577008055999,
        117.91762900556,
        117.40432996756,
        117.37905282956,
        117.32511344056,
        117.46690089655999
      ],
      "exit_codes": [
        0,
        0,
        0,
        0,
        0,
        0,
        0,
        0,
        0,
        0
      ]
    }
  ]
}
