{
  "results": [
    {
      "command": "cargo build --jobs 8 --release --example breakout",
      "mean": 117.14776670698,
      "stddev": 0.19841155274017203,
      "median": 117.18427840828,
      "user": 904.1184853000001,
      "system": 23.90232782,
      "min": 116.71561814378,
      "max": 117.45403915678,
      "times": [
        116.71561814378,
        117.27679864578,
        117.15087969878,
        117.07683746178,
        117.45403915678,
        117.24799834378,
        116.96579669378,
        117.20488895678,
        117.16366785978,
        117.22114210878
      ],
      "exit_codes": [
        0,
        0,
        0,
        0,
        0,
        0,
        0,
        0,
        0,
        0
      ]
    }
  ]
}
