{
  "results": [
    {
      "command": "cargo build --jobs 8 --release --example breakout",
      "mean": 106.25284022572,
      "stddev": 0.2847130796437616,
      "median": 106.34843683932,
      "user": 801.46287596,
      "system": 21.6245809,
      "min": 105.72912148932001,
      "max": 106.55879972632,
      "times": [
        106.17844055032,
        106.55879972632,
        106.33739748932,
        106.44059763532,
        105.72912148932001,
        106.50547624332,
        105.78883679032,
        106.22718406832,
        106.35947618932,
        106.40307207532
      ],
      "exit_codes": [
        0,
        0,
        0,
        0,
        0,
        0,
        0,
        0,
        0,
        0
      ]
    }
  ]
}
