{
  "results": [
    {
      "command": "cargo build --jobs 16 --release --example breakout",
      "mean": 70.38359697679999,
      "stddev": 0.6972987725872482,
      "median": 70.6125522023,
      "user": 1005.8670544600002,
      "system": 27.17469562,
      "min": 69.3808682368,
      "max": 71.4898398318,
      "times": [
        69.84961807079999,
        70.71207715579999,
        71.00955999279999,
        69.6404259648,
        71.4898398318,
        69.3808682368,
        70.65560541079999,
        70.5694989938,
        70.8441454708,
        69.6843306398
      ],
      "exit_codes": [
        0,
        0,
        0,
        0,
        0,
        0,
        0,
        0,
        0,
        0
      ]
    }
  ]
}
