{
  "results": [
    {
      "command": "cargo build --jobs 16 --release --example breakout",
      "mean": 82.25264302251999,
      "stddev": 0.7651771911645898,
      "median": 82.04375790521999,
      "user": 1234.99108452,
      "system": 31.26816512,
      "min": 81.70217860972,
      "max": 84.22298195072,
      "times": [
        81.71043332872,
        82.08417494772,
        82.56030276172,
        82.59058443971999,
        81.78516675272,
        81.70217860972,
        82.11906093772,
        81.74820563371999,
        82.00334086272,
        84.22298195072
      ],
      "exit_codes": [
        0,
        0,
        0,
        0,
        0,
        0,
        0,
        0,
        0,
        0
      ]
    }
  ]
}
