{
  "results": [
    {
      "command": "cargo build --jobs 16 --release --example breakout",
      "mean": 73.90105936174,
      "stddev": 0.8961984816150181,
      "median": 73.82168868844,
      "user": 1061.3413134000002,
      "system": 27.954195220000003,
      "min": 72.83063561194,
      "max": 75.31538353994,
      "times": [
        75.31538353994,
        73.12183641094,
        73.93484993594001,
        72.83063561194,
        72.87134713194,
        74.56234803894,
        74.58741001594001,
        73.70852744094,
        73.19348779194,
        74.88476769894
      ],
      "exit_codes": [
        0,
        0,
        0,
        0,
        0,
        0,
        0,
        0,
        0,
        0
      ]
    }
  ]
}
