{
  "results": [
    {
      "command": "cargo build --jobs 8 --release --example breakout",
      "mean": 112.34237159129998,
      "stddev": 0.14091539745103096,
      "median": 112.37925188599999,
      "user": 846.7361415599999,
      "system": 22.3107534,
      "min": 111.9814056475,
      "max": 112.45933521149999,
      "times": [
        112.2771963985,
        112.3489170405,
        112.3855673275,
        112.3729364445,
        112.4381516795,
        112.40703297649999,
        112.2992869855,
        111.9814056475,
        112.45933521149999,
        112.4538862015
      ],
      "exit_codes": [
        0,
        0,
        0,
        0,
        0,
        0,
        0,
        0,
        0,
        0
      ]
    }
  ]
}
