{
  "results": [
    {
      "command": "cargo build --jobs 16 --release --example breakout",
      "mean": 77.99741999183999,
      "stddev": 0.29181684189476953,
      "median": 77.93657260404,
      "user": 1144.6003179000002,
      "system": 29.766746459999997,
      "min": 77.62794014203999,
      "max": 78.56391263604,
      "times": [
        78.32135071504,
        77.76072225304,
        77.82635165104,
        77.85583836603999,
        78.12853210704,
        77.62794014203999,
        78.01730684204,
        78.12797810504,
        78.56391263604,
        77.74426710104
      ],
      "exit_codes": [
        0,
        0,
        0,
        0,
        0,
        0,
        0,
        0,
        0,
        0
      ]
    }
  ]
}
