{
  "results": [
    {
      "command": "cargo build --jobs 16 --release --example breakout",
      "mean": 76.21894770822,
      "stddev": 0.25954568406088147,
      "median": 76.16784727772,
      "user": 1147.2255280200002,
      "system": 29.435651959999994,
      "min": 75.90588007122,
      "max": 76.64251611022,
      "times": [
        75.90588007122,
        75.96654479422,
        76.00772023822,
        76.64251611022,
        76.24100327122,
        76.09469128422,
        76.02766441522,
        76.37822223622,
        76.57192491822,
        76.35330974322
      ],
      "exit_codes": [
        0,
        0,
        0,
        0,
        0,
        0,
        0,
        0,
        0,
        0
      ]
    }
  ]
}
