{
  "results": [
    {
      "command": "cargo build --jobs 8 --release --example breakout",
      "mean": 118.09687205259999,
      "stddev": 0.3430275161995547,
      "median": 118.1867633914,
      "user": 906.71212082,
      "system": 23.813492160000003,
      "min": 117.5380146569,
      "max": 118.7084902649,
      "times": [
        117.5380146569,
        118.0235716429,
        118.2848066709,
        118.7084902649,
        118.19267599690001,
        118.02815058590001,
        118.2388436469,
        117.5685143669,
        118.2048019079,
        118.1808507859
      ],
      "exit_codes": [
        0,
        0,
        0,
        0,
        0,
        0,
        0,
        0,
        0,
        0
      ]
    }
  ]
}
