{
  "results": [
    {
      "command": "cargo build --jobs 8 --release --example breakout",
      "mean": 120.04871577488,
      "stddev": 0.16059940748650997,
      "median": 120.10598866488,
      "user": 908.5371706600001,
      "system": 24.650383100000003,
      "min": 119.75427008888,
      "max": 120.22148581888,
      "times": [
        119.89840637388001,
        120.15775255888,
        120.07091488188,
        120.20919963488,
        120.16931968588,
        119.98088878188,
        120.22148581888,
        119.75427008888,
        119.88385747588,
        120.14106244788
      ],
      "exit_codes": [
        0,
        0,
        0,
        0,
        0,
        0,
        0,
        0,
        0,
        0
      ]
    }
  ]
}
