{
  "results": [
    {
      "command": "cargo build --jobs 8 --release --example breakout",
      "mean": 112.28097458998002,
      "stddev": 0.24767635809626168,
      "median": 112.18787118788,
      "user": 847.6631513799997,
      "system": 22.65475514,
      "min": 111.93125634588,
      "max": 112.70165889388,
      "times": [
        112.70165889388,
        111.93125634588,
        112.14639550688,
        112.52241148588,
        112.22934686888,
        112.14113956788,
        112.57831769588,
        112.12930300888,
        112.34545349288,
        112.08446303288
      ],
      "exit_codes": [
        0,
        0,
        0,
        0,
        0,
        0,
        0,
        0,
        0,
        0
      ]
    }
  ]
}
