{
  "results": [
    {
      "command": "cargo build --jobs 16 --release --example breakout",
      "mean": 78.04214794838,
      "stddev": 0.1293906550777085,
      "median": 78.03626856928,
      "user": 1178.8544377199999,
      "system": 30.044556139999997,
      "min": 77.83590468828001,
      "max": 78.24711772628001,
      "times": [
        78.03871985128,
        78.03381728728,
        78.16889329728001,
        78.15342648328,
        78.24711772628001,
        77.96216967628001,
        77.87253913528001,
        78.08711058528,
        78.02178075328001,
        77.83590468828001
      ],
      "exit_codes": [
        0,
        0,
        0,
        0,
        0,
        0,
        0,
        0,
        0,
        0
      ]
    }
  ]
}
