{
  "results": [
    {
      "command": "cargo build --jobs 8 --release --example breakout",
      "mean": 121.69425502141999,
      "stddev": 0.27716029792391034,
      "median": 121.68645028532,
      "user": 932.3285609000002,
      "system": 24.426718920000003,
      "min": 121.37043653732,
      "max": 122.21408574532,
      "times": [
        121.71922694532,
        121.54002647632,
        121.40610521832001,
        121.65367362532,
        121.77386436732,
        122.21408574532,
        121.41101567532,
        121.84884518132,
        121.37043653732,
        122.00527044232
      ],
      "exit_codes": [
        0,
        0,
        0,
        0,
        0,
        0,
        0,
        0,
        0,
        0
      ]
    }
  ]
}
