{
  "results": [
    {
      "command": "cargo build --jobs 16 --release --example breakout",
      "mean": 96.58421020441997,
      "stddev": 0.5698630946295741,
      "median": 96.38436782862001,
      "user": 1335.25013682,
      "system": 33.48407103999999,
      "min": 95.89442853812001,
      "max": 97.52246963212,
      "times": [
        96.20989073112,
        96.28570510612,
        97.49714895312,
        95.89442853812001,
        96.56622353112,
        96.37040834812001,
        97.00743635112,
        96.39832730912,
        97.52246963212,
        96.09006354412
      ],
      "exit_codes": [
        0,
        0,
        0,
        0,
        0,
        0,
        0,
        0,
        0,
        0
      ]
    }
  ]
}
