{
  "results": [
    {
      "command": "cargo build --jobs 8 --release --example breakout",
      "mean": 139.35132600878,
      "stddev": 0.18117490306282233,
      "median": 139.27569108287997,
      "user": 1067.2273023,
      "system": 26.836001539999994,
      "min": 139.19208947538,
      "max": 139.63831264537998,
      "times": [
        139.24883388638,
        139.61741319537998,
        139.30994714137998,
        139.63831264537998,
        139.19614608038,
        139.29155057737998,
        139.56268238037998,
        139.25983158838,
        139.19645311738,
        139.19208947538
      ],
      "exit_codes": [
        0,
        0,
        0,
        0,
        0,
        0,
        0,
        0,
        0,
        0
      ]
    }
  ]
}
