{
  "results": [
    {
      "command": "cargo build --jobs 16 --release --example breakout",
      "mean": 81.85015562158,
      "stddev": 0.523049717314218,
      "median": 81.73273405617999,
      "user": 1230.48227996,
      "system": 31.077355040000004,
      "min": 81.14922171818,
      "max": 82.71866688418,
      "times": [
        81.14922171818,
        81.53522422518,
        82.28367201617999,
        82.59552575418,
        81.64394815317999,
        82.71866688418,
        81.52556365718,
        81.82151995918,
        81.37559635017999,
        81.85261749818
      ],
      "exit_codes": [
        0,
        0,
        0,
        0,
        0,
        0,
        0,
        0,
        0,
        0
      ]
    }
  ]
}
