{
  "results": [
    {
      "command": "cargo build --jobs 8 --release --example breakout",
      "mean": 133.16913102304,
      "stddev": 0.18951846965295477,
      "median": 133.10809091604,
      "user": 1022.85313766,
      "system": 24.88897844,
      "min": 133.01458609004,
      "max": 133.65487546404,
      "times": [
        133.26098428004,
        133.65487546404,
        133.09767816304,
        133.10515418404,
        133.05559763604,
        133.02233113104,
        133.11102764804,
        133.01458609004,
        133.12331238204,
        133.24576325204
      ],
      "exit_codes": [
        0,
        0,
        0,
        0,
        0,
        0,
        0,
        0,
        0,
        0
      ]
    }
  ]
}
