{
  "results": [
    {
      "command": "cargo build --jobs 16 --release --example breakout",
      "mean": 91.0568987637,
      "stddev": 1.7427980282956341,
      "median": 90.89579755670002,
      "user": 1281.24199662,
      "system": 30.995211620000003,
      "min": 89.5329398477,
      "max": 95.5466606857,
      "times": [
        89.97286371370001,
        91.05932176370001,
        89.8313967287,
        95.5466606857,
        91.10494449570001,
        91.7671877227,
        89.5329398477,
        91.2070585327,
        89.81434079670001,
        90.73227334970001
      ],
      "exit_codes": [
        0,
        0,
        0,
        0,
        0,
        0,
        0,
        0,
        0,
        0
      ]
    }
  ]
}
