{
  "results": [
    {
      "command": "cargo build --jobs 16 --release --example breakout",
      "mean": 77.30619754062,
      "stddev": 0.15564151276455096,
      "median": 77.27338797832,
      "user": 1143.67120364,
      "system": 29.923894839999996,
      "min": 77.11728156732,
      "max": 77.58176970932,
      "times": [
        77.44015917932,
        77.50144764232,
        77.16993449132,
        77.27359888932,
        77.58176970932,
        77.11728156732,
        77.23577913132,
        77.27317706732,
        77.31907716632,
        77.14975056232
      ],
      "exit_codes": [
        0,
        0,
        0,
        0,
        0,
        0,
        0,
        0,
        0,
        0
      ]
    }
  ]
}
