{
  "results": [
    {
      "command": "cargo build --jobs 8 --release --example breakout",
      "mean": 120.06718334106002,
      "stddev": 0.29453621989887796,
      "median": 119.98594774206,
      "user": 907.8585448,
      "system": 24.42853566,
      "min": 119.85012702856001,
      "max": 120.85752270656,
      "times": [
        120.12470057956001,
        119.85012702856001,
        119.91128473856,
        120.11197774456001,
        120.07348551056,
        119.98149672856,
        119.88085834756001,
        119.88998127056,
        119.99039875556001,
        120.85752270656
      ],
      "exit_codes": [
        0,
        0,
        0,
        0,
        0,
        0,
        0,
        0,
        0,
        0
      ]
    }
  ]
}
