{
  "results": [
    {
      "command": "cargo build --jobs 16 --release --example breakout",
      "mean": 78.2732795837,
      "stddev": 0.15594985598454103,
      "median": 78.2409506457,
      "user": 1178.89926314,
      "system": 30.07521067999999,
      "min": 78.10009385119999,
      "max": 78.5284765432,
      "times": [
        78.18992521019999,
        78.1708212362,
        78.32082199019999,
        78.48852704919999,
        78.12800039819999,
        78.39076733419999,
        78.5284765432,
        78.29197608119999,
        78.10009385119999,
        78.1233861432
      ],
      "exit_codes": [
        0,
        0,
        0,
        0,
        0,
        0,
        0,
        0,
        0,
        0
      ]
    }
  ]
}
