{
  "results": [
    {
      "command": "cargo build --jobs 8 --release --example breakout",
      "mean": 127.08712655648,
      "stddev": 0.22859870134774263,
      "median": 127.05745798868,
      "user": 972.4295547799999,
      "system": 25.719093479999998,
      "min": 126.77551280718,
      "max": 127.47207191518,
      "times": [
        126.95507070118,
        126.97858947918,
        126.79919399118,
        127.08469070718,
        126.77551280718,
        127.37631961518,
        127.18189140718,
        127.21769967118,
        127.47207191518,
        127.03022527018
      ],
      "exit_codes": [
        0,
        0,
        0,
        0,
        0,
        0,
        0,
        0,
        0,
        0
      ]
    }
  ]
}
