{
  "results": [
    {
      "command": "cargo build --jobs 16 --release --example breakout",
      "mean": 97.43814657546,
      "stddev": 0.7426469653880519,
      "median": 97.64086800826,
      "user": 1371.85985836,
      "system": 33.66370918,
      "min": 96.10049975176,
      "max": 98.63845660076,
      "times": [
        97.62614983576,
        97.64626583876,
        98.63845660076,
        96.58520499475999,
        96.10049975176,
        97.77783403875999,
        97.63547017776,
        97.68292093376,
        97.93410639676,
        96.75455718575999
      ],
      "exit_codes": [
        0,
        0,
        0,
        0,
        0,
        0,
        0,
        0,
        0,
        0
      ]
    }
  ]
}
