{
  "results": [
    {
      "command": "cargo build --jobs 8 --release --example breakout",
      "mean": 143.10353158024,
      "stddev": 0.21098070406714634,
      "median": 143.09281297304,
      "user": 1096.4261920999998,
      "system": 26.9239642,
      "min": 142.71285405404,
      "max": 143.38582038804,
      "times": [
        142.99008259504,
        142.91752109304,
        143.25544804304,
        142.97970561104,
        143.31608878304002,
        143.29216928904,
        143.11948912604,
        143.38582038804,
        142.71285405404,
        143.06613682004001
      ],
      "exit_codes": [
        0,
        0,
        0,
        0,
        0,
        0,
        0,
        0,
        0,
        0
      ]
    }
  ]
}
