{
  "results": [
    {
      "command": "cargo build --jobs 16 --release --example breakout",
      "mean": 96.8398135299,
      "stddev": 0.593385177083224,
      "median": 96.7451631202,
      "user": 1373.4022073,
      "system": 33.37133668,
      "min": 95.9633801832,
      "max": 97.76194602220001,
      "times": [
        96.5940328452,
        96.8089153992,
        96.5991465582,
        96.1064990692,
        97.1568646752,
        97.76194602220001,
        97.6949777782,
        96.6814108412,
        95.9633801832,
        97.0309619272
      ],
      "exit_codes": [
        0,
        0,
        0,
        0,
        0,
        0,
        0,
        0,
        0,
        0
      ]
    }
  ]
}
