{
  "results": [
    {
      "command": "cargo build --jobs 8 --release --example breakout",
      "mean": 121.1196504607,
      "stddev": 0.10769279775435252,
      "median": 121.1622122463,
      "user": 915.9758409799999,
      "system": 24.528572500000003,
      "min": 120.8511535233,
      "max": 121.2289664703,
      "times": [
        121.1797563793,
        121.1667152783,
        121.0937437573,
        121.1583124103,
        121.1171979313,
        121.0459665413,
        121.1661120823,
        120.8511535233,
        121.2289664703,
        121.1885802333
      ],
      "exit_codes": [
        0,
        0,
        0,
        0,
        0,
        0,
        0,
        0,
        0,
        0
      ]
    }
  ]
}
