{
  "results": [
    {
      "command": "cargo build --jobs 8 --release --example breakout",
      "mean": 118.72655496301999,
      "stddev": 0.34830163068148,
      "median": 118.69561445432001,
      "user": 906.9167615999999,
      "system": 23.838075919999998,
      "min": 118.27368483832001,
      "max": 119.34157187532,
      "times": [
        119.34157187532,
        119.11445946432,
        118.32341201232,
        118.81282617732,
        118.91974744832001,
        118.57840273132,
        118.44308425732001,
        118.27368483832001,
        118.57360025532,
        118.88476057032
      ],
      "exit_codes": [
        0,
        0,
        0,
        0,
        0,
        0,
        0,
        0,
        0,
        0
      ]
    }
  ]
}
