{
  "results": [
    {
      "command": "cargo build --jobs 16 --release --example breakout",
      "mean": 76.55588386832001,
      "stddev": 3.2150383189092726,
      "median": 75.66786962052001,
      "user": 1137.6676304199998,
      "system": 30.514717840000003,
      "min": 75.17057152302,
      "max": 85.68590709602,
      "times": [
        75.49715120002,
        85.68590709602,
        75.74603785902,
        75.47202785902,
        75.65086321002,
        75.68487603102,
        75.69500124402,
        75.19652458002,
        75.17057152302,
        75.75987808102
      ],
      "exit_codes": [
        0,
        0,
        0,
        0,
        0,
        0,
        0,
        0,
        0,
        0
      ]
    }
  ]
}
