{
  "results": [
    {
      "command": "cargo build --jobs 8 --release --example breakout",
      "mean": 126.16848266017999,
      "stddev": 0.33909893414714787,
      "median": 126.06590171158,
      "user": 964.3386056200001,
      "system": 25.08243212,
      "min": 125.53456293308,
      "max": 126.66702655307999,
      "times": [
        126.02604400807999,
        126.62500576108,
        126.05751944608,
        125.96708900408,
        126.05470763008,
        126.44594088008,
        126.23264640908,
        126.66702655307999,
        126.07428397708,
        125.53456293308
      ],
      "exit_codes": [
        0,
        0,
        0,
        0,
        0,
        0,
        0,
        0,
        0,
        0
      ]
    }
  ]
}
