{
  "results": [
    {
      "command": "cargo build --jobs 16 --release --example breakout",
      "mean": 82.67759187122,
      "stddev": 0.7423500433167003,
      "median": 82.74549261562001,
      "user": 1210.69936274,
      "system": 31.23764098,
      "min": 81.41294498812,
      "max": 83.47972476012,
      "times": [
        83.26641088112,
        83.40117123912,
        82.17098918512,
        82.32989037612,
        83.38656948812,
        82.19978797012,
        83.47972476012,
        83.16109485512,
        81.41294498812,
        81.96733496912
      ],
      "exit_codes": [
        0,
        0,
        0,
        0,
        0,
        0,
        0,
        0,
        0,
        0
      ]
    }
  ]
}
