{
  "results": [
    {
      "command": "cargo build --jobs 16 --release --example breakout",
      "mean": 81.12904311944001,
      "stddev": 0.831125626630748,
      "median": 81.18527276783999,
      "user": 1199.6073207999998,
      "system": 30.94909758,
      "min": 79.88481209884,
      "max": 82.61635675184,
      "times": [
        82.61635675184,
        81.33010011383999,
        81.26216473683999,
        80.90033257984,
        81.22800641484,
        79.88481209884,
        80.97589243883999,
        79.91081977884,
        82.03940715984,
        81.14253912084
      ],
      "exit_codes": [
        0,
        0,
        0,
        0,
        0,
        0,
        0,
        0,
        0,
        0
      ]
    }
  ]
}
