{
  "results": [
    {
      "command": "cargo build --jobs 16 --release --example breakout",
      "mean": 96.53826429462,
      "stddev": 1.0305553742412616,
      "median": 96.18099231112001,
      "user": 1335.67024526,
      "system": 32.87124831999999,
      "min": 95.41606595962,
      "max": 98.55704100862,
      "times": [
        95.55469027262001,
        98.55704100862,
        97.43214267662,
        97.73542821462,
        95.41606595962,
        95.95371915762,
        96.45266565862,
        96.31526975862,
        95.91890537562,
        96.04671486362
      ],
      "exit_codes": [
        0,
        0,
        0,
        0,
        0,
        0,
        0,
        0,
        0,
        0
      ]
    }
  ]
}
