{
  "results": [
    {
      "command": "cargo build --jobs 8 --release --example breakout",
      "mean": 139.294081561,
      "stddev": 0.3122966362155042,
      "median": 139.2479026245,
      "user": 1067.0750011199998,
      "system": 26.286226339999995,
      "min": 139.00955912450002,
      "max": 140.11200588050002,
      "times": [
        139.00955912450002,
        140.11200588050002,
        139.28656346850002,
        139.0867754265,
        139.3054567995,
        139.3684789845,
        139.3462588285,
        139.1158729725,
        139.1006023445,
        139.2092417805
      ],
      "exit_codes": [
        0,
        0,
        0,
        0,
        0,
        0,
        0,
        0,
        0,
        0
      ]
    }
  ]
}
