{
  "results": [
    {
      "command": "cargo build --jobs 16 --release --example breakout",
      "mean": 73.76814467367998,
      "stddev": 0.5016655650348274,
      "median": 73.83953601127999,
      "user": 1038.54364158,
      "system": 27.909155080000005,
      "min": 72.80976612828,
      "max": 74.54183062028,
      "times": [
        74.20542897128,
        73.80062472828,
        73.84687861728,
        73.83191902628,
        73.86224719628,
        73.83219340528,
        73.05048562828,
        73.90007241528001,
        72.80976612828,
        74.54183062028
      ],
      "exit_codes": [
        0,
        0,
        0,
        0,
        0,
        0,
        0,
        0,
        0,
        0
      ]
    }
  ]
}
