{
  "results": [
    {
      "command": "cargo build --jobs 8 --release --example breakout",
      "mean": 109.77864081122,
      "stddev": 0.11341611207734503,
      "median": 109.77815602302,
      "user": 829.39635834,
      "system": 22.09754914,
      "min": 109.61526164652,
      "max": 109.92546295952,
      "times": [
        109.75907126152,
        109.88901704252001,
        109.68006121852001,
        109.88574358652001,
        109.61526164652,
        109.72096880352001,
        109.92546295952,
        109.79724078452,
        109.63608888152001,
        109.87749192752
      ],
      "exit_codes": [
        0,
        0,
        0,
        0,
        0,
        0,
        0,
        0,
        0,
        0
      ]
    }
  ]
}
