{
  "results": [
    {
      "command": "cargo build --jobs 8 --release --example breakout",
      "mean": 128.39058631625997,
      "stddev": 0.2952277935044506,
      "median": 128.31599450355998,
      "user": 984.3168898599997,
      "system": 24.300243719999997,
      "min": 128.00622929905998,
      "max": 128.86311326406,
      "times": [
        128.51771081206,
        128.15310995305998,
        128.28998237406,
        128.00622929905998,
        128.07632594806,
        128.52715830506,
        128.86311326406,
        128.31869886106,
        128.84024420006,
        128.31329014605998
      ],
      "exit_codes": [
        0,
        0,
        0,
        0,
        0,
        0,
        0,
        0,
        0,
        0
      ]
    }
  ]
}
