{
  "results": [
    {
      "command": "cargo build --jobs 8 --release --example breakout",
      "mean": 120.17729149436002,
      "stddev": 0.169002126300818,
      "median": 120.20581461906,
      "user": 905.03737378,
      "system": 24.01507564,
      "min": 119.81408926106,
      "max": 120.39122785606,
      "times": [
        120.27123533406001,
        120.14668042806001,
        120.00790998706,
        119.81408926106,
        120.29963247306,
        120.30185753706,
        120.12865282906,
        120.39122785606,
        120.14906344906001,
        120.26256578906
      ],
      "exit_codes": [
        0,
        0,
        0,
        0,
        0,
        0,
        0,
        0,
        0,
        0
      ]
    }
  ]
}
