{
  "results": [
    {
      "command": "cargo build --jobs 8 --release --example breakout",
      "mean": 117.32221606714002,
      "stddev": 0.10737171175537055,
      "median": 117.35381956274,
      "user": 903.8224624999999,
      "system": 24.764559099999996,
      "min": 117.08110198524001,
      "max": 117.43044386324,
      "times": [
        117.34194030524,
        117.33992705824001,
        117.19735718224001,
        117.41770571724001,
        117.36569882024,
        117.29516187024001,
        117.37715400024001,
        117.08110198524001,
        117.37566986924,
        117.43044386324
      ],
      "exit_codes": [
        0,
        0,
        0,
        0,
        0,
        0,
        0,
        0,
        0,
        0
      ]
    }
  ]
}
