{
  "results": [
    {
      "command": "cargo build --jobs 16 --release --example breakout",
      "mean": 75.42293437985998,
      "stddev": 0.23783136698400525,
      "median": 75.42291314976,
      "user": 1140.2183096,
      "system": 30.517678,
      "min": 74.95141404976,
      "max": 75.74167454176,
      "times": [
        75.74167454176,
        75.38587418276,
        74.95141404976,
        75.44410567676,
        75.20047914076,
        75.53872358076,
        75.40172062276,
        75.27948368476,
        75.60685068776,
        75.67901763076
      ],
      "exit_codes": [
        0,
        0,
        0,
        0,
        0,
        0,
        0,
        0,
        0,
        0
      ]
    }
  ]
}
