{
  "results": [
    {
      "command": "cargo build --jobs 8 --release --example breakout",
      "mean": 143.35866203534002,
      "stddev": 0.1328369851325898,
      "median": 143.34839836333998,
      "user": 1094.2535629400002,
      "system": 25.980195379999998,
      "min": 143.17397711184,
      "max": 143.62684138784,
      "times": [
        143.48006832384,
        143.42493669684,
        143.24276550384,
        143.17397711184,
        143.62684138784,
        143.31555746784,
        143.40211115984,
        143.38123925884,
        143.27608777484,
        143.26303566784
      ],
      "exit_codes": [
        0,
        0,
        0,
        0,
        0,
        0,
        0,
        0,
        0,
        0
      ]
    }
  ]
}
