{
  "results": [
    {
      "command": "cargo build --jobs 8 --release --example breakout",
      "mean": 140.64958754538,
      "stddev": 0.11993973884454819,
      "median": 140.68146806928,
      "user": 1076.3621949199999,
      "system": 26.454708919999995,
      "min": 140.44573829978,
      "max": 140.76960268978,
      "times": [
        140.76960268978,
        140.73821530578,
        140.44573829978,
        140.54854592878,
        140.62472083277999,
        140.75576237677998,
        140.74621268578,
        140.57937069177999,
        140.52297446578,
        140.76473217678
      ],
      "exit_codes": [
        0,
        0,
        0,
        0,
        0,
        0,
        0,
        0,
        0,
        0
      ]
    }
  ]
}
