{
  "results": [
    {
      "command": "cargo build --jobs 16 --release --example breakout",
      "mean": 96.81454261897997,
      "stddev": 0.7547206018271772,
      "median": 96.45835534618,
      "user": 1346.5018040400003,
      "system": 32.94067082,
      "min": 95.91147141018,
      "max": 97.92869473217999,
      "times": [
        96.03395903818,
        97.92869473217999,
        95.91147141018,
        97.41516708318,
        96.34900139318,
        96.46987701718,
        97.49367550118,
        96.32098473618,
        97.77576160318,
        96.44683367518
      ],
      "exit_codes": [
        0,
        0,
        0,
        0,
        0,
        0,
        0,
        0,
        0,
        0
      ]
    }
  ]
}
