{
  "results": [
    {
      "command": "cargo build --jobs 16 --release --example breakout",
      "mean": 80.94505242768,
      "stddev": 0.6702597917992226,
      "median": 80.62903039288,
      "user": 1214.6147013799996,
      "system": 33.49731804,
      "min": 80.26896585938,
      "max": 82.04023476538,
      "times": [
        80.61906174338,
        80.61102100738,
        80.26896585938,
        82.04023476538,
        80.28485682938,
        81.60877485638001,
        80.63899904238001,
        80.34305668738,
        81.21745203438,
        81.81810145138
      ],
      "exit_codes": [
        0,
        0,
        0,
        0,
        0,
        0,
        0,
        0,
        0,
        0
      ]
    }
  ]
}
