{
  "results": [
    {
      "command": "cargo build --jobs 8 --release --example breakout",
      "mean": 125.52131640140001,
      "stddev": 0.2574246381464844,
      "median": 125.54340527010001,
      "user": 961.0079640600001,
      "system": 27.57097484,
      "min": 125.14011899660001,
      "max": 125.9583279496,
      "times": [
        125.67587028960001,
        125.6739321886,
        125.14011899660001,
        125.28954196160001,
        125.7502846616,
        125.5676270886,
        125.9583279496,
        125.5191834516,
        125.42612292160001,
        125.21215450460001
      ],
      "exit_codes": [
        0,
        0,
        0,
        0,
        0,
        0,
        0,
        0,
        0,
        0
      ]
    }
  ]
}
