{
  "results": [
    {
      "command": "cargo build --jobs 16 --release --example breakout",
      "mean": 75.30210023336001,
      "stddev": 0.3411283399663118,
      "median": 75.35346108236,
      "user": 1139.3588517800001,
      "system": 30.533919079999997,
      "min": 74.73593041486,
      "max": 75.78102000386,
      "times": [
        75.61652512886,
        75.30809659286,
        75.54893442186,
        75.17817942686,
        75.40998423886,
        74.73593041486,
        74.75338929586,
        75.78102000386,
        75.29011723786,
        75.39882557186
      ],
      "exit_codes": [
        0,
        0,
        0,
        0,
        0,
        0,
        0,
        0,
        0,
        0
      ]
    }
  ]
}
