{
  "results": [
    {
      "command": "cargo build --jobs 8 --release --example breakout",
      "mean": 138.36601870606,
      "stddev": 0.25647995583317523,
      "median": 138.36833916046,
      "user": 1063.17075038,
      "system": 25.65643002,
      "min": 137.96536250696002,
      "max": 138.87101004596002,
      "times": [
        138.34240104896,
        138.48490367996,
        138.39427727196002,
        138.87101004596002,
        138.19187795396002,
        138.42954946596,
        137.96536250696002,
        138.17215045496002,
        138.19681233796,
        138.61184229396
      ],
      "exit_codes": [
        0,
        0,
        0,
        0,
        0,
        0,
        0,
        0,
        0,
        0
      ]
    }
  ]
}
