{
  "results": [
    {
      "command": "cargo build --jobs 16 --release --example breakout",
      "mean": 95.78500979769998,
      "stddev": 0.622286553933542,
      "median": 95.7150754748,
      "user": 1332.8160711800003,
      "system": 31.996783380000004,
      "min": 94.7996796883,
      "max": 96.8928534853,
      "times": [
        95.6442884123,
        95.0744867123,
        95.3558070213,
        96.2420891263,
        94.7996796883,
        96.2181890813,
        96.1925535003,
        96.8928534853,
        95.7683298493,
        95.6618211003
      ],
      "exit_codes": [
        0,
        0,
        0,
        0,
        0,
        0,
        0,
        0,
        0,
        0
      ]
    }
  ]
}
