{
  "results": [
    {
      "command": "cargo build --jobs 8 --release --example breakout",
      "mean": 133.94606363847998,
      "stddev": 0.09197790331785652,
      "median": 133.96361574358002,
      "user": 1026.42892646,
      "system": 25.244103380000002,
      "min": 133.78225929908,
      "max": 134.06347373708002,
      "times": [
        133.98423865808002,
        133.84045315908003,
        133.90611037508,
        134.02618507608003,
        133.88397238108,
        133.95148739808002,
        134.06347373708002,
        133.97574408908002,
        133.78225929908,
        134.04671221208002
      ],
      "exit_codes": [
        0,
        0,
        0,
        0,
        0,
        0,
        0,
        0,
        0,
        0
      ]
    }
  ]
}
