{
  "results": [
    {
      "command": "cargo build --jobs 8 --release --example breakout",
      "mean": 122.21973817642001,
      "stddev": 0.4232084260779088,
      "median": 122.24134474962,
      "user": 939.7748703199999,
      "system": 23.95562622,
      "min": 121.56997166462,
      "max": 122.86284410362,
      "times": [
        121.56997166462,
        122.50531389062,
        121.99430296562001,
        122.86284410362,
        121.92326597862,
        122.48838653362,
        121.77821413062,
        122.54243679462,
        121.96606777462,
        122.56657792762
      ],
      "exit_codes": [
        0,
        0,
        0,
        0,
        0,
        0,
        0,
        0,
        0,
        0
      ]
    }
  ]
}
