{
  "results": [
    {
      "command": "cargo build --jobs 16 --release --example breakout",
      "mean": 77.01583948040002,
      "stddev": 0.5192382667424137,
      "median": 76.8955714668,
      "user": 1134.8471696000001,
      "system": 29.39271198,
      "min": 76.63363292480001,
      "max": 78.37869490880001,
      "times": [
        77.3482338748,
        76.9088948378,
        76.8969662028,
        76.6908421098,
        76.75591363980001,
        76.89417673080001,
        78.37869490880001,
        76.7103354708,
        76.63363292480001,
        76.9407041038
      ],
      "exit_codes": [
        0,
        0,
        0,
        0,
        0,
        0,
        0,
        0,
        0,
        0
      ]
    }
  ]
}
