{
  "results": [
    {
      "command": "cargo build --jobs 16 --release --example breakout",
      "mean": 77.43413356018,
      "stddev": 0.2934821448016282,
      "median": 77.36592430628,
      "user": 1144.1661787199998,
      "system": 29.467062100000003,
      "min": 77.17903301727999,
      "max": 78.19774667528,
      "times": [
        77.31051877328,
        77.17903301727999,
        77.34276780527999,
        77.19942738527999,
        77.49771866028,
        77.45013123428,
        77.38908080728,
        77.25033716728,
        77.52457407627999,
        78.19774667528
      ],
      "exit_codes": [
        0,
        0,
        0,
        0,
        0,
        0,
        0,
        0,
        0,
        0
      ]
    }
  ]
}
