{
  "results": [
    {
      "command": "cargo build --jobs 8 --release --example breakout",
      "mean": 120.59442365206,
      "stddev": 0.12256159258043052,
      "median": 120.59183213886,
      "user": 905.2646796599998,
      "system": 23.798723019999997,
      "min": 120.40094309036,
      "max": 120.80007135036,
      "times": [
        120.56998533136,
        120.75555065436001,
        120.63383420336,
        120.45147594036,
        120.80007135036,
        120.40094309036,
        120.62543534636,
        120.52405639036,
        120.61367894636,
        120.56920526736
      ],
      "exit_codes": [
        0,
        0,
        0,
        0,
        0,
        0,
        0,
        0,
        0,
        0
      ]
    }
  ]
}
