{
  "results": [
    {
      "command": "cargo build --jobs 8 --release --example breakout",
      "mean": 120.4595585307,
      "stddev": 0.3280094230278726,
      "median": 120.4920231019,
      "user": 905.09555918,
      "system": 23.69616718,
      "min": 119.8544487069,
      "max": 121.0022173119,
      "times": [
        120.7324264519,
        120.6176340589,
        120.4946995439,
        121.0022173119,
        120.3599966149,
        119.8544487069,
        120.0299340879,
        120.4893466599,
        120.4481408599,
        120.5667410109
      ],
      "exit_codes": [
        0,
        0,
        0,
        0,
        0,
        0,
        0,
        0,
        0,
        0
      ]
    }
  ]
}
