{
  "results": [
    {
      "command": "cargo build --jobs 8 --release --example breakout",
      "mean": 121.14171775823999,
      "stddev": 0.19101897402173143,
      "median": 121.16424818844001,
      "user": 913.6863777599999,
      "system": 24.280164579999997,
      "min": 120.84357067244001,
      "max": 121.48022119744,
      "times": [
        121.48022119744,
        120.92912192844001,
        121.26538176244,
        120.84357067244001,
        121.24270098944001,
        121.10314911244001,
        121.03370541244,
        121.01655400444001,
        121.27742523844,
        121.22534726444
      ],
      "exit_codes": [
        0,
        0,
        0,
        0,
        0,
        0,
        0,
        0,
        0,
        0
      ]
    }
  ]
}
