{
  "results": [
    {
      "command": "cargo build --jobs 16 --release --example breakout",
      "mean": 78.04090282408,
      "stddev": 0.3542761982034505,
      "median": 78.02172555548,
      "user": 1155.4133927999999,
      "system": 29.89451458,
      "min": 77.65835891648,
      "max": 78.83703098848001,
      "times": [
        77.69233237648001,
        78.01291175748,
        78.10267318848,
        78.31495904648,
        78.11558161648,
        77.65835891648,
        78.03053935348001,
        77.97561219548001,
        78.83703098848001,
        77.66902880148001
      ],
      "exit_codes": [
        0,
        0,
        0,
        0,
        0,
        0,
        0,
        0,
        0,
        0
      ]
    }
  ]
}
