{
  "results": [
    {
      "command": "cargo build --jobs 8 --release --example breakout",
      "mean": 120.30278940470001,
      "stddev": 0.12588885196390445,
      "median": 120.3048543246,
      "user": 910.4003163999998,
      "system": 24.25994072,
      "min": 120.0933108146,
      "max": 120.5016225416,
      "times": [
        120.0933108146,
        120.2598089646,
        120.3014059386,
        120.30274531159999,
        120.3214695066,
        120.4271219126,
        120.3932836586,
        120.3069633376,
        120.5016225416,
        120.1201620606
      ],
      "exit_codes": [
        0,
        0,
        0,
        0,
        0,
        0,
        0,
        0,
        0,
        0
      ]
    }
  ]
}
