{
  "results": [
    {
      "command": "cargo build --jobs 16 --release --example breakout",
      "mean": 74.07979940104,
      "stddev": 0.37544117384624287,
      "median": 74.17779841464001,
      "user": 1091.1137722199999,
      "system": 28.339840619999997,
      "min": 73.59482439864,
      "max": 74.74524281464001,
      "times": [
        73.71051381264,
        73.71326100164,
        74.74524281464001,
        73.59482439864,
        74.33090040564001,
        74.35123651664,
        74.15802854964001,
        74.19756827964001,
        74.27191850664,
        73.72449972464001
      ],
      "exit_codes": [
        0,
        0,
        0,
        0,
        0,
        0,
        0,
        0,
        0,
        0
      ]
    }
  ]
}
