{
  "results": [
    {
      "command": "cargo build --jobs 8 --release --example breakout",
      "mean": 114.59349544848001,
      "stddev": 0.1456378852930435,
      "median": 114.56412734848,
      "user": 865.57896872,
      "system": 22.62982204,
      "min": 114.39960597448,
      "max": 114.89560848248,
      "times": [
        114.61304827248,
        114.70535280048,
        114.46318149748,
        114.53462976448,
        114.59362493248,
        114.51327471048,
        114.50388153348,
        114.89560848248,
        114.39960597448,
        114.71274651648
      ],
      "exit_codes": [
        0,
        0,
        0,
        0,
        0,
        0,
        0,
        0,
        0,
        0
      ]
    }
  ]
}
