{
  "results": [
    {
      "command": "cargo build --jobs 8 --release --example breakout",
      "mean": 122.38040206630001,
      "stddev": 0.15709177397109755,
      "median": 122.35694910410001,
      "user": 922.9670062600001,
      "system": 24.81040094,
      "min": 122.17058671010001,
      "max": 122.68868842110001,
      "times": [
        122.3651210901,
        122.2981525791,
        122.17058671010001,
        122.2967850791,
        122.38964256310001,
        122.6102902451,
        122.68868842110001,
        122.2574815751,
        122.3487771181,
        122.3784952821
      ],
      "exit_codes": [
        0,
        0,
        0,
        0,
        0,
        0,
        0,
        0,
        0,
        0
      ]
    }
  ]
}
