{
  "results": [
    {
      "command": "cargo build --jobs 8 --release --example breakout",
      "mean": 122.06715665874,
      "stddev": 0.14072361135586278,
      "median": 122.05806927304,
      "user": 935.1867783999999,
      "system": 24.436460899999993,
      "min": 121.83669175154,
      "max": 122.23989963254,
      "times": [
        121.86886786654,
        122.00022226154,
        122.18533180554,
        122.17049010054001,
        122.03321399954001,
        121.83669175154,
        122.23989963254,
        122.22256047554,
        122.08292454654,
        122.03136414754
      ],
      "exit_codes": [
        0,
        0,
        0,
        0,
        0,
        0,
        0,
        0,
        0,
        0
      ]
    }
  ]
}
