{
  "results": [
    {
      "command": "cargo build --jobs 16 --release --example breakout",
      "mean": 75.93786527024,
      "stddev": 0.1335343477399717,
      "median": 75.90022775964,
      "user": 1145.50506592,
      "system": 29.58434964,
      "min": 75.75409860814001,
      "max": 76.23502761314,
      "times": [
        75.88447873414,
        75.94275628814,
        75.88218466114,
        75.75409860814001,
        76.23502761314,
        75.96976190514,
        75.87828445114,
        76.07330721214001,
        75.91597678514,
        75.84277644414
      ],
      "exit_codes": [
        0,
        0,
        0,
        0,
        0,
        0,
        0,
        0,
        0,
        0
      ]
    }
  ]
}
