{
  "results": [
    {
      "command": "cargo build --jobs 16 --release --example breakout",
      "mean": 94.72348125794001,
      "stddev": 3.0542985655887103,
      "median": 93.75381250563998,
      "user": 1333.22188444,
      "system": 33.34756044,
      "min": 93.44826529363999,
      "max": 103.37021868164,
      "times": [
        93.50790056864,
        93.45381923363999,
        94.47270077563999,
        93.44826529363999,
        94.01741103164,
        93.56369922164,
        93.89317276163999,
        103.37021868164,
        93.74181067763999,
        93.76581433364
      ],
      "exit_codes": [
        0,
        0,
        0,
        0,
        0,
        0,
        0,
        0,
        0,
        0
      ]
    }
  ]
}
