{
  "results": [
    {
      "command": "cargo build --jobs 8 --release --example breakout",
      "mean": 140.26266719374,
      "stddev": 5.762488998839188,
      "median": 138.49178503794,
      "user": 1064.4624690799997,
      "system": 26.669571559999998,
      "min": 138.22676907494,
      "max": 156.65909223794,
      "times": [
        138.52856397194,
        138.52545546294,
        156.65909223794,
        138.63175027693998,
        138.45811461294,
        138.22676907494,
        138.25933164094,
        138.41362225394,
        138.39009532594,
        138.53387707893998
      ],
      "exit_codes": [
        0,
        0,
        0,
        0,
        0,
        0,
        0,
        0,
        0,
        0
      ]
    }
  ]
}
