{
  "results": [
    {
      "command": "cargo build --jobs 16 --release --example breakout",
      "mean": 80.17010308322,
      "stddev": 0.3054649284408089,
      "median": 80.25926092451999,
      "user": 1154.3872708,
      "system": 30.244806099999995,
      "min": 79.52277675652,
      "max": 80.54661152352,
      "times": [
        80.30278575352,
        79.52277675652,
        80.41568530952,
        80.38916946452001,
        79.89238397552,
        80.00886298252,
        80.05244095252,
        80.35457801852,
        80.54661152352,
        80.21573609552
      ],
      "exit_codes": [
        0,
        0,
        0,
        0,
        0,
        0,
        0,
        0,
        0,
        0
      ]
    }
  ]
}
