{
  "results": [
    {
      "command": "cargo build --jobs 8 --release --example breakout",
      "mean": 121.66978245966,
      "stddev": 0.13801634460392403,
      "median": 121.71487388316,
      "user": 918.1268061399999,
      "system": 24.94431752,
      "min": 121.37761689816,
      "max": 121.83559780015999,
      "times": [
        121.68576848416,
        121.76943113915999,
        121.37761689816,
        121.59808541516,
        121.78415738016,
        121.74397928216,
        121.58877224816,
        121.75152022415999,
        121.83559780015999,
        121.56289572515999
      ],
      "exit_codes": [
        0,
        0,
        0,
        0,
        0,
        0,
        0,
        0,
        0,
        0
      ]
    }
  ]
}
