{
  "results": [
    {
      "command": "cargo build --jobs 8 --release --example breakout",
      "mean": 122.36521528598,
      "stddev": 0.1525775248713636,
      "median": 122.38557634448,
      "user": 935.6582855,
      "system": 24.443190240000003,
      "min": 122.07835527048,
      "max": 122.64377233648,
      "times": [
        122.07835527048,
        122.47885068248,
        122.39820529248,
        122.18508227848,
        122.38008129848001,
        122.37209140848,
        122.64377233648,
        122.39107139048001,
        122.32890288848,
        122.39574001348001
      ],
      "exit_codes": [
        0,
        0,
        0,
        0,
        0,
        0,
        0,
        0,
        0,
        0
      ]
    }
  ]
}
