{
  "results": [
    {
      "command": "cargo build --jobs 16 --release --example breakout",
      "mean": 75.30471571598,
      "stddev": 0.19565823621351933,
      "median": 75.31822893238001,
      "user": 1134.36430944,
      "system": 29.612635440000002,
      "min": 74.98411240638,
      "max": 75.61113669038,
      "times": [
        75.44696266538,
        75.33636530738,
        75.40554491338,
        75.61113669038,
        75.09251475538,
        75.16759292838,
        75.50672556038,
        75.30009255738,
        74.98411240638,
        75.19610937538
      ],
      "exit_codes": [
        0,
        0,
        0,
        0,
        0,
        0,
        0,
        0,
        0,
        0
      ]
    }
  ]
}
