{
  "results": [
    {
      "command": "cargo build --jobs 8 --release --example breakout",
      "mean": 133.30606863145996,
      "stddev": 0.15392957585574754,
      "median": 133.27010339135998,
      "user": 1021.5480473800001,
      "system": 24.60722904,
      "min": 133.11260251235998,
      "max": 133.66075585936,
      "times": [
        133.18386201936,
        133.66075585936,
        133.37621296236,
        133.22353574035998,
        133.27887337235998,
        133.30265220036,
        133.26133341035998,
        133.23191278035998,
        133.11260251235998,
        133.42894545736
      ],
      "exit_codes": [
        0,
        0,
        0,
        0,
        0,
        0,
        0,
        0,
        0,
        0
      ]
    }
  ]
}
