{
  "results": [
    {
      "command": "cargo build --jobs 16 --release --example breakout",
      "mean": 90.69135693818001,
      "stddev": 1.779634568450216,
      "median": 90.00474744188,
      "user": 1277.5226274000001,
      "system": 30.709195579999992,
      "min": 88.70327874038,
      "max": 94.42975718038001,
      "times": [
        89.33553853238,
        91.47035418738,
        89.64915400538,
        90.36034087838,
        91.02262520538001,
        94.42975718038001,
        89.52611506438001,
        88.70327874038,
        89.63766529538,
        92.77874029238001
      ],
      "exit_codes": [
        0,
        0,
        0,
        0,
        0,
        0,
        0,
        0,
        0,
        0
      ]
    }
  ]
}
