{
  "results": [
    {
      "command": "cargo build --jobs 8 --release --example breakout",
      "mean": 108.79192158165999,
      "stddev": 0.3991263913012114,
      "median": 108.95813832776,
      "user": 819.8939691200001,
      "system": 21.968177960000002,
      "min": 108.11922242826,
      "max": 109.18785566926,
      "times": [
        109.06656442725999,
        108.31933546626,
        108.76756013526,
        109.17420297326,
        109.05885903926,
        108.11922242826,
        108.30933902225999,
        109.18785566926,
        109.05696270626,
        108.85931394926
      ],
      "exit_codes": [
        0,
        0,
        0,
        0,
        0,
        0,
        0,
        0,
        0,
        0
      ]
    }
  ]
}
