{
  "results": [
    {
      "command": "cargo build --jobs 8 --release --example breakout",
      "mean": 122.08358731526,
      "stddev": 0.35722676840305106,
      "median": 122.03811442166,
      "user": 934.2006308799998,
      "system": 24.733790519999996,
      "min": 121.62277818366,
      "max": 122.70007689766001,
      "times": [
        122.67626922466,
        121.62277818366,
        122.10743080366001,
        122.13751204766001,
        121.84687621866,
        121.75324731366001,
        122.08161622366,
        121.99461261966,
        121.91545361966001,
        122.70007689766001
      ],
      "exit_codes": [
        0,
        0,
        0,
        0,
        0,
        0,
        0,
        0,
        0,
        0
      ]
    }
  ]
}
