{
  "results": [
    {
      "command": "cargo build --jobs 16 --release --example breakout",
      "mean": 78.50373205302,
      "stddev": 0.32974647053869865,
      "median": 78.49041453081999,
      "user": 1181.39558506,
      "system": 30.395644299999997,
      "min": 77.98512390981999,
      "max": 79.01966554782,
      "times": [
        78.67880803582,
        78.50722541281999,
        78.31357244681999,
        79.01966554782,
        78.41377166481999,
        78.83631697582,
        78.74912132482,
        78.47360364881999,
        77.98512390981999,
        78.06011156282
      ],
      "exit_codes": [
        0,
        0,
        0,
        0,
        0,
        0,
        0,
        0,
        0,
        0
      ]
    }
  ]
}
