{
  "results": [
    {
      "command": "cargo build --jobs 16 --release --example breakout",
      "mean": 80.23152655329999,
      "stddev": 0.1789375439547285,
      "median": 80.2604408871,
      "user": 1202.74922042,
      "system": 30.784946159999997,
      "min": 79.8790063461,
      "max": 80.4697088041,
      "times": [
        80.2406749811,
        80.2884335771,
        80.28020679309999,
        80.23197974509999,
        80.4344403631,
        80.0143826011,
        79.8790063461,
        80.3190228271,
        80.1574094951,
        80.4697088041
      ],
      "exit_codes": [
        0,
        0,
        0,
        0,
        0,
        0,
        0,
        0,
        0,
        0
      ]
    }
  ]
}
