{
  "results": [
    {
      "command": "cargo build --jobs 8 --release --example breakout",
      "mean": 108.74976780722,
      "stddev": 0.49108914950880234,
      "median": 108.97435479932,
      "user": 820.8962728,
      "system": 22.042832319999995,
      "min": 108.00195307832,
      "max": 109.25290226532,
      "times": [
        108.00195307832,
        109.25290226532,
        109.03929568732,
        109.18767670932,
        109.00615076432,
        108.89409377032,
        109.00888673432,
        108.94255883432,
        108.07623588732,
        108.08792434132
      ],
      "exit_codes": [
        0,
        0,
        0,
        0,
        0,
        0,
        0,
        0,
        0,
        0
      ]
    }
  ]
}
