{
  "results": [
    {
      "command": "cargo build --jobs 8 --release --example breakout",
      "mean": 120.15599808242,
      "stddev": 0.18192168179800336,
      "median": 120.18309218062001,
      "user": 908.64272306,
      "system": 24.572330939999997,
      "min": 119.84621396762,
      "max": 120.41523886862,
      "times": [
        119.88430698862,
        120.08027150362,
        120.20123241862,
        120.19257542762,
        120.23687165862,
        119.84621396762,
        120.17360893362,
        120.36781889962,
        120.16184215762,
        120.41523886862
      ],
      "exit_codes": [
        0,
        0,
        0,
        0,
        0,
        0,
        0,
        0,
        0,
        0
      ]
    }
  ]
}
