{
  "results": [
    {
      "command": "cargo build --jobs 8 --release --example breakout",
      "mean": 117.4323468261,
      "stddev": 0.21854597725104008,
      "median": 117.3802201862,
      "user": 906.0077867400001,
      "system": 23.919042239999996,
      "min": 117.15818915470001,
      "max": 117.8849816987,
      "times": [
        117.15818915470001,
        117.40056989870001,
        117.3069017097,
        117.8849816987,
        117.32133019470001,
        117.71631916170001,
        117.3617086577,
        117.2650095437,
        117.3987317147,
        117.5097265267
      ],
      "exit_codes": [
        0,
        0,
        0,
        0,
        0,
        0,
        0,
        0,
        0,
        0
      ]
    }
  ]
}
