{
  "results": [
    {
      "command": "cargo build --jobs 16 --release --example breakout",
      "mean": 81.74621423859999,
      "stddev": 0.7904484095699649,
      "median": 81.70084081799999,
      "user": 1205.5655229200001,
      "system": 31.11772914,
      "min": 80.5365869545,
      "max": 83.05126219149999,
      "times": [
        80.6119240425,
        81.8767576735,
        82.12101164849999,
        81.6551819705,
        83.05126219149999,
        81.7464996655,
        80.5365869545,
        82.71751519249999,
        81.55178371849999,
        81.5936193285
      ],
      "exit_codes": [
        0,
        0,
        0,
        0,
        0,
        0,
        0,
        0,
        0,
        0
      ]
    }
  ]
}
