{
  "results": [
    {
      "command": "cargo build --jobs 8 --release --example breakout",
      "mean": 125.34304883552,
      "stddev": 0.5242422132499502,
      "median": 125.36275658862,
      "user": 959.2947940199999,
      "system": 25.034272819999995,
      "min": 124.52788827162,
      "max": 126.51808016561999,
      "times": [
        125.36364328162,
        126.51808016561999,
        125.49793524262,
        125.28525081462,
        125.48242071662,
        125.41393431162,
        124.73867380762,
        125.36186989562,
        125.24079184762,
        124.52788827162
      ],
      "exit_codes": [
        0,
        0,
        0,
        0,
        0,
        0,
        0,
        0,
        0,
        0
      ]
    }
  ]
}
