{
  "results": [
    {
      "command": "cargo build --jobs 16 --release --example breakout",
      "mean": 77.78738702458,
      "stddev": 0.24724780261471868,
      "median": 77.71007730048001,
      "user": 1153.4917062999998,
      "system": 29.853880059999995,
      "min": 77.52755172398,
      "max": 78.35644176098,
      "times": [
        77.83498560098,
        77.52755172398,
        77.86322897998001,
        78.35644176098,
        77.68755134198,
        77.59336753098,
        77.73260325898,
        77.67537870298,
        78.01028074798,
        77.59248059698
      ],
      "exit_codes": [
        0,
        0,
        0,
        0,
        0,
        0,
        0,
        0,
        0,
        0
      ]
    }
  ]
}
