{
  "results": [
    {
      "command": "cargo build --jobs 8 --release --example breakout",
      "mean": 120.96651598632002,
      "stddev": 0.09949473903309188,
      "median": 121.00416690611999,
      "user": 911.9214300400001,
      "system": 24.17615448,
      "min": 120.78025242212,
      "max": 121.06248088811999,
      "times": [
        120.88976065612,
        121.03629636012,
        121.06172515612,
        120.98928122411999,
        121.06248088811999,
        120.95043905812,
        121.03841835412,
        120.78025242212,
        120.83745315611999,
        121.01905258812
      ],
      "exit_codes": [
        0,
        0,
        0,
        0,
        0,
        0,
        0,
        0,
        0,
        0
      ]
    }
  ]
}
