{
  "results": [
    {
      "command": "cargo build --jobs 8 --release --example breakout",
      "mean": 133.04942857114,
      "stddev": 0.31363894276701243,
      "median": 132.97855494974,
      "user": 1010.6196339599999,
      "system": 24.847191200000005,
      "min": 132.75908512523998,
      "max": 133.81994652024,
      "times": [
        132.75908512523998,
        132.80417594724,
        133.81994652024,
        133.19932723423997,
        133.18747943324,
        132.98323054524,
        132.97387935423998,
        132.89005503023998,
        132.78759913724,
        133.08950738424
      ],
      "exit_codes": [
        0,
        0,
        0,
        0,
        0,
        0,
        0,
        0,
        0,
        0
      ]
    }
  ]
}
