{
  "results": [
    {
      "command": "cargo build --jobs 16 --release --example breakout",
      "mean": 79.90251649092,
      "stddev": 0.35377881401233446,
      "median": 80.08105150612,
      "user": 1202.02438356,
      "system": 30.797496159999998,
      "min": 79.13078565462,
      "max": 80.17141549562001,
      "times": [
        79.13078565462,
        80.16843805162,
        80.11378865362,
        80.08994643762,
        80.08318522462001,
        80.07891778762,
        79.46888467062,
        80.02215505162,
        79.69764788162,
        80.17141549562001
      ],
      "exit_codes": [
        0,
        0,
        0,
        0,
        0,
        0,
        0,
        0,
        0,
        0
      ]
    }
  ]
}
