{
  "results": [
    {
      "command": "cargo build --jobs 8 --release --example breakout",
      "mean": 120.42538423210001,
      "stddev": 0.19055269490988516,
      "median": 120.4560405544,
      "user": 904.5094253200001,
      "system": 23.780027080000004,
      "min": 119.94496730190001,
      "max": 120.6322698829,
      "times": [
        120.4791951569,
        120.6322698829,
        120.5348875989,
        119.94496730190001,
        120.3643991839,
        120.48418818990001,
        120.41584184690001,
        120.37207818590001,
        120.5931290219,
        120.4328859519
      ],
      "exit_codes": [
        0,
        0,
        0,
        0,
        0,
        0,
        0,
        0,
        0,
        0
      ]
    }
  ]
}
