{
  "results": [
    {
      "command": "cargo build --jobs 16 --release --example breakout",
      "mean": 77.17390425004001,
      "stddev": 0.11892307784988317,
      "median": 77.14670623854,
      "user": 1144.5899109200002,
      "system": 29.41697252,
      "min": 77.01978141704001,
      "max": 77.35953435404001,
      "times": [
        77.17563809704001,
        77.35953435404001,
        77.26577249604,
        77.05343006404,
        77.08109534904,
        77.33624956004,
        77.10230429504,
        77.11777438004,
        77.01978141704001,
        77.22746248804
      ],
      "exit_codes": [
        0,
        0,
        0,
        0,
        0,
        0,
        0,
        0,
        0,
        0
      ]
    }
  ]
}
