{
  "results": [
    {
      "command": "cargo build --jobs 16 --release --example breakout",
      "mean": 77.175903987,
      "stddev": 0.13536368173059057,
      "median": 77.1627199773,
      "user": 1143.2969545600001,
      "system": 29.49413704,
      "min": 76.9542088613,
      "max": 77.4029846983,
      "times": [
        77.1803138933,
        77.0851270993,
        77.4029846983,
        77.3478314603,
        77.1451260613,
        76.9542088613,
        77.11478200730001,
        77.2058934233,
        77.0604591413,
        77.2623132243
      ],
      "exit_codes": [
        0,
        0,
        0,
        0,
        0,
        0,
        0,
        0,
        0,
        0
      ]
    }
  ]
}
