{
  "results": [
    {
      "command": "cargo build --jobs 8 --release --example breakout",
      "mean": 139.50821250096,
      "stddev": 0.2041361816224993,
      "median": 139.52175399096,
      "user": 1067.5534524,
      "system": 26.482551519999998,
      "min": 139.18508804846002,
      "max": 139.80631152746002,
      "times": [
        139.57676432746,
        139.69307219846002,
        139.24122147646,
        139.64969385446,
        139.40942543346,
        139.46674365446,
        139.66729629746,
        139.18508804846002,
        139.80631152746002,
        139.38650819146002
      ],
      "exit_codes": [
        0,
        0,
        0,
        0,
        0,
        0,
        0,
        0,
        0,
        0
      ]
    }
  ]
}
