{
  "results": [
    {
      "command": "cargo build --jobs 16 --release --example breakout",
      "mean": 77.2119718804,
      "stddev": 4.874567385259019,
      "median": 75.794500438,
      "user": 1135.7888652799998,
      "system": 29.631497260000003,
      "min": 75.0635966425,
      "max": 91.0676129685,
      "times": [
        75.8441469425,
        75.0635966425,
        75.7621014765,
        91.0676129685,
        75.5697813325,
        75.5108214655,
        75.79895404850001,
        75.7900468275,
        75.83961165150001,
        75.87304544850001
      ],
      "exit_codes": [
        0,
        0,
        0,
        0,
        0,
        0,
        0,
        0,
        0,
        0
      ]
    }
  ]
}
