{
  "results": [
    {
      "command": "cargo build --jobs 16 --release --example breakout",
      "mean": 74.65375165498001,
      "stddev": 0.3750926439213991,
      "median": 74.73290596798,
      "user": 1132.7212975199998,
      "system": 29.130850899999995,
      "min": 74.07945516648,
      "max": 75.26309930548001,
      "times": [
        74.50323803648,
        74.23985361548,
        74.07945516648,
        75.26309930548001,
        74.26468011148,
        74.87773774648001,
        74.68075842048,
        74.85886843648001,
        74.78505351548,
        74.98477219548
      ],
      "exit_codes": [
        0,
        0,
        0,
        0,
        0,
        0,
        0,
        0,
        0,
        0
      ]
    }
  ]
}
