{
  "results": [
    {
      "command": "cargo build --jobs 8 --release --example breakout",
      "mean": 116.35809135744,
      "stddev": 0.1784074826979553,
      "median": 116.29180288324,
      "user": 897.1478425600001,
      "system": 23.807593500000003,
      "min": 116.20735786074,
      "max": 116.72029323174,
      "times": [
        116.34736473273999,
        116.22579144974,
        116.72029323174,
        116.25492135473999,
        116.32992027174,
        116.26323223474,
        116.20735786074,
        116.26520281674,
        116.64842667174,
        116.31840294973999
      ],
      "exit_codes": [
        0,
        0,
        0,
        0,
        0,
        0,
        0,
        0,
        0,
        0
      ]
    }
  ]
}
