{
  "results": [
    {
      "command": "cargo build --jobs 8 --release --example breakout",
      "mean": 122.31680886032,
      "stddev": 0.23497354035166465,
      "median": 122.30075147782,
      "user": 923.1701073199999,
      "system": 24.768174660000003,
      "min": 121.90762878982,
      "max": 122.75399413881999,
      "times": [
        122.29250032582,
        122.53173250782,
        122.29671129882,
        122.07300292181999,
        122.30479165682,
        122.39045360582,
        122.42270667182,
        121.90762878982,
        122.19456668581999,
        122.75399413881999
      ],
      "exit_codes": [
        0,
        0,
        0,
        0,
        0,
        0,
        0,
        0,
        0,
        0
      ]
    }
  ]
}
