{
  "results": [
    {
      "command": "cargo build --jobs 16 --release --example breakout",
      "mean": 80.69361156316,
      "stddev": 0.43308783431202386,
      "median": 80.80741717116001,
      "user": 1162.29315898,
      "system": 30.17845216,
      "min": 79.54807743766001,
      "max": 81.05410397466001,
      "times": [
        80.97055623866001,
        81.05410397466001,
        80.94185239466,
        80.78126307166,
        80.83357127066,
        80.51238882466001,
        79.54807743766001,
        80.67539083066,
        80.91014248766001,
        80.70876910066
      ],
      "exit_codes": [
        0,
        0,
        0,
        0,
        0,
        0,
        0,
        0,
        0,
        0
      ]
    }
  ]
}
