{
  "results": [
    {
      "command": "cargo build --jobs 8 --release --example breakout",
      "mean": 139.79019010086,
      "stddev": 0.21401374098014234,
      "median": 139.82255197026,
      "user": 1069.6707638599996,
      "system": 26.459678039999993,
      "min": 139.46824241976,
      "max": 140.19796403275998,
      "times": [
        139.73254872476,
        139.83482234276,
        139.56708854176,
        140.19796403275998,
        139.81190571076,
        139.46824241976,
        139.97008291276,
        139.58799790676,
        139.83319822976,
        139.89805018676
      ],
      "exit_codes": [
        0,
        0,
        0,
        0,
        0,
        0,
        0,
        0,
        0,
        0
      ]
    }
  ]
}
