{
  "results": [
    {
      "command": "cargo build --jobs 16 --release --example breakout",
      "mean": 91.68592177459999,
      "stddev": 1.3874984310995782,
      "median": 92.0520971454,
      "user": 1280.3881603599998,
      "system": 31.11158858,
      "min": 89.51013082989999,
      "max": 93.4880146109,
      "times": [
        90.08810463889999,
        92.9222718879,
        93.4880146109,
        90.40989535089999,
        93.2124847149,
        91.8642121499,
        90.87828818989999,
        89.51013082989999,
        92.2399821409,
        92.2458332319
      ],
      "exit_codes": [
        0,
        0,
        0,
        0,
        0,
        0,
        0,
        0,
        0,
        0
      ]
    }
  ]
}
