{
  "results": [
    {
      "command": "cargo build --jobs 8 --release --example breakout",
      "mean": 138.29440244852,
      "stddev": 0.18367779717654195,
      "median": 138.31521498242,
      "user": 1062.4734504599999,
      "system": 25.724809479999998,
      "min": 137.98472522242,
      "max": 138.48705899742,
      "times": [
        137.98472522242,
        138.44525427342,
        138.04066768542,
        138.28296261942,
        138.46524767642,
        138.15802088742,
        138.34746734542,
        138.26046204942,
        138.47215772842,
        138.48705899742
      ],
      "exit_codes": [
        0,
        0,
        0,
        0,
        0,
        0,
        0,
        0,
        0,
        0
      ]
    }
  ]
}
