{
  "results": [
    {
      "command": "cargo build --jobs 16 --release --example breakout",
      "mean": 95.37807866370001,
      "stddev": 0.6612833483322039,
      "median": 95.1337542711,
      "user": 1330.91761618,
      "system": 31.954514,
      "min": 94.66951010960001,
      "max": 96.76350829660001,
      "times": [
        95.21775946860001,
        95.1798206936,
        96.2972559966,
        96.76350829660001,
        94.66951010960001,
        94.9145445246,
        94.97478167860001,
        95.0876878486,
        95.6017984936,
        95.0741195266
      ],
      "exit_codes": [
        0,
        0,
        0,
        0,
        0,
        0,
        0,
        0,
        0,
        0
      ]
    }
  ]
}
