{
  "results": [
    {
      "command": "cargo build --jobs 16 --release --example breakout",
      "mean": 75.05424417468001,
      "stddev": 0.37623515200229213,
      "median": 75.13055045168,
      "user": 1132.5151003800001,
      "system": 29.484708539999996,
      "min": 74.17557460518,
      "max": 75.50413081718,
      "times": [
        74.96716002418,
        75.30845609618,
        75.11834834118,
        74.97490328018,
        75.14275256218001,
        74.76274506918,
        75.22726383518,
        74.17557460518,
        75.36110711618,
        75.50413081718
      ],
      "exit_codes": [
        0,
        0,
        0,
        0,
        0,
        0,
        0,
        0,
        0,
        0
      ]
    }
  ]
}
