{
  "results": [
    {
      "command": "cargo build --jobs 8 --release --example breakout",
      "mean": 116.8372539125,
      "stddev": 0.16840932567678715,
      "median": 116.7764349432,
      "user": 897.5837912199999,
      "system": 23.975603139999997,
      "min": 116.6662776037,
      "max": 117.2240465847,
      "times": [
        116.9629260027,
        116.7561241527,
        116.6662776037,
        116.7402283717,
        116.9271752197,
        116.8705816287,
        116.7561458107,
        116.6723096747,
        116.7967240757,
        117.2240465847
      ],
      "exit_codes": [
        0,
        0,
        0,
        0,
        0,
        0,
        0,
        0,
        0,
        0
      ]
    }
  ]
}
