{
  "results": [
    {
      "command": "cargo build --jobs 8 --release --example breakout",
      "mean": 135.67091632438002,
      "stddev": 4.713449233618306,
      "median": 134.19302071628,
      "user": 1027.0542114200002,
      "system": 25.274372059999997,
      "min": 133.85198878678,
      "max": 149.07199725278,
      "times": [
        134.13176482778,
        134.23138598277998,
        133.85198878678,
        134.34701954177999,
        134.15465544978,
        134.49541754877998,
        134.11769733577998,
        134.43673268978,
        133.87050382778,
        149.07199725278
      ],
      "exit_codes": [
        0,
        0,
        0,
        0,
        0,
        0,
        0,
        0,
        0,
        0
      ]
    }
  ]
}
