{
  "results": [
    {
      "command": "cargo build --jobs 16 --release --example breakout",
      "mean": 92.64012009448,
      "stddev": 1.0894981265383603,
      "median": 92.66938664477999,
      "user": 1285.42271192,
      "system": 31.57713392,
      "min": 91.02345863677999,
      "max": 94.00649365778,
      "times": [
        93.91042377577999,
        92.54139073478,
        92.82107184978,
        92.79738255477999,
        94.00649365778,
        92.41502591778,
        91.76738590577999,
        93.91873039878,
        91.02345863677999,
        91.19983751278
      ],
      "exit_codes": [
        0,
        0,
        0,
        0,
        0,
        0,
        0,
        0,
        0,
        0
      ]
    }
  ]
}
