{
  "results": [
    {
      "command": "cargo build --jobs 16 --release --example breakout",
      "mean": 77.38004809352,
      "stddev": 0.3371748940710411,
      "median": 77.23017719132,
      "user": 1140.40965998,
      "system": 29.725227999999994,
      "min": 76.99801514382,
      "max": 78.01326670182,
      "times": [
        77.17155613882,
        77.18882696882,
        77.81903062282,
        77.63542424382,
        76.99801514382,
        78.01326670182,
        77.08059242482,
        77.25098493382,
        77.43341430782,
        77.20936944882
      ],
      "exit_codes": [
        0,
        0,
        0,
        0,
        0,
        0,
        0,
        0,
        0,
        0
      ]
    }
  ]
}
