{
  "results": [
    {
      "command": "cargo build --jobs 8 --release --example breakout",
      "mean": 120.13978423928002,
      "stddev": 0.2005101667845665,
      "median": 120.20883611248,
      "user": 905.2327438999998,
      "system": 23.93024614,
      "min": 119.68213142297999,
      "max": 120.32575847998,
      "times": [
        120.19223740698,
        119.68213142297999,
        120.08774162998,
        120.08489330697999,
        119.94506493198,
        120.28437217497999,
        120.26341758698,
        120.30679063398,
        120.22543481798,
        120.32575847998
      ],
      "exit_codes": [
        0,
        0,
        0,
        0,
        0,
        0,
        0,
        0,
        0,
        0
      ]
    }
  ]
}
