{
  "results": [
    {
      "command": "cargo build --jobs 16 --release --example breakout",
      "mean": 76.25911406502,
      "stddev": 2.1877957259656404,
      "median": 75.60344454052,
      "user": 1140.4913425399998,
      "system": 30.45096272,
      "min": 75.17094893052,
      "max": 82.45116528352,
      "times": [
        82.45116528352,
        75.82336739452,
        75.64774244552,
        75.91660299552,
        75.77895874752,
        75.55914663552,
        75.41479050452,
        75.48621550552,
        75.17094893052,
        75.34220220752
      ],
      "exit_codes": [
        0,
        0,
        0,
        0,
        0,
        0,
        0,
        0,
        0,
        0
      ]
    }
  ]
}
