{
  "results": [
    {
      "command": "cargo build --jobs 8 --release --example breakout",
      "mean": 117.55135217696,
      "stddev": 0.18284360453385,
      "median": 117.48195788496,
      "user": 905.12112712,
      "system": 24.885952659999997,
      "min": 117.34468749496,
      "max": 117.83549529896,
      "times": [
        117.47625038096,
        117.66927306996,
        117.82860810196,
        117.34468749496,
        117.48766538896,
        117.37030122896,
        117.83549529896,
        117.41609578996,
        117.65601428996,
        117.42913072496
      ],
      "exit_codes": [
        0,
        0,
        0,
        0,
        0,
        0,
        0,
        0,
        0,
        0
      ]
    }
  ]
}
