{
  "results": [
    {
      "command": "cargo build --jobs 16 --release --example breakout",
      "mean": 80.8572887039,
      "stddev": 0.6313689730936151,
      "median": 80.646508821,
      "user": 1214.8877945400002,
      "system": 33.16110852,
      "min": 80.331192281,
      "max": 82.397286292,
      "times": [
        80.445984817,
        81.40849823799999,
        80.331192281,
        82.397286292,
        80.866492463,
        80.407080493,
        80.691110943,
        80.964896436,
        80.458438377,
        80.601906699
      ],
      "exit_codes": [
        0,
        0,
        0,
        0,
        0,
        0,
        0,
        0,
        0,
        0
      ]
    }
  ]
}
