{
  "results": [
    {
      "command": "cargo build --jobs 8 --release --example breakout",
      "mean": 125.52923965785999,
      "stddev": 0.1406969910140473,
      "median": 125.56944791085999,
      "user": 960.79352592,
      "system": 27.163151039999995,
      "min": 125.25574238636,
      "max": 125.66595811336,
      "times": [
        125.66590021236,
        125.64352415436,
        125.46541283036,
        125.33288969436,
        125.66595811336,
        125.60508101836,
        125.25574238636,
        125.59408065336,
        125.51899234736,
        125.54481516836
      ],
      "exit_codes": [
        0,
        0,
        0,
        0,
        0,
        0,
        0,
        0,
        0,
        0
      ]
    }
  ]
}
