{
  "results": [
    {
      "command": "cargo build --jobs 8 --release --example breakout",
      "mean": 117.23263595590001,
      "stddev": 0.33107836102347554,
      "median": 117.2376572092,
      "user": 902.7392439599998,
      "system": 23.674864859999996,
      "min": 116.7385262287,
      "max": 117.8817042657,
      "times": [
        117.2378709317,
        117.5007144717,
        117.1806788397,
        117.3386907857,
        116.8431614137,
        117.8817042657,
        117.2374434867,
        116.9853472667,
        117.3822218687,
        116.7385262287
      ],
      "exit_codes": [
        0,
        0,
        0,
        0,
        0,
        0,
        0,
        0,
        0,
        0
      ]
    }
  ]
}
