{
  "results": [
    {
      "command": "cargo build --jobs 16 --release --example breakout",
      "mean": 82.5053844192,
      "stddev": 0.29164763422330703,
      "median": 82.47598585520001,
      "user": 1203.90761198,
      "system": 31.71143392,
      "min": 81.8968323747,
      "max": 82.94228685270001,
      "times": [
        82.69807379070001,
        82.3198187877,
        82.47862068170001,
        82.7104673597,
        82.94228685270001,
        82.47335102870001,
        82.3808417837,
        81.8968323747,
        82.3989609847,
        82.7545905477
      ],
      "exit_codes": [
        0,
        0,
        0,
        0,
        0,
        0,
        0,
        0,
        0,
        0
      ]
    }
  ]
}
