{
  "results": [
    {
      "command": "cargo build --jobs 8 --release --example breakout",
      "mean": 120.02703515286001,
      "stddev": 0.09846150980239965,
      "median": 120.02995873856,
      "user": 908.5130053,
      "system": 24.268784520000004,
      "min": 119.89401431656,
      "max": 120.16218383956,
      "times": [
        119.91218885756,
        120.02676252456,
        120.03315495256,
        120.14457719656001,
        119.96245235756,
        120.13977139756,
        120.16218383956,
        120.05071935756,
        119.94452672856,
        119.89401431656
      ],
      "exit_codes": [
        0,
        0,
        0,
        0,
        0,
        0,
        0,
        0,
        0,
        0
      ]
    }
  ]
}
