{
  "results": [
    {
      "command": "cargo build --jobs 16 --release --example breakout",
      "mean": 77.40532384348,
      "stddev": 0.3737674594573763,
      "median": 77.26805126488,
      "user": 1144.56395522,
      "system": 29.786298979999998,
      "min": 77.18415277888,
      "max": 78.43890395988001,
      "times": [
        77.25109578388,
        77.44585626488,
        78.43890395988001,
        77.18415277888,
        77.41614362288,
        77.20285994388,
        77.26528573088001,
        77.27081679888,
        77.35554523988,
        77.22257831088001
      ],
      "exit_codes": [
        0,
        0,
        0,
        0,
        0,
        0,
        0,
        0,
        0,
        0
      ]
    }
  ]
}
