{
  "results": [
    {
      "command": "cargo build --jobs 16 --release --example breakout",
      "mean": 88.0488267653,
      "stddev": 0.3075219016788191,
      "median": 87.99098603869999,
      "user": 1223.23460748,
      "system": 32.35671376,
      "min": 87.7374097412,
      "max": 88.4592392922,
      "times": [
        87.7586239202,
        88.3678551922,
        88.4592392922,
        87.7823788062,
        88.1483153822,
        88.23999314219999,
        87.7383575742,
        87.7374097412,
        88.42243790719999,
        87.83365669519999
      ],
      "exit_codes": [
        0,
        0,
        0,
        0,
        0,
        0,
        0,
        0,
        0,
        0
      ]
    }
  ]
}
