{
  "results": [
    {
      "command": "cargo build --jobs 8 --release --example breakout",
      "mean": 127.40716573873999,
      "stddev": 0.229225500916442,
      "median": 127.34017670093999,
      "user": 977.9596635199999,
      "system": 25.93900738,
      "min": 127.08900122244,
      "max": 127.89766435744001,
      "times": [
        127.30361205144,
        127.68460794044,
        127.31130811844,
        127.08900122244,
        127.46250666444,
        127.89766435744001,
        127.36406549544,
        127.26530656044,
        127.37729707044001,
        127.31628790644
      ],
      "exit_codes": [
        0,
        0,
        0,
        0,
        0,
        0,
        0,
        0,
        0,
        0
      ]
    }
  ]
}
