{
  "results": [
    {
      "command": "cargo build --jobs 8 --release --example breakout",
      "mean": 139.67423046058,
      "stddev": 0.19110056535865635,
      "median": 139.67563068328002,
      "user": 1067.6119076399998,
      "system": 26.92067628,
      "min": 139.39944476578,
      "max": 139.94701361678,
      "times": [
        139.61072006878,
        139.78350830378,
        139.78240393078002,
        139.94701361678,
        139.54943260178,
        139.39944476578,
        139.42916718278002,
        139.74054129778,
        139.92260460878,
        139.57746822878002
      ],
      "exit_codes": [
        0,
        0,
        0,
        0,
        0,
        0,
        0,
        0,
        0,
        0
      ]
    }
  ]
}
