{
  "results": [
    {
      "command": "cargo build --jobs 8 --release --example breakout",
      "mean": 120.25024671845999,
      "stddev": 0.129190499462383,
      "median": 120.19546177475999,
      "user": 909.6099505,
      "system": 24.191047999999995,
      "min": 120.14664771426,
      "max": 120.50526318925999,
      "times": [
        120.14664771426,
        120.17101232126,
        120.19260119826,
        120.22912324426,
        120.26221865926,
        120.50526318925999,
        120.17753491426,
        120.46665419626,
        120.15308939626,
        120.19832235126
      ],
      "exit_codes": [
        0,
        0,
        0,
        0,
        0,
        0,
        0,
        0,
        0,
        0
      ]
    }
  ]
}
