{
  "results": [
    {
      "command": "cargo build --jobs 16 --release --example breakout",
      "mean": 71.71386549948001,
      "stddev": 0.7279805753738808,
      "median": 71.83081005407999,
      "user": 1009.53798806,
      "system": 27.463612899999998,
      "min": 70.23613540158,
      "max": 72.64564488358,
      "times": [
        72.64564488358,
        71.42852305058,
        71.87123288458,
        70.96483620658,
        71.79038722358,
        70.23613540158,
        71.49385478558,
        72.55535557258,
        71.96380863558001,
        72.18887635058
      ],
      "exit_codes": [
        0,
        0,
        0,
        0,
        0,
        0,
        0,
        0,
        0,
        0
      ]
    }
  ]
}
