{
  "results": [
    {
      "command": "cargo build --jobs 8 --release --example breakout",
      "mean": 107.25192475424001,
      "stddev": 0.4156641414720868,
      "median": 107.32249323863999,
      "user": 809.71246074,
      "system": 22.00876924,
      "min": 106.56394655764,
      "max": 107.75700751364,
      "times": [
        107.22159051663999,
        107.75700751364,
        107.42339596064,
        107.44436215764,
        106.85318027564,
        107.19517812164,
        107.57809854764,
        106.74607832864,
        107.73640956263999,
        106.56394655764
      ],
      "exit_codes": [
        0,
        0,
        0,
        0,
        0,
        0,
        0,
        0,
        0,
        0
      ]
    }
  ]
}
