{
  "results": [
    {
      "command": "cargo build --jobs 8 --release --example breakout",
      "mean": 103.48573190696,
      "stddev": 0.23846810559522477,
      "median": 103.49548553906,
      "user": 779.94673284,
      "system": 21.6394928,
      "min": 103.10601876456,
      "max": 103.84567663956,
      "times": [
        103.10601876456,
        103.84567663956,
        103.50888420356,
        103.48208687456,
        103.53056329756001,
        103.76079929456,
        103.69895162056001,
        103.20187235756,
        103.32380990356,
        103.39865611356001
      ],
      "exit_codes": [
        0,
        0,
        0,
        0,
        0,
        0,
        0,
        0,
        0,
        0
      ]
    }
  ]
}
