{
  "results": [
    {
      "command": "cargo build --jobs 16 --release --example breakout",
      "mean": 69.09192029958002,
      "stddev": 0.6927899326167957,
      "median": 69.13829383158,
      "user": 974.30340692,
      "system": 27.14938362,
      "min": 67.61133813308,
      "max": 70.16653371508,
      "times": [
        69.05428026508,
        69.46100060708,
        67.61133813308,
        69.23203826308,
        68.69566127008,
        69.22230739808,
        69.80311380208,
        68.78596666808001,
        70.16653371508,
        68.88696287408
      ],
      "exit_codes": [
        0,
        0,
        0,
        0,
        0,
        0,
        0,
        0,
        0,
        0
      ]
    }
  ]
}
