{
  "results": [
    {
      "command": "cargo build --jobs 8 --release --example breakout",
      "mean": 123.95485579717997,
      "stddev": 0.18453629869497834,
      "median": 123.93157399597999,
      "user": 950.7640765599999,
      "system": 25.109587920000003,
      "min": 123.68841680647999,
      "max": 124.37386135848,
      "times": [
        123.89861234748,
        124.07177005748,
        123.89895307847999,
        124.37386135848,
        123.95522381448,
        123.68841680647999,
        123.92553457848,
        124.02702997348,
        123.93761341348,
        123.77154254348
      ],
      "exit_codes": [
        0,
        0,
        0,
        0,
        0,
        0,
        0,
        0,
        0,
        0
      ]
    }
  ]
}
