{
  "results": [
    {
      "command": "cargo build --jobs 8 --release --example breakout",
      "mean": 116.32256255172001,
      "stddev": 0.05773487840532622,
      "median": 116.32659210642001,
      "user": 896.9671944600001,
      "system": 23.758782700000005,
      "min": 116.25095615341999,
      "max": 116.40023980942,
      "times": [
        116.39735972842,
        116.25095615341999,
        116.40023980942,
        116.29010167042,
        116.35017323842,
        116.36701352642,
        116.30301097442,
        116.25644037741999,
        116.35039937041999,
        116.25993066842
      ],
      "exit_codes": [
        0,
        0,
        0,
        0,
        0,
        0,
        0,
        0,
        0,
        0
      ]
    }
  ]
}
