{
  "results": [
    {
      "command": "cargo build --jobs 16 --release --example breakout",
      "mean": 74.51167429734,
      "stddev": 0.39280003222101334,
      "median": 74.49889663303999,
      "user": 1131.71353482,
      "system": 29.249667879999997,
      "min": 74.05589977054,
      "max": 75.24176821354,
      "times": [
        74.72472440554,
        74.20727178653999,
        74.66186669353999,
        74.54230403353999,
        74.45548923253999,
        74.05589977054,
        74.95181426853999,
        74.20805735054,
        75.24176821354,
        74.06754721854
      ],
      "exit_codes": [
        0,
        0,
        0,
        0,
        0,
        0,
        0,
        0,
        0,
        0
      ]
    }
  ]
}
