{
  "results": [
    {
      "command": "cargo build --jobs 8 --release --example breakout",
      "mean": 106.63091652818,
      "stddev": 0.09907129830569751,
      "median": 106.61436072257999,
      "user": 805.68344456,
      "system": 21.68918286,
      "min": 106.50800915708,
      "max": 106.77903227908,
      "times": [
        106.69950248308,
        106.77903227908,
        106.75459886307999,
        106.54355294707999,
        106.54856173408,
        106.71210534608,
        106.53508102708,
        106.63096319808,
        106.59775824708,
        106.50800915708
      ],
      "exit_codes": [
        0,
        0,
        0,
        0,
        0,
        0,
        0,
        0,
        0,
        0
      ]
    }
  ]
}
