{
  "results": [
    {
      "command": "cargo build --jobs 16 --release --example breakout",
      "mean": 71.39753361586,
      "stddev": 0.6101723965293546,
      "median": 71.34441594106,
      "user": 1009.7580921399998,
      "system": 27.4597731,
      "min": 70.43011938906001,
      "max": 72.81238840506,
      "times": [
        71.33549936306001,
        71.33388699106,
        72.81238840506,
        70.43011938906001,
        71.11429814706,
        71.35333251906,
        70.92901404406001,
        71.45008076806,
        71.68532498906,
        71.53139154306001
      ],
      "exit_codes": [
        0,
        0,
        0,
        0,
        0,
        0,
        0,
        0,
        0,
        0
      ]
    }
  ]
}
