{
  "results": [
    {
      "command": "cargo build --jobs 16 --release --example breakout",
      "mean": 78.9217912644,
      "stddev": 0.3691695159431349,
      "median": 78.8817465415,
      "user": 1168.88489522,
      "system": 29.763276859999998,
      "min": 78.21070447599999,
      "max": 79.579346569,
      "times": [
        79.10000940799999,
        78.21070447599999,
        79.05949034199999,
        79.25478491,
        78.910032187,
        78.85346089599999,
        78.83462625499999,
        79.579346569,
        78.81471885299999,
        78.600738748
      ],
      "exit_codes": [
        0,
        0,
        0,
        0,
        0,
        0,
        0,
        0,
        0,
        0
      ]
    }
  ]
}
