{
  "results": [
    {
      "command": "cargo build --jobs 8 --release --example breakout",
      "mean": 121.71091361225999,
      "stddev": 0.23241782197458324,
      "median": 121.66726452056,
      "user": 924.7114972399999,
      "system": 24.1806056,
      "min": 121.43074836556,
      "max": 122.18411311256,
      "times": [
        121.90600921756,
        121.87057506256001,
        121.65510233456,
        121.65348343956,
        121.77010426756,
        121.51479186256,
        121.43074836556,
        121.67942670656,
        122.18411311256,
        121.44478175356
      ],
      "exit_codes": [
        0,
        0,
        0,
        0,
        0,
        0,
        0,
        0,
        0,
        0
      ]
    }
  ]
}
