{
  "results": [
    {
      "command": "cargo build --jobs 8 --release --example breakout",
      "mean": 134.7946228838,
      "stddev": 0.124864565359928,
      "median": 134.83434754089998,
      "user": 1028.5035917199998,
      "system": 25.1425919,
      "min": 134.54151748689998,
      "max": 134.99447318889997,
      "times": [
        134.69603821389998,
        134.8545898489,
        134.8815152799,
        134.8344974779,
        134.54151748689998,
        134.7474731289,
        134.85060624689999,
        134.99447318889997,
        134.83419760389998,
        134.7113203619
      ],
      "exit_codes": [
        0,
        0,
        0,
        0,
        0,
        0,
        0,
        0,
        0,
        0
      ]
    }
  ]
}
