{
  "results": [
    {
      "command": "cargo build --jobs 16 --release --example breakout",
      "mean": 93.11646576486001,
      "stddev": 0.7726897887900519,
      "median": 92.87552124516,
      "user": 1286.3605625000002,
      "system": 31.393561139999996,
      "min": 92.35519493266,
      "max": 94.83553534266,
      "times": [
        92.52013114166,
        92.57418767166,
        94.83553534266,
        93.05179678665999,
        92.78579006065999,
        93.45600687065999,
        92.96525242966,
        92.65382083166,
        92.35519493266,
        93.96694158065999
      ],
      "exit_codes": [
        0,
        0,
        0,
        0,
        0,
        0,
        0,
        0,
        0,
        0
      ]
    }
  ]
}
