{
  "results": [
    {
      "command": "cargo build --jobs 8 --release --example breakout",
      "mean": 122.01336997152,
      "stddev": 0.2535811981222991,
      "median": 121.97174343542,
      "user": 924.6228710399998,
      "system": 24.118137280000003,
      "min": 121.65261899292,
      "max": 122.47438755092,
      "times": [
        121.65261899292,
        122.47438755092,
        122.34264411792,
        122.02746382091999,
        121.90802560392,
        122.07968988991999,
        122.12383131092,
        121.84331126491999,
        121.91602304992,
        121.76570411291999
      ],
      "exit_codes": [
        0,
        0,
        0,
        0,
        0,
        0,
        0,
        0,
        0,
        0
      ]
    }
  ]
}
