{
  "results": [
    {
      "command": "cargo build --jobs 16 --release --example breakout",
      "mean": 78.79680780470001,
      "stddev": 0.3830285104398394,
      "median": 78.85083132279999,
      "user": 1168.71415666,
      "system": 29.737723640000002,
      "min": 77.9653998148,
      "max": 79.2694005498,
      "times": [
        79.1731235268,
        78.6713658148,
        77.9653998148,
        78.97650470079999,
        79.2694005498,
        79.07424667379999,
        78.9660861818,
        78.7355764638,
        78.5345519878,
        78.6018223328
      ],
      "exit_codes": [
        0,
        0,
        0,
        0,
        0,
        0,
        0,
        0,
        0,
        0
      ]
    }
  ]
}
