{
  "results": [
    {
      "command": "cargo build --jobs 8 --release --example breakout",
      "mean": 122.2014181106,
      "stddev": 0.10313963567895991,
      "median": 122.2096341071,
      "user": 922.16389624,
      "system": 24.851113659999996,
      "min": 122.0409316601,
      "max": 122.3761509111,
      "times": [
        122.0409316601,
        122.2062911201,
        122.2684064221,
        122.3761509111,
        122.1589151191,
        122.1854372901,
        122.2769306671,
        122.2129770941,
        122.04291146909999,
        122.2452293531
      ],
      "exit_codes": [
        0,
        0,
        0,
        0,
        0,
        0,
        0,
        0,
        0,
        0
      ]
    }
  ]
}
