{
  "results": [
    {
      "command": "cargo build --jobs 16 --release --example breakout",
      "mean": 80.19380745188,
      "stddev": 0.49358445020846664,
      "median": 80.26519288828001,
      "user": 1161.0440623999998,
      "system": 30.128090979999996,
      "min": 79.51631930828,
      "max": 80.86238003028001,
      "times": [
        80.23401505328,
        80.62979858228,
        79.84478540328,
        79.67640070628,
        80.75111370528,
        79.64492310228,
        79.51631930828,
        80.86238003028001,
        80.48196790428001,
        80.29637072328
      ],
      "exit_codes": [
        0,
        0,
        0,
        0,
        0,
        0,
        0,
        0,
        0,
        0
      ]
    }
  ]
}
