{
  "results": [
    {
      "command": "cargo build --jobs 16 --release --example breakout",
      "mean": 75.49496245448,
      "stddev": 0.31675467546002356,
      "median": 75.45075053338,
      "user": 1138.65243242,
      "system": 29.359006799999996,
      "min": 75.18311467188,
      "max": 76.26028205188001,
      "times": [
        75.30763637388,
        75.71344877488,
        75.29263859188,
        75.21169021488001,
        75.60087822288,
        75.18311467188,
        75.46853318888,
        76.26028205188001,
        75.43296787788,
        75.47843457588
      ],
      "exit_codes": [
        0,
        0,
        0,
        0,
        0,
        0,
        0,
        0,
        0,
        0
      ]
    }
  ]
}
