{
  "results": [
    {
      "command": "cargo build --jobs 8 --release --example breakout",
      "mean": 117.56156654934,
      "stddev": 0.2897475471764397,
      "median": 117.64041635564,
      "user": 902.5929749199998,
      "system": 23.900496359999998,
      "min": 117.09005621714,
      "max": 117.94719858414,
      "times": [
        117.79927786914,
        117.09243444714,
        117.63643478914,
        117.54949708214,
        117.74807902714,
        117.72799540014,
        117.09005621714,
        117.64439792214,
        117.94719858414,
        117.38029415514
      ],
      "exit_codes": [
        0,
        0,
        0,
        0,
        0,
        0,
        0,
        0,
        0,
        0
      ]
    }
  ]
}
