{
  "results": [
    {
      "command": "cargo build --jobs 8 --release --example breakout",
      "mean": 127.57397030380002,
      "stddev": 0.18823896143877197,
      "median": 127.53401942740001,
      "user": 976.2419590400001,
      "system": 27.78777444,
      "min": 127.3306930774,
      "max": 127.8960184914,
      "times": [
        127.3409432574,
        127.8960184914,
        127.6388525154,
        127.5276364954,
        127.8252741464,
        127.3306930774,
        127.4545141714,
        127.6823992764,
        127.5029692474,
        127.5404023594
      ],
      "exit_codes": [
        0,
        0,
        0,
        0,
        0,
        0,
        0,
        0,
        0,
        0
      ]
    }
  ]
}
