{
  "results": [
    {
      "command": "cargo build --jobs 16 --release --example breakout",
      "mean": 88.37481823034001,
      "stddev": 0.3132521209141629,
      "median": 88.44498731174,
      "user": 1223.4236133200002,
      "system": 32.23074128,
      "min": 87.80123914124,
      "max": 88.78836191424,
      "times": [
        88.57051141524,
        88.57972127024,
        88.57795761324,
        87.88758985424,
        88.78836191424,
        87.80123914124,
        88.26217504624,
        88.47150067324,
        88.39065142524001,
        88.41847395024
      ],
      "exit_codes": [
        0,
        0,
        0,
        0,
        0,
        0,
        0,
        0,
        0,
        0
      ]
    }
  ]
}
