{
  "results": [
    {
      "command": "cargo build --jobs 16 --release --example breakout",
      "mean": 88.18809101456,
      "stddev": 0.6376887615015924,
      "median": 88.26856508986,
      "user": 1223.20067694,
      "system": 32.20149312,
      "min": 87.01733243686,
      "max": 89.36184754486001,
      "times": [
        88.56032223786,
        87.01733243686,
        89.36184754486001,
        87.95394092586001,
        88.37932394186001,
        88.58695304286,
        87.72020613786,
        87.70049562186,
        88.44268201786001,
        88.15780623786
      ],
      "exit_codes": [
        0,
        0,
        0,
        0,
        0,
        0,
        0,
        0,
        0,
        0
      ]
    }
  ]
}
