{
  "results": [
    {
      "command": "cargo build --jobs 8 --release --example breakout",
      "mean": 117.13619229221999,
      "stddev": 0.14338622718439412,
      "median": 117.17127068272,
      "user": 902.6554472599998,
      "system": 24.81821954,
      "min": 116.94750187822,
      "max": 117.37341860721999,
      "times": [
        117.13799344422,
        116.95375636621999,
        117.37341860721999,
        116.95203577022,
        117.13207649921999,
        116.94750187822,
        117.21932855722,
        117.21373337722,
        117.22753050122,
        117.20454792122
      ],
      "exit_codes": [
        0,
        0,
        0,
        0,
        0,
        0,
        0,
        0,
        0,
        0
      ]
    }
  ]
}
