{
  "results": [
    {
      "command": "cargo build --jobs 16 --release --example breakout",
      "mean": 87.73080687392,
      "stddev": 0.6981720058133943,
      "median": 87.73437432412,
      "user": 1220.3437435,
      "system": 31.99255736,
      "min": 86.03743758312,
      "max": 88.83829705012,
      "times": [
        87.67016269812,
        87.74589714812,
        88.12995078912,
        88.83829705012,
        86.03743758312,
        87.72285150012,
        87.93247542412,
        87.59369738112,
        87.98414401812,
        87.65315514712
      ],
      "exit_codes": [
        0,
        0,
        0,
        0,
        0,
        0,
        0,
        0,
        0,
        0
      ]
    }
  ]
}
