{
  "results": [
    {
      "command": "cargo build --jobs 8 --release --example breakout",
      "mean": 127.78874322016,
      "stddev": 0.17447797191616352,
      "median": 127.75866495136,
      "user": 975.3526896799998,
      "system": 25.68097572,
      "min": 127.53913045886,
      "max": 128.05753700686,
      "times": [
        127.60070440285999,
        127.69526740485999,
        127.53913045886,
        127.97113860686,
        127.71719996286,
        128.02225984286,
        127.76658653986,
        127.76686461285999,
        128.05753700686,
        127.75074336285999
      ],
      "exit_codes": [
        0,
        0,
        0,
        0,
        0,
        0,
        0,
        0,
        0,
        0
      ]
    }
  ]
}
