{
  "results": [
    {
      "command": "cargo build --jobs 16 --release --example breakout",
      "mean": 74.76258510651999,
      "stddev": 0.17132832482493715,
      "median": 74.77636018001999,
      "user": 1133.70265144,
      "system": 29.555650219999997,
      "min": 74.53560493952,
      "max": 75.02214661552,
      "times": [
        74.77921608852,
        74.81122793252,
        74.94823215452,
        74.53560493952,
        74.61311046652,
        74.93632186251999,
        74.77350427152,
        75.02214661552,
        74.65200248852,
        74.55448424552
      ],
      "exit_codes": [
        0,
        0,
        0,
        0,
        0,
        0,
        0,
        0,
        0,
        0
      ]
    }
  ]
}
