{
  "results": [
    {
      "command": "cargo build --jobs 8 --release --example breakout",
      "mean": 116.74243031794,
      "stddev": 0.46183448149502976,
      "median": 116.60907540794001,
      "user": 898.4069849399999,
      "system": 24.090826999999997,
      "min": 116.30409576244,
      "max": 117.94890856944001,
      "times": [
        116.38360392344,
        116.51865440344001,
        116.75518792744,
        116.30409576244,
        116.57898388544001,
        116.57557410744,
        117.94890856944001,
        116.85870446544001,
        116.86142320444,
        116.63916693044001
      ],
      "exit_codes": [
        0,
        0,
        0,
        0,
        0,
        0,
        0,
        0,
        0,
        0
      ]
    }
  ]
}
