{
  "results": [
    {
      "command": "cargo build --jobs 8 --release --example breakout",
      "mean": 123.88113605522001,
      "stddev": 0.25471258530994423,
      "median": 123.80579857962002,
      "user": 951.53446336,
      "system": 25.21734448,
      "min": 123.61929095412,
      "max": 124.48762514812,
      "times": [
        124.05050425512,
        123.85726826412001,
        123.72384996312,
        123.71836339212001,
        124.02738646012,
        123.75432889512001,
        123.61929095412,
        123.71022805112,
        123.86251516912,
        124.48762514812
      ],
      "exit_codes": [
        0,
        0,
        0,
        0,
        0,
        0,
        0,
        0,
        0,
        0
      ]
    }
  ]
}
