{
  "results": [
    {
      "command": "cargo build --jobs 16 --release --example breakout",
      "mean": 87.02127809522001,
      "stddev": 1.003719010714791,
      "median": 87.33385234522001,
      "user": 1220.03168726,
      "system": 32.09901176,
      "min": 84.90103086272,
      "max": 87.97684506572,
      "times": [
        87.66414077272,
        87.94765980572001,
        86.68875049772001,
        87.73815492372,
        87.09471593272,
        86.79016963172,
        87.97684506572,
        87.57298875772001,
        85.83832470172001,
        84.90103086272
      ],
      "exit_codes": [
        0,
        0,
        0,
        0,
        0,
        0,
        0,
        0,
        0,
        0
      ]
    }
  ]
}
