{
  "results": [
    {
      "command": "cargo build --jobs 16 --release --example breakout",
      "mean": 71.71517718541999,
      "stddev": 0.5274915110916953,
      "median": 71.70045970601998,
      "user": 1011.9972995799999,
      "system": 27.587341619999997,
      "min": 70.79311201252,
      "max": 72.41353038352,
      "times": [
        72.19416719652,
        71.79403204351999,
        70.79311201252,
        71.60688736851999,
        71.20123030952,
        72.41353038352,
        72.18886640952,
        71.35935414452,
        71.41995092552,
        72.18064106052
      ],
      "exit_codes": [
        0,
        0,
        0,
        0,
        0,
        0,
        0,
        0,
        0,
        0
      ]
    }
  ]
}
