{
  "results": [
    {
      "command": "cargo build --jobs 8 --release --example breakout",
      "mean": 107.17796969204001,
      "stddev": 0.4811069993635525,
      "median": 107.27389332584,
      "user": 807.81640122,
      "system": 21.81128946,
      "min": 106.39156582434,
      "max": 107.70295677734,
      "times": [
        107.65550178934001,
        107.70295677734,
        106.39156582434,
        107.26948585534001,
        107.69365349134,
        106.58704024034,
        107.49936213034,
        107.27830079634,
        106.77913566534001,
        106.92269435034
      ],
      "exit_codes": [
        0,
        0,
        0,
        0,
        0,
        0,
        0,
        0,
        0,
        0
      ]
    }
  ]
}
