{
  "results": [
    {
      "command": "cargo build --jobs 8 --release --example breakout",
      "mean": 120.38144505129999,
      "stddev": 0.23049688695016918,
      "median": 120.36828153280001,
      "user": 910.7996831799999,
      "system": 24.891117459999997,
      "min": 119.98960022380001,
      "max": 120.8163729268,
      "times": [
        120.2347628538,
        120.18914328880001,
        120.4869367398,
        120.28911979280001,
        120.8163729268,
        120.4684244798,
        120.3743721548,
        120.36219091080001,
        120.6035271418,
        119.98960022380001
      ],
      "exit_codes": [
        0,
        0,
        0,
        0,
        0,
        0,
        0,
        0,
        0,
        0
      ]
    }
  ]
}
