{
  "results": [
    {
      "command": "cargo build --jobs 8 --release --example breakout",
      "mean": 120.21221300258,
      "stddev": 0.2761444606474484,
      "median": 120.06381631737999,
      "user": 908.23530882,
      "system": 24.754757880000003,
      "min": 119.95663972887999,
      "max": 120.62616087187999,
      "times": [
        120.39393458587999,
        120.02931566887999,
        120.43221084388,
        120.62314653288,
        120.62616087187999,
        120.09831696587999,
        119.96650669088,
        119.95663972887999,
        120.01705117287999,
        119.97884696387999
      ],
      "exit_codes": [
        0,
        0,
        0,
        0,
        0,
        0,
        0,
        0,
        0,
        0
      ]
    }
  ]
}
