{
  "results": [
    {
      "command": "cargo build --jobs 16 --release --example breakout",
      "mean": 78.00767445113999,
      "stddev": 0.2351477604568795,
      "median": 78.04754599844,
      "user": 1142.6434156399998,
      "system": 30.225306739999997,
      "min": 77.54792611344,
      "max": 78.30827839343999,
      "times": [
        78.04699585143999,
        78.04809614544,
        77.94461312444,
        78.30827839343999,
        78.16865809743999,
        77.85144266644,
        78.09944183444,
        78.28457663244,
        77.77671565243999,
        77.54792611344
      ],
      "exit_codes": [
        0,
        0,
        0,
        0,
        0,
        0,
        0,
        0,
        0,
        0
      ]
    }
  ]
}
