{
  "results": [
    {
      "command": "cargo build --jobs 16 --release --example breakout",
      "mean": 78.41038620650001,
      "stddev": 0.3033563791464108,
      "median": 78.3666320664,
      "user": 1180.3637191599998,
      "system": 30.101434679999993,
      "min": 78.04611641289999,
      "max": 78.8648348399,
      "times": [
        78.21260420189999,
        78.66476047789999,
        78.1392602039,
        78.84163178589999,
        78.0882203579,
        78.8648348399,
        78.42794936189999,
        78.3053147709,
        78.5131696519,
        78.04611641289999
      ],
      "exit_codes": [
        0,
        0,
        0,
        0,
        0,
        0,
        0,
        0,
        0,
        0
      ]
    }
  ]
}
