{
  "results": [
    {
      "command": "cargo build --jobs 8 --release --example breakout",
      "mean": 121.97416415528001,
      "stddev": 0.39368171670571384,
      "median": 121.92987440588,
      "user": 934.71337786,
      "system": 24.370810019999997,
      "min": 121.40840932288,
      "max": 122.84664596888,
      "times": [
        122.12344063188,
        121.65974737388,
        122.14622041888,
        121.74514946088,
        122.84664596888,
        122.06499744188,
        122.16312199288001,
        121.40840932288,
        121.78915757088001,
        121.79475136988
      ],
      "exit_codes": [
        0,
        0,
        0,
        0,
        0,
        0,
        0,
        0,
        0,
        0
      ]
    }
  ]
}
