{
  "results": [
    {
      "command": "cargo build --jobs 8 --release --example breakout",
      "mean": 106.10485810776,
      "stddev": 0.3169626805681044,
      "median": 106.16002846635999,
      "user": 799.9685432,
      "system": 21.879242199999993,
      "min": 105.59328179635999,
      "max": 106.43817395936,
      "times": [
        106.39338430036,
        105.59328179635999,
        105.93490200336,
        106.43817395936,
        105.97855345536,
        106.11408536635999,
        105.62056221936,
        106.20597156635999,
        106.41372343036,
        106.35594298036
      ],
      "exit_codes": [
        0,
        0,
        0,
        0,
        0,
        0,
        0,
        0,
        0,
        0
      ]
    }
  ]
}
