{
  "results": [
    {
      "command": "cargo build --jobs 16 --release --example breakout",
      "mean": 71.07747939672,
      "stddev": 0.6245971609767799,
      "median": 70.99147221122,
      "user": 1001.65331262,
      "system": 27.57901584,
      "min": 70.04927397221999,
      "max": 72.23950359122,
      "times": [
        72.23950359122,
        70.93254309422,
        71.19855322722,
        70.70994212922,
        70.61990139022,
        71.59250877022,
        71.65565888722,
        70.04927397221999,
        70.72650757722,
        71.05040132822
      ],
      "exit_codes": [
        0,
        0,
        0,
        0,
        0,
        0,
        0,
        0,
        0,
        0
      ]
    }
  ]
}
