{
  "results": [
    {
      "command": "cargo build --jobs 16 --release --example breakout",
      "mean": 74.78373006956,
      "stddev": 0.2672435764949505,
      "median": 74.81233061025999,
      "user": 1095.2828123999996,
      "system": 28.417280679999998,
      "min": 74.37100957626,
      "max": 75.12583800526,
      "times": [
        75.05537577026,
        74.50270057726,
        74.37100957626,
        74.82773746625999,
        74.42422108726,
        75.12583800526,
        74.99591859226,
        74.79205439126,
        74.79692375425999,
        74.94552147526
      ],
      "exit_codes": [
        0,
        0,
        0,
        0,
        0,
        0,
        0,
        0,
        0,
        0
      ]
    }
  ]
}
