{
  "results": [
    {
      "command": "cargo build --jobs 8 --release --example breakout",
      "mean": 115.94268941972,
      "stddev": 0.24800766277601544,
      "median": 115.86826991932,
      "user": 868.7111185400001,
      "system": 22.698778299999997,
      "min": 115.67126074082,
      "max": 116.34924050882,
      "times": [
        116.15748681682,
        115.67126074082,
        116.34924050882,
        116.33252399382,
        115.72169522582,
        115.90042857382,
        115.86627607782,
        115.80246472782,
        115.87026376082,
        115.75525377082
      ],
      "exit_codes": [
        0,
        0,
        0,
        0,
        0,
        0,
        0,
        0,
        0,
        0
      ]
    }
  ]
}
