{
  "results": [
    {
      "command": "cargo build --jobs 16 --release --example breakout",
      "mean": 78.10488816755999,
      "stddev": 0.2492613046439629,
      "median": 78.06679739166,
      "user": 1179.3989833199998,
      "system": 30.05292222,
      "min": 77.60825801316001,
      "max": 78.57058797616,
      "times": [
        77.97954878016,
        78.57058797616,
        78.24577863916001,
        78.03934794516,
        78.32824315116001,
        78.09026430116,
        77.60825801316001,
        78.05847374216,
        78.05325808616,
        78.07512104116
      ],
      "exit_codes": [
        0,
        0,
        0,
        0,
        0,
        0,
        0,
        0,
        0,
        0
      ]
    }
  ]
}
