{
  "results": [
    {
      "command": "cargo build --jobs 8 --release --example breakout",
      "mean": 130.86039737332,
      "stddev": 0.21084856408061028,
      "median": 130.86217740581998,
      "user": 1002.3947611,
      "system": 24.920259119999997,
      "min": 130.56466695532,
      "max": 131.17420265932,
      "times": [
        130.71774350132,
        130.87584692331998,
        130.56466695532,
        130.63686710432,
        130.91060466232,
        130.69472116032,
        131.17420265932,
        130.84850788832,
        131.15249564132,
        131.02831723732
      ],
      "exit_codes": [
        0,
        0,
        0,
        0,
        0,
        0,
        0,
        0,
        0,
        0
      ]
    }
  ]
}
