{
  "results": [
    {
      "command": "cargo build --jobs 16 --release --example breakout",
      "mean": 91.75250098772,
      "stddev": 1.079308469112075,
      "median": 91.45987560692001,
      "user": 1283.1833696200001,
      "system": 31.36353224,
      "min": 90.90740295942,
      "max": 94.57846439442001,
      "times": [
        90.90740295942,
        91.70259518442,
        94.57846439442001,
        91.27179306242,
        91.44610645542001,
        91.23393369242001,
        92.42990356742,
        91.49236200742,
        91.47364475842001,
        90.98880379542
      ],
      "exit_codes": [
        0,
        0,
        0,
        0,
        0,
        0,
        0,
        0,
        0,
        0
      ]
    }
  ]
}
