{
  "results": [
    {
      "command": "cargo build --jobs 8 --release --example breakout",
      "mean": 142.8807993008,
      "stddev": 0.22620076363962274,
      "median": 142.87160746019998,
      "user": 1095.28188096,
      "system": 27.226951739999993,
      "min": 142.6186213837,
      "max": 143.2408379737,
      "times": [
        142.9231467057,
        142.6606531997,
        142.86889380769998,
        143.2188171437,
        143.2408379737,
        142.6186213837,
        142.6866284167,
        142.8743211127,
        142.6867182527,
        143.02935501169998
      ],
      "exit_codes": [
        0,
        0,
        0,
        0,
        0,
        0,
        0,
        0,
        0,
        0
      ]
    }
  ]
}
