{
  "results": [
    {
      "command": "cargo build --jobs 16 --release --example breakout",
      "mean": 98.07357489275999,
      "stddev": 3.6264273812580434,
      "median": 96.92147679336,
      "user": 1370.32678236,
      "system": 33.84498934,
      "min": 95.78147911536,
      "max": 108.10798860135999,
      "times": [
        97.33709004036,
        96.26986352236,
        98.40615408536,
        108.10798860135999,
        97.72019224336,
        96.49015937936,
        96.23428763036,
        95.78147911536,
        97.88267076336,
        96.50586354636
      ],
      "exit_codes": [
        0,
        0,
        0,
        0,
        0,
        0,
        0,
        0,
        0,
        0
      ]
    }
  ]
}
