{
  "results": [
    {
      "command": "cargo build --jobs 8 --release --example breakout",
      "mean": 121.95385964460002,
      "stddev": 0.2340118400130076,
      "median": 121.9719391654,
      "user": 908.3458416999999,
      "system": 23.792127739999998,
      "min": 121.40657564440001,
      "max": 122.2468593074,
      "times": [
        121.94029271340001,
        122.16338402240001,
        122.09309123540001,
        121.9878087414,
        121.9560695894,
        121.82476022940001,
        122.2468593074,
        121.8455997124,
        121.40657564440001,
        122.07415525040001
      ],
      "exit_codes": [
        0,
        0,
        0,
        0,
        0,
        0,
        0,
        0,
        0,
        0
      ]
    }
  ]
}
