{
  "results": [
    {
      "command": "cargo build --jobs 8 --release --example breakout",
      "mean": 116.99834330808001,
      "stddev": 0.18905241048404556,
      "median": 116.97605965818,
      "user": 902.2146151,
      "system": 24.837149379999996,
      "min": 116.74992729668,
      "max": 117.33974964568,
      "times": [
        116.87050773568001,
        116.77812762568,
        116.88314460068,
        116.97441654368001,
        117.13077662468001,
        117.19819468868,
        117.08088554668001,
        116.74992729668,
        117.33974964568,
        116.97770277268
      ],
      "exit_codes": [
        0,
        0,
        0,
        0,
        0,
        0,
        0,
        0,
        0,
        0
      ]
    }
  ]
}
