{
  "results": [
    {
      "command": "cargo build --jobs 16 --release --example breakout",
      "mean": 75.73357958324,
      "stddev": 0.24214695710491502,
      "median": 75.69753734584,
      "user": 1137.75734204,
      "system": 30.56235282,
      "min": 75.32205283884001,
      "max": 76.14253108084,
      "times": [
        75.91042320984,
        75.68992469684001,
        75.86998233884,
        75.63345845484001,
        75.68212690384,
        75.44302038584,
        75.32205283884001,
        75.70514999484,
        76.14253108084,
        75.93712592784
      ],
      "exit_codes": [
        0,
        0,
        0,
        0,
        0,
        0,
        0,
        0,
        0,
        0
      ]
    }
  ]
}
