{
  "results": [
    {
      "command": "cargo build --jobs 8 --release --example breakout",
      "mean": 121.74297148662001,
      "stddev": 0.30355613451645197,
      "median": 121.66049018502,
      "user": 934.4243736599999,
      "system": 24.4046154,
      "min": 121.30236791902,
      "max": 122.22745875202,
      "times": [
        121.51533415902,
        122.22745875202,
        122.17700997302,
        122.02508255502,
        121.70339773802,
        121.30236791902,
        121.73114558702001,
        121.61758263202,
        121.56691332702,
        121.56342222402
      ],
      "exit_codes": [
        0,
        0,
        0,
        0,
        0,
        0,
        0,
        0,
        0,
        0
      ]
    }
  ]
}
