{
  "results": [
    {
      "command": "cargo build --jobs 16 --release --example breakout",
      "mean": 78.3276743549,
      "stddev": 0.26596952484808983,
      "median": 78.32006509409999,
      "user": 1181.3476287199999,
      "system": 30.146564379999994,
      "min": 77.8424802376,
      "max": 78.6727688256,
      "times": [
        78.5467683896,
        77.8424802376,
        78.4614362816,
        78.6727688256,
        78.1657422116,
        78.6348937336,
        78.1289517536,
        78.1872449716,
        78.1835719276,
        78.4528852166
      ],
      "exit_codes": [
        0,
        0,
        0,
        0,
        0,
        0,
        0,
        0,
        0,
        0
      ]
    }
  ]
}
