{
  "results": [
    {
      "command": "cargo build --jobs 8 --release --example breakout",
      "mean": 116.92852031482,
      "stddev": 0.33300414322063887,
      "median": 117.00520523892,
      "user": 898.67978952,
      "system": 23.96593062,
      "min": 116.37543993192,
      "max": 117.44070956691999,
      "times": [
        116.40330481392,
        116.78354697392,
        117.44070956691999,
        117.16591938492,
        117.10446756992,
        116.37543993192,
        117.09613595392,
        116.90526847491999,
        117.05623925692,
        116.95417122092
      ],
      "exit_codes": [
        0,
        0,
        0,
        0,
        0,
        0,
        0,
        0,
        0,
        0
      ]
    }
  ]
}
