{
  "results": [
    {
      "command": "cargo build --jobs 16 --release --example breakout",
      "mean": 78.35487619462,
      "stddev": 0.1403959594364687,
      "median": 78.33715294512001,
      "user": 1181.80819062,
      "system": 30.00678636,
      "min": 78.16414020112,
      "max": 78.55976453512,
      "times": [
        78.26597138312,
        78.18816587512,
        78.16414020112,
        78.47864135212001,
        78.33497257112,
        78.52951883412,
        78.25286717812,
        78.55976453512,
        78.33933331912,
        78.43538669712001
      ],
      "exit_codes": [
        0,
        0,
        0,
        0,
        0,
        0,
        0,
        0,
        0,
        0
      ]
    }
  ]
}
