{
  "results": [
    {
      "command": "cargo build --jobs 8 --release --example breakout",
      "mean": 106.46646228523998,
      "stddev": 0.3468274369566182,
      "median": 106.57617230503999,
      "user": 803.7564726599999,
      "system": 21.774507179999997,
      "min": 105.93956912003999,
      "max": 106.92458132403999,
      "times": [
        106.08664440503999,
        106.86248106104,
        106.55447433404,
        106.69816717804,
        106.07532769203999,
        106.28625108204,
        105.93956912003999,
        106.92458132403999,
        106.59787027604,
        106.63925638004
      ],
      "exit_codes": [
        0,
        0,
        0,
        0,
        0,
        0,
        0,
        0,
        0,
        0
      ]
    }
  ]
}
