{
  "results": [
    {
      "command": "cargo build --jobs 16 --release --example breakout",
      "mean": 70.76883057952,
      "stddev": 0.7381178500330235,
      "median": 70.93284451061999,
      "user": 1008.17715058,
      "system": 27.515561339999994,
      "min": 69.64617115262,
      "max": 72.24794131361999,
      "times": [
        70.87679124462,
        71.09862890161999,
        72.24794131361999,
        71.08220478262,
        71.01450001261999,
        69.91418260761999,
        70.14572202362,
        69.64617115262,
        70.67326597962,
        70.98889777662
      ],
      "exit_codes": [
        0,
        0,
        0,
        0,
        0,
        0,
        0,
        0,
        0,
        0
      ]
    }
  ]
}
