{
  "results": [
    {
      "command": "cargo build --jobs 16 --release --example breakout",
      "mean": 88.30172483222,
      "stddev": 0.6365743153392,
      "median": 88.41730388942,
      "user": 1235.7217908200003,
      "system": 32.30500618000001,
      "min": 86.69606579692,
      "max": 89.03138763391999,
      "times": [
        89.03138763391999,
        88.41246380592,
        88.09966908592,
        88.04839152091999,
        88.40533626192,
        88.80331805291999,
        88.44956145092,
        88.42214397292,
        86.69606579692,
        88.64891073992
      ],
      "exit_codes": [
        0,
        0,
        0,
        0,
        0,
        0,
        0,
        0,
        0,
        0
      ]
    }
  ]
}
