{
  "results": [
    {
      "command": "cargo build --jobs 8 --release --example breakout",
      "mean": 137.94529091897996,
      "stddev": 0.3535629346904181,
      "median": 137.89323017098,
      "user": 1050.96028204,
      "system": 26.2686284,
      "min": 137.58017899648,
      "max": 138.64068809647998,
      "times": [
        138.64068809647998,
        137.67485300247998,
        137.89991956548,
        138.48000520847998,
        137.58017899648,
        137.62526138648,
        137.99840414047998,
        137.75170833148,
        137.91534968547998,
        137.88654077648
      ],
      "exit_codes": [
        0,
        0,
        0,
        0,
        0,
        0,
        0,
        0,
        0,
        0
      ]
    }
  ]
}
