{
  "results": [
    {
      "command": "cargo build --jobs 16 --release --example breakout",
      "mean": 78.60268321786,
      "stddev": 0.2944201388332731,
      "median": 78.59833675956,
      "user": 1181.5964852799998,
      "system": 30.160959799999993,
      "min": 78.16754196756,
      "max": 79.00704069756,
      "times": [
        78.44853748356,
        78.88309470756,
        78.22342414356001,
        78.65816190856,
        78.97793880956,
        79.00704069756,
        78.53851161056001,
        78.68300271256001,
        78.43957813756,
        78.16754196756
      ],
      "exit_codes": [
        0,
        0,
        0,
        0,
        0,
        0,
        0,
        0,
        0,
        0
      ]
    }
  ]
}
