{
  "results": [
    {
      "command": "cargo build --jobs 16 --release --example breakout",
      "mean": 87.69614681068,
      "stddev": 0.35474872402709273,
      "median": 87.74950352697999,
      "user": 1232.1004483,
      "system": 30.283485920000004,
      "min": 87.05655207948,
      "max": 88.29297283048001,
      "times": [
        87.80697006048001,
        88.29297283048001,
        87.27635887248,
        87.05655207948,
        87.75283305248,
        87.74617400148,
        87.58379694548,
        87.97906086048,
        87.93045686448,
        87.53629253948
      ],
      "exit_codes": [
        0,
        0,
        0,
        0,
        0,
        0,
        0,
        0,
        0,
        0
      ]
    }
  ]
}
