{
  "results": [
    {
      "command": "cargo build --jobs 16 --release --example breakout",
      "mean": 74.97002071858,
      "stddev": 0.22044048645030279,
      "median": 74.98370311568002,
      "user": 1100.36156374,
      "system": 28.64192703999999,
      "min": 74.44426540118,
      "max": 75.31279757418001,
      "times": [
        74.96899021218,
        74.99333235218,
        75.05629350618001,
        74.97407387918001,
        75.31279757418001,
        75.05211937118,
        74.44426540118,
        75.09601918918,
        74.86036853018001,
        74.94194717018
      ],
      "exit_codes": [
        0,
        0,
        0,
        0,
        0,
        0,
        0,
        0,
        0,
        0
      ]
    }
  ]
}
