{
  "results": [
    {
      "command": "cargo build --jobs 8 --release --example breakout",
      "mean": 134.61851729848,
      "stddev": 0.18459250907512573,
      "median": 134.54275306318,
      "user": 1029.34261408,
      "system": 24.893842359999997,
      "min": 134.39541817768,
      "max": 134.93715215568,
      "times": [
        134.51698753268,
        134.43355002368,
        134.83487990268,
        134.39541817768,
        134.54271930968,
        134.82658172868,
        134.63189060367998,
        134.52320673367998,
        134.54278681667998,
        134.93715215568
      ],
      "exit_codes": [
        0,
        0,
        0,
        0,
        0,
        0,
        0,
        0,
        0,
        0
      ]
    }
  ]
}
