{
  "results": [
    {
      "command": "cargo build --jobs 8 --release --example breakout",
      "mean": 140.85030098232,
      "stddev": 0.7187719307750917,
      "median": 140.81012406262,
      "user": 1073.4721060799998,
      "system": 26.646661299999995,
      "min": 140.17997708662,
      "max": 142.75953933962,
      "times": [
        140.50302393062,
        140.88778473662,
        140.79685142962,
        140.82339669562,
        140.61574150562,
        140.17997708662,
        140.84500688062002,
        142.75953933962,
        140.23831253562,
        140.85337568262
      ],
      "exit_codes": [
        0,
        0,
        0,
        0,
        0,
        0,
        0,
        0,
        0,
        0
      ]
    }
  ]
}
