{
  "results": [
    {
      "command": "cargo build --jobs 16 --release --example breakout",
      "mean": 77.93271620524,
      "stddev": 0.2621422653697387,
      "median": 77.98276818754,
      "user": 1144.044274,
      "system": 30.116376139999993,
      "min": 77.43093775054,
      "max": 78.34554134254,
      "times": [
        78.34554134254,
        78.05161248054,
        78.17689347854,
        77.87938096654,
        77.73329919854,
        77.43093775054,
        78.04564727954,
        77.69831318054,
        77.92284477254,
        78.04269160254
      ],
      "exit_codes": [
        0,
        0,
        0,
        0,
        0,
        0,
        0,
        0,
        0,
        0
      ]
    }
  ]
}
