{
  "results": [
    {
      "command": "cargo build --jobs 8 --release --example breakout",
      "mean": 120.13634220861998,
      "stddev": 0.30581036299743364,
      "median": 120.14902970962,
      "user": 908.35025136,
      "system": 24.74550144,
      "min": 119.72086457312,
      "max": 120.76115370612,
      "times": [
        119.87267233712,
        120.30599289112,
        119.94491892111999,
        119.85791649011999,
        120.21062141812,
        119.72086457312,
        120.76115370612,
        120.08743800111999,
        120.34630834811999,
        120.25553540012
      ],
      "exit_codes": [
        0,
        0,
        0,
        0,
        0,
        0,
        0,
        0,
        0,
        0
      ]
    }
  ]
}
