{
  "results": [
    {
      "command": "cargo build --jobs 8 --release --example breakout",
      "mean": 129.06061341914,
      "stddev": 0.08279700498344461,
      "median": 129.06811189514,
      "user": 986.7379445999999,
      "system": 26.0278781,
      "min": 128.89107475614,
      "max": 129.20950666014,
      "times": [
        129.02094995413998,
        129.06832388814,
        129.10298676314,
        129.11881492313998,
        129.08386448514,
        129.20950666014,
        129.00923091214,
        128.89107475614,
        129.03348194714,
        129.06789990214
      ],
      "exit_codes": [
        0,
        0,
        0,
        0,
        0,
        0,
        0,
        0,
        0,
        0
      ]
    }
  ]
}
