{
  "results": [
    {
      "command": "cargo build --jobs 16 --release --example breakout",
      "mean": 77.50839751242002,
      "stddev": 0.6577177550554187,
      "median": 77.28704390902001,
      "user": 1143.7044470800001,
      "system": 29.73488758,
      "min": 77.15867209452,
      "max": 79.34990736952,
      "times": [
        77.15867209452,
        77.25793905352,
        77.39113089152,
        77.26617183052001,
        77.23187930052,
        77.32326722252,
        79.34990736952,
        77.30791598752,
        77.21193115052,
        77.58516022352
      ],
      "exit_codes": [
        0,
        0,
        0,
        0,
        0,
        0,
        0,
        0,
        0,
        0
      ]
    }
  ]
}
