{
  "results": [
    {
      "command": "cargo build --jobs 8 --release --example breakout",
      "mean": 120.83388103350003,
      "stddev": 0.15220449448862503,
      "median": 120.83534537580002,
      "user": 911.98251744,
      "system": 24.233548839999994,
      "min": 120.5775010968,
      "max": 121.02870108680001,
      "times": [
        120.5775010968,
        120.73288723980001,
        120.90096929180001,
        120.95416622680001,
        120.76972145980001,
        121.02870108680001,
        120.9699805088,
        120.9804184548,
        120.74331115080001,
        120.68115381880001
      ],
      "exit_codes": [
        0,
        0,
        0,
        0,
        0,
        0,
        0,
        0,
        0,
        0
      ]
    }
  ]
}
