{
  "results": [
    {
      "command": "cargo build --jobs 16 --release --example breakout",
      "mean": 77.84599602509999,
      "stddev": 0.21210952848720593,
      "median": 77.7982103345,
      "user": 1153.59688882,
      "system": 29.840783679999994,
      "min": 77.57633615799999,
      "max": 78.25998223699999,
      "times": [
        78.04636095299999,
        77.805668511,
        77.78098784999999,
        77.69865320699999,
        77.60097866,
        77.79075215799999,
        78.01467857899999,
        77.885561938,
        77.57633615799999,
        78.25998223699999
      ],
      "exit_codes": [
        0,
        0,
        0,
        0,
        0,
        0,
        0,
        0,
        0,
        0
      ]
    }
  ]
}
