{
  "results": [
    {
      "command": "cargo build --jobs 16 --release --example breakout",
      "mean": 70.60811603552003,
      "stddev": 0.520669272632588,
      "median": 70.46144511492,
      "user": 997.1128276399999,
      "system": 27.46305062,
      "min": 69.84688724492001,
      "max": 71.61217573792001,
      "times": [
        70.60813858692,
        71.38957155792001,
        69.84688724492001,
        70.45650245892,
        71.61217573792001,
        70.46638777092001,
        70.42370815292,
        70.35698107892,
        70.29039776492,
        70.63041000092001
      ],
      "exit_codes": [
        0,
        0,
        0,
        0,
        0,
        0,
        0,
        0,
        0,
        0
      ]
    }
  ]
}
