{
  "results": [
    {
      "command": "cargo build --jobs 8 --release --example breakout",
      "mean": 105.72447648884,
      "stddev": 0.35616257646607163,
      "median": 105.77021245163999,
      "user": 795.32674974,
      "system": 21.803589300000002,
      "min": 104.79514672063999,
      "max": 106.07887761763999,
      "times": [
        105.78490851763999,
        105.63311975964,
        105.75551638564,
        106.05949776563999,
        105.86581025864,
        105.80667905864,
        106.07887761763999,
        105.74576900663999,
        105.71943979763999,
        104.79514672063999
      ],
      "exit_codes": [
        0,
        0,
        0,
        0,
        0,
        0,
        0,
        0,
        0,
        0
      ]
    }
  ]
}
