{
  "results": [
    {
      "command": "cargo build --jobs 8 --release --example breakout",
      "mean": 113.99716340251999,
      "stddev": 0.21104333444270923,
      "median": 113.99004382652,
      "user": 862.8484801799999,
      "system": 22.65910272,
      "min": 113.74302998152,
      "max": 114.41654035852,
      "times": [
        113.78791258551999,
        114.15018492851999,
        114.41654035852,
        113.87143825652,
        114.01068782952,
        113.74302998152,
        113.96939982351999,
        114.12001461252,
        114.12020307952,
        113.78222256952
      ],
      "exit_codes": [
        0,
        0,
        0,
        0,
        0,
        0,
        0,
        0,
        0,
        0
      ]
    }
  ]
}
