{
  "results": [
    {
      "command": "cargo build --jobs 16 --release --example breakout",
      "mean": 73.76454495061999,
      "stddev": 0.33095158066205094,
      "median": 73.70135661622,
      "user": 1087.82421104,
      "system": 28.233505259999998,
      "min": 73.38831361472,
      "max": 74.28084865272,
      "times": [
        73.54680958572,
        74.28084865272,
        74.16329899072,
        73.50028919272,
        73.86821790772,
        73.85499075572,
        74.09016957572,
        73.40478875372,
        73.38831361472,
        73.54772247672
      ],
      "exit_codes": [
        0,
        0,
        0,
        0,
        0,
        0,
        0,
        0,
        0,
        0
      ]
    }
  ]
}
