{
  "results": [
    {
      "command": "cargo build --jobs 8 --release --example breakout",
      "mean": 117.51040646294003,
      "stddev": 0.25643473548759826,
      "median": 117.47447686103999,
      "user": 904.38285372,
      "system": 23.85033968,
      "min": 117.18829045554,
      "max": 118.13413780553999,
      "times": [
        117.44320327054,
        117.65115407153999,
        117.36390133054,
        117.35523616553999,
        117.18829045554,
        118.13413780553999,
        117.58372752254,
        117.52197813554,
        117.35668542054,
        117.50575045154
      ],
      "exit_codes": [
        0,
        0,
        0,
        0,
        0,
        0,
        0,
        0,
        0,
        0
      ]
    }
  ]
}
