{
  "results": [
    {
      "command": "cargo build --jobs 8 --release --example breakout",
      "mean": 122.19673565732,
      "stddev": 0.14754696365031963,
      "median": 122.22900395432,
      "user": 922.15029876,
      "system": 24.695488139999995,
      "min": 121.88631513482001,
      "max": 122.43451028682,
      "times": [
        122.30116165082,
        122.06838235782,
        122.11982614082001,
        122.18810037982,
        122.26046337382,
        122.43451028682,
        122.21139207182,
        121.88631513482001,
        122.25058933982001,
        122.24661583682
      ],
      "exit_codes": [
        0,
        0,
        0,
        0,
        0,
        0,
        0,
        0,
        0,
        0
      ]
    }
  ]
}
