{
  "results": [
    {
      "command": "cargo build --jobs 16 --release --example breakout",
      "mean": 80.48971964265999,
      "stddev": 0.23173797646159067,
      "median": 80.53115916365999,
      "user": 1161.2966612399998,
      "system": 30.13270546,
      "min": 80.14602498516,
      "max": 80.87620549616,
      "times": [
        80.61963935515999,
        80.57999498615999,
        80.54322630616,
        80.14602498516,
        80.87620549616,
        80.67635761615999,
        80.15984967016,
        80.49539025616,
        80.51909202115999,
        80.28141573415999
      ],
      "exit_codes": [
        0,
        0,
        0,
        0,
        0,
        0,
        0,
        0,
        0,
        0
      ]
    }
  ]
}
