{
  "results": [
    {
      "command": "cargo build --jobs 8 --release --example breakout",
      "mean": 120.13879463523999,
      "stddev": 0.13507366513832197,
      "median": 120.12051435024,
      "user": 908.25246536,
      "system": 24.66579986,
      "min": 119.98221452174,
      "max": 120.36221191574,
      "times": [
        120.11306668474,
        119.98221452174,
        120.26921778974,
        120.26386151374,
        120.12796201574,
        120.36221191574,
        119.98721463774,
        120.06453990274,
        120.22296471874,
        119.99469265174
      ],
      "exit_codes": [
        0,
        0,
        0,
        0,
        0,
        0,
        0,
        0,
        0,
        0
      ]
    }
  ]
}
