{
  "results": [
    {
      "command": "cargo build --jobs 8 --release --example breakout",
      "mean": 132.33005732944002,
      "stddev": 0.22193758783097095,
      "median": 132.31100505464002,
      "user": 1016.61113544,
      "system": 25.04535576,
      "min": 131.99721611714,
      "max": 132.66788539314,
      "times": [
        132.20194235214,
        132.13065149414,
        132.31637393514,
        131.99721611714,
        132.52457943214,
        132.66788539314,
        132.62541546314,
        132.30563617414,
        132.14709625214002,
        132.38377668114
      ],
      "exit_codes": [
        0,
        0,
        0,
        0,
        0,
        0,
        0,
        0,
        0,
        0
      ]
    }
  ]
}
