{
  "results": [
    {
      "command": "cargo build --jobs 16 --release --example breakout",
      "mean": 89.4395298142,
      "stddev": 1.1911952345560581,
      "median": 88.8972981888,
      "user": 1271.24800994,
      "system": 31.054223680000007,
      "min": 88.3119884533,
      "max": 91.6873244143,
      "times": [
        89.9619913973,
        88.6361143863,
        89.4197639973,
        91.6873244143,
        88.5505573693,
        88.3119884533,
        88.7426409803,
        91.3271804043,
        89.05195539729999,
        88.7057813423
      ],
      "exit_codes": [
        0,
        0,
        0,
        0,
        0,
        0,
        0,
        0,
        0,
        0
      ]
    }
  ]
}
