{
  "results": [
    {
      "command": "cargo build --jobs 16 --release --example breakout",
      "mean": 78.20011806982001,
      "stddev": 0.6204746938883302,
      "median": 78.10408722182001,
      "user": 1143.8377251600002,
      "system": 29.626732799999996,
      "min": 77.50644394432,
      "max": 78.96345431032,
      "times": [
        78.68090626432,
        78.47733245732,
        78.81034903832,
        77.71883126032,
        77.61384770232,
        77.50644394432,
        77.73084198632,
        77.57128665332,
        78.92788708132001,
        78.96345431032
      ],
      "exit_codes": [
        0,
        0,
        0,
        0,
        0,
        0,
        0,
        0,
        0,
        0
      ]
    }
  ]
}
