{
  "results": [
    {
      "command": "cargo build --jobs 8 --release --example breakout",
      "mean": 112.5262480998,
      "stddev": 0.3022856476493601,
      "median": 112.4651039675,
      "user": 849.23856138,
      "system": 22.317180919999995,
      "min": 112.14982867,
      "max": 113.074306943,
      "times": [
        112.449485405,
        112.48072253000001,
        112.269752782,
        112.821832402,
        112.266323119,
        112.377552337,
        112.14982867,
        113.074306943,
        112.48850618,
        112.88417063
      ],
      "exit_codes": [
        0,
        0,
        0,
        0,
        0,
        0,
        0,
        0,
        0,
        0
      ]
    }
  ]
}
