{
  "results": [
    {
      "command": "cargo build --jobs 16 --release --example breakout",
      "mean": 74.25418768704,
      "stddev": 0.5103581272819511,
      "median": 74.08797170924001,
      "user": 1062.9033131600002,
      "system": 27.8500857,
      "min": 73.73271789474,
      "max": 75.22068016274001,
      "times": [
        74.00274951474,
        73.86490250474,
        75.22068016274001,
        74.17319390374,
        74.97790192274,
        73.73271789474,
        73.96905844374,
        73.80037667474001,
        74.22236713874,
        74.57792870974001
      ],
      "exit_codes": [
        0,
        0,
        0,
        0,
        0,
        0,
        0,
        0,
        0,
        0
      ]
    }
  ]
}
