{
  "results": [
    {
      "command": "cargo build --jobs 16 --release --example breakout",
      "mean": 70.99666278650001,
      "stddev": 0.6711732702394975,
      "median": 71.22776264379999,
      "user": 1001.46634822,
      "system": 27.632309,
      "min": 69.3836228473,
      "max": 71.5433123313,
      "times": [
        70.96378254929999,
        71.2119158273,
        69.3836228473,
        71.4417909443,
        71.4531608493,
        71.5433123313,
        71.1638258023,
        70.2721399703,
        71.2436094603,
        71.2894672833
      ],
      "exit_codes": [
        0,
        0,
        0,
        0,
        0,
        0,
        0,
        0,
        0,
        0
      ]
    }
  ]
}
