{
  "results": [
    {
      "command": "cargo build --jobs 8 --release --example breakout",
      "mean": 106.23589566016001,
      "stddev": 0.4129464688819643,
      "median": 106.40779464766,
      "user": 800.07191552,
      "system": 21.865267859999996,
      "min": 105.54347377566,
      "max": 106.75540101866,
      "times": [
        106.06013701166,
        105.88871946366,
        105.54347377566,
        106.51465781666,
        105.68794441066,
        106.75540101866,
        106.43340230366,
        106.51027657366,
        106.38218699165999,
        106.58275723566
      ],
      "exit_codes": [
        0,
        0,
        0,
        0,
        0,
        0,
        0,
        0,
        0,
        0
      ]
    }
  ]
}
