{
  "results": [
    {
      "command": "cargo build --jobs 16 --release --example breakout",
      "mean": 75.84763220058,
      "stddev": 0.28849933010204,
      "median": 75.74638885147999,
      "user": 1141.4512894200002,
      "system": 29.617205399999996,
      "min": 75.51433208448,
      "max": 76.43391404248,
      "times": [
        75.51433208448,
        75.90854953548,
        75.68646200848,
        76.11285608848,
        75.53039246748,
        76.08194327148,
        76.43391404248,
        75.76415994348,
        75.72861775948,
        75.71509480448
      ],
      "exit_codes": [
        0,
        0,
        0,
        0,
        0,
        0,
        0,
        0,
        0,
        0
      ]
    }
  ]
}
