{
  "results": [
    {
      "command": "cargo build --jobs 8 --release --example breakout",
      "mean": 117.05913770854002,
      "stddev": 0.2735657226621761,
      "median": 116.90314732134,
      "user": 902.9490274399999,
      "system": 24.008956279999996,
      "min": 116.84559676084,
      "max": 117.51703872184,
      "times": [
        116.86311570584,
        117.51703872184,
        117.33978841784,
        116.89419435684,
        117.01486722584,
        116.87240312984,
        116.85587187084,
        116.84559676084,
        116.91210028584,
        117.47640060984
      ],
      "exit_codes": [
        0,
        0,
        0,
        0,
        0,
        0,
        0,
        0,
        0,
        0
      ]
    }
  ]
}
