{
  "results": [
    {
      "command": "cargo build --jobs 8 --release --example breakout",
      "mean": 105.84641302488001,
      "stddev": 0.27805363897058843,
      "median": 105.75918420158001,
      "user": 799.74215284,
      "system": 21.733533580000003,
      "min": 105.55427051158,
      "max": 106.35878131158,
      "times": [
        106.24620130458,
        105.55427051158,
        105.82301850158001,
        105.80424109558001,
        105.59074422958001,
        105.71412730758,
        105.64988105658,
        106.35878131158,
        106.04011858158,
        105.68274634858001
      ],
      "exit_codes": [
        0,
        0,
        0,
        0,
        0,
        0,
        0,
        0,
        0,
        0
      ]
    }
  ]
}
