{
  "results": [
    {
      "command": "cargo build --jobs 16 --release --example breakout",
      "mean": 70.81508352178,
      "stddev": 0.7398560349589542,
      "median": 70.78805626817999,
      "user": 1001.96645896,
      "system": 27.46406362,
      "min": 69.22696026717999,
      "max": 71.79478496617999,
      "times": [
        70.44447956718,
        69.22696026717999,
        70.77698431318,
        70.84485787618,
        70.79912822317999,
        70.42719575518,
        71.59193140117999,
        71.54765760218,
        71.79478496617999,
        70.69685524618
      ],
      "exit_codes": [
        0,
        0,
        0,
        0,
        0,
        0,
        0,
        0,
        0,
        0
      ]
    }
  ]
}
