{
  "results": [
    {
      "command": "cargo build --jobs 8 --release --example breakout",
      "mean": 139.68914040558002,
      "stddev": 0.18252306232562068,
      "median": 139.69397963768,
      "user": 1074.6933361999997,
      "system": 26.780103160000003,
      "min": 139.39098746518002,
      "max": 139.99540979218,
      "times": [
        139.52487408118,
        139.69491400118002,
        139.69985157118,
        139.67150705418,
        139.39098746518002,
        139.54069025718002,
        139.94514786118,
        139.73497669818002,
        139.69304527418,
        139.99540979218
      ],
      "exit_codes": [
        0,
        0,
        0,
        0,
        0,
        0,
        0,
        0,
        0,
        0
      ]
    }
  ]
}
