{
  "results": [
    {
      "command": "cargo build --jobs 16 --release --example breakout",
      "mean": 96.14241311236,
      "stddev": 0.8825739237221566,
      "median": 96.06390617006,
      "user": 1346.17566236,
      "system": 33.26203822,
      "min": 95.05253326306,
      "max": 97.56022722905999,
      "times": [
        95.46562853105999,
        96.10293918005999,
        96.24401188606,
        97.19913117406,
        95.05253326306,
        96.02487316006,
        95.35618797705999,
        95.31909951205999,
        97.56022722905999,
        97.09949921105999
      ],
      "exit_codes": [
        0,
        0,
        0,
        0,
        0,
        0,
        0,
        0,
        0,
        0
      ]
    }
  ]
}
