{
  "results": [
    {
      "command": "cargo build --jobs 16 --release --example breakout",
      "mean": 90.37512830998,
      "stddev": 1.093422835565195,
      "median": 89.98413436498,
      "user": 1278.70568336,
      "system": 30.665108460000006,
      "min": 88.98506489048,
      "max": 91.86062934147999,
      "times": [
        91.10896690448,
        91.86062934147999,
        89.76378518948,
        91.80046615447999,
        89.78966465548,
        89.96386646447999,
        88.98506489048,
        90.00440226548,
        89.01452805448,
        91.45990917948
      ],
      "exit_codes": [
        0,
        0,
        0,
        0,
        0,
        0,
        0,
        0,
        0,
        0
      ]
    }
  ]
}
