{
  "results": [
    {
      "command": "cargo build --jobs 8 --release --example breakout",
      "mean": 133.77586473754002,
      "stddev": 0.14883155189972422,
      "median": 133.80212489694003,
      "user": 1021.3999692599998,
      "system": 24.68902558,
      "min": 133.53003533194,
      "max": 133.99113733994,
      "times": [
        133.92898861494,
        133.67621105394002,
        133.84161080294,
        133.58375592094,
        133.77536590394,
        133.99113733994,
        133.71805620294,
        133.88460231394,
        133.82888388994002,
        133.53003533194
      ],
      "exit_codes": [
        0,
        0,
        0,
        0,
        0,
        0,
        0,
        0,
        0,
        0
      ]
    }
  ]
}
