{
  "results": [
    {
      "command": "cargo build --jobs 8 --release --example breakout",
      "mean": 143.90661381374,
      "stddev": 0.28344665023818083,
      "median": 143.87587966934,
      "user": 1098.1850465999999,
      "system": 27.08059462,
      "min": 143.59681650884002,
      "max": 144.64374996484,
      "times": [
        143.82766361884,
        143.87599942384,
        143.88207650084001,
        143.79729968284002,
        143.67200340784,
        143.99582736184,
        143.59681650884002,
        143.87575991484002,
        143.89894175284002,
        144.64374996484
      ],
      "exit_codes": [
        0,
        0,
        0,
        0,
        0,
        0,
        0,
        0,
        0,
        0
      ]
    }
  ]
}
