{
  "results": [
    {
      "command": "cargo build --jobs 16 --release --example breakout",
      "mean": 77.3777720185,
      "stddev": 0.19956306106487204,
      "median": 77.3689803547,
      "user": 1145.32789084,
      "system": 29.669767879999995,
      "min": 77.0980158447,
      "max": 77.7373750227,
      "times": [
        77.53895628369999,
        77.3839445627,
        77.35401614669999,
        77.40864413969999,
        77.2473577537,
        77.0980158447,
        77.2367011267,
        77.5940308467,
        77.7373750227,
        77.17867845769999
      ],
      "exit_codes": [
        0,
        0,
        0,
        0,
        0,
        0,
        0,
        0,
        0,
        0
      ]
    }
  ]
}
