{
  "results": [
    {
      "command": "cargo build --jobs 8 --release --example breakout",
      "mean": 120.32116397428001,
      "stddev": 0.12599909444576088,
      "median": 120.30088287518001,
      "user": 909.98027232,
      "system": 24.14972864,
      "min": 120.14299340568,
      "max": 120.51271931468001,
      "times": [
        120.23382980468001,
        120.37156585968,
        120.46024714268,
        120.22648259768,
        120.24098174968,
        120.44886171068,
        120.51271931468001,
        120.36078400068001,
        120.14299340568,
        120.21317415668001
      ],
      "exit_codes": [
        0,
        0,
        0,
        0,
        0,
        0,
        0,
        0,
        0,
        0
      ]
    }
  ]
}
