{
  "results": [
    {
      "command": "cargo build --jobs 16 --release --example breakout",
      "mean": 87.43455930990001,
      "stddev": 1.1536580601222612,
      "median": 87.1103005037,
      "user": 1217.82672204,
      "system": 32.04257834,
      "min": 85.70978621420001,
      "max": 89.3414847592,
      "times": [
        87.0513106962,
        86.4500776352,
        85.70978621420001,
        87.6264468252,
        89.3414847592,
        86.5880075342,
        87.0050556932,
        88.5804321442,
        87.1692903112,
        88.8237012862
      ],
      "exit_codes": [
        0,
        0,
        0,
        0,
        0,
        0,
        0,
        0,
        0,
        0
      ]
    }
  ]
}
