{
  "results": [
    {
      "command": "cargo build --jobs 8 --release --example breakout",
      "mean": 127.1976176736,
      "stddev": 0.1248458734220627,
      "median": 127.2002340633,
      "user": 973.2701973000001,
      "system": 25.589986539999998,
      "min": 126.9909196538,
      "max": 127.34188882580001,
      "times": [
        127.12411015580001,
        127.1122305488,
        127.34188882580001,
        127.0561155898,
        127.1872596818,
        127.32744158780001,
        126.9909196538,
        127.3324719008,
        127.2132084448,
        127.29053034680001
      ],
      "exit_codes": [
        0,
        0,
        0,
        0,
        0,
        0,
        0,
        0,
        0,
        0
      ]
    }
  ]
}
