{
  "results": [
    {
      "command": "cargo build --jobs 8 --release --example breakout",
      "mean": 112.59485906903998,
      "stddev": 0.1983547062124586,
      "median": 112.56685535573999,
      "user": 850.7371110199999,
      "system": 22.723831179999998,
      "min": 112.33818809623999,
      "max": 113.00597671423999,
      "times": [
        112.48088117223999,
        112.55185419124,
        112.58185652024,
        112.33818809623999,
        113.00597671423999,
        112.48428167124,
        112.38921663123999,
        112.62139834224,
        112.71286909624,
        112.78206825523999
      ],
      "exit_codes": [
        0,
        0,
        0,
        0,
        0,
        0,
        0,
        0,
        0,
        0
      ]
    }
  ]
}
