{
  "results": [
    {
      "command": "cargo build --jobs 8 --release --example breakout",
      "mean": 119.80388869638,
      "stddev": 0.17290358634094966,
      "median": 119.78473523568,
      "user": 907.30092532,
      "system": 24.657391819999994,
      "min": 119.56117108868,
      "max": 120.15543859268,
      "times": [
        119.56117108868,
        119.84411600268,
        119.82526077168001,
        119.74420969968,
        119.67500353568,
        119.66369191868,
        119.98498258268,
        119.71633398368,
        120.15543859268,
        119.86867878768
      ],
      "exit_codes": [
        0,
        0,
        0,
        0,
        0,
        0,
        0,
        0,
        0,
        0
      ]
    }
  ]
}
