{
  "results": [
    {
      "command": "cargo build --jobs 8 --release --example breakout",
      "mean": 140.41056143826,
      "stddev": 0.1815532902042571,
      "median": 140.36575732416003,
      "user": 1080.9748870399999,
      "system": 27.02182408,
      "min": 140.18106940366002,
      "max": 140.73205333566,
      "times": [
        140.31050561966,
        140.73205333566,
        140.35901294166,
        140.37250170666002,
        140.18106940366002,
        140.27817368366001,
        140.65182251366002,
        140.52496546366,
        140.22568367966002,
        140.46982603466
      ],
      "exit_codes": [
        0,
        0,
        0,
        0,
        0,
        0,
        0,
        0,
        0,
        0
      ]
    }
  ]
}
