{
  "results": [
    {
      "command": "cargo build --jobs 16 --release --example breakout",
      "mean": 97.0661092869,
      "stddev": 3.1305066815184324,
      "median": 96.0785978225,
      "user": 1353.2778338399999,
      "system": 33.584917819999994,
      "min": 95.4412655145,
      "max": 105.8535401665,
      "times": [
        96.6652978075,
        95.61764992650001,
        96.8679982725,
        95.4412655145,
        95.7860108755,
        105.8535401665,
        96.1551201415,
        96.7331353855,
        96.00207550350001,
        95.5389992755
      ],
      "exit_codes": [
        0,
        0,
        0,
        0,
        0,
        0,
        0,
        0,
        0,
        0
      ]
    }
  ]
}
