{
  "results": [
    {
      "command": "cargo build --jobs 8 --release --example breakout",
      "mean": 109.30677151966002,
      "stddev": 0.11514668143017603,
      "median": 109.31974770906001,
      "user": 825.6675964399999,
      "system": 22.1099812,
      "min": 109.12506384706,
      "max": 109.49716558306001,
      "times": [
        109.20241412606,
        109.49716558306001,
        109.22492989306001,
        109.31924679106001,
        109.34408242506001,
        109.21642046406001,
        109.32024862706,
        109.43778918306,
        109.38035425706,
        109.12506384706
      ],
      "exit_codes": [
        0,
        0,
        0,
        0,
        0,
        0,
        0,
        0,
        0,
        0
      ]
    }
  ]
}
