{
  "results": [
    {
      "command": "cargo build --jobs 16 --release --example breakout",
      "mean": 92.61808822622,
      "stddev": 1.1696647469191457,
      "median": 92.95796447711999,
      "user": 1286.8970361199997,
      "system": 31.551488739999996,
      "min": 90.48443450712,
      "max": 94.42061638711999,
      "times": [
        93.19590174512,
        90.48443450712,
        91.69630547912,
        93.21198947212,
        91.28174328312,
        93.51099607212,
        92.44710165212,
        92.72002720911999,
        93.21176645512,
        94.42061638711999
      ],
      "exit_codes": [
        0,
        0,
        0,
        0,
        0,
        0,
        0,
        0,
        0,
        0
      ]
    }
  ]
}
