{
  "results": [
    {
      "command": "cargo build --jobs 16 --release --example breakout",
      "mean": 83.03703020624,
      "stddev": 1.2518158014260208,
      "median": 82.74153728964,
      "user": 1228.89507536,
      "system": 31.7265667,
      "min": 81.93285979314,
      "max": 86.30720677014,
      "times": [
        82.56356164814,
        86.30720677014,
        82.42621005414,
        83.25203067714,
        81.96092964914,
        82.55419640314,
        83.41345692313999,
        83.04033721313999,
        81.93285979314,
        82.91951293113999
      ],
      "exit_codes": [
        0,
        0,
        0,
        0,
        0,
        0,
        0,
        0,
        0,
        0
      ]
    }
  ]
}
