{
  "results": [
    {
      "command": "cargo build --jobs 8 --release --example breakout",
      "mean": 127.87678889648001,
      "stddev": 0.35012066206650627,
      "median": 127.72894311588001,
      "user": 978.25521214,
      "system": 25.527855259999995,
      "min": 127.50207802588,
      "max": 128.49767736888,
      "times": [
        127.50207802588,
        127.66450871688001,
        127.60190217688,
        128.15832696088,
        128.21332713888,
        127.56692302388001,
        128.16869463988002,
        127.60107339788,
        127.79337751488,
        128.49767736888
      ],
      "exit_codes": [
        0,
        0,
        0,
        0,
        0,
        0,
        0,
        0,
        0,
        0
      ]
    }
  ]
}
