{
  "results": [
    {
      "command": "cargo build --jobs 16 --release --example breakout",
      "mean": 79.67872327296,
      "stddev": 0.16493946583455293,
      "median": 79.71160907946,
      "user": 1200.3217099400001,
      "system": 30.70192511999999,
      "min": 79.37772774146,
      "max": 79.85482540746,
      "times": [
        79.83783928746,
        79.85482540746,
        79.82149094046,
        79.44663419946001,
        79.74136155346,
        79.67211098546001,
        79.57748669046,
        79.77589931846,
        79.68185660546,
        79.37772774146
      ],
      "exit_codes": [
        0,
        0,
        0,
        0,
        0,
        0,
        0,
        0,
        0,
        0
      ]
    }
  ]
}
