{
  "results": [
    {
      "command": "cargo build --jobs 8 --release --example breakout",
      "mean": 117.6540318713,
      "stddev": 0.25080776573169583,
      "median": 117.7129697183,
      "user": 905.57131942,
      "system": 23.794024759999996,
      "min": 117.1069439498,
      "max": 117.9749144828,
      "times": [
        117.7641005678,
        117.4853122888,
        117.69584039680001,
        117.1069439498,
        117.52940645080001,
        117.7340374498,
        117.73009903980001,
        117.94882232180001,
        117.57084176480001,
        117.9749144828
      ],
      "exit_codes": [
        0,
        0,
        0,
        0,
        0,
        0,
        0,
        0,
        0,
        0
      ]
    }
  ]
}
