{
  "results": [
    {
      "command": "cargo build --jobs 16 --release --example breakout",
      "mean": 75.89181003776,
      "stddev": 0.3092656070519758,
      "median": 75.85846723696,
      "user": 1145.11752922,
      "system": 29.33568544,
      "min": 75.26109161146,
      "max": 76.40984398646,
      "times": [
        75.69966185046,
        75.78705943746,
        75.89596031446,
        76.18454735646,
        75.83670718746,
        75.87838515845999,
        76.12629415946,
        76.40984398646,
        75.83854931546,
        75.26109161146
      ],
      "exit_codes": [
        0,
        0,
        0,
        0,
        0,
        0,
        0,
        0,
        0,
        0
      ]
    }
  ]
}
