{
  "results": [
    {
      "command": "cargo build --jobs 16 --release --example breakout",
      "mean": 96.11400824102,
      "stddev": 0.7365757588697336,
      "median": 96.12283177682001,
      "user": 1345.1676512999998,
      "system": 33.405472280000005,
      "min": 95.01873177932,
      "max": 97.08467244332,
      "times": [
        96.57766119032,
        95.57422808332001,
        97.05074373332,
        95.01873177932,
        95.61419211132001,
        95.32670498232001,
        97.08467244332,
        96.64748453332001,
        96.44130454532001,
        95.80435900832
      ],
      "exit_codes": [
        0,
        0,
        0,
        0,
        0,
        0,
        0,
        0,
        0,
        0
      ]
    }
  ]
}
