{
  "results": [
    {
      "command": "cargo build --jobs 16 --release --example breakout",
      "mean": 96.52368459264001,
      "stddev": 0.5166556603014641,
      "median": 96.55772449524,
      "user": 1336.57064256,
      "system": 33.50581093999999,
      "min": 95.72405871074,
      "max": 97.41597095974,
      "times": [
        96.51122615174,
        96.78973233074,
        96.19865214274,
        95.87145920374,
        97.41597095974,
        96.60422283874,
        96.72691835674,
        95.72405871074,
        96.33899851374,
        97.05560671774
      ],
      "exit_codes": [
        0,
        0,
        0,
        0,
        0,
        0,
        0,
        0,
        0,
        0
      ]
    }
  ]
}
