{
  "results": [
    {
      "command": "cargo build --jobs 8 --release --example breakout",
      "mean": 139.52544351664,
      "stddev": 0.22888458139698448,
      "median": 139.45151944644002,
      "user": 1067.6416277399999,
      "system": 26.862848399999997,
      "min": 139.19453826844,
      "max": 139.87534348544,
      "times": [
        139.87534348544,
        139.55072590244,
        139.36528620844,
        139.44775036244002,
        139.38930308744,
        139.85014954544002,
        139.19453826844,
        139.45528853044001,
        139.75735018444,
        139.36869959144002
      ],
      "exit_codes": [
        0,
        0,
        0,
        0,
        0,
        0,
        0,
        0,
        0,
        0
      ]
    }
  ]
}
