{
  "results": [
    {
      "command": "cargo build --jobs 8 --release --example breakout",
      "mean": 143.95211163198002,
      "stddev": 0.046815169908123296,
      "median": 143.95678198437997,
      "user": 1097.88455038,
      "system": 27.041437300000002,
      "min": 143.89022371288,
      "max": 144.02074168387998,
      "times": [
        143.92208779988,
        144.02074168387998,
        143.89022371288,
        143.95315529488,
        143.91243818688,
        143.96040867387998,
        144.02071333588,
        143.96925167487998,
        143.89652998888,
        143.97556596788
      ],
      "exit_codes": [
        0,
        0,
        0,
        0,
        0,
        0,
        0,
        0,
        0,
        0
      ]
    }
  ]
}
