{
  "results": [
    {
      "command": "cargo build --jobs 16 --release --example breakout",
      "mean": 97.73079678432002,
      "stddev": 1.0390164366791674,
      "median": 98.01068671342,
      "user": 1373.68417278,
      "system": 33.74871642000001,
      "min": 96.10120844742,
      "max": 99.39938489742,
      "times": [
        97.88053799742,
        96.51199180942001,
        96.55947517442,
        98.35682765142,
        99.39938489742,
        98.14083542942001,
        97.66091957542001,
        98.53355451542001,
        96.10120844742,
        98.16323234542
      ],
      "exit_codes": [
        0,
        0,
        0,
        0,
        0,
        0,
        0,
        0,
        0,
        0
      ]
    }
  ]
}
