{
  "results": [
    {
      "command": "cargo build --jobs 8 --release --example breakout",
      "mean": 124.12553612495999,
      "stddev": 0.1613711234007986,
      "median": 124.15558242796001,
      "user": 951.6531020399998,
      "system": 25.07574696,
      "min": 123.79077634146,
      "max": 124.35026995146,
      "times": [
        123.79077634146,
        124.14089819846001,
        124.35026995146,
        124.01861037746,
        124.17026665746,
        124.08800925446,
        123.99563923446,
        124.24083711446,
        124.27857560846,
        124.18147851146
      ],
      "exit_codes": [
        0,
        0,
        0,
        0,
        0,
        0,
        0,
        0,
        0,
        0
      ]
    }
  ]
}
