{
  "results": [
    {
      "command": "cargo build --jobs 16 --release --example breakout",
      "mean": 77.27338485152,
      "stddev": 0.15567763188053588,
      "median": 77.23195733411998,
      "user": 1144.8056037600002,
      "system": 29.46843242,
      "min": 77.06915853961999,
      "max": 77.56641305862,
      "times": [
        77.19256059662,
        77.56641305862,
        77.25860013261999,
        77.06915853961999,
        77.11193398162,
        77.39695252061999,
        77.39194678861999,
        77.16150716461999,
        77.20531453561999,
        77.37946119662
      ],
      "exit_codes": [
        0,
        0,
        0,
        0,
        0,
        0,
        0,
        0,
        0,
        0
      ]
    }
  ]
}
