{
  "results": [
    {
      "command": "cargo build --jobs 8 --release --example breakout",
      "mean": 120.64590416321998,
      "stddev": 0.13424496121038068,
      "median": 120.61459564602,
      "user": 905.42536012,
      "system": 23.770718099999996,
      "min": 120.48516398152,
      "max": 120.97047359252001,
      "times": [
        120.58863248052,
        120.48516398152,
        120.53800012752001,
        120.97047359252001,
        120.60271777752,
        120.67355098652,
        120.62141729752001,
        120.60803937352,
        120.74989409652001,
        120.62115191852
      ],
      "exit_codes": [
        0,
        0,
        0,
        0,
        0,
        0,
        0,
        0,
        0,
        0
      ]
    }
  ]
}
