{
  "results": [
    {
      "command": "cargo build --jobs 8 --release --example breakout",
      "mean": 120.62825709286001,
      "stddev": 0.21224845709746892,
      "median": 120.66959779946,
      "user": 905.77383832,
      "system": 23.80471948,
      "min": 120.09998815746,
      "max": 120.86586849146,
      "times": [
        120.55082335446001,
        120.75201373246,
        120.57033286046,
        120.72680899046,
        120.61238660846,
        120.86586849146,
        120.09998815746,
        120.76778314946,
        120.58886448746,
        120.74770109646
      ],
      "exit_codes": [
        0,
        0,
        0,
        0,
        0,
        0,
        0,
        0,
        0,
        0
      ]
    }
  ]
}
