{
  "results": [
    {
      "command": "cargo build --jobs 16 --release --example breakout",
      "mean": 82.31586434052,
      "stddev": 1.2489486029564814,
      "median": 81.99002266122,
      "user": 1205.5743995599998,
      "system": 31.117998699999998,
      "min": 81.27054005321999,
      "max": 85.53653849022,
      "times": [
        81.91478574921999,
        82.06525957321999,
        85.53653849022,
        81.47626105121999,
        81.48783574922,
        81.27054005321999,
        82.30980747922,
        82.26663665522,
        83.09991115221999,
        81.73106745221999
      ],
      "exit_codes": [
        0,
        0,
        0,
        0,
        0,
        0,
        0,
        0,
        0,
        0
      ]
    }
  ]
}
