{
  "results": [
    {
      "command": "cargo build --jobs 8 --release --example breakout",
      "mean": 125.45247795128,
      "stddev": 0.23293891256155277,
      "median": 125.42634533608,
      "user": 960.2793725399999,
      "system": 25.13133526,
      "min": 125.09546756408001,
      "max": 125.81346042408,
      "times": [
        125.81346042408,
        125.34863636808001,
        125.26918855608001,
        125.21026955508,
        125.09546756408001,
        125.38457294708,
        125.46811772508,
        125.73006065708,
        125.58497729608001,
        125.62002842008
      ],
      "exit_codes": [
        0,
        0,
        0,
        0,
        0,
        0,
        0,
        0,
        0,
        0
      ]
    }
  ]
}
