{
  "results": [
    {
      "command": "cargo build --jobs 16 --release --example breakout",
      "mean": 78.81481017952001,
      "stddev": 0.3981210643524749,
      "median": 78.86355269822,
      "user": 1169.11499944,
      "system": 29.80015814,
      "min": 78.05922597572,
      "max": 79.25406993872001,
      "times": [
        78.05922597572,
        78.35739289572,
        78.83748493372,
        78.88962046272,
        79.12227545772001,
        79.25406993872001,
        79.22130644472,
        78.56333770672,
        79.14691022372,
        78.69647775572
      ],
      "exit_codes": [
        0,
        0,
        0,
        0,
        0,
        0,
        0,
        0,
        0,
        0
      ]
    }
  ]
}
