{
  "results": [
    {
      "command": "cargo build --jobs 8 --release --example breakout",
      "mean": 121.99280131548001,
      "stddev": 0.5211487952059186,
      "median": 121.79984363048001,
      "user": 924.4884901399998,
      "system": 24.138722740000002,
      "min": 121.55671856948001,
      "max": 123.37737079648001,
      "times": [
        121.55671856948001,
        123.37737079648001,
        122.09682480248,
        121.80151162848,
        121.76959512848,
        122.04925152248,
        122.10377641148001,
        121.68840761148,
        121.79817563248001,
        121.68638105148001
      ],
      "exit_codes": [
        0,
        0,
        0,
        0,
        0,
        0,
        0,
        0,
        0,
        0
      ]
    }
  ]
}
