{
  "results": [
    {
      "command": "cargo build --jobs 16 --release --example breakout",
      "mean": 70.44409325180001,
      "stddev": 0.4179847899269867,
      "median": 70.4227072252,
      "user": 994.7821938399999,
      "system": 27.216358179999997,
      "min": 69.64678594819999,
      "max": 71.1531309982,
      "times": [
        70.8235996442,
        70.3836552512,
        70.4805955662,
        70.2765222482,
        71.1531309982,
        70.3208476912,
        70.09962834619999,
        70.7944076252,
        70.4617591992,
        69.64678594819999
      ],
      "exit_codes": [
        0,
        0,
        0,
        0,
        0,
        0,
        0,
        0,
        0,
        0
      ]
    }
  ]
}
