{
  "results": [
    {
      "command": "cargo build --jobs 8 --release --example breakout",
      "mean": 105.21558191113999,
      "stddev": 0.1624453367356326,
      "median": 105.23277410714,
      "user": 793.46471026,
      "system": 21.48453396,
      "min": 104.83437520814,
      "max": 105.45744701214,
      "times": [
        105.09066491714,
        105.22320660414,
        105.45744701214,
        105.22320037114,
        105.31940521214,
        105.23194599314,
        105.28594750014,
        105.25602407214,
        104.83437520814,
        105.23360222114
      ],
      "exit_codes": [
        0,
        0,
        0,
        0,
        0,
        0,
        0,
        0,
        0,
        0
      ]
    }
  ]
}
