{
  "results": [
    {
      "command": "cargo build --jobs 8 --release --example breakout",
      "mean": 120.22424869940001,
      "stddev": 0.21356453168520534,
      "median": 120.2507940484,
      "user": 909.4097076800001,
      "system": 24.759726880000002,
      "min": 119.79839220589999,
      "max": 120.4727283809,
      "times": [
        119.9621733889,
        120.1449520579,
        120.33318460689999,
        120.27814476489999,
        120.2059426899,
        120.2234433319,
        120.4727283809,
        120.4708826279,
        120.35264293889999,
        119.79839220589999
      ],
      "exit_codes": [
        0,
        0,
        0,
        0,
        0,
        0,
        0,
        0,
        0,
        0
      ]
    }
  ]
}
