{
  "results": [
    {
      "command": "cargo build --jobs 16 --release --example breakout",
      "mean": 79.28136935894001,
      "stddev": 3.627129749679624,
      "median": 78.14821486954,
      "user": 1143.2257079400001,
      "system": 30.13557498,
      "min": 77.77545555054,
      "max": 89.58055113554,
      "times": [
        78.47154811654,
        78.43655979154,
        77.99140097754,
        89.58055113554,
        77.77545555054,
        77.80704767154,
        78.40764899754001,
        78.17603608854,
        78.12039365054001,
        78.04705160954
      ],
      "exit_codes": [
        0,
        0,
        0,
        0,
        0,
        0,
        0,
        0,
        0,
        0
      ]
    }
  ]
}
