{
  "results": [
    {
      "command": "cargo build --jobs 8 --release --example breakout",
      "mean": 134.76416207882,
      "stddev": 0.5692851897074245,
      "median": 134.60420790711999,
      "user": 1026.9738856,
      "system": 25.226046779999997,
      "min": 134.11055611562,
      "max": 136.21392135162,
      "times": [
        134.11055611562,
        134.69777695861998,
        134.63384816561998,
        134.52324917962,
        134.53511310462,
        134.57456764862,
        135.10912803861999,
        134.44801268161999,
        134.79544754361999,
        136.21392135162
      ],
      "exit_codes": [
        0,
        0,
        0,
        0,
        0,
        0,
        0,
        0,
        0,
        0
      ]
    }
  ]
}
