{
  "results": [
    {
      "command": "cargo build --jobs 16 --release --example breakout",
      "mean": 92.90249273516,
      "stddev": 1.1723884603996533,
      "median": 92.96486114976,
      "user": 1284.8297256199999,
      "system": 31.4231022,
      "min": 91.16780377526,
      "max": 94.51613236626,
      "times": [
        92.93197417126,
        92.99774812826,
        91.66755968326,
        94.30678840626,
        91.16780377526,
        91.76217060825999,
        92.43854830826,
        94.51613236626,
        93.02200711425999,
        94.21419479026
      ],
      "exit_codes": [
        0,
        0,
        0,
        0,
        0,
        0,
        0,
        0,
        0,
        0
      ]
    }
  ]
}
