{
  "results": [
    {
      "command": "cargo build --jobs 8 --release --example breakout",
      "mean": 122.20267991838,
      "stddev": 0.37025432209381853,
      "median": 122.40695883128001,
      "user": 935.49070588,
      "system": 24.3328402,
      "min": 121.51556166028,
      "max": 122.57288089928,
      "times": [
        122.50710818728,
        121.51556166028,
        122.45835832328,
        122.40744727728,
        122.07432901327999,
        121.80416043928,
        121.82400028228,
        122.45648271628,
        122.57288089928,
        122.40647038528
      ],
      "exit_codes": [
        0,
        0,
        0,
        0,
        0,
        0,
        0,
        0,
        0,
        0
      ]
    }
  ]
}
