{
  "results": [
    {
      "command": "cargo build --jobs 16 --release --example breakout",
      "mean": 78.38760869709999,
      "stddev": 0.4393655598177224,
      "median": 78.4047952825,
      "user": 1183.11844138,
      "system": 30.0989411,
      "min": 77.5302522715,
      "max": 78.9610990865,
      "times": [
        78.3318164105,
        78.3599723645,
        78.4949168245,
        78.88269840150001,
        78.4496182005,
        78.9610990865,
        78.1866328665,
        78.7661926975,
        77.5302522715,
        77.9128878475
      ],
      "exit_codes": [
        0,
        0,
        0,
        0,
        0,
        0,
        0,
        0,
        0,
        0
      ]
    }
  ]
}
