{
  "results": [
    {
      "command": "cargo build --jobs 16 --release --example breakout",
      "mean": 84.77472109713999,
      "stddev": 1.5706979486448183,
      "median": 84.57763964943999,
      "user": 1210.45392128,
      "system": 31.706539719999995,
      "min": 82.29096215694,
      "max": 86.93298729893999,
      "times": [
        86.04934893494,
        82.91988295294,
        84.76803169393999,
        86.06308576193999,
        83.93596861393999,
        86.93298729893999,
        86.51067230794,
        83.88902364494,
        84.38724760494,
        82.29096215694
      ],
      "exit_codes": [
        0,
        0,
        0,
        0,
        0,
        0,
        0,
        0,
        0,
        0
      ]
    }
  ]
}
