{
  "results": [
    {
      "command": "cargo build --jobs 8 --release --example breakout",
      "mean": 126.17750477202,
      "stddev": 0.17698902390953908,
      "median": 126.20652806941999,
      "user": 965.60335834,
      "system": 25.47901952,
      "min": 125.85321548492,
      "max": 126.45128894092,
      "times": [
        126.05397273592,
        126.14607138292,
        126.35611011291999,
        126.24758997292,
        126.27148055992,
        125.98226239092,
        126.19914722792,
        125.85321548492,
        126.45128894092,
        126.21390891092
      ],
      "exit_codes": [
        0,
        0,
        0,
        0,
        0,
        0,
        0,
        0,
        0,
        0
      ]
    }
  ]
}
