{
  "results": [
    {
      "command": "cargo build --jobs 8 --release --example breakout",
      "mean": 122.37306111083998,
      "stddev": 0.17161560272543175,
      "median": 122.39266246593999,
      "user": 923.08586244,
      "system": 24.70750094,
      "min": 122.09534496194,
      "max": 122.66109740094,
      "times": [
        122.66109740094,
        122.47168662794,
        122.38135538894,
        122.40396954294,
        122.22492676594,
        122.09534496194,
        122.57179376694,
        122.28704801693999,
        122.41424896294,
        122.21913967294
      ],
      "exit_codes": [
        0,
        0,
        0,
        0,
        0,
        0,
        0,
        0,
        0,
        0
      ]
    }
  ]
}
