{
  "results": [
    {
      "command": "cargo build --jobs 16 --release --example breakout",
      "mean": 87.08943220186,
      "stddev": 0.9044602906360577,
      "median": 87.32525284266,
      "user": 1220.34262478,
      "system": 32.15813704,
      "min": 85.47933151816001,
      "max": 88.11184643216001,
      "times": [
        87.29047909716,
        87.31953086816,
        86.66861594116,
        85.47933151816001,
        87.40672893116,
        87.91769333116001,
        87.33097481716,
        88.11184643216001,
        85.61653656216001,
        87.75258452016
      ],
      "exit_codes": [
        0,
        0,
        0,
        0,
        0,
        0,
        0,
        0,
        0,
        0
      ]
    }
  ]
}
