{
  "results": [
    {
      "command": "cargo build --jobs 8 --release --example breakout",
      "mean": 127.36345148706,
      "stddev": 0.2860536097847156,
      "median": 127.32288832166,
      "user": 973.9118269799998,
      "system": 25.71396488,
      "min": 126.96777325916,
      "max": 127.78848131316,
      "times": [
        127.78848131316,
        127.72726884116,
        127.11081333516,
        127.08712363116,
        127.50612916616001,
        126.96777325916,
        127.20090849716,
        127.60024018416,
        127.22153390016,
        127.42424274316001
      ],
      "exit_codes": [
        0,
        0,
        0,
        0,
        0,
        0,
        0,
        0,
        0,
        0
      ]
    }
  ]
}
