{
  "results": [
    {
      "command": "cargo build --jobs 16 --release --example breakout",
      "mean": 75.43376957912,
      "stddev": 0.19787047190157092,
      "median": 75.40223629772001,
      "user": 1138.4319499199999,
      "system": 30.45213326,
      "min": 75.04511858822,
      "max": 75.79681511422001,
      "times": [
        75.79681511422001,
        75.60540404922,
        75.50609054522,
        75.32452918022,
        75.52939826322,
        75.33372797022001,
        75.04511858822,
        75.40582462822,
        75.39213948522,
        75.39864796722
      ],
      "exit_codes": [
        0,
        0,
        0,
        0,
        0,
        0,
        0,
        0,
        0,
        0
      ]
    }
  ]
}
