{
  "results": [
    {
      "command": "cargo build --jobs 8 --release --example breakout",
      "mean": 117.21914424918,
      "stddev": 0.1706465844772865,
      "median": 117.25726108778,
      "user": 902.2047563,
      "system": 24.807894960000006,
      "min": 116.96252222828,
      "max": 117.44592575328,
      "times": [
        117.26922629028,
        117.31734206428,
        117.44592575328,
        117.40934349727999,
        117.24529588528,
        117.35335200928,
        117.11658060828,
        117.02821902827999,
        117.04363512728,
        116.96252222828
      ],
      "exit_codes": [
        0,
        0,
        0,
        0,
        0,
        0,
        0,
        0,
        0,
        0
      ]
    }
  ]
}
