{
  "results": [
    {
      "command": "cargo build --jobs 16 --release --example breakout",
      "mean": 76.00351155528,
      "stddev": 0.36719705340421366,
      "median": 76.10414179098,
      "user": 1145.0846799199999,
      "system": 29.25712628,
      "min": 75.33560427648,
      "max": 76.43880823148,
      "times": [
        76.30209489648,
        75.55998335448,
        75.80505836248,
        76.43880823148,
        75.83028571448,
        75.94248018148,
        76.27757039548,
        75.33560427648,
        76.27742673947999,
        76.26580340048
      ],
      "exit_codes": [
        0,
        0,
        0,
        0,
        0,
        0,
        0,
        0,
        0,
        0
      ]
    }
  ]
}
