{
  "results": [
    {
      "command": "cargo build --jobs 16 --release --example breakout",
      "mean": 92.14467972891998,
      "stddev": 1.4169484044921639,
      "median": 91.83058497312,
      "user": 1282.30980098,
      "system": 30.98074312,
      "min": 90.45371110712,
      "max": 94.18594068312,
      "times": [
        90.97683547212,
        92.32349508412,
        91.02309331912,
        91.33767486212,
        90.45371110712,
        94.18594068312,
        93.97948351012,
        90.76816249811999,
        92.84340296111999,
        93.55499779211999
      ],
      "exit_codes": [
        0,
        0,
        0,
        0,
        0,
        0,
        0,
        0,
        0,
        0
      ]
    }
  ]
}
