{
  "results": [
    {
      "command": "cargo build --jobs 16 --release --example breakout",
      "mean": 75.55096488088,
      "stddev": 0.25173894347542336,
      "median": 75.56475121598,
      "user": 1138.87353418,
      "system": 30.383113780000002,
      "min": 75.05663809897999,
      "max": 75.94715858497999,
      "times": [
        75.55780925197999,
        75.68113758498,
        75.70842649698,
        75.56222681198,
        75.51580161998,
        75.68874523398,
        75.05663809897999,
        75.22442950498,
        75.56727561998,
        75.94715858497999
      ],
      "exit_codes": [
        0,
        0,
        0,
        0,
        0,
        0,
        0,
        0,
        0,
        0
      ]
    }
  ]
}
