{
  "results": [
    {
      "command": "cargo build --jobs 8 --release --example breakout",
      "mean": 117.25007776868001,
      "stddev": 0.1100552677976654,
      "median": 117.22932799078,
      "user": 903.55222054,
      "system": 24.880840900000003,
      "min": 117.10288708428,
      "max": 117.45522506428,
      "times": [
        117.14142666228,
        117.45522506428,
        117.25383934828001,
        117.20481663328,
        117.18144457228,
        117.28718084228001,
        117.27808882728,
        117.19808721528,
        117.10288708428,
        117.39778143728
      ],
      "exit_codes": [
        0,
        0,
        0,
        0,
        0,
        0,
        0,
        0,
        0,
        0
      ]
    }
  ]
}
