{
  "results": [
    {
      "command": "cargo build --jobs 8 --release --example breakout",
      "mean": 139.85469054336002,
      "stddev": 0.24047020892157028,
      "median": 139.87423369805998,
      "user": 1075.27344288,
      "system": 26.67249578,
      "min": 139.46138231606,
      "max": 140.21182047206,
      "times": [
        140.04485812306,
        139.46138231606,
        140.21182047206,
        139.57980699606,
        139.70396768206,
        139.90461591206,
        140.01189100906,
        140.08418734606002,
        139.84385148406,
        139.70052409306
      ],
      "exit_codes": [
        0,
        0,
        0,
        0,
        0,
        0,
        0,
        0,
        0,
        0
      ]
    }
  ]
}
