{
  "results": [
    {
      "command": "cargo build --jobs 16 --release --example breakout",
      "mean": 75.30551387030002,
      "stddev": 0.16789744375081847,
      "median": 75.33959263900002,
      "user": 1139.7645472,
      "system": 29.37867214,
      "min": 75.04827065,
      "max": 75.493337846,
      "times": [
        75.36707749300001,
        75.04827065,
        75.31210778500001,
        75.134091411,
        75.493337846,
        75.203682208,
        75.115474378,
        75.446778273,
        75.454198062,
        75.48012059700001
      ],
      "exit_codes": [
        0,
        0,
        0,
        0,
        0,
        0,
        0,
        0,
        0,
        0
      ]
    }
  ]
}
