{
  "results": [
    {
      "command": "cargo build --jobs 8 --release --example breakout",
      "mean": 127.02270036616001,
      "stddev": 0.15008424221369085,
      "median": 127.03340025726,
      "user": 973.26134404,
      "system": 24.38576326,
      "min": 126.78082758026001,
      "max": 127.27886327826,
      "times": [
        127.12047481226,
        127.27886327826,
        127.06301624226,
        126.88435888326,
        126.78082758026001,
        127.16546778826,
        127.06086555226,
        127.00530202726,
        126.86189253526,
        127.00593496226
      ],
      "exit_codes": [
        0,
        0,
        0,
        0,
        0,
        0,
        0,
        0,
        0,
        0
      ]
    }
  ]
}
