{
  "results": [
    {
      "command": "cargo build --jobs 16 --release --example breakout",
      "mean": 87.31015953592001,
      "stddev": 1.1203881996912095,
      "median": 87.50170104462,
      "user": 1219.51395914,
      "system": 30.504786659999997,
      "min": 85.17240515962,
      "max": 88.85281550862,
      "times": [
        87.28645412362,
        85.17240515962,
        88.85281550862,
        87.85044157362,
        87.65246504362,
        87.12519483162001,
        88.27470446162,
        87.35093704562,
        85.67627757262,
        87.85990003862
      ],
      "exit_codes": [
        0,
        0,
        0,
        0,
        0,
        0,
        0,
        0,
        0,
        0
      ]
    }
  ]
}
