{
  "results": [
    {
      "command": "cargo build --jobs 16 --release --example breakout",
      "mean": 70.61257090406,
      "stddev": 0.2552953830472583,
      "median": 70.60990333356,
      "user": 1006.4723194000001,
      "system": 27.538779899999998,
      "min": 70.10554784556,
      "max": 71.08670892155999,
      "times": [
        71.08670892155999,
        70.74720949956,
        70.59621080356,
        70.51133847956,
        70.44665329456,
        70.70462138856,
        70.62359586356,
        70.51619063956,
        70.78763230455999,
        70.10554784556
      ],
      "exit_codes": [
        0,
        0,
        0,
        0,
        0,
        0,
        0,
        0,
        0,
        0
      ]
    }
  ]
}
