{
  "results": [
    {
      "command": "cargo build --jobs 16 --release --example breakout",
      "mean": 79.61623531602001,
      "stddev": 0.1792968577658699,
      "median": 79.62009984192,
      "user": 1200.0045924800002,
      "system": 30.74888636,
      "min": 79.18406124042001,
      "max": 79.80333074842,
      "times": [
        79.57509045142,
        79.80333074842,
        79.66494691842,
        79.75751382742,
        79.72740988342,
        79.56363890642,
        79.76423749142,
        79.18406124042001,
        79.54687092742,
        79.57525276542
      ],
      "exit_codes": [
        0,
        0,
        0,
        0,
        0,
        0,
        0,
        0,
        0,
        0
      ]
    }
  ]
}
