{
  "results": [
    {
      "command": "cargo build --jobs 16 --release --example breakout",
      "mean": 81.92462828856,
      "stddev": 2.8502655016612084,
      "median": 81.29287282446,
      "user": 1202.0306146799999,
      "system": 31.041025979999993,
      "min": 79.86956486646,
      "max": 89.80990287646,
      "times": [
        81.96163576746,
        79.86956486646,
        80.51062020946,
        81.50546588846,
        89.80990287646,
        81.37031800646,
        80.68372959346,
        81.21542764246,
        81.87354647046,
        80.44607156446
      ],
      "exit_codes": [
        0,
        0,
        0,
        0,
        0,
        0,
        0,
        0,
        0,
        0
      ]
    }
  ]
}
