{
  "results": [
    {
      "command": "cargo build --jobs 16 --release --example breakout",
      "mean": 86.95869676376,
      "stddev": 0.366850389967496,
      "median": 86.80364401286,
      "user": 1217.4842828999997,
      "system": 32.07049916000001,
      "min": 86.66117928136,
      "max": 87.76653990636001,
      "times": [
        87.76653990636001,
        86.74305086336001,
        87.08874303736,
        86.70244969236,
        86.75160710436,
        86.85568092136,
        86.87607439536,
        86.66117928136,
        87.42827002536,
        86.71337241036001
      ],
      "exit_codes": [
        0,
        0,
        0,
        0,
        0,
        0,
        0,
        0,
        0,
        0
      ]
    }
  ]
}
