{
  "results": [
    {
      "command": "cargo build --jobs 16 --release --example breakout",
      "mean": 78.13172413546,
      "stddev": 0.32053986198956275,
      "median": 78.05205022756,
      "user": 1138.78796464,
      "system": 29.66857418,
      "min": 77.64241353606,
      "max": 78.61049216206001,
      "times": [
        77.64241353606,
        77.91721455306,
        78.00489619506,
        77.85837886106,
        77.90846730006001,
        78.50125163006001,
        78.09920426006,
        78.36514144406,
        78.61049216206001,
        78.40978141306
      ],
      "exit_codes": [
        0,
        0,
        0,
        0,
        0,
        0,
        0,
        0,
        0,
        0
      ]
    }
  ]
}
