{
  "results": [
    {
      "command": "cargo build --jobs 8 --release --example breakout",
      "mean": 119.80319379158,
      "stddev": 0.07416139108372952,
      "median": 119.79683164258,
      "user": 906.8637877200001,
      "system": 24.347603539999998,
      "min": 119.69772289258,
      "max": 119.94588327958,
      "times": [
        119.84961542658,
        119.84443249658,
        119.75593781158,
        119.72713916058001,
        119.94588327958,
        119.69772289258,
        119.85900470658001,
        119.81864789758001,
        119.75853885658,
        119.77501538758
      ],
      "exit_codes": [
        0,
        0,
        0,
        0,
        0,
        0,
        0,
        0,
        0,
        0
      ]
    }
  ]
}
