{
  "results": [
    {
      "command": "cargo build --jobs 16 --release --example breakout",
      "mean": 77.30644990390002,
      "stddev": 0.2584173478533409,
      "median": 77.18683295470001,
      "user": 1142.7711942399999,
      "system": 29.82406848,
      "min": 77.0839314387,
      "max": 77.8244618237,
      "times": [
        77.1675329297,
        77.4049950247,
        77.1949245337,
        77.0839314387,
        77.1171003027,
        77.2231816707,
        77.7083715647,
        77.8244618237,
        77.1787413757,
        77.1612583747
      ],
      "exit_codes": [
        0,
        0,
        0,
        0,
        0,
        0,
        0,
        0,
        0,
        0
      ]
    }
  ]
}
