{
  "results": [
    {
      "command": "cargo build --jobs 8 --release --example breakout",
      "mean": 136.02886332478,
      "stddev": 0.17488164129160252,
      "median": 136.02353152298002,
      "user": 1042.54528006,
      "system": 24.527264999999996,
      "min": 135.67520832298,
      "max": 136.33068204198,
      "times": [
        136.01807852098,
        136.02898452498002,
        136.33068204198,
        136.21106200898,
        135.67520832298,
        136.09504741998,
        135.88737513598002,
        136.01785169998,
        136.03081981198,
        135.99352375998
      ],
      "exit_codes": [
        0,
        0,
        0,
        0,
        0,
        0,
        0,
        0,
        0,
        0
      ]
    }
  ]
}
