{
  "results": [
    {
      "command": "cargo build --jobs 16 --release --example breakout",
      "mean": 77.34781135768,
      "stddev": 0.15700290799181196,
      "median": 77.29000925758001,
      "user": 1148.81627092,
      "system": 29.77462716,
      "min": 77.20101805208,
      "max": 77.66743791008001,
      "times": [
        77.36495324608,
        77.28980841108,
        77.29021010408,
        77.23236511708001,
        77.20101805208,
        77.27371303008,
        77.26886242708001,
        77.29113486808001,
        77.59861041108,
        77.66743791008001
      ],
      "exit_codes": [
        0,
        0,
        0,
        0,
        0,
        0,
        0,
        0,
        0,
        0
      ]
    }
  ]
}
