{
  "results": [
    {
      "command": "cargo build --jobs 8 --release --example breakout",
      "mean": 117.34117658986,
      "stddev": 0.20332451775995078,
      "median": 117.25344138766,
      "user": 904.7354434199999,
      "system": 23.80131246,
      "min": 117.11286554216001,
      "max": 117.71331435216001,
      "times": [
        117.47074898816001,
        117.11286554216001,
        117.14589753816,
        117.71331435216001,
        117.21654187016,
        117.53513114816,
        117.22658694016,
        117.52274792216001,
        117.18763576216001,
        117.28029583516
      ],
      "exit_codes": [
        0,
        0,
        0,
        0,
        0,
        0,
        0,
        0,
        0,
        0
      ]
    }
  ]
}
