{
  "results": [
    {
      "command": "cargo build --jobs 16 --release --example breakout",
      "mean": 75.88797609888,
      "stddev": 0.43845582216142587,
      "median": 76.06465120738001,
      "user": 1142.7566867799999,
      "system": 29.38167402,
      "min": 75.23609992538,
      "max": 76.37639974938,
      "times": [
        76.08278841138001,
        75.31418367938001,
        76.04651400338001,
        75.54295034338,
        76.37639974938,
        75.51030402338,
        75.23609992538,
        76.27491305638,
        76.20299178638001,
        76.29261601038
      ],
      "exit_codes": [
        0,
        0,
        0,
        0,
        0,
        0,
        0,
        0,
        0,
        0
      ]
    }
  ]
}
