{
  "results": [
    {
      "command": "cargo build --jobs 8 --release --example breakout",
      "mean": 117.56319092956001,
      "stddev": 0.15641356614167506,
      "median": 117.54499925306,
      "user": 905.6845194399999,
      "system": 24.824542559999998,
      "min": 117.23874311956,
      "max": 117.83005784956,
      "times": [
        117.67953262656,
        117.66224623756,
        117.54046932756,
        117.62631438856,
        117.23874311956,
        117.51461066556,
        117.44993657456,
        117.83005784956,
        117.54670903556,
        117.54328947056
      ],
      "exit_codes": [
        0,
        0,
        0,
        0,
        0,
        0,
        0,
        0,
        0,
        0
      ]
    }
  ]
}
