{
  "results": [
    {
      "command": "cargo build --jobs 8 --release --example breakout",
      "mean": 123.91876945376,
      "stddev": 0.22164249848934545,
      "median": 123.91024531316,
      "user": 950.9018287199999,
      "system": 25.085231620000002,
      "min": 123.62308883366,
      "max": 124.33154651766,
      "times": [
        124.11223800166,
        124.04336476466,
        124.03634990366,
        123.69181948166,
        123.99852524666001,
        123.62308883366,
        123.72807921866,
        124.33154651766,
        123.80071718966,
        123.82196537966
      ],
      "exit_codes": [
        0,
        0,
        0,
        0,
        0,
        0,
        0,
        0,
        0,
        0
      ]
    }
  ]
}
