{
  "results": [
    {
      "command": "cargo build --jobs 16 --release --example breakout",
      "mean": 80.20003459317999,
      "stddev": 0.23293394282350743,
      "median": 80.23759673548,
      "user": 1201.4036591999998,
      "system": 30.784981759999994,
      "min": 79.70263669148,
      "max": 80.60006344448,
      "times": [
        80.12113342948,
        80.60006344448,
        80.02788331248,
        80.29251180448,
        79.70263669148,
        80.33225750148,
        80.21370826847999,
        80.14109893147999,
        80.26148520247999,
        80.30756734548
      ],
      "exit_codes": [
        0,
        0,
        0,
        0,
        0,
        0,
        0,
        0,
        0,
        0
      ]
    }
  ]
}
