{
  "results": [
    {
      "command": "cargo build --jobs 8 --release --example breakout",
      "mean": 115.93644172981999,
      "stddev": 0.4574972480597089,
      "median": 115.80803428272,
      "user": 870.4630351399999,
      "system": 22.84162446,
      "min": 115.21587054672,
      "max": 116.54395894272,
      "times": [
        115.69015864072,
        115.56806666772,
        116.51815700572,
        115.86509739372,
        115.75097117172,
        116.19708696572,
        115.59330617072,
        116.54395894272,
        115.21587054672,
        116.42174379272001
      ],
      "exit_codes": [
        0,
        0,
        0,
        0,
        0,
        0,
        0,
        0,
        0,
        0
      ]
    }
  ]
}
