{
  "results": [
    {
      "command": "cargo build --jobs 16 --release --example breakout",
      "mean": 74.89204425858,
      "stddev": 0.3476654232854085,
      "median": 74.99589260127999,
      "user": 1099.6874041799997,
      "system": 28.63388352,
      "min": 74.08537852378,
      "max": 75.31982042678,
      "times": [
        75.11030327278,
        74.71205263578,
        74.69831970678,
        75.10757920978,
        74.77101836778,
        74.99315357978,
        74.08537852378,
        74.99863162278,
        75.31982042678,
        75.12418523978
      ],
      "exit_codes": [
        0,
        0,
        0,
        0,
        0,
        0,
        0,
        0,
        0,
        0
      ]
    }
  ]
}
