{
  "results": [
    {
      "command": "cargo build --jobs 16 --release --example breakout",
      "mean": 75.50131746944001,
      "stddev": 0.3703819061568406,
      "median": 75.56608013804001,
      "user": 1138.7393236,
      "system": 30.63783608,
      "min": 74.77803324804,
      "max": 75.89122394204,
      "times": [
        75.82109669704,
        75.89122394204,
        74.77803324804,
        75.48758429804,
        75.21310810404,
        75.71787789804,
        75.88259891304,
        75.08949131804,
        75.52305370004001,
        75.60910657604
      ],
      "exit_codes": [
        0,
        0,
        0,
        0,
        0,
        0,
        0,
        0,
        0,
        0
      ]
    }
  ]
}
