{
  "results": [
    {
      "command": "cargo build --jobs 8 --release --example breakout",
      "mean": 117.18015422780002,
      "stddev": 0.12053130997591859,
      "median": 117.1778688584,
      "user": 903.148517,
      "system": 24.883508080000002,
      "min": 117.0093892409,
      "max": 117.34980434190001,
      "times": [
        117.2269813459,
        117.06378079790001,
        117.1046580599,
        117.1731339949,
        117.2895156899,
        117.34980434190001,
        117.0093892409,
        117.06208904590001,
        117.33958603890001,
        117.18260372190001
      ],
      "exit_codes": [
        0,
        0,
        0,
        0,
        0,
        0,
        0,
        0,
        0,
        0
      ]
    }
  ]
}
