{
  "results": [
    {
      "command": "cargo build --jobs 16 --release --example breakout",
      "mean": 97.64100442552,
      "stddev": 0.8584295259845504,
      "median": 97.66312846122,
      "user": 1336.2474628,
      "system": 33.10990782,
      "min": 96.28066112422,
      "max": 98.72764856522,
      "times": [
        96.28066112422,
        98.45547917921999,
        98.32851293122,
        97.18919406922,
        96.63637468422,
        97.27000295222,
        97.05312534021999,
        98.72764856522,
        98.41279143922,
        98.05625397022
      ],
      "exit_codes": [
        0,
        0,
        0,
        0,
        0,
        0,
        0,
        0,
        0,
        0
      ]
    }
  ]
}
