{
  "results": [
    {
      "command": "cargo build --jobs 16 --release --example breakout",
      "mean": 80.13350537122,
      "stddev": 0.26056928058657924,
      "median": 80.23772901342,
      "user": 1201.46641488,
      "system": 30.694114000000003,
      "min": 79.69435645642001,
      "max": 80.40877459142,
      "times": [
        80.27233647842,
        80.40877459142,
        80.24596733042,
        80.17150106542,
        79.75908317642,
        80.34695834742,
        80.22949069642,
        79.86634990242,
        79.69435645642001,
        80.34023566742
      ],
      "exit_codes": [
        0,
        0,
        0,
        0,
        0,
        0,
        0,
        0,
        0,
        0
      ]
    }
  ]
}
