{
  "results": [
    {
      "command": "cargo build --jobs 16 --release --example breakout",
      "mean": 78.39402675614,
      "stddev": 0.23537852038105597,
      "median": 78.33537418344,
      "user": 1180.6359131599997,
      "system": 30.024609640000005,
      "min": 78.14883496144,
      "max": 78.85598577544,
      "times": [
        78.15611427344,
        78.48734692744,
        78.22483983144001,
        78.42051286444,
        78.14883496144,
        78.22618773944001,
        78.51953802544,
        78.85598577544,
        78.65067166044,
        78.25023550244
      ],
      "exit_codes": [
        0,
        0,
        0,
        0,
        0,
        0,
        0,
        0,
        0,
        0
      ]
    }
  ]
}
