{
  "results": [
    {
      "command": "cargo build --jobs 16 --release --example breakout",
      "mean": 91.67489424952001,
      "stddev": 0.5475796023188084,
      "median": 91.61693415902,
      "user": 1280.4338427199998,
      "system": 31.11119812,
      "min": 90.91017725452001,
      "max": 92.49227804852,
      "times": [
        92.49227804852,
        91.61901555852,
        92.03008484452,
        91.32534715852,
        91.32117367652,
        91.61485275952,
        91.01269233252,
        92.37094948352001,
        92.05237137852001,
        90.91017725452001
      ],
      "exit_codes": [
        0,
        0,
        0,
        0,
        0,
        0,
        0,
        0,
        0,
        0
      ]
    }
  ]
}
