{
  "results": [
    {
      "command": "cargo build --jobs 16 --release --example breakout",
      "mean": 79.58485919298002,
      "stddev": 0.25379952602933287,
      "median": 79.59954842218,
      "user": 1200.95165318,
      "system": 30.706083639999996,
      "min": 79.18109748768,
      "max": 79.91347517668001,
      "times": [
        79.53347295268,
        79.61580586668,
        79.91347517668001,
        79.28826550668,
        79.32708261468001,
        79.82435337668001,
        79.72584752368,
        79.18109748768,
        79.85590044668001,
        79.58329097768001
      ],
      "exit_codes": [
        0,
        0,
        0,
        0,
        0,
        0,
        0,
        0,
        0,
        0
      ]
    }
  ]
}
