{
  "results": [
    {
      "command": "cargo build --jobs 8 --release --example breakout",
      "mean": 117.18641718306,
      "stddev": 0.18016366276939086,
      "median": 117.19991680685999,
      "user": 903.3523487999998,
      "system": 24.83021974,
      "min": 116.91296707485999,
      "max": 117.42594435486,
      "times": [
        117.35985034386,
        116.91296707485999,
        117.17128314486,
        117.22855046885999,
        117.27738881486,
        117.39416487086,
        116.98580049186,
        117.02954297886,
        117.42594435486,
        117.07867928686
      ],
      "exit_codes": [
        0,
        0,
        0,
        0,
        0,
        0,
        0,
        0,
        0,
        0
      ]
    }
  ]
}
