{
  "results": [
    {
      "command": "cargo build --jobs 8 --release --example breakout",
      "mean": 123.79680880698,
      "stddev": 0.32008624858548,
      "median": 123.71426527918,
      "user": 949.1942593399999,
      "system": 25.017915860000002,
      "min": 123.26527620168,
      "max": 124.23524461068,
      "times": [
        123.49396969068,
        123.73920917168,
        123.26527620168,
        123.68578200868,
        124.23524461068,
        123.68932138667999,
        123.99763101868,
        124.19212596168,
        124.08868116368,
        123.58084685568
      ],
      "exit_codes": [
        0,
        0,
        0,
        0,
        0,
        0,
        0,
        0,
        0,
        0
      ]
    }
  ]
}
