{
  "results": [
    {
      "command": "cargo build --jobs 16 --release --example breakout",
      "mean": 79.6896975566,
      "stddev": 0.25119895762990324,
      "median": 79.71041553399999,
      "user": 1199.8588740399996,
      "system": 30.77079046,
      "min": 79.284433051,
      "max": 80.110573855,
      "times": [
        79.381443265,
        79.590971844,
        79.530935706,
        79.84970794499999,
        79.66875208399999,
        79.810022653,
        79.284433051,
        80.110573855,
        79.918056179,
        79.752078984
      ],
      "exit_codes": [
        0,
        0,
        0,
        0,
        0,
        0,
        0,
        0,
        0,
        0
      ]
    }
  ]
}
