{
  "results": [
    {
      "command": "cargo build --jobs 8 --release --example breakout",
      "mean": 117.57789140964,
      "stddev": 0.27147008810060075,
      "median": 117.50448921304,
      "user": 906.92192546,
      "system": 24.041275719999994,
      "min": 117.23593848454,
      "max": 118.11910498954,
      "times": [
        117.74707594054,
        117.41686688154,
        117.68239910554,
        117.85180822754,
        117.40349938454,
        117.23593848454,
        117.53354299854,
        117.31324265654,
        118.11910498954,
        117.47543542754
      ],
      "exit_codes": [
        0,
        0,
        0,
        0,
        0,
        0,
        0,
        0,
        0,
        0
      ]
    }
  ]
}
