{
  "results": [
    {
      "command": "cargo build --jobs 16 --release --example breakout",
      "mean": 76.81938910039999,
      "stddev": 2.602809726669374,
      "median": 75.9963895026,
      "user": 1144.4098261200002,
      "system": 29.660451199999994,
      "min": 75.38418446659999,
      "max": 84.16335155559999,
      "times": [
        75.91300566059999,
        84.16335155559999,
        75.38418446659999,
        76.3885403986,
        76.3473385336,
        75.7218734106,
        75.83173492659999,
        76.5049425716,
        76.0797733446,
        75.8591461356
      ],
      "exit_codes": [
        0,
        0,
        0,
        0,
        0,
        0,
        0,
        0,
        0,
        0
      ]
    }
  ]
}
