{
  "results": [
    {
      "command": "cargo build --jobs 8 --release --example breakout",
      "mean": 120.07397748816001,
      "stddev": 0.15142022662234775,
      "median": 120.11850289756,
      "user": 908.5528068399999,
      "system": 24.77248894,
      "min": 119.86386685306,
      "max": 120.30832891806,
      "times": [
        120.14670042106,
        120.09890913306,
        120.01354565906,
        120.13809666206,
        120.22611254506,
        119.89785722306,
        120.30832891806,
        119.89224409906,
        120.15411336806,
        119.86386685306
      ],
      "exit_codes": [
        0,
        0,
        0,
        0,
        0,
        0,
        0,
        0,
        0,
        0
      ]
    }
  ]
}
