{
  "results": [
    {
      "command": "cargo build --jobs 16 --release --example breakout",
      "mean": 76.10608108168,
      "stddev": 0.7575036904312419,
      "median": 75.94179250918,
      "user": 1142.9379547999997,
      "system": 29.527585940000005,
      "min": 75.49441733318,
      "max": 78.10189519218,
      "times": [
        76.26268904718,
        78.10189519218,
        75.65945853418,
        75.66427491618,
        76.21540203018,
        75.74258172318,
        75.49441733318,
        76.16215298818,
        76.14100329518,
        75.61693575718
      ],
      "exit_codes": [
        0,
        0,
        0,
        0,
        0,
        0,
        0,
        0,
        0,
        0
      ]
    }
  ]
}
