{
  "results": [
    {
      "command": "cargo build --jobs 8 --release --example breakout",
      "mean": 117.57503057249998,
      "stddev": 0.39120240760721137,
      "median": 117.6363968613,
      "user": 905.20170622,
      "system": 23.908894919999998,
      "min": 117.03700960879999,
      "max": 118.0963483148,
      "times": [
        117.03700960879999,
        117.7621892108,
        118.0764858508,
        117.5106045118,
        117.8256410588,
        117.22021863479999,
        118.0963483148,
        117.80262934779999,
        117.30415742679999,
        117.1150217598
      ],
      "exit_codes": [
        0,
        0,
        0,
        0,
        0,
        0,
        0,
        0,
        0,
        0
      ]
    }
  ]
}
