{
  "results": [
    {
      "command": "cargo build --jobs 16 --release --example breakout",
      "mean": 70.30593183519998,
      "stddev": 0.7422476599250895,
      "median": 70.5737714184,
      "user": 1002.80931886,
      "system": 27.23929358,
      "min": 69.17110624739999,
      "max": 71.4898182714,
      "times": [
        71.4898182714,
        70.8975665384,
        70.5254395604,
        70.76426504039999,
        70.6221032764,
        69.8485623324,
        69.17110624739999,
        69.4502968854,
        69.6123163024,
        70.6778438974
      ],
      "exit_codes": [
        0,
        0,
        0,
        0,
        0,
        0,
        0,
        0,
        0,
        0
      ]
    }
  ]
}
