{
  "results": [
    {
      "command": "cargo build --jobs 8 --release --example breakout",
      "mean": 105.8691305705,
      "stddev": 0.411747819483116,
      "median": 105.7037858002,
      "user": 799.58797862,
      "system": 21.510281019999997,
      "min": 105.4960273252,
      "max": 106.5877465512,
      "times": [
        106.2503954622,
        105.4960273252,
        105.5486599962,
        106.4847488562,
        105.50304077620001,
        105.6989830152,
        105.73444702020001,
        106.5877465512,
        105.6786681172,
        105.7085885852
      ],
      "exit_codes": [
        0,
        0,
        0,
        0,
        0,
        0,
        0,
        0,
        0,
        0
      ]
    }
  ]
}
