{
  "results": [
    {
      "command": "cargo build --jobs 8 --release --example breakout",
      "mean": 120.83728865084,
      "stddev": 0.32250861193811053,
      "median": 120.98027727934,
      "user": 910.7338384999999,
      "system": 24.17265026,
      "min": 120.11929655634,
      "max": 121.08855765834001,
      "times": [
        120.11929655634,
        121.06909897834001,
        121.03614950034,
        121.08855765834001,
        120.98508671834,
        120.54699951434,
        120.97546784034,
        121.05141414634001,
        120.94792233234001,
        120.55289326334001
      ],
      "exit_codes": [
        0,
        0,
        0,
        0,
        0,
        0,
        0,
        0,
        0,
        0
      ]
    }
  ]
}
