{
  "results": [
    {
      "command": "cargo build --jobs 8 --release --example breakout",
      "mean": 120.09731443791998,
      "stddev": 0.08302183179182426,
      "median": 120.09098588842,
      "user": 908.9257707199998,
      "system": 24.429991919999996,
      "min": 119.98595245742,
      "max": 120.27637702742,
      "times": [
        120.10206292542,
        120.01342652241999,
        120.27637702742,
        120.07990885142,
        120.03464414742,
        120.07683378942,
        120.10273386642,
        120.14192976742,
        120.15927502442,
        119.98595245742
      ],
      "exit_codes": [
        0,
        0,
        0,
        0,
        0,
        0,
        0,
        0,
        0,
        0
      ]
    }
  ]
}
