{
  "results": [
    {
      "command": "cargo build --jobs 16 --release --example breakout",
      "mean": 77.40249511191999,
      "stddev": 0.20292330145514953,
      "median": 77.38031782822,
      "user": 1144.23228058,
      "system": 30.03817934,
      "min": 77.20875866621999,
      "max": 77.90353241022,
      "times": [
        77.39665342821999,
        77.43713799321999,
        77.44187216722,
        77.22100211722,
        77.49641270021999,
        77.20875866621999,
        77.36398222822,
        77.22828984322,
        77.32730956521999,
        77.90353241022
      ],
      "exit_codes": [
        0,
        0,
        0,
        0,
        0,
        0,
        0,
        0,
        0,
        0
      ]
    }
  ]
}
