{
  "results": [
    {
      "command": "cargo build --jobs 8 --release --example breakout",
      "mean": 105.61882290782,
      "stddev": 0.38203765690148483,
      "median": 105.61161061511999,
      "user": 794.93168624,
      "system": 21.80645278,
      "min": 104.75385777561999,
      "max": 106.24529940561999,
      "times": [
        105.61346956461999,
        105.71469251162,
        105.66742343162,
        105.98695061062,
        105.56091544962,
        106.24529940561999,
        105.48595595661999,
        105.54991270661999,
        104.75385777561999,
        105.60975166562
      ],
      "exit_codes": [
        0,
        0,
        0,
        0,
        0,
        0,
        0,
        0,
        0,
        0
      ]
    }
  ]
}
