{
  "results": [
    {
      "command": "cargo build --jobs 16 --release --example breakout",
      "mean": 70.93145222,
      "stddev": 0.7250560376418004,
      "median": 71.0176848004,
      "user": 995.4985447799997,
      "system": 27.461544699999997,
      "min": 69.6555765774,
      "max": 71.8454907354,
      "times": [
        70.55916602340001,
        71.3214957644,
        71.8454907354,
        70.0219596454,
        70.6102634274,
        71.7234324414,
        69.6555765774,
        71.5417679844,
        70.8904622104,
        71.14490739040001
      ],
      "exit_codes": [
        0,
        0,
        0,
        0,
        0,
        0,
        0,
        0,
        0,
        0
      ]
    }
  ]
}
