{
  "results": [
    {
      "command": "cargo build --jobs 16 --release --example breakout",
      "mean": 80.85160730068,
      "stddev": 0.746975244324803,
      "median": 80.75616178178001,
      "user": 1215.3837491799998,
      "system": 31.025250939999996,
      "min": 80.07232289427999,
      "max": 81.99180998327999,
      "times": [
        80.20396810828,
        81.99180998327999,
        81.93205164928,
        80.92189740827999,
        80.07232289427999,
        80.90247476028,
        80.08662784328,
        80.60984880328,
        81.55792108028,
        80.23715047628
      ],
      "exit_codes": [
        0,
        0,
        0,
        0,
        0,
        0,
        0,
        0,
        0,
        0
      ]
    }
  ]
}
