{
  "results": [
    {
      "command": "cargo build --jobs 8 --release --example breakout",
      "mean": 125.34730366113999,
      "stddev": 0.30138884418752915,
      "median": 125.48269610663999,
      "user": 961.70595842,
      "system": 25.21036326,
      "min": 124.77601492264,
      "max": 125.62234038464,
      "times": [
        125.28614571263999,
        125.61636963064,
        125.58769766164,
        124.90778146964,
        125.46931847463999,
        125.19559123964,
        125.62234038464,
        124.77601492264,
        125.51570337663999,
        125.49607373863999
      ],
      "exit_codes": [
        0,
        0,
        0,
        0,
        0,
        0,
        0,
        0,
        0,
        0
      ]
    }
  ]
}
