{
  "results": [
    {
      "command": "cargo build --jobs 16 --release --example breakout",
      "mean": 87.56935616368,
      "stddev": 0.886961035809377,
      "median": 87.47375898268,
      "user": 1220.1310819999997,
      "system": 32.14887796000001,
      "min": 86.29895368417999,
      "max": 89.58604087917999,
      "times": [
        86.29895368417999,
        89.58604087917999,
        87.38506283817999,
        87.70956223217999,
        87.56245512718,
        87.25713063618,
        88.11090998018,
        86.81110601118,
        87.05830252218,
        87.91403772618
      ],
      "exit_codes": [
        0,
        0,
        0,
        0,
        0,
        0,
        0,
        0,
        0,
        0
      ]
    }
  ]
}
