{
  "results": [
    {
      "command": "cargo build --jobs 16 --release --example breakout",
      "mean": 97.70972588832,
      "stddev": 0.6967625573355923,
      "median": 97.60893829052,
      "user": 1364.6014608399996,
      "system": 33.442377879999995,
      "min": 96.91193075102001,
      "max": 99.13280052902,
      "times": [
        98.42644319502,
        97.00402992302,
        97.55570478702,
        96.91193075102001,
        99.13280052902,
        97.41350695602,
        97.68389128902,
        97.66217179402,
        98.18969621002,
        97.11708344902
      ],
      "exit_codes": [
        0,
        0,
        0,
        0,
        0,
        0,
        0,
        0,
        0,
        0
      ]
    }
  ]
}
