{
  "results": [
    {
      "command": "cargo build --jobs 8 --release --example breakout",
      "mean": 134.80958491428,
      "stddev": 0.3940594245647442,
      "median": 134.70486100358,
      "user": 1028.5103469199998,
      "system": 25.16347636,
      "min": 134.52431997008,
      "max": 135.90456349008,
      "times": [
        134.74615713108,
        134.82752241608,
        134.66591772708,
        134.52431997008,
        134.69077751807998,
        134.64352640108,
        134.60871722907999,
        134.76540277108,
        134.71894448908,
        135.90456349008
      ],
      "exit_codes": [
        0,
        0,
        0,
        0,
        0,
        0,
        0,
        0,
        0,
        0
      ]
    }
  ]
}
