{
  "results": [
    {
      "command": "cargo build --jobs 16 --release --example breakout",
      "mean": 92.77571612359998,
      "stddev": 0.9845028273065695,
      "median": 92.85411248719998,
      "user": 1286.88914382,
      "system": 31.445747339999997,
      "min": 91.1186580962,
      "max": 94.18379598019999,
      "times": [
        94.18379598019999,
        91.91529815919999,
        93.02753272519999,
        92.64017168619999,
        93.2339009192,
        92.68069224919999,
        91.1186580962,
        91.65407487319999,
        93.3673717932,
        93.93566475419999
      ],
      "exit_codes": [
        0,
        0,
        0,
        0,
        0,
        0,
        0,
        0,
        0,
        0
      ]
    }
  ]
}
