{
  "results": [
    {
      "command": "cargo build --jobs 16 --release --example breakout",
      "mean": 78.04135338772,
      "stddev": 0.22275650566006233,
      "median": 78.10350373562,
      "user": 1143.42090528,
      "system": 30.17709378,
      "min": 77.54776728012,
      "max": 78.38006904212,
      "times": [
        77.90114100311999,
        77.54776728012,
        78.12881292111999,
        78.09065129112,
        78.38006904212,
        78.12126280112,
        78.11635618012,
        77.88847801312,
        78.19330407212,
        78.04569127312
      ],
      "exit_codes": [
        0,
        0,
        0,
        0,
        0,
        0,
        0,
        0,
        0,
        0
      ]
    }
  ]
}
