{
  "results": [
    {
      "command": "cargo build --jobs 8 --release --example breakout",
      "mean": 142.82499316934,
      "stddev": 0.638319277812658,
      "median": 142.79439169064,
      "user": 1095.0997161,
      "system": 26.903089740000002,
      "min": 142.09122078664,
      "max": 144.27365761164,
      "times": [
        142.41917559864,
        142.48179239964,
        142.10758290164,
        142.77140019264,
        144.27365761164,
        143.10316370264,
        142.81738318864,
        142.09122078664,
        143.02274417864,
        143.16181113264
      ],
      "exit_codes": [
        0,
        0,
        0,
        0,
        0,
        0,
        0,
        0,
        0,
        0
      ]
    }
  ]
}
