{
  "results": [
    {
      "command": "cargo build --jobs 16 --release --example breakout",
      "mean": 93.130008816,
      "stddev": 0.7420710796223665,
      "median": 93.25524590590001,
      "user": 1293.8737537799998,
      "system": 31.72804795999999,
      "min": 91.7561974909,
      "max": 93.9916528649,
      "times": [
        92.67565637690001,
        93.7337486319,
        91.7561974909,
        92.39323544390001,
        93.9916528649,
        93.3380142659,
        93.8942458349,
        93.7108243569,
        92.63403534790001,
        93.17247754590001
      ],
      "exit_codes": [
        0,
        0,
        0,
        0,
        0,
        0,
        0,
        0,
        0,
        0
      ]
    }
  ]
}
