{
  "results": [
    {
      "command": "cargo build --jobs 8 --release --example breakout",
      "mean": 136.55689117296,
      "stddev": 0.3795289026619044,
      "median": 136.49261192526,
      "user": 1040.5196473399997,
      "system": 25.6367394,
      "min": 136.07889676226,
      "max": 137.50888426226,
      "times": [
        136.53099415526,
        136.56921050426,
        136.45422969526,
        136.32391231526,
        136.70173763526,
        136.07889676226,
        136.33591893326002,
        136.64431427526,
        136.42081319126,
        137.50888426226
      ],
      "exit_codes": [
        0,
        0,
        0,
        0,
        0,
        0,
        0,
        0,
        0,
        0
      ]
    }
  ]
}
