{
  "results": [
    {
      "command": "cargo build --jobs 16 --release --example breakout",
      "mean": 94.41842186545999,
      "stddev": 0.8964352756532041,
      "median": 94.60048594846,
      "user": 1303.20622104,
      "system": 32.1049138,
      "min": 92.00186788696,
      "max": 95.22360272296,
      "times": [
        94.42926948096,
        92.00186788696,
        95.22360272296,
        94.87001572696,
        94.69501755595999,
        94.76997347596,
        94.32912780496,
        94.37309606696,
        94.50595434096,
        94.98629359195999
      ],
      "exit_codes": [
        0,
        0,
        0,
        0,
        0,
        0,
        0,
        0,
        0,
        0
      ]
    }
  ]
}
