{
  "results": [
    {
      "command": "cargo build --jobs 16 --release --example breakout",
      "mean": 84.31919622097999,
      "stddev": 1.3138442706331293,
      "median": 83.99868183588,
      "user": 1209.59019262,
      "system": 31.64811244,
      "min": 82.63627708088,
      "max": 86.57068341988,
      "times": [
        83.15781168888,
        86.57068341988,
        83.52257410988,
        83.26713171388,
        86.17378882088,
        83.73281228988,
        84.26455138188,
        82.63627708088,
        84.97644183788,
        84.88988986588
      ],
      "exit_codes": [
        0,
        0,
        0,
        0,
        0,
        0,
        0,
        0,
        0,
        0
      ]
    }
  ]
}
