{
  "results": [
    {
      "command": "cargo build --jobs 8 --release --example breakout",
      "mean": 126.34905779077997,
      "stddev": 0.15387966148208918,
      "median": 126.30231773227999,
      "user": 964.2977835999998,
      "system": 25.48437278,
      "min": 126.20712149677999,
      "max": 126.73568774078,
      "times": [
        126.31908678778,
        126.33072512678,
        126.28554867678,
        126.28372196677999,
        126.41199199078,
        126.42809464978,
        126.27421092377999,
        126.21438854777999,
        126.20712149677999,
        126.73568774078
      ],
      "exit_codes": [
        0,
        0,
        0,
        0,
        0,
        0,
        0,
        0,
        0,
        0
      ]
    }
  ]
}
