{
  "results": [
    {
      "command": "cargo build --jobs 16 --release --example breakout",
      "mean": 92.80351070324,
      "stddev": 1.1971907824023533,
      "median": 92.63024384124,
      "user": 1289.4864694399998,
      "system": 31.092339159999995,
      "min": 91.37763506874,
      "max": 94.59563890774001,
      "times": [
        93.04076834274001,
        92.21971933974001,
        93.75608309274001,
        91.37763506874,
        93.63364633274001,
        92.13888789474001,
        94.21056683874001,
        91.50621004074,
        91.55595117374001,
        94.59563890774001
      ],
      "exit_codes": [
        0,
        0,
        0,
        0,
        0,
        0,
        0,
        0,
        0,
        0
      ]
    }
  ]
}
