{
  "results": [
    {
      "command": "cargo build --jobs 8 --release --example breakout",
      "mean": 134.71881036640002,
      "stddev": 0.13955483752985637,
      "median": 134.7198737572,
      "user": 1029.6174668400001,
      "system": 24.930933439999997,
      "min": 134.4662425397,
      "max": 134.9902029257,
      "times": [
        134.4662425397,
        134.6981545287,
        134.62516385170002,
        134.7552596857,
        134.6279567347,
        134.9902029257,
        134.8489912327,
        134.6891144527,
        134.7415929857,
        134.7454247267
      ],
      "exit_codes": [
        0,
        0,
        0,
        0,
        0,
        0,
        0,
        0,
        0,
        0
      ]
    }
  ]
}
