{
  "results": [
    {
      "command": "cargo build --jobs 8 --release --example breakout",
      "mean": 132.76828099032,
      "stddev": 1.9303985130478096,
      "median": 132.17257339082,
      "user": 1005.5064914199999,
      "system": 23.38148978,
      "min": 132.05119723031999,
      "max": 138.25774908632,
      "times": [
        132.05119723031999,
        132.25575137631998,
        132.07159703632,
        132.16856355232,
        132.29085903232,
        138.25774908632,
        132.17658322932,
        132.14659307332,
        132.07107641131998,
        132.19283987532
      ],
      "exit_codes": [
        0,
        0,
        0,
        0,
        0,
        0,
        0,
        0,
        0,
        0
      ]
    }
  ]
}
