{
  "results": [
    {
      "command": "cargo build --jobs 16 --release --example breakout",
      "mean": 92.18085636714,
      "stddev": 0.9392172132268226,
      "median": 92.10485023184,
      "user": 1285.8287258999999,
      "system": 31.22536124,
      "min": 90.97436265784,
      "max": 93.73980774284,
      "times": [
        92.48009727184,
        93.42983040884,
        92.67311643384,
        91.41084589984,
        91.58168170384,
        91.72960319184,
        93.73980774284,
        91.24577471684,
        92.54344364383999,
        90.97436265784
      ],
      "exit_codes": [
        0,
        0,
        0,
        0,
        0,
        0,
        0,
        0,
        0,
        0
      ]
    }
  ]
}
