{
  "results": [
    {
      "command": "cargo build --jobs 8 --release --example breakout",
      "mean": 124.27061972318002,
      "stddev": 0.29965164779757175,
      "median": 124.20445466417999,
      "user": 950.44264842,
      "system": 25.04606806,
      "min": 123.92072672868,
      "max": 124.86077239267999,
      "times": [
        123.92072672868,
        124.20627436267999,
        123.98522677067999,
        124.50411012967999,
        124.20263496567999,
        124.86077239267999,
        124.28789666367999,
        123.99287408468,
        124.59003427667999,
        124.15564685668
      ],
      "exit_codes": [
        0,
        0,
        0,
        0,
        0,
        0,
        0,
        0,
        0,
        0
      ]
    }
  ]
}
