{
  "results": [
    {
      "command": "cargo build --jobs 16 --release --example breakout",
      "mean": 80.100188289,
      "stddev": 0.31235940421823544,
      "median": 80.0830509192,
      "user": 1201.90334078,
      "system": 30.782878399999998,
      "min": 79.69355279620001,
      "max": 80.5115849932,
      "times": [
        79.69355279620001,
        79.9456973962,
        80.5115849932,
        80.4815347442,
        80.2204044422,
        79.75459765020001,
        79.81990103620001,
        80.34099318220001,
        80.3440066352,
        79.8896100142
      ],
      "exit_codes": [
        0,
        0,
        0,
        0,
        0,
        0,
        0,
        0,
        0,
        0
      ]
    }
  ]
}
