{
  "results": [
    {
      "command": "cargo build --jobs 16 --release --example breakout",
      "mean": 74.92209854178,
      "stddev": 0.23090185905372188,
      "median": 74.96031995658001,
      "user": 1140.3834104799998,
      "system": 29.504496839999995,
      "min": 74.62789039408001,
      "max": 75.25944002408,
      "times": [
        74.73068073208,
        74.63567426608,
        75.04721111908,
        75.21384835908,
        75.05817217208,
        75.25944002408,
        74.62789039408001,
        74.97900571408,
        74.72742843808001,
        74.94163419908
      ],
      "exit_codes": [
        0,
        0,
        0,
        0,
        0,
        0,
        0,
        0,
        0,
        0
      ]
    }
  ]
}
