{
  "results": [
    {
      "command": "cargo build --jobs 8 --release --example breakout",
      "mean": 117.16498226994001,
      "stddev": 0.09192802194214773,
      "median": 117.14553935294,
      "user": 903.8187695999999,
      "system": 24.04977938,
      "min": 117.02851069044,
      "max": 117.34503030144,
      "times": [
        117.06678974044,
        117.34503030144,
        117.24368169644,
        117.14100903544,
        117.24219681744,
        117.02851069044,
        117.14727053144,
        117.14380817444001,
        117.12186651044,
        117.16965920144
      ],
      "exit_codes": [
        0,
        0,
        0,
        0,
        0,
        0,
        0,
        0,
        0,
        0
      ]
    }
  ]
}
