{
  "results": [
    {
      "command": "cargo build --jobs 16 --release --example breakout",
      "mean": 78.56857878342001,
      "stddev": 1.6304637762350778,
      "median": 78.03541120532,
      "user": 1142.12001718,
      "system": 30.0227087,
      "min": 77.81200403982,
      "max": 83.17698632582,
      "times": [
        78.02889285382,
        78.49039004482,
        78.04192955682,
        83.17698632582,
        77.90599627482,
        77.81200403982,
        77.90291889782,
        78.01335803782,
        78.08115669682,
        78.23215510582
      ],
      "exit_codes": [
        0,
        0,
        0,
        0,
        0,
        0,
        0,
        0,
        0,
        0
      ]
    }
  ]
}
