{
  "results": [
    {
      "command": "cargo build --jobs 8 --release --example breakout",
      "mean": 120.02051692276002,
      "stddev": 0.09656495207094477,
      "median": 120.00234244656001,
      "user": 908.11984484,
      "system": 24.718094239999996,
      "min": 119.90666576356,
      "max": 120.15913631556,
      "times": [
        119.96628379056,
        119.91598378056001,
        120.15663364056,
        120.04879337456,
        120.02625104556,
        119.93203791956,
        119.97843384756001,
        120.11494974956001,
        119.90666576356,
        120.15913631556
      ],
      "exit_codes": [
        0,
        0,
        0,
        0,
        0,
        0,
        0,
        0,
        0,
        0
      ]
    }
  ]
}
