{
  "results": [
    {
      "command": "cargo build --jobs 16 --release --example breakout",
      "mean": 74.84193186313999,
      "stddev": 0.30488901756576064,
      "median": 74.79495728914,
      "user": 1135.01235972,
      "system": 29.6883973,
      "min": 74.45108765064,
      "max": 75.30792374664,
      "times": [
        75.30792374664,
        75.06669493364001,
        74.83101354964,
        75.06085731864,
        75.19351012164,
        74.45108765064,
        74.75890102864001,
        74.50364471864,
        74.50621828564,
        74.73946727764
      ],
      "exit_codes": [
        0,
        0,
        0,
        0,
        0,
        0,
        0,
        0,
        0,
        0
      ]
    }
  ]
}
