{
  "results": [
    {
      "command": "cargo build --jobs 8 --release --example breakout",
      "mean": 121.75875347015999,
      "stddev": 0.3430888893276219,
      "median": 121.61983660106,
      "user": 934.0560545000001,
      "system": 24.688455940000004,
      "min": 121.43226659406,
      "max": 122.38586465706,
      "times": [
        121.70000650606,
        121.53392199406,
        121.50062846006,
        121.57685672506,
        122.26432267306,
        121.66281647706,
        122.03086763206,
        121.43226659406,
        122.38586465706,
        121.49998298306
      ],
      "exit_codes": [
        0,
        0,
        0,
        0,
        0,
        0,
        0,
        0,
        0,
        0
      ]
    }
  ]
}
