{
  "results": [
    {
      "command": "cargo build --jobs 16 --release --example breakout",
      "mean": 78.41627948034,
      "stddev": 0.3432022150360588,
      "median": 78.32494451043999,
      "user": 1180.82403352,
      "system": 30.420717679999996,
      "min": 77.93650563194,
      "max": 79.12011655094,
      "times": [
        79.12011655094,
        78.73538667294,
        78.21679190994,
        78.34293985494,
        78.39022351194,
        78.18796002994,
        77.93650563194,
        78.30694916594,
        78.70626795294,
        78.21965352194
      ],
      "exit_codes": [
        0,
        0,
        0,
        0,
        0,
        0,
        0,
        0,
        0,
        0
      ]
    }
  ]
}
