{
  "results": [
    {
      "command": "cargo build --jobs 16 --release --example breakout",
      "mean": 77.23494910790001,
      "stddev": 0.16511161577244013,
      "median": 77.21511415769999,
      "user": 1143.3089389,
      "system": 29.885108459999998,
      "min": 77.0207627232,
      "max": 77.6229206882,
      "times": [
        77.2133498212,
        77.0977664842,
        77.29793465319999,
        77.2157668622,
        77.21446145319999,
        77.0207627232,
        77.30870338519999,
        77.09767680319999,
        77.2601482052,
        77.6229206882
      ],
      "exit_codes": [
        0,
        0,
        0,
        0,
        0,
        0,
        0,
        0,
        0,
        0
      ]
    }
  ]
}
