{
  "results": [
    {
      "command": "cargo build --jobs 8 --release --example breakout",
      "mean": 119.86630700280003,
      "stddev": 0.12792308358989568,
      "median": 119.8505438522,
      "user": 906.97586498,
      "system": 24.3885446,
      "min": 119.7262528037,
      "max": 120.1213661427,
      "times": [
        119.7262528037,
        120.1213661427,
        119.9496767617,
        119.7349136087,
        119.7736876477,
        119.7620472177,
        119.9658908597,
        119.9281472817,
        119.8020300017,
        119.8990577027
      ],
      "exit_codes": [
        0,
        0,
        0,
        0,
        0,
        0,
        0,
        0,
        0,
        0
      ]
    }
  ]
}
