{
  "results": [
    {
      "command": "cargo build --jobs 8 --release --example breakout",
      "mean": 121.39991327770001,
      "stddev": 0.09644734512093756,
      "median": 121.40522306189999,
      "user": 917.2108354599999,
      "system": 24.659474239999998,
      "min": 121.2230195084,
      "max": 121.5352600984,
      "times": [
        121.3950853634,
        121.42933685839999,
        121.5084807674,
        121.41536076039999,
        121.2230195084,
        121.3890148364,
        121.4741093164,
        121.5352600984,
        121.2917244484,
        121.3377408194
      ],
      "exit_codes": [
        0,
        0,
        0,
        0,
        0,
        0,
        0,
        0,
        0,
        0
      ]
    }
  ]
}
