{
  "results": [
    {
      "command": "cargo build --jobs 16 --release --example breakout",
      "mean": 79.60611853046001,
      "stddev": 0.4816478311756982,
      "median": 79.48058483606,
      "user": 1155.5902790999999,
      "system": 30.126979240000004,
      "min": 79.02355378156001,
      "max": 80.43126748056001,
      "times": [
        79.48334638456001,
        79.48348584456001,
        79.02355378156001,
        80.15287475756001,
        79.47782328756,
        80.43126748056001,
        79.09955574656,
        79.29114888556,
        80.18583338756001,
        79.43229574856001
      ],
      "exit_codes": [
        0,
        0,
        0,
        0,
        0,
        0,
        0,
        0,
        0,
        0
      ]
    }
  ]
}
