{
  "results": [
    {
      "command": "cargo build --jobs 16 --release --example breakout",
      "mean": 81.48672759064002,
      "stddev": 0.16688937933313022,
      "median": 81.51954457544,
      "user": 1234.5015522400001,
      "system": 31.77070218,
      "min": 81.09877041794,
      "max": 81.74524409194,
      "times": [
        81.53871551994,
        81.74524409194,
        81.51920201194,
        81.41747401594,
        81.58791768894,
        81.57194889994,
        81.51988713893999,
        81.45171907194,
        81.41639704894,
        81.09877041794
      ],
      "exit_codes": [
        0,
        0,
        0,
        0,
        0,
        0,
        0,
        0,
        0,
        0
      ]
    }
  ]
}
