{
  "results": [
    {
      "command": "cargo build --jobs 8 --release --example breakout",
      "mean": 121.40179291298,
      "stddev": 0.24325130860628635,
      "median": 121.44668198337999,
      "user": 904.0920429599998,
      "system": 23.966317640000003,
      "min": 120.92807684188,
      "max": 121.68826392887999,
      "times": [
        121.44908366988,
        121.68826392887999,
        121.44428029688,
        121.22217952188,
        121.54279463488,
        120.92807684188,
        121.62974128488,
        121.64729491588,
        121.21383751388,
        121.25237652087999
      ],
      "exit_codes": [
        0,
        0,
        0,
        0,
        0,
        0,
        0,
        0,
        0,
        0
      ]
    }
  ]
}
