{
  "results": [
    {
      "command": "cargo build --jobs 16 --release --example breakout",
      "mean": 79.57151404492001,
      "stddev": 0.29041155703358257,
      "median": 79.51126109032,
      "user": 1201.20554514,
      "system": 30.862776479999997,
      "min": 79.11342447932,
      "max": 79.95868238732,
      "times": [
        79.72154846932,
        79.42219016231999,
        79.56873186132,
        79.45379031931999,
        79.43642384532,
        79.11342447932,
        79.90597025832,
        79.24278049931999,
        79.95868238732,
        79.89159816732
      ],
      "exit_codes": [
        0,
        0,
        0,
        0,
        0,
        0,
        0,
        0,
        0,
        0
      ]
    }
  ]
}
