{
  "results": [
    {
      "command": "cargo build --jobs 8 --release --example breakout",
      "mean": 123.79980813514001,
      "stddev": 0.4466526028399864,
      "median": 123.75616382624,
      "user": 949.8170819999999,
      "system": 25.116466079999995,
      "min": 123.22556546024,
      "max": 124.90679595524,
      "times": [
        123.75179160324001,
        123.99334526524,
        123.67151184024,
        123.76053604924,
        123.70695980324,
        123.38556616224,
        123.76393063724001,
        124.90679595524,
        123.83207857524,
        123.22556546024
      ],
      "exit_codes": [
        0,
        0,
        0,
        0,
        0,
        0,
        0,
        0,
        0,
        0
      ]
    }
  ]
}
