{
  "results": [
    {
      "command": "cargo build --jobs 8 --release --example breakout",
      "mean": 121.38604953902,
      "stddev": 0.10712568411049032,
      "median": 121.39939203562,
      "user": 932.6301449999999,
      "system": 24.49776644,
      "min": 121.21084240312,
      "max": 121.55641542612,
      "times": [
        121.21084240312,
        121.39074298112,
        121.40804109012,
        121.48639409312,
        121.44771780111999,
        121.43512173712,
        121.23514145012,
        121.55641542612,
        121.36290601612,
        121.32717239212
      ],
      "exit_codes": [
        0,
        0,
        0,
        0,
        0,
        0,
        0,
        0,
        0,
        0
      ]
    }
  ]
}
