{
  "results": [
    {
      "command": "cargo build --jobs 16 --release --example breakout",
      "mean": 78.26767336048,
      "stddev": 0.1960311686999044,
      "median": 78.20624057108,
      "user": 1178.42479178,
      "system": 30.187168139999994,
      "min": 78.01942769058,
      "max": 78.50804210158,
      "times": [
        78.09384099258,
        78.49087645457999,
        78.01942769058,
        78.43785635457999,
        78.50099933358,
        78.50804210158,
        78.24809200557999,
        78.16438913658,
        78.10055871758,
        78.11265081757999
      ],
      "exit_codes": [
        0,
        0,
        0,
        0,
        0,
        0,
        0,
        0,
        0,
        0
      ]
    }
  ]
}
