{
  "results": [
    {
      "command": "cargo build --jobs 8 --release --example breakout",
      "mean": 117.00015121443998,
      "stddev": 0.17095283056395766,
      "median": 117.05692312924,
      "user": 901.0000312,
      "system": 24.778240099999998,
      "min": 116.76734143024001,
      "max": 117.28933434224001,
      "times": [
        117.04206167324,
        117.28933434224001,
        117.07178458524001,
        117.08213906824001,
        116.79494900624,
        117.07947836624001,
        116.76734143024001,
        116.95279773724,
        117.13088446824001,
        116.79074146724001
      ],
      "exit_codes": [
        0,
        0,
        0,
        0,
        0,
        0,
        0,
        0,
        0,
        0
      ]
    }
  ]
}
