{
  "results": [
    {
      "command": "cargo build --jobs 16 --release --example breakout",
      "mean": 76.02451383165999,
      "stddev": 3.317414546126068,
      "median": 75.04318660046,
      "user": 1136.7806468799997,
      "system": 30.54846894,
      "min": 74.48513352946,
      "max": 85.42128722346,
      "times": [
        75.34011046746,
        75.44842883946,
        74.48513352946,
        74.76213877245999,
        74.83800710546,
        75.13268946146,
        85.42128722346,
        74.95368373946,
        75.28289593545999,
        74.58076324246
      ],
      "exit_codes": [
        0,
        0,
        0,
        0,
        0,
        0,
        0,
        0,
        0,
        0
      ]
    }
  ]
}
