{
  "results": [
    {
      "command": "cargo build --jobs 8 --release --example breakout",
      "mean": 121.50271290394001,
      "stddev": 0.780584583883138,
      "median": 121.32800773784,
      "user": 904.02759224,
      "system": 23.879841539999997,
      "min": 120.90801432584,
      "max": 123.64850078484,
      "times": [
        120.99895494884,
        121.14124013884,
        121.46414621384,
        121.26104354984,
        121.53073051684,
        120.90801432584,
        121.39497192584,
        123.64850078484,
        121.25056056884,
        121.42896606584
      ],
      "exit_codes": [
        0,
        0,
        0,
        0,
        0,
        0,
        0,
        0,
        0,
        0
      ]
    }
  ]
}
