{
  "results": [
    {
      "command": "cargo build --jobs 8 --release --example breakout",
      "mean": 120.50305855558001,
      "stddev": 0.3143330037987689,
      "median": 120.44963745688,
      "user": 924.0841262199999,
      "system": 24.20540928,
      "min": 120.15430201288,
      "max": 121.12754380188,
      "times": [
        120.54783329888,
        120.35144161488,
        120.27458367188,
        121.12754380188,
        120.75180226488,
        120.26092480088,
        120.58887024888,
        120.77993025388,
        120.15430201288,
        120.19335358688
      ],
      "exit_codes": [
        0,
        0,
        0,
        0,
        0,
        0,
        0,
        0,
        0,
        0
      ]
    }
  ]
}
