{
  "results": [
    {
      "command": "cargo build --jobs 16 --release --example breakout",
      "mean": 75.29148972446,
      "stddev": 0.18830930610360533,
      "median": 75.27036836506001,
      "user": 1140.2397727199998,
      "system": 29.346517060000004,
      "min": 75.06204033756,
      "max": 75.62281497556,
      "times": [
        75.62281497556,
        75.37422455856,
        75.56079070356,
        75.26793953756001,
        75.32043725056,
        75.12600494756,
        75.27279719256,
        75.08189568656,
        75.06204033756,
        75.22595205456001
      ],
      "exit_codes": [
        0,
        0,
        0,
        0,
        0,
        0,
        0,
        0,
        0,
        0
      ]
    }
  ]
}
