{
  "results": [
    {
      "command": "cargo build --jobs 8 --release --example breakout",
      "mean": 122.62132320894,
      "stddev": 2.222732821886295,
      "median": 121.92819270263999,
      "user": 934.70640432,
      "system": 24.4257987,
      "min": 121.55583258214,
      "max": 128.91231483214,
      "times": [
        122.20525018213999,
        121.55583258214,
        122.19983380714,
        121.86283453413999,
        128.91231483214,
        121.78813915914,
        121.76424156014,
        121.69713404214,
        121.99355087114,
        122.23410051914
      ],
      "exit_codes": [
        0,
        0,
        0,
        0,
        0,
        0,
        0,
        0,
        0,
        0
      ]
    }
  ]
}
