{
  "results": [
    {
      "command": "cargo build --jobs 16 --release --example breakout",
      "mean": 75.58547335886,
      "stddev": 0.42361709832838434,
      "median": 75.44717595436,
      "user": 1146.2591317399997,
      "system": 29.586361599999996,
      "min": 75.12649054836,
      "max": 76.47305053836,
      "times": [
        75.35055202436,
        76.12142194436,
        75.36488355735999,
        75.39507439136,
        76.47305053836,
        75.18600568736,
        75.12649054836,
        75.60452849935999,
        75.73344888035999,
        75.49927751736
      ],
      "exit_codes": [
        0,
        0,
        0,
        0,
        0,
        0,
        0,
        0,
        0,
        0
      ]
    }
  ]
}
