{
  "results": [
    {
      "command": "cargo build --jobs 8 --release --example breakout",
      "mean": 117.4426420836,
      "stddev": 0.21708709144402266,
      "median": 117.3813273792,
      "user": 906.1076519999997,
      "system": 24.0409452,
      "min": 117.2140998437,
      "max": 117.8066577097,
      "times": [
        117.2593801337,
        117.3166919877,
        117.6115518837,
        117.8066577097,
        117.3916091077,
        117.2261620057,
        117.7690175317,
        117.3710456507,
        117.2140998437,
        117.4602049817
      ],
      "exit_codes": [
        0,
        0,
        0,
        0,
        0,
        0,
        0,
        0,
        0,
        0
      ]
    }
  ]
}
