{
  "results": [
    {
      "command": "cargo build --jobs 8 --release --example breakout",
      "mean": 121.284779348,
      "stddev": 0.3030771255049055,
      "median": 121.3922270708,
      "user": 932.0855416200002,
      "system": 24.374539340000002,
      "min": 120.6522814563,
      "max": 121.6700517553,
      "times": [
        121.3903380023,
        121.0053331613,
        121.3560400473,
        121.4407321003,
        121.0017941483,
        121.4682197153,
        121.4688869543,
        121.3941161393,
        121.6700517553,
        120.6522814563
      ],
      "exit_codes": [
        0,
        0,
        0,
        0,
        0,
        0,
        0,
        0,
        0,
        0
      ]
    }
  ]
}
