{
  "results": [
    {
      "command": "cargo build --jobs 16 --release --example breakout",
      "mean": 78.24772804442001,
      "stddev": 0.19030599208837723,
      "median": 78.18979331042,
      "user": 1178.80610206,
      "system": 30.133914359999995,
      "min": 77.97458619842,
      "max": 78.59723936042,
      "times": [
        78.15589219642,
        77.97458619842,
        78.17054345442,
        78.31615830942,
        78.20904316642,
        78.11463006342001,
        78.41682270742,
        78.43716840342,
        78.08519658442,
        78.59723936042
      ],
      "exit_codes": [
        0,
        0,
        0,
        0,
        0,
        0,
        0,
        0,
        0,
        0
      ]
    }
  ]
}
