{
  "results": [
    {
      "command": "cargo build --jobs 8 --release --example breakout",
      "mean": 117.26073520288,
      "stddev": 0.2518694252418606,
      "median": 117.27989928568,
      "user": 902.5881280799998,
      "system": 23.770383099999997,
      "min": 116.88960362518,
      "max": 117.72978020418,
      "times": [
        117.28588776418,
        117.06488823018,
        117.27391080718,
        117.72978020418,
        117.04837921118,
        117.05961846918,
        117.37182364918,
        117.36879920418,
        117.51466086418,
        116.88960362518
      ],
      "exit_codes": [
        0,
        0,
        0,
        0,
        0,
        0,
        0,
        0,
        0,
        0
      ]
    }
  ]
}
