{
  "results": [
    {
      "command": "cargo build --jobs 8 --release --example breakout",
      "mean": 120.27868898351998,
      "stddev": 0.18088539556388017,
      "median": 120.34873464542,
      "user": 903.55071706,
      "system": 23.70951282,
      "min": 119.86454493642,
      "max": 120.47449052942,
      "times": [
        120.33225929042,
        120.47449052942,
        119.86454493642,
        120.40397421542,
        120.37911463842,
        120.38937079142,
        120.09692619042,
        120.22867160642,
        120.25232763642,
        120.36521000042
      ],
      "exit_codes": [
        0,
        0,
        0,
        0,
        0,
        0,
        0,
        0,
        0,
        0
      ]
    }
  ]
}
