{
  "results": [
    {
      "command": "cargo build --jobs 8 --release --example breakout",
      "mean": 118.08882766258,
      "stddev": 3.2156988486142812,
      "median": 117.08589686927999,
      "user": 901.3950173999999,
      "system": 24.726899339999996,
      "min": 116.93082444678,
      "max": 127.23041128477999,
      "times": [
        117.14513349478,
        117.05768636677999,
        116.94197597178,
        116.97351168678,
        116.93092436578,
        116.93082444678,
        117.11410737178,
        117.44106242277999,
        117.12263921377999,
        127.23041128477999
      ],
      "exit_codes": [
        0,
        0,
        0,
        0,
        0,
        0,
        0,
        0,
        0,
        0
      ]
    }
  ]
}
