{
  "results": [
    {
      "command": "cargo build --jobs 8 --release --example breakout",
      "mean": 120.58145923637998,
      "stddev": 0.48709628891516304,
      "median": 120.57053543198,
      "user": 910.4805438599999,
      "system": 24.08654002,
      "min": 119.89052161747999,
      "max": 121.11605635347999,
      "times": [
        120.10310239548,
        120.15125714748,
        121.02127725148,
        120.21510002848,
        120.32946331448,
        121.10774398247999,
        119.89052161747999,
        120.81160754948,
        121.06846272348,
        121.11605635347999
      ],
      "exit_codes": [
        0,
        0,
        0,
        0,
        0,
        0,
        0,
        0,
        0,
        0
      ]
    }
  ]
}
