{
  "results": [
    {
      "command": "cargo build --jobs 16 --release --example breakout",
      "mean": 77.89175309186001,
      "stddev": 0.6209360830084533,
      "median": 77.55749648835999,
      "user": 1145.1916087200002,
      "system": 29.5854069,
      "min": 77.38459313236,
      "max": 78.98017952936,
      "times": [
        78.57735775836,
        77.56260256536,
        77.44788785136,
        77.55239041136,
        77.42005907836,
        77.77850176036,
        77.38459313236,
        78.74322943835999,
        77.47072939335999,
        78.98017952936
      ],
      "exit_codes": [
        0,
        0,
        0,
        0,
        0,
        0,
        0,
        0,
        0,
        0
      ]
    }
  ]
}
