{
  "results": [
    {
      "command": "cargo build --jobs 8 --release --example breakout",
      "mean": 132.39896484064,
      "stddev": 0.11511674037328483,
      "median": 132.35149075684,
      "user": 1017.69671692,
      "system": 25.14572584,
      "min": 132.29581592483999,
      "max": 132.67196727884,
      "times": [
        132.32169614184,
        132.35453235084,
        132.34144433084,
        132.34844916284,
        132.67196727884,
        132.29581592483999,
        132.30058450984,
        132.41304109784,
        132.47419685384,
        132.46792075484
      ],
      "exit_codes": [
        0,
        0,
        0,
        0,
        0,
        0,
        0,
        0,
        0,
        0
      ]
    }
  ]
}
