{
  "results": [
    {
      "command": "cargo build --jobs 16 --release --example breakout",
      "mean": 89.74608123380001,
      "stddev": 0.9307763485048263,
      "median": 89.3351186026,
      "user": 1273.32457592,
      "system": 31.08439778,
      "min": 88.9034696236,
      "max": 91.5169067856,
      "times": [
        89.2815551946,
        89.20612645460001,
        89.4084423786,
        90.76477919060001,
        91.5169067856,
        89.2245824786,
        89.38868201060001,
        88.9034696236,
        90.84618674960001,
        88.9200814716
      ],
      "exit_codes": [
        0,
        0,
        0,
        0,
        0,
        0,
        0,
        0,
        0,
        0
      ]
    }
  ]
}
