{
  "results": [
    {
      "command": "cargo build --jobs 16 --release --example breakout",
      "mean": 70.95591433546,
      "stddev": 0.6567752236195982,
      "median": 71.06214581966,
      "user": 996.64897518,
      "system": 27.498688320000003,
      "min": 69.38398028265999,
      "max": 71.94984386766,
      "times": [
        71.05613406166,
        70.75567609366,
        70.73085613466,
        71.24801444366,
        71.26410240066,
        71.28726614866,
        69.38398028265999,
        70.81511234365999,
        71.06815757766,
        71.94984386766
      ],
      "exit_codes": [
        0,
        0,
        0,
        0,
        0,
        0,
        0,
        0,
        0,
        0
      ]
    }
  ]
}
