{
  "results": [
    {
      "command": "cargo build --jobs 8 --release --example breakout",
      "mean": 117.66145655982002,
      "stddev": 0.2784230962396414,
      "median": 117.70134309202001,
      "user": 907.0105343600001,
      "system": 24.071597799999996,
      "min": 117.35269799552,
      "max": 118.12738532452,
      "times": [
        118.12738532452,
        117.65798246852,
        117.84279044852,
        117.35860498552,
        117.35269799552,
        117.74470371552,
        117.35318476852001,
        117.96651606852001,
        117.43312710052001,
        117.77757272252
      ],
      "exit_codes": [
        0,
        0,
        0,
        0,
        0,
        0,
        0,
        0,
        0,
        0
      ]
    }
  ]
}
