{
  "results": [
    {
      "command": "cargo build --jobs 8 --release --example breakout",
      "mean": 133.05759319476,
      "stddev": 0.128039318118181,
      "median": 133.09513215356,
      "user": 1018.2242358,
      "system": 25.357741300000004,
      "min": 132.84231670556,
      "max": 133.22667394356,
      "times": [
        133.09646339756,
        133.09380090956,
        132.99942162756,
        133.22667394356,
        132.87829159356,
        133.22032529856,
        133.00434912956,
        132.84231670556,
        133.11114992056,
        133.10313942156
      ],
      "exit_codes": [
        0,
        0,
        0,
        0,
        0,
        0,
        0,
        0,
        0,
        0
      ]
    }
  ]
}
