{
  "results": [
    {
      "command": "cargo build --jobs 16 --release --example breakout",
      "mean": 78.45669822106001,
      "stddev": 0.23571508891982645,
      "median": 78.40676070406,
      "user": 1179.9421617,
      "system": 30.086304639999998,
      "min": 78.17703700956001,
      "max": 78.89026078556,
      "times": [
        78.27894872856001,
        78.44509212356,
        78.82205127256,
        78.27775034456,
        78.53177339656001,
        78.47063434256,
        78.30500492256,
        78.36842928456001,
        78.17703700956001,
        78.89026078556
      ],
      "exit_codes": [
        0,
        0,
        0,
        0,
        0,
        0,
        0,
        0,
        0,
        0
      ]
    }
  ]
}
