{
  "results": [
    {
      "command": "cargo build --jobs 16 --release --example breakout",
      "mean": 78.65185734600001,
      "stddev": 0.18924009265267813,
      "median": 78.68672640240001,
      "user": 1180.47537218,
      "system": 29.990115440000004,
      "min": 78.23330013840001,
      "max": 78.8584489614,
      "times": [
        78.74324923440001,
        78.7026829224,
        78.23330013840001,
        78.66658392640001,
        78.54032579240001,
        78.67076988240001,
        78.4818324544,
        78.83437960340001,
        78.7870005444,
        78.8584489614
      ],
      "exit_codes": [
        0,
        0,
        0,
        0,
        0,
        0,
        0,
        0,
        0,
        0
      ]
    }
  ]
}
