{
  "results": [
    {
      "command": "cargo build --jobs 8 --release --example breakout",
      "mean": 121.85504699261999,
      "stddev": 0.2740463382814159,
      "median": 121.91544023122,
      "user": 934.7449776,
      "system": 24.338827679999998,
      "min": 121.28129909722,
      "max": 122.18978020822,
      "times": [
        121.64068365621999,
        122.12974952921999,
        122.18978020822,
        121.66491166122,
        121.91681244322,
        121.75713205122,
        122.01401235422,
        121.91406801922,
        121.28129909722,
        122.04202090622
      ],
      "exit_codes": [
        0,
        0,
        0,
        0,
        0,
        0,
        0,
        0,
        0,
        0
      ]
    }
  ]
}
