{
  "results": [
    {
      "command": "cargo build --jobs 16 --release --example breakout",
      "mean": 97.17489726902,
      "stddev": 0.6231880872080753,
      "median": 97.07822536582,
      "user": 1368.42354892,
      "system": 33.58165104,
      "min": 96.35930233031999,
      "max": 98.48413179232,
      "times": [
        97.62124147131999,
        96.64672252132,
        98.48413179232,
        97.12005632332,
        97.03639440831999,
        96.86646244932,
        97.36585862532,
        96.35930233031999,
        97.61373775032,
        96.63506501831999
      ],
      "exit_codes": [
        0,
        0,
        0,
        0,
        0,
        0,
        0,
        0,
        0,
        0
      ]
    }
  ]
}
