{
  "results": [
    {
      "command": "cargo build --jobs 16 --release --example breakout",
      "mean": 75.32732363996,
      "stddev": 0.2161922473318394,
      "median": 75.25681973076,
      "user": 1140.25441464,
      "system": 29.276685119999996,
      "min": 74.99148663876001,
      "max": 75.71855965676001,
      "times": [
        75.22565931276,
        75.17917804276,
        75.28925516476001,
        75.55810768976,
        75.26078114476,
        75.71855965676001,
        75.24431953076001,
        75.55303090176001,
        74.99148663876001,
        75.25285831676
      ],
      "exit_codes": [
        0,
        0,
        0,
        0,
        0,
        0,
        0,
        0,
        0,
        0
      ]
    }
  ]
}
