{
  "results": [
    {
      "command": "cargo build --jobs 8 --release --example breakout",
      "mean": 117.28810211082002,
      "stddev": 0.22064768874240914,
      "median": 117.25193731412,
      "user": 902.89157878,
      "system": 23.82995888,
      "min": 117.01926846962,
      "max": 117.70868498662,
      "times": [
        117.09439200962001,
        117.33045357062001,
        117.42045568662,
        117.11985647362,
        117.70868498662,
        117.29062408662,
        117.12702584962001,
        117.21325054162,
        117.55700943362001,
        117.01926846962
      ],
      "exit_codes": [
        0,
        0,
        0,
        0,
        0,
        0,
        0,
        0,
        0,
        0
      ]
    }
  ]
}
