{
  "results": [
    {
      "command": "cargo build --jobs 8 --release --example breakout",
      "mean": 123.61526825761999,
      "stddev": 0.21699398071355933,
      "median": 123.61276884982,
      "user": 951.45883096,
      "system": 25.083090739999996,
      "min": 123.18357047232,
      "max": 123.90762845832,
      "times": [
        123.61683112432,
        123.51090584432,
        123.90762845832,
        123.72968620432,
        123.81826638032,
        123.47065065932,
        123.47586478832001,
        123.60870657532,
        123.18357047232,
        123.83057206932
      ],
      "exit_codes": [
        0,
        0,
        0,
        0,
        0,
        0,
        0,
        0,
        0,
        0
      ]
    }
  ]
}
