{
  "results": [
    {
      "command": "cargo build --jobs 16 --release --example breakout",
      "mean": 79.90576938704,
      "stddev": 0.2609283457457165,
      "median": 79.95431968964,
      "user": 1202.74482712,
      "system": 30.759725139999993,
      "min": 79.49516220164,
      "max": 80.20971196564,
      "times": [
        79.71461199264,
        79.80854937164,
        79.54560760364,
        80.20971196564,
        79.85082213964,
        80.17601309464,
        80.05781723964,
        79.49516220164,
        80.07074425364,
        80.12865400764
      ],
      "exit_codes": [
        0,
        0,
        0,
        0,
        0,
        0,
        0,
        0,
        0,
        0
      ]
    }
  ]
}
