{
  "results": [
    {
      "command": "cargo build --jobs 8 --release --example breakout",
      "mean": 125.36673424987998,
      "stddev": 0.24237277734370713,
      "median": 125.46827190098,
      "user": 960.01479616,
      "system": 25.10845938,
      "min": 124.92564562298,
      "max": 125.60383476898,
      "times": [
        124.92564562298,
        125.49240893598,
        125.46623394598,
        125.42111142697999,
        125.47030985597999,
        125.54512122498,
        124.94838646698,
        125.60383476898,
        125.51933291697999,
        125.27495733298
      ],
      "exit_codes": [
        0,
        0,
        0,
        0,
        0,
        0,
        0,
        0,
        0,
        0
      ]
    }
  ]
}
