{
  "results": [
    {
      "command": "cargo build --jobs 16 --release --example breakout",
      "mean": 81.85454303668,
      "stddev": 0.5220617394658144,
      "median": 81.77751079728,
      "user": 1206.08412324,
      "system": 31.106496,
      "min": 81.26740262678,
      "max": 82.76058376178,
      "times": [
        81.88233278478,
        81.27289012178001,
        82.76058376178,
        82.40083659878,
        81.26740262678,
        82.41793071178,
        81.74635615678001,
        81.32263871278,
        81.66579345378,
        81.80866543778001
      ],
      "exit_codes": [
        0,
        0,
        0,
        0,
        0,
        0,
        0,
        0,
        0,
        0
      ]
    }
  ]
}
