{
  "results": [
    {
      "command": "cargo build --jobs 8 --release --example breakout",
      "mean": 117.9141529705,
      "stddev": 0.2966006973836885,
      "median": 117.8305722598,
      "user": 889.8896222199999,
      "system": 24.1640905,
      "min": 117.6994401338,
      "max": 118.6939539878,
      "times": [
        118.0473522548,
        117.9039999598,
        117.7348541808,
        118.6939539878,
        117.9439903428,
        117.7506545438,
        117.7938273008,
        117.7061397818,
        117.6994401338,
        117.8673172188
      ],
      "exit_codes": [
        0,
        0,
        0,
        0,
        0,
        0,
        0,
        0,
        0,
        0
      ]
    }
  ]
}
