{
  "results": [
    {
      "command": "cargo build --jobs 16 --release --example breakout",
      "mean": 71.10591174702,
      "stddev": 0.39078618835105294,
      "median": 70.93872736572001,
      "user": 1010.8395458399998,
      "system": 27.53714906,
      "min": 70.68434680672,
      "max": 71.88843717072,
      "times": [
        71.02334975072,
        71.88843717072,
        70.88751346872,
        70.68434680672,
        71.63180438672,
        70.83194724872,
        70.96236055772,
        70.91509417372001,
        71.36305631672,
        70.87120758972
      ],
      "exit_codes": [
        0,
        0,
        0,
        0,
        0,
        0,
        0,
        0,
        0,
        0
      ]
    }
  ]
}
