{
  "results": [
    {
      "command": "cargo build --jobs 8 --release --example breakout",
      "mean": 106.27921097770002,
      "stddev": 0.5103844500517929,
      "median": 106.56318994189999,
      "user": 800.05229896,
      "system": 21.808278799999997,
      "min": 105.4734294974,
      "max": 106.7352214364,
      "times": [
        105.4734294974,
        106.5460299834,
        105.5815950604,
        105.6908789064,
        106.1540880314,
        106.6568474584,
        106.5803499004,
        106.7179978504,
        106.7352214364,
        106.6556716524
      ],
      "exit_codes": [
        0,
        0,
        0,
        0,
        0,
        0,
        0,
        0,
        0,
        0
      ]
    }
  ]
}
