{
  "results": [
    {
      "command": "cargo build --jobs 16 --release --example breakout",
      "mean": 73.45383671670001,
      "stddev": 0.5307030838644746,
      "median": 73.52713885360001,
      "user": 1078.0867428000001,
      "system": 28.367383420000003,
      "min": 72.79636528360001,
      "max": 74.14394211460001,
      "times": [
        74.14394211460001,
        73.28436096060001,
        73.9919772476,
        72.9541229456,
        72.79636528360001,
        73.7699167466,
        73.8826987896,
        72.94739225960001,
        73.8878488726,
        72.8797419466
      ],
      "exit_codes": [
        0,
        0,
        0,
        0,
        0,
        0,
        0,
        0,
        0,
        0
      ]
    }
  ]
}
