{
  "results": [
    {
      "command": "cargo build --jobs 8 --release --example breakout",
      "mean": 113.95289175852001,
      "stddev": 0.2087504481608805,
      "median": 113.93629185342002,
      "user": 858.04793318,
      "system": 22.763018260000003,
      "min": 113.68377776892001,
      "max": 114.27401365692,
      "times": [
        113.93359985192001,
        113.81123873092001,
        113.68377776892001,
        113.78192971192,
        114.27401365692,
        114.18414631092,
        113.72912499292,
        114.20152730292,
        113.99057540292,
        113.93898385492001
      ],
      "exit_codes": [
        0,
        0,
        0,
        0,
        0,
        0,
        0,
        0,
        0,
        0
      ]
    }
  ]
}
