{
  "results": [
    {
      "command": "cargo build --jobs 16 --release --example breakout",
      "mean": 80.40260671233999,
      "stddev": 0.38217565292592254,
      "median": 80.40329648164001,
      "user": 1210.83616828,
      "system": 30.93939776,
      "min": 79.83382695164,
      "max": 81.04615669264,
      "times": [
        80.43522757664,
        79.83382695164,
        80.37136538664001,
        80.21754084564,
        80.03061967264,
        80.87445309964001,
        81.04615669264,
        80.58980109164,
        80.05991816264,
        80.56715764364
      ],
      "exit_codes": [
        0,
        0,
        0,
        0,
        0,
        0,
        0,
        0,
        0,
        0
      ]
    }
  ]
}
