{
  "results": [
    {
      "command": "cargo build --jobs 8 --release --example breakout",
      "mean": 121.90379189934,
      "stddev": 0.3386305825516236,
      "median": 121.86692389474,
      "user": 935.3003907599999,
      "system": 24.335239100000003,
      "min": 121.48730488924,
      "max": 122.67600856724,
      "times": [
        121.66551345324,
        122.67600856724,
        121.67800210224,
        121.62352082523999,
        121.84215966724,
        122.03921535024,
        121.89168812224,
        122.05669618324,
        122.07780983324,
        121.48730488924
      ],
      "exit_codes": [
        0,
        0,
        0,
        0,
        0,
        0,
        0,
        0,
        0,
        0
      ]
    }
  ]
}
