{
  "results": [
    {
      "command": "cargo build --jobs 16 --release --example breakout",
      "mean": 93.08012329338001,
      "stddev": 1.7934075017487625,
      "median": 92.68882404748,
      "user": 1281.5399432599997,
      "system": 31.05643442,
      "min": 90.84179169998,
      "max": 97.16302881798,
      "times": [
        97.16302881798,
        94.10005857398001,
        92.79399352498,
        94.31916061498,
        90.84179169998,
        92.58365456998,
        91.32209039098001,
        92.10909977698,
        92.50670562698001,
        93.06164933698
      ],
      "exit_codes": [
        0,
        0,
        0,
        0,
        0,
        0,
        0,
        0,
        0,
        0
      ]
    }
  ]
}
