{
  "results": [
    {
      "command": "cargo build --jobs 8 --release --example breakout",
      "mean": 134.19908861664004,
      "stddev": 0.15168868747566464,
      "median": 134.18131227114003,
      "user": 1026.35596692,
      "system": 24.85543504,
      "min": 133.96833312114,
      "max": 134.41738841414002,
      "times": [
        134.05230149914001,
        134.15433176314002,
        134.06330080814,
        134.20829277914,
        134.13464999614,
        134.30490415014,
        133.96833312114,
        134.40259897814002,
        134.41738841414002,
        134.28478465714002
      ],
      "exit_codes": [
        0,
        0,
        0,
        0,
        0,
        0,
        0,
        0,
        0,
        0
      ]
    }
  ]
}
