{
  "results": [
    {
      "command": "cargo build --jobs 16 --release --example breakout",
      "mean": 80.67838987038,
      "stddev": 0.6041635912153126,
      "median": 80.57998013448,
      "user": 1210.49279184,
      "system": 30.984358959999998,
      "min": 80.12258552748001,
      "max": 82.11992684748,
      "times": [
        82.11992684748,
        81.15927802548,
        80.53262019848,
        80.19922367848001,
        80.17920745948001,
        80.76318586648,
        80.12258552748001,
        80.62734007048,
        80.78412698048001,
        80.29640404948
      ],
      "exit_codes": [
        0,
        0,
        0,
        0,
        0,
        0,
        0,
        0,
        0,
        0
      ]
    }
  ]
}
