{
  "results": [
    {
      "command": "cargo build --jobs 8 --release --example breakout",
      "mean": 125.1090081398,
      "stddev": 0.31187200778979424,
      "median": 125.1164585402,
      "user": 958.4205338599999,
      "system": 25.074449519999998,
      "min": 124.7282023262,
      "max": 125.5327379582,
      "times": [
        125.3667756692,
        124.9386715012,
        124.8368467322,
        125.3957700192,
        124.7282023262,
        124.7598517242,
        125.5327379582,
        125.2942455792,
        125.3855587732,
        124.8514211152
      ],
      "exit_codes": [
        0,
        0,
        0,
        0,
        0,
        0,
        0,
        0,
        0,
        0
      ]
    }
  ]
}
