{
  "results": [
    {
      "command": "cargo build --jobs 8 --release --example breakout",
      "mean": 142.97390830397995,
      "stddev": 0.152510629862802,
      "median": 142.95214794338,
      "user": 1098.14538632,
      "system": 27.25779238,
      "min": 142.73465896138,
      "max": 143.29910491938,
      "times": [
        142.97921355238,
        142.95842653538,
        142.87434695738,
        142.73465896138,
        143.29910491938,
        142.94586935138,
        142.91560610938,
        143.14528503338,
        142.96240732138,
        142.92416429838
      ],
      "exit_codes": [
        0,
        0,
        0,
        0,
        0,
        0,
        0,
        0,
        0,
        0
      ]
    }
  ]
}
