{
  "results": [
    {
      "command": "cargo build --jobs 16 --release --example breakout",
      "mean": 96.91561545724,
      "stddev": 0.7654339286236983,
      "median": 96.90315809824,
      "user": 1375.5846502,
      "system": 33.91020974,
      "min": 95.97209593424,
      "max": 97.99050569324,
      "times": [
        95.97209593424,
        97.61127124324,
        97.99050569324,
        97.50711434124,
        96.12747196524,
        97.66945078124,
        96.63157615924,
        96.49331854624,
        95.97860987124,
        97.17474003724
      ],
      "exit_codes": [
        0,
        0,
        0,
        0,
        0,
        0,
        0,
        0,
        0,
        0
      ]
    }
  ]
}
