{
  "results": [
    {
      "command": "cargo build --jobs 8 --release --example breakout",
      "mean": 142.84439536314,
      "stddev": 0.2474461828805004,
      "median": 142.72105399404,
      "user": 1094.8749701400002,
      "system": 27.3241328,
      "min": 142.55611825553999,
      "max": 143.32171180353998,
      "times": [
        142.71749023654,
        142.64222694353998,
        142.65284630354,
        142.55611825553999,
        143.02631883854,
        142.71099092254,
        143.32171180353998,
        142.72461775154,
        143.03935592454,
        143.05227665153998
      ],
      "exit_codes": [
        0,
        0,
        0,
        0,
        0,
        0,
        0,
        0,
        0,
        0
      ]
    }
  ]
}
