{
  "results": [
    {
      "command": "cargo build --jobs 16 --release --example breakout",
      "mean": 97.04029394604,
      "stddev": 0.843355088392074,
      "median": 97.41720438524,
      "user": 1371.07349926,
      "system": 33.784715840000004,
      "min": 95.47915877924,
      "max": 98.19542705923999,
      "times": [
        98.19542705923999,
        96.15333784523999,
        97.42173279024,
        97.60045532324,
        95.47915877924,
        97.48859312623999,
        97.07323784024,
        97.41267598024,
        97.46625904023999,
        96.11206167623999
      ],
      "exit_codes": [
        0,
        0,
        0,
        0,
        0,
        0,
        0,
        0,
        0,
        0
      ]
    }
  ]
}
