{
  "results": [
    {
      "command": "cargo build --jobs 8 --release --example breakout",
      "mean": 122.28863932652,
      "stddev": 0.23122448015492006,
      "median": 122.34266172902,
      "user": 923.2454975,
      "system": 24.78427172,
      "min": 121.72766774352,
      "max": 122.54048983451999,
      "times": [
        122.27522500351999,
        122.39281645151999,
        122.44837567452,
        122.08720688252,
        122.32546847351999,
        122.30155691051999,
        122.42773130652,
        121.72766774352,
        122.54048983451999,
        122.35985498452
      ],
      "exit_codes": [
        0,
        0,
        0,
        0,
        0,
        0,
        0,
        0,
        0,
        0
      ]
    }
  ]
}
