{
  "results": [
    {
      "command": "cargo build --jobs 8 --release --example breakout",
      "mean": 119.91135856046,
      "stddev": 0.12389331503439573,
      "median": 119.89283052786,
      "user": 907.39898992,
      "system": 24.680509379999997,
      "min": 119.74888544186,
      "max": 120.11839125086,
      "times": [
        120.06047951286,
        119.79388162586001,
        119.79369402286001,
        119.97822073686001,
        119.84405098786,
        119.74888544186,
        120.11839125086,
        119.99032096986001,
        119.85358385686,
        119.93207719886
      ],
      "exit_codes": [
        0,
        0,
        0,
        0,
        0,
        0,
        0,
        0,
        0,
        0
      ]
    }
  ]
}
