{
  "results": [
    {
      "command": "cargo build --jobs 8 --release --example breakout",
      "mean": 122.4781419953,
      "stddev": 0.10897747361291504,
      "median": 122.4598261014,
      "user": 923.76856606,
      "system": 24.801583939999997,
      "min": 122.2961752429,
      "max": 122.6521160179,
      "times": [
        122.2961752429,
        122.3751179589,
        122.6521160179,
        122.6138916449,
        122.5442881009,
        122.5339947219,
        122.4273182679,
        122.4497878909,
        122.4188657949,
        122.4698643119
      ],
      "exit_codes": [
        0,
        0,
        0,
        0,
        0,
        0,
        0,
        0,
        0,
        0
      ]
    }
  ]
}
