{
  "results": [
    {
      "command": "cargo build --jobs 16 --release --example breakout",
      "mean": 80.69419137002,
      "stddev": 0.15320281528052604,
      "median": 80.69887781102,
      "user": 1163.06906668,
      "system": 30.147588179999996,
      "min": 80.42543261602,
      "max": 80.89267513702,
      "times": [
        80.86636800102,
        80.63201686002,
        80.89267513702,
        80.58771556502,
        80.42543261602,
        80.76934001802,
        80.54072657002,
        80.63925273902001,
        80.75850288302,
        80.82988331102
      ],
      "exit_codes": [
        0,
        0,
        0,
        0,
        0,
        0,
        0,
        0,
        0,
        0
      ]
    }
  ]
}
