{
  "results": [
    {
      "command": "cargo build --jobs 16 --release --example breakout",
      "mean": 77.51636617122001,
      "stddev": 0.167422805211573,
      "median": 77.45681504461999,
      "user": 1145.12354438,
      "system": 30.200229259999997,
      "min": 77.38296874711999,
      "max": 77.94037886912,
      "times": [
        77.94037886912,
        77.46125577612,
        77.38296874711999,
        77.63276514212,
        77.45237431311999,
        77.47452775712,
        77.40712903112,
        77.44650089711999,
        77.40162741712,
        77.56413376212
      ],
      "exit_codes": [
        0,
        0,
        0,
        0,
        0,
        0,
        0,
        0,
        0,
        0
      ]
    }
  ]
}
