{
  "results": [
    {
      "command": "cargo build --jobs 8 --release --example breakout",
      "mean": 124.97641331834,
      "stddev": 0.3714430634597437,
      "median": 125.08671851874,
      "user": 957.38175452,
      "system": 24.940498559999998,
      "min": 124.22838704974001,
      "max": 125.33727660874,
      "times": [
        125.30894548974,
        125.33727660874,
        124.65355600274,
        125.21663847774,
        124.86485683274,
        124.66348194274,
        125.31755374174,
        124.96764048774,
        124.22838704974001,
        125.20579654974
      ],
      "exit_codes": [
        0,
        0,
        0,
        0,
        0,
        0,
        0,
        0,
        0,
        0
      ]
    }
  ]
}
