{
  "results": [
    {
      "command": "cargo build --jobs 16 --release --example breakout",
      "mean": 78.35317286012,
      "stddev": 0.38637672319594635,
      "median": 78.33870684301999,
      "user": 1179.0509551599998,
      "system": 30.018590260000003,
      "min": 77.80348896151999,
      "max": 79.17802328552,
      "times": [
        78.19464993452,
        78.57038776751999,
        78.43893985452,
        78.59791752752,
        79.17802328552,
        77.80348896151999,
        78.05106345152,
        78.01984413251999,
        78.24204323251999,
        78.43537045352
      ],
      "exit_codes": [
        0,
        0,
        0,
        0,
        0,
        0,
        0,
        0,
        0,
        0
      ]
    }
  ]
}
