{
  "results": [
    {
      "command": "cargo build --jobs 8 --release --example breakout",
      "mean": 121.18459555429999,
      "stddev": 0.30923556896753257,
      "median": 121.17994556880001,
      "user": 932.41861768,
      "system": 24.383145000000003,
      "min": 120.8482197063,
      "max": 121.6616031953,
      "times": [
        120.8642309573,
        121.6616031953,
        120.8482197063,
        121.2815743323,
        121.6368280943,
        120.8762892663,
        121.3237525553,
        121.0783168053,
        120.9461718463,
        121.3289687843
      ],
      "exit_codes": [
        0,
        0,
        0,
        0,
        0,
        0,
        0,
        0,
        0,
        0
      ]
    }
  ]
}
