{
  "results": [
    {
      "command": "cargo build --jobs 8 --release --example breakout",
      "mean": 112.12545715946001,
      "stddev": 0.21097919900125273,
      "median": 112.09757984396,
      "user": 848.18590694,
      "system": 22.671947199999998,
      "min": 111.86127347396,
      "max": 112.56426409196,
      "times": [
        111.86127347396,
        112.09088942496,
        112.31874478095999,
        111.93966364895999,
        112.15028459995999,
        112.56426409196,
        112.10427026296,
        112.26493962196,
        112.01494370996,
        111.94529797896
      ],
      "exit_codes": [
        0,
        0,
        0,
        0,
        0,
        0,
        0,
        0,
        0,
        0
      ]
    }
  ]
}
