{
  "results": [
    {
      "command": "cargo build --jobs 16 --release --example breakout",
      "mean": 72.6579112202,
      "stddev": 0.45032222966872537,
      "median": 72.65581930489999,
      "user": 1066.86404868,
      "system": 28.16607216,
      "min": 71.9107100504,
      "max": 73.29421912939999,
      "times": [
        73.2652273144,
        73.00342743739999,
        72.3315834714,
        72.71011191939999,
        73.29421912939999,
        72.55267204539999,
        71.9107100504,
        72.16521762539999,
        72.6015266904,
        72.74441651839999
      ],
      "exit_codes": [
        0,
        0,
        0,
        0,
        0,
        0,
        0,
        0,
        0,
        0
      ]
    }
  ]
}
