{
  "results": [
    {
      "command": "cargo build --jobs 16 --release --example breakout",
      "mean": 96.37799399948,
      "stddev": 1.0059017948362081,
      "median": 96.41316055438,
      "user": 1339.12061978,
      "system": 33.00154439999999,
      "min": 94.56730306388,
      "max": 97.99464102188,
      "times": [
        95.18445193688001,
        97.99464102188,
        96.01794353588001,
        96.59762676688,
        96.81989563088,
        96.09021931788,
        96.86429675988,
        97.41486761888001,
        96.22869434188,
        94.56730306388
      ],
      "exit_codes": [
        0,
        0,
        0,
        0,
        0,
        0,
        0,
        0,
        0,
        0
      ]
    }
  ]
}
