{
  "results": [
    {
      "command": "cargo build --jobs 8 --release --example breakout",
      "mean": 140.08129517376,
      "stddev": 3.0176215591620115,
      "median": 139.15642716936003,
      "user": 1068.51712744,
      "system": 26.44200546,
      "min": 138.88235735086002,
      "max": 148.64777397486,
      "times": [
        138.90142036786,
        139.38693164786,
        138.88235735086002,
        139.27467641686002,
        139.41701458786,
        139.03817792186,
        138.94480132086002,
        139.37031142386002,
        138.94948672486,
        148.64777397486
      ],
      "exit_codes": [
        0,
        0,
        0,
        0,
        0,
        0,
        0,
        0,
        0,
        0
      ]
    }
  ]
}
