{
  "results": [
    {
      "command": "cargo build --jobs 16 --release --example breakout",
      "mean": 77.60219667698001,
      "stddev": 0.15899174818028744,
      "median": 77.56759183887999,
      "user": 1147.26612876,
      "system": 29.695328020000005,
      "min": 77.39459823738,
      "max": 77.88974069838,
      "times": [
        77.56846639438,
        77.41719544938,
        77.88974069838,
        77.55568077138,
        77.39459823738,
        77.56671728338,
        77.82075829138,
        77.69148613438,
        77.59994516038,
        77.51737834938
      ],
      "exit_codes": [
        0,
        0,
        0,
        0,
        0,
        0,
        0,
        0,
        0,
        0
      ]
    }
  ]
}
