{
  "results": [
    {
      "command": "cargo build --jobs 8 --release --example breakout",
      "mean": 120.45871724999999,
      "stddev": 0.0692342030048727,
      "median": 120.4618881867,
      "user": 911.1716844199998,
      "system": 24.28185354,
      "min": 120.3583664002,
      "max": 120.5574253562,
      "times": [
        120.3789221462,
        120.3803518232,
        120.4570171722,
        120.5574253562,
        120.46675920119999,
        120.5006589412,
        120.3583664002,
        120.4436410692,
        120.5026351522,
        120.5413952382
      ],
      "exit_codes": [
        0,
        0,
        0,
        0,
        0,
        0,
        0,
        0,
        0,
        0
      ]
    }
  ]
}
