{
  "results": [
    {
      "command": "cargo build --jobs 8 --release --example breakout",
      "mean": 138.19480865812,
      "stddev": 0.16374726097795217,
      "median": 138.19286522282,
      "user": 1063.73671792,
      "system": 25.783108639999995,
      "min": 137.96972076082,
      "max": 138.42747275682,
      "times": [
        137.97723490382,
        138.23942565882,
        138.14606714982,
        137.96972076082,
        138.42297156282,
        138.06604728382,
        138.22529609582,
        138.16043434982,
        138.42747275682,
        138.31341605882
      ],
      "exit_codes": [
        0,
        0,
        0,
        0,
        0,
        0,
        0,
        0,
        0,
        0
      ]
    }
  ]
}
