{
  "results": [
    {
      "command": "cargo build --jobs 16 --release --example breakout",
      "mean": 70.75095738428001,
      "stddev": 0.937145258426401,
      "median": 70.77391307808,
      "user": 1002.9479805199999,
      "system": 27.50054682,
      "min": 69.16810725408,
      "max": 72.17627694608,
      "times": [
        69.74205073008,
        72.10001504508,
        71.06341177308,
        69.16810725408,
        70.70825081708,
        70.67939489908,
        72.17627694608,
        70.12460392608,
        70.83957533908,
        70.90788711308
      ],
      "exit_codes": [
        0,
        0,
        0,
        0,
        0,
        0,
        0,
        0,
        0,
        0
      ]
    }
  ]
}
