{
  "results": [
    {
      "command": "cargo build --jobs 8 --release --example breakout",
      "mean": 105.90184330721999,
      "stddev": 0.29908884437842426,
      "median": 105.83900174052,
      "user": 800.1027862999998,
      "system": 21.879699699999996,
      "min": 105.57722808302,
      "max": 106.43297646402,
      "times": [
        106.39793229602,
        105.84701405402001,
        105.96174766902,
        106.43297646402,
        105.57722808302,
        105.63101017402,
        105.71676025502,
        105.94540137102,
        105.83098942702,
        105.67737327902
      ],
      "exit_codes": [
        0,
        0,
        0,
        0,
        0,
        0,
        0,
        0,
        0,
        0
      ]
    }
  ]
}
