{
  "results": [
    {
      "command": "cargo build --jobs 8 --release --example breakout",
      "mean": 113.39300107046002,
      "stddev": 0.18355393196344474,
      "median": 113.41675200546001,
      "user": 855.36427114,
      "system": 22.731926,
      "min": 113.01659275396,
      "max": 113.63143712896,
      "times": [
        113.01659275396,
        113.53415793396,
        113.24340858396,
        113.28101880296,
        113.57232318796001,
        113.63143712896,
        113.41393849096,
        113.41956551996,
        113.49837086796,
        113.31919743396
      ],
      "exit_codes": [
        0,
        0,
        0,
        0,
        0,
        0,
        0,
        0,
        0,
        0
      ]
    }
  ]
}
