{
  "results": [
    {
      "command": "cargo build --jobs 16 --release --example breakout",
      "mean": 73.27106999512,
      "stddev": 0.4516372934600806,
      "median": 73.23042724772,
      "user": 1075.4543113,
      "system": 28.2935366,
      "min": 72.56052798521999,
      "max": 73.94202212121999,
      "times": [
        72.56052798521999,
        73.41668672221999,
        73.35243718721999,
        73.83658289722,
        73.10841730822,
        73.68363536621999,
        72.92626111722,
        72.96510255822,
        72.91902668822,
        73.94202212121999
      ],
      "exit_codes": [
        0,
        0,
        0,
        0,
        0,
        0,
        0,
        0,
        0,
        0
      ]
    }
  ]
}
