{
  "results": [
    {
      "command": "cargo build --jobs 16 --release --example breakout",
      "mean": 97.32408535424,
      "stddev": 0.4020174008095979,
      "median": 97.36373403234,
      "user": 1371.2725109,
      "system": 33.74153124,
      "min": 96.60031594884,
      "max": 97.98599651384,
      "times": [
        97.44514251084,
        97.65962180384001,
        97.30514200084001,
        97.98599651384,
        97.30368716584,
        96.60031594884,
        97.42232606384,
        97.60530417684001,
        97.01069066884,
        96.90262668884
      ],
      "exit_codes": [
        0,
        0,
        0,
        0,
        0,
        0,
        0,
        0,
        0,
        0
      ]
    }
  ]
}
