{
  "results": [
    {
      "command": "cargo build --jobs 8 --release --example breakout",
      "mean": 142.89016017327998,
      "stddev": 0.1484047844581767,
      "median": 142.93192353928,
      "user": 1095.38303602,
      "system": 27.150058819999998,
      "min": 142.63182368378,
      "max": 143.06507321078,
      "times": [
        142.93245638278,
        142.84066033978002,
        142.95399443178,
        142.63182368378,
        142.67217823878,
        143.05049225578,
        142.93139069578,
        142.82035128278,
        143.06507321078,
        143.00318121078
      ],
      "exit_codes": [
        0,
        0,
        0,
        0,
        0,
        0,
        0,
        0,
        0,
        0
      ]
    }
  ]
}
