{
  "results": [
    {
      "command": "cargo build --jobs 8 --release --example breakout",
      "mean": 105.29034019461999,
      "stddev": 0.30226791370992473,
      "median": 105.30200050692,
      "user": 793.1608487,
      "system": 21.770473799999998,
      "min": 104.86538474442,
      "max": 105.87826608741999,
      "times": [
        105.06109293441999,
        105.87826608741999,
        105.44983853741999,
        105.36205588742,
        105.55223732542,
        105.24194512641999,
        105.37444449441999,
        105.17724805942,
        104.94088874942,
        104.86538474442
      ],
      "exit_codes": [
        0,
        0,
        0,
        0,
        0,
        0,
        0,
        0,
        0,
        0
      ]
    }
  ]
}
