{
  "results": [
    {
      "command": "cargo build --jobs 16 --release --example breakout",
      "mean": 76.12235414098001,
      "stddev": 0.2872680339490249,
      "median": 76.04813364458,
      "user": 1142.39816254,
      "system": 29.35180244,
      "min": 75.73298018758,
      "max": 76.51060569458001,
      "times": [
        75.81460569458,
        76.51060569458001,
        75.95366379458,
        76.18956527158001,
        76.00619503558,
        76.50538780458,
        75.73298018758,
        76.47097879958,
        76.09007225358,
        75.94948687358
      ],
      "exit_codes": [
        0,
        0,
        0,
        0,
        0,
        0,
        0,
        0,
        0,
        0
      ]
    }
  ]
}
