{
  "results": [
    {
      "command": "cargo build --jobs 8 --release --example breakout",
      "mean": 117.4019643873,
      "stddev": 0.4594497789607146,
      "median": 117.289030055,
      "user": 904.0332971599998,
      "system": 23.760124120000004,
      "min": 116.97514211650001,
      "max": 118.5318374095,
      "times": [
        116.97514211650001,
        117.4426859305,
        117.4311632405,
        117.3053970605,
        117.0668414915,
        118.5318374095,
        117.7673571585,
        117.2726630495,
        117.1120447385,
        117.1145116775
      ],
      "exit_codes": [
        0,
        0,
        0,
        0,
        0,
        0,
        0,
        0,
        0,
        0
      ]
    }
  ]
}
