{
  "results": [
    {
      "command": "cargo build --jobs 8 --release --example breakout",
      "mean": 120.54724045678002,
      "stddev": 0.15199928815554956,
      "median": 120.54205198728,
      "user": 912.14456832,
      "system": 24.18887302,
      "min": 120.28033962828,
      "max": 120.85589453228,
      "times": [
        120.50114226328,
        120.85589453228,
        120.55920621528,
        120.55928322228,
        120.56944839428,
        120.69717710328,
        120.48684650528,
        120.52489775928001,
        120.43816894428001,
        120.28033962828
      ],
      "exit_codes": [
        0,
        0,
        0,
        0,
        0,
        0,
        0,
        0,
        0,
        0
      ]
    }
  ]
}
