{
  "results": [
    {
      "command": "cargo build --jobs 16 --release --example breakout",
      "mean": 77.55195581688,
      "stddev": 0.10466160240175823,
      "median": 77.53137779398,
      "user": 1148.58524708,
      "system": 29.689733,
      "min": 77.39931156598,
      "max": 77.76623698098,
      "times": [
        77.76623698098,
        77.39931156598,
        77.45701442197999,
        77.50794531797999,
        77.55481026998,
        77.62172732898,
        77.49925194398,
        77.58820536798,
        77.63045215598,
        77.49460281498
      ],
      "exit_codes": [
        0,
        0,
        0,
        0,
        0,
        0,
        0,
        0,
        0,
        0
      ]
    }
  ]
}
