{
  "results": [
    {
      "command": "cargo build --jobs 8 --release --example breakout",
      "mean": 120.47944675344002,
      "stddev": 0.24919377489794867,
      "median": 120.34222617454,
      "user": 924.1248919,
      "system": 24.17653028,
      "min": 120.24309568653999,
      "max": 120.93910713954,
      "times": [
        120.93910713954,
        120.34042449754,
        120.30982277353999,
        120.28633974853999,
        120.34402785153999,
        120.29771111854,
        120.58166185254,
        120.61934207054,
        120.24309568653999,
        120.83293479554
      ],
      "exit_codes": [
        0,
        0,
        0,
        0,
        0,
        0,
        0,
        0,
        0,
        0
      ]
    }
  ]
}
