{
  "results": [
    {
      "command": "cargo build --jobs 16 --release --example breakout",
      "mean": 78.58964612599999,
      "stddev": 3.718546788558458,
      "median": 77.5043809441,
      "user": 1168.06120076,
      "system": 29.827989859999995,
      "min": 76.8632931781,
      "max": 89.1538438991,
      "times": [
        77.5751089581,
        77.2465046931,
        77.5012613641,
        89.1538438991,
        76.8632931781,
        77.4219202441,
        77.41993999409999,
        77.5931126641,
        77.5075005241,
        77.61397574109999
      ],
      "exit_codes": [
        0,
        0,
        0,
        0,
        0,
        0,
        0,
        0,
        0,
        0
      ]
    }
  ]
}
