{
  "results": [
    {
      "command": "cargo build --jobs 16 --release --example breakout",
      "mean": 75.95719449252,
      "stddev": 1.793655886583961,
      "median": 75.59979585932,
      "user": 1136.4133758,
      "system": 30.404641539999993,
      "min": 75.00879608932,
      "max": 81.00387639032,
      "times": [
        75.63971774832,
        75.56679702132,
        75.09434492732,
        75.68146893832,
        75.07672276032,
        81.00387639032,
        75.63279469732,
        75.00879608932,
        75.63876018232,
        75.22866617032
      ],
      "exit_codes": [
        0,
        0,
        0,
        0,
        0,
        0,
        0,
        0,
        0,
        0
      ]
    }
  ]
}
