{
  "results": [
    {
      "command": "cargo build --jobs 8 --release --example breakout",
      "mean": 117.02446270422001,
      "stddev": 0.1681824740609788,
      "median": 117.03101148562,
      "user": 902.7108667800001,
      "system": 24.88593798,
      "min": 116.75841675762,
      "max": 117.25938191361999,
      "times": [
        116.75841675762,
        117.02415477462,
        117.03786819662,
        116.89821933562,
        117.24083150861999,
        116.94397358962,
        117.17615822762,
        117.06663165261999,
        116.83899108562,
        117.25938191361999
      ],
      "exit_codes": [
        0,
        0,
        0,
        0,
        0,
        0,
        0,
        0,
        0,
        0
      ]
    }
  ]
}
