{
  "results": [
    {
      "command": "cargo build --jobs 8 --release --example breakout",
      "mean": 121.53291687190001,
      "stddev": 0.2002170545644239,
      "median": 121.6007379781,
      "user": 917.2455033600002,
      "system": 24.683961680000003,
      "min": 121.0833198366,
      "max": 121.7808922486,
      "times": [
        121.6423819506,
        121.69094074659999,
        121.47193355259999,
        121.36571804959999,
        121.0833198366,
        121.4488939036,
        121.6436124746,
        121.7808922486,
        121.6031042466,
        121.5983717096
      ],
      "exit_codes": [
        0,
        0,
        0,
        0,
        0,
        0,
        0,
        0,
        0,
        0
      ]
    }
  ]
}
