{
  "results": [
    {
      "command": "cargo build --jobs 16 --release --example breakout",
      "mean": 80.13853832826,
      "stddev": 0.20337905442994755,
      "median": 80.10390069825999,
      "user": 1153.4079004,
      "system": 30.07624254,
      "min": 79.87950411276,
      "max": 80.45811873176,
      "times": [
        80.35253490676,
        79.92517888676,
        80.10450514076,
        79.90324095376,
        79.87950411276,
        80.45811873176,
        80.30514450776,
        80.06911140576,
        80.10329625576,
        80.28474838075999
      ],
      "exit_codes": [
        0,
        0,
        0,
        0,
        0,
        0,
        0,
        0,
        0,
        0
      ]
    }
  ]
}
