{
  "results": [
    {
      "command": "cargo build --jobs 16 --release --example breakout",
      "mean": 80.21959482045999,
      "stddev": 0.12056583516441217,
      "median": 80.21266008206,
      "user": 1200.4221915399999,
      "system": 30.7248108,
      "min": 80.03947716456,
      "max": 80.42231116356,
      "times": [
        80.38015923456,
        80.16980563055999,
        80.06337511756,
        80.18226454456,
        80.26515679356,
        80.42231116356,
        80.24807839156,
        80.03947716456,
        80.20153866656,
        80.22378149756
      ],
      "exit_codes": [
        0,
        0,
        0,
        0,
        0,
        0,
        0,
        0,
        0,
        0
      ]
    }
  ]
}
