{
  "results": [
    {
      "command": "cargo build --jobs 8 --release --example breakout",
      "mean": 117.39800515496002,
      "stddev": 0.3384837756260464,
      "median": 117.41726656756,
      "user": 903.5130575199998,
      "system": 23.68062288,
      "min": 116.73683380956,
      "max": 117.82248690456,
      "times": [
        117.54709645356,
        116.73683380956,
        117.26261370156,
        117.08286159756,
        117.25297971655999,
        117.82248690456,
        117.58488815855999,
        117.28743668156,
        117.59745227255999,
        117.80540225356
      ],
      "exit_codes": [
        0,
        0,
        0,
        0,
        0,
        0,
        0,
        0,
        0,
        0
      ]
    }
  ]
}
