{
  "results": [
    {
      "command": "cargo build --jobs 16 --release --example breakout",
      "mean": 70.10658191022,
      "stddev": 0.6720604506708746,
      "median": 70.38734647512,
      "user": 997.4494262799999,
      "system": 27.2850125,
      "min": 68.85935575812,
      "max": 70.79471011412,
      "times": [
        69.35409310712,
        70.29519457212,
        70.61394096012,
        70.47949837812,
        70.69249461612,
        70.79471011412,
        69.85070146412,
        69.50389019012,
        70.62193994212,
        68.85935575812
      ],
      "exit_codes": [
        0,
        0,
        0,
        0,
        0,
        0,
        0,
        0,
        0,
        0
      ]
    }
  ]
}
