{
  "results": [
    {
      "command": "cargo build --jobs 16 --release --example breakout",
      "mean": 89.66730801692,
      "stddev": 0.4582500027787674,
      "median": 89.60987757132,
      "user": 1250.20318272,
      "system": 30.558957699999997,
      "min": 88.89047823582,
      "max": 90.29679169182,
      "times": [
        89.53969933282,
        90.19576100782,
        89.31523393782,
        89.82424617282,
        90.29679169182,
        89.68005580982,
        89.30407480082,
        88.89047823582,
        90.18169163382,
        89.44504754582
      ],
      "exit_codes": [
        0,
        0,
        0,
        0,
        0,
        0,
        0,
        0,
        0,
        0
      ]
    }
  ]
}
