{
  "results": [
    {
      "command": "cargo build --jobs 8 --release --example breakout",
      "mean": 130.2494329011,
      "stddev": 0.26545814002497553,
      "median": 130.16308567429996,
      "user": 998.7827735200001,
      "system": 24.67081022,
      "min": 129.90860948329998,
      "max": 130.68110666229998,
      "times": [
        130.68110666229998,
        129.9848710893,
        130.14647825129998,
        130.59041570129997,
        129.90860948329998,
        130.0620510853,
        130.2624950913,
        130.14112813729997,
        130.5374804123,
        130.17969309729997
      ],
      "exit_codes": [
        0,
        0,
        0,
        0,
        0,
        0,
        0,
        0,
        0,
        0
      ]
    }
  ]
}
