{
  "results": [
    {
      "command": "cargo build --jobs 16 --release --example breakout",
      "mean": 93.9270007622,
      "stddev": 5.980530091346128,
      "median": 91.85743768239999,
      "user": 1281.69889216,
      "system": 31.245147160000005,
      "min": 90.7030051189,
      "max": 110.7355438449,
      "times": [
        110.7355438449,
        91.28068756889999,
        91.90949281889999,
        91.80538254589999,
        91.6116871779,
        93.1989740639,
        91.3354179389,
        93.59001302989999,
        93.0998035139,
        90.7030051189
      ],
      "exit_codes": [
        0,
        0,
        0,
        0,
        0,
        0,
        0,
        0,
        0,
        0
      ]
    }
  ]
}
