{
  "results": [
    {
      "command": "cargo build --jobs 8 --release --example breakout",
      "mean": 133.96664762799998,
      "stddev": 0.18415912688800384,
      "median": 133.95913789859998,
      "user": 1024.20457216,
      "system": 24.971810500000004,
      "min": 133.6165540301,
      "max": 134.2265235171,
      "times": [
        133.6165540301,
        133.7479015381,
        134.2265235171,
        133.9052001911,
        133.9485600301,
        133.9503685911,
        134.10885988509997,
        134.0319320411,
        133.9679072061,
        134.16266925009998
      ],
      "exit_codes": [
        0,
        0,
        0,
        0,
        0,
        0,
        0,
        0,
        0,
        0
      ]
    }
  ]
}
