{
  "results": [
    {
      "command": "cargo build --jobs 8 --release --example breakout",
      "mean": 113.13976505122,
      "stddev": 0.23139599310471437,
      "median": 113.20891735682,
      "user": 854.50220134,
      "system": 22.741673639999995,
      "min": 112.83142396832,
      "max": 113.45949629031999,
      "times": [
        113.45949629031999,
        112.83142396832,
        112.96248691032,
        112.93091355732,
        113.26324291431999,
        113.16833966531999,
        113.24949504832,
        113.38478739832,
        113.31110090632,
        112.83636385332
      ],
      "exit_codes": [
        0,
        0,
        0,
        0,
        0,
        0,
        0,
        0,
        0,
        0
      ]
    }
  ]
}
