{
  "results": [
    {
      "command": "cargo build --jobs 16 --release --example breakout",
      "mean": 73.05893356362,
      "stddev": 0.3978726767799831,
      "median": 72.99785999802,
      "user": 1074.13524152,
      "system": 28.321295099999997,
      "min": 72.57411765402,
      "max": 73.54931809002001,
      "times": [
        73.47881796402001,
        73.54931809002001,
        73.51940965502001,
        72.81125515102,
        73.15282919402,
        72.65165446402001,
        72.63558617102001,
        72.57411765402,
        73.37345649102001,
        72.84289080202001
      ],
      "exit_codes": [
        0,
        0,
        0,
        0,
        0,
        0,
        0,
        0,
        0,
        0
      ]
    }
  ]
}
