{
  "results": [
    {
      "command": "cargo build --jobs 8 --release --example breakout",
      "mean": 117.54610810683998,
      "stddev": 0.3828143351139541,
      "median": 117.46191754924001,
      "user": 904.6574623399999,
      "system": 23.79969508,
      "min": 117.18726163424,
      "max": 118.47408412024001,
      "times": [
        117.34160547624,
        117.18726163424,
        117.50221960324001,
        117.66044840924,
        117.22346112024,
        117.56410810624001,
        117.26723212924,
        117.42161549524,
        118.47408412024001,
        117.81904497424
      ],
      "exit_codes": [
        0,
        0,
        0,
        0,
        0,
        0,
        0,
        0,
        0,
        0
      ]
    }
  ]
}
