{
  "results": [
    {
      "command": "cargo build --jobs 16 --release --example breakout",
      "mean": 75.87445078456,
      "stddev": 0.3144278790751872,
      "median": 75.94387254745999,
      "user": 1144.2884520799998,
      "system": 29.309811179999997,
      "min": 75.44556861096,
      "max": 76.41622124295999,
      "times": [
        75.92548196695999,
        76.07578682796,
        75.96226312796,
        75.52224752096,
        76.41622124295999,
        76.12182747696,
        76.01747058096,
        75.44556861096,
        75.49632170296,
        75.76131878696
      ],
      "exit_codes": [
        0,
        0,
        0,
        0,
        0,
        0,
        0,
        0,
        0,
        0
      ]
    }
  ]
}
