{
  "results": [
    {
      "command": "cargo build --jobs 16 --release --example breakout",
      "mean": 75.287979467,
      "stddev": 0.14444700283957537,
      "median": 75.253919588,
      "user": 1139.02192344,
      "system": 30.50043824,
      "min": 75.0582453545,
      "max": 75.49793498950001,
      "times": [
        75.1375127095,
        75.4240397165,
        75.2004740885,
        75.4605613575,
        75.2273061465,
        75.2653418715,
        75.3658811315,
        75.49793498950001,
        75.0582453545,
        75.2424973045
      ],
      "exit_codes": [
        0,
        0,
        0,
        0,
        0,
        0,
        0,
        0,
        0,
        0
      ]
    }
  ]
}
