{
  "results": [
    {
      "command": "cargo build --jobs 16 --release --example breakout",
      "mean": 75.88996388554,
      "stddev": 0.2667705883897758,
      "median": 75.92729676974,
      "user": 1141.41481358,
      "system": 29.300292319999993,
      "min": 75.32166435924,
      "max": 76.27184855624,
      "times": [
        75.32166435924,
        75.94142879824,
        75.64128647324,
        75.91316474124,
        76.01083406324,
        75.96131169324,
        75.90429258624,
        75.77334969624,
        76.16045788824,
        76.27184855624
      ],
      "exit_codes": [
        0,
        0,
        0,
        0,
        0,
        0,
        0,
        0,
        0,
        0
      ]
    }
  ]
}
