{
  "results": [
    {
      "command": "cargo build --jobs 16 --release --example breakout",
      "mean": 75.8394564142,
      "stddev": 0.2392750830283847,
      "median": 75.8553342839,
      "user": 1146.4765323400002,
      "system": 29.28106466,
      "min": 75.3898723044,
      "max": 76.23512183940001,
      "times": [
        75.8165362894,
        76.0225107314,
        76.23512183940001,
        75.3898723044,
        75.9872588194,
        75.8843941674,
        75.80909625640001,
        75.53149514040001,
        75.8920041934,
        75.82627440040001
      ],
      "exit_codes": [
        0,
        0,
        0,
        0,
        0,
        0,
        0,
        0,
        0,
        0
      ]
    }
  ]
}
