{
  "results": [
    {
      "command": "cargo build --jobs 8 --release --example breakout",
      "mean": 124.09329943392001,
      "stddev": 0.32379331169335906,
      "median": 124.00473315582,
      "user": 950.88444402,
      "system": 25.080238880000003,
      "min": 123.73243449582,
      "max": 124.75425252282001,
      "times": [
        124.20145827382001,
        123.91010787382001,
        123.86596771982,
        124.75425252282001,
        123.97536399482,
        123.79596532382,
        124.50501556382001,
        124.03410231682001,
        123.73243449582,
        124.15832625382001
      ],
      "exit_codes": [
        0,
        0,
        0,
        0,
        0,
        0,
        0,
        0,
        0,
        0
      ]
    }
  ]
}
