{
  "results": [
    {
      "command": "cargo build --jobs 16 --release --example breakout",
      "mean": 79.99849014766,
      "stddev": 0.31078679906949613,
      "median": 80.05773130905999,
      "user": 1201.2242154599999,
      "system": 30.820388059999992,
      "min": 79.50995631906,
      "max": 80.36560781206,
      "times": [
        79.75422426706,
        79.97802855206,
        79.50995631906,
        79.96514764206,
        80.36560781206,
        80.13743406606,
        80.22581745506,
        80.33880179406,
        80.17638510006,
        79.53349846906
      ],
      "exit_codes": [
        0,
        0,
        0,
        0,
        0,
        0,
        0,
        0,
        0,
        0
      ]
    }
  ]
}
