{
  "results": [
    {
      "command": "cargo build --jobs 16 --release --example breakout",
      "mean": 77.93858977546,
      "stddev": 0.21262043849291065,
      "median": 77.89344773776,
      "user": 1153.8548224,
      "system": 29.900522620000004,
      "min": 77.68175164426,
      "max": 78.32522098226,
      "times": [
        77.88069227526,
        77.92486989626,
        78.32522098226,
        77.90620320026001,
        77.79515548226,
        77.68175164426,
        77.96191459726,
        78.29608480126001,
        77.76651970026,
        77.84748517526
      ],
      "exit_codes": [
        0,
        0,
        0,
        0,
        0,
        0,
        0,
        0,
        0,
        0
      ]
    }
  ]
}
