{
  "results": [
    {
      "command": "cargo build --jobs 8 --release --example breakout",
      "mean": 120.98247579698,
      "stddev": 0.09855896829859104,
      "median": 120.97783488368,
      "user": 911.6775644399999,
      "system": 24.163672499999997,
      "min": 120.81649425018,
      "max": 121.16954862118,
      "times": [
        120.81649425018,
        121.09655601518,
        120.98130558718,
        121.16954862118,
        120.97436418018,
        120.99868922518,
        120.90612648818,
        120.91003656918001,
        121.00057269018001,
        120.97106434318
      ],
      "exit_codes": [
        0,
        0,
        0,
        0,
        0,
        0,
        0,
        0,
        0,
        0
      ]
    }
  ]
}
