{
  "results": [
    {
      "command": "cargo build --jobs 16 --release --example breakout",
      "mean": 92.5727984342,
      "stddev": 0.8551654999233623,
      "median": 92.535040349,
      "user": 1281.9771768399999,
      "system": 31.522511339999994,
      "min": 91.339957886,
      "max": 93.795302913,
      "times": [
        92.584415204,
        93.566883789,
        91.804212751,
        91.440846642,
        92.46336244199999,
        92.485665494,
        92.923050154,
        93.324287067,
        91.339957886,
        93.795302913
      ],
      "exit_codes": [
        0,
        0,
        0,
        0,
        0,
        0,
        0,
        0,
        0,
        0
      ]
    }
  ]
}
