{
  "results": [
    {
      "command": "cargo build --jobs 16 --release --example breakout",
      "mean": 79.60218344850001,
      "stddev": 0.2646008074980891,
      "median": 79.647393605,
      "user": 1200.2707430200003,
      "system": 30.795028579999997,
      "min": 79.2641921715,
      "max": 79.9450914865,
      "times": [
        79.6067656565,
        79.2780611225,
        79.2641921715,
        79.9450914865,
        79.4023235165,
        79.8254641255,
        79.88809645750001,
        79.79756282950001,
        79.68802155350001,
        79.3262555655
      ],
      "exit_codes": [
        0,
        0,
        0,
        0,
        0,
        0,
        0,
        0,
        0,
        0
      ]
    }
  ]
}
