{
  "results": [
    {
      "command": "cargo build --jobs 8 --release --example breakout",
      "mean": 127.67162872162001,
      "stddev": 0.5552740037077146,
      "median": 127.43377764562,
      "user": 977.4624181400001,
      "system": 25.954229499999997,
      "min": 127.10525115162,
      "max": 128.54883999962001,
      "times": [
        127.24583133262,
        128.54883999962001,
        128.30996075862,
        127.77513015862,
        127.16170723462,
        128.41711522662,
        127.49173267562,
        127.37582261562,
        127.10525115162,
        127.28489606261999
      ],
      "exit_codes": [
        0,
        0,
        0,
        0,
        0,
        0,
        0,
        0,
        0,
        0
      ]
    }
  ]
}
