{
  "results": [
    {
      "command": "cargo build --jobs 8 --release --example breakout",
      "mean": 106.22286411946,
      "stddev": 0.31723531712673697,
      "median": 106.25804975346,
      "user": 801.6234113799999,
      "system": 21.72997646,
      "min": 105.74326136146,
      "max": 106.67806754845999,
      "times": [
        106.67806754845999,
        106.25372718046,
        106.61765763945999,
        105.89602728946,
        105.82715589946,
        106.43132790646,
        106.24237796445999,
        106.26237232646,
        105.74326136146,
        106.27666607846
      ],
      "exit_codes": [
        0,
        0,
        0,
        0,
        0,
        0,
        0,
        0,
        0,
        0
      ]
    }
  ]
}
