{
  "results": [
    {
      "command": "cargo build --jobs 8 --release --example breakout",
      "mean": 113.41314568952001,
      "stddev": 0.28313822485583334,
      "median": 113.54191832062,
      "user": 854.58401636,
      "system": 22.76253726,
      "min": 112.86939930412,
      "max": 113.67854474912001,
      "times": [
        113.08284080312,
        113.13209367612001,
        113.42239322012,
        112.86939930412,
        113.53901972812,
        113.56476867712,
        113.64739107612,
        113.54481691312,
        113.67854474912001,
        113.65018874812
      ],
      "exit_codes": [
        0,
        0,
        0,
        0,
        0,
        0,
        0,
        0,
        0,
        0
      ]
    }
  ]
}
