{
  "results": [
    {
      "command": "cargo build --jobs 16 --release --example breakout",
      "mean": 73.24575269146001,
      "stddev": 0.3271373334261025,
      "median": 73.23053418396,
      "user": 1075.13140622,
      "system": 28.239667200000003,
      "min": 72.82997403995999,
      "max": 73.80759855696,
      "times": [
        73.29410829496,
        72.84236921296,
        73.52532498196,
        72.82997403995999,
        73.16696007296,
        73.80759855696,
        73.53766684896,
        73.08246242796,
        73.41582516096,
        72.95523731696
      ],
      "exit_codes": [
        0,
        0,
        0,
        0,
        0,
        0,
        0,
        0,
        0,
        0
      ]
    }
  ]
}
