{
  "results": [
    {
      "command": "cargo build --jobs 16 --release --example breakout",
      "mean": 77.86597218296001,
      "stddev": 0.25104462038279,
      "median": 77.88043364316,
      "user": 1143.52143246,
      "system": 30.181811420000002,
      "min": 77.51368489466,
      "max": 78.21904794766,
      "times": [
        78.05603122966001,
        78.16942112766,
        78.21904794766,
        77.83111257166,
        77.61317148566,
        77.57210509566,
        77.92975471466,
        77.74652148766,
        78.00887127466001,
        77.51368489466
      ],
      "exit_codes": [
        0,
        0,
        0,
        0,
        0,
        0,
        0,
        0,
        0,
        0
      ]
    }
  ]
}
