{
  "results": [
    {
      "command": "cargo build --jobs 16 --release --example breakout",
      "mean": 80.68380762874001,
      "stddev": 0.2210167061495696,
      "median": 80.73831513934,
      "user": 1162.0375238200002,
      "system": 30.206682459999996,
      "min": 80.12508332334,
      "max": 80.91228792634,
      "times": [
        80.91228792634,
        80.74025108434,
        80.53980099034,
        80.83283953834,
        80.70872240334,
        80.73637919434,
        80.75521855434,
        80.82577002634,
        80.66172324634,
        80.12508332334
      ],
      "exit_codes": [
        0,
        0,
        0,
        0,
        0,
        0,
        0,
        0,
        0,
        0
      ]
    }
  ]
}
