{
  "results": [
    {
      "command": "cargo build --jobs 16 --release --example breakout",
      "mean": 93.37945685683998,
      "stddev": 0.7246587604356826,
      "median": 93.44167529213999,
      "user": 1294.61369648,
      "system": 31.52465924,
      "min": 92.28198924264,
      "max": 94.86014927363999,
      "times": [
        92.28198924264,
        93.14446764364,
        93.82798679663999,
        94.86014927363999,
        93.48014674864,
        92.43997574064,
        93.12870129964,
        93.40320383564,
        93.55615283963999,
        93.67179514764
      ],
      "exit_codes": [
        0,
        0,
        0,
        0,
        0,
        0,
        0,
        0,
        0,
        0
      ]
    }
  ]
}
