{
  "results": [
    {
      "command": "cargo build --jobs 8 --release --example breakout",
      "mean": 117.10858785204002,
      "stddev": 0.10089020612885173,
      "median": 117.12648871884,
      "user": 903.2830739799999,
      "system": 24.033340279999997,
      "min": 116.94065361634,
      "max": 117.29073641734,
      "times": [
        116.99517132534,
        117.04605670434,
        117.12156417934,
        117.29073641734,
        117.16631444034,
        117.13141325834,
        117.05986081934,
        117.17762324934,
        116.94065361634,
        117.15648451034
      ],
      "exit_codes": [
        0,
        0,
        0,
        0,
        0,
        0,
        0,
        0,
        0,
        0
      ]
    }
  ]
}
