{
  "results": [
    {
      "command": "cargo build --jobs 16 --release --example breakout",
      "mean": 75.16660076573999,
      "stddev": 0.3828908376733963,
      "median": 75.21327699164,
      "user": 1140.7745174799998,
      "system": 29.403960740000002,
      "min": 74.70886002014,
      "max": 75.63905547514,
      "times": [
        75.63905547514,
        75.54941356514,
        75.47402403914,
        74.78330565914,
        74.96795273414,
        74.70886002014,
        74.85134367514,
        75.48391170114,
        74.74953953914,
        75.45860124914
      ],
      "exit_codes": [
        0,
        0,
        0,
        0,
        0,
        0,
        0,
        0,
        0,
        0
      ]
    }
  ]
}
