{
  "results": [
    {
      "command": "cargo build --jobs 8 --release --example breakout",
      "mean": 117.20967820121999,
      "stddev": 0.0853551978560252,
      "median": 117.23315203441999,
      "user": 903.8356721599997,
      "system": 23.976787759999997,
      "min": 117.08218749342,
      "max": 117.30818685642,
      "times": [
        117.08218749342,
        117.12509856342,
        117.27316701942,
        117.27603528242,
        117.18668366642,
        117.23379593642,
        117.30818685642,
        117.23250813242,
        117.29344120342,
        117.08567785842
      ],
      "exit_codes": [
        0,
        0,
        0,
        0,
        0,
        0,
        0,
        0,
        0,
        0
      ]
    }
  ]
}
