{
  "results": [
    {
      "command": "cargo build --jobs 8 --release --example breakout",
      "mean": 122.22718029033999,
      "stddev": 0.15110128662281502,
      "median": 122.27507389544,
      "user": 922.28225294,
      "system": 24.761674719999995,
      "min": 121.99778790894,
      "max": 122.49622636694,
      "times": [
        122.09918596294,
        122.49622636694,
        121.99778790894,
        122.07920630694,
        122.33155989794,
        122.25470460494,
        122.29544318594,
        122.31113461794,
        122.10921504794,
        122.29733900293999
      ],
      "exit_codes": [
        0,
        0,
        0,
        0,
        0,
        0,
        0,
        0,
        0,
        0
      ]
    }
  ]
}
