{
  "results": [
    {
      "command": "cargo build --jobs 8 --release --example breakout",
      "mean": 134.39982229819998,
      "stddev": 0.31085320447925724,
      "median": 134.3415843994,
      "user": 1027.3029037,
      "system": 25.24718054,
      "min": 134.0859992429,
      "max": 135.2138163549,
      "times": [
        134.37134010489999,
        134.29188386689998,
        135.2138163549,
        134.49047367089997,
        134.1413330859,
        134.4313949109,
        134.3639081739,
        134.2888129459,
        134.31926062489998,
        134.0859992429
      ],
      "exit_codes": [
        0,
        0,
        0,
        0,
        0,
        0,
        0,
        0,
        0,
        0
      ]
    }
  ]
}
