{
  "results": [
    {
      "command": "cargo build --jobs 16 --release --example breakout",
      "mean": 93.33456836202,
      "stddev": 4.770712123423423,
      "median": 91.94147073002,
      "user": 1284.3060806400001,
      "system": 31.371446719999994,
      "min": 90.41753348852,
      "max": 106.69675828452,
      "times": [
        90.41753348852,
        91.17846623551999,
        91.91447307652,
        91.82045780952,
        91.96846838351999,
        93.21780407852,
        92.26323744652,
        90.96661148551999,
        106.69675828452,
        92.90187333152
      ],
      "exit_codes": [
        0,
        0,
        0,
        0,
        0,
        0,
        0,
        0,
        0,
        0
      ]
    }
  ]
}
