{
  "results": [
    {
      "command": "cargo build --jobs 8 --release --example breakout",
      "mean": 138.43089246332002,
      "stddev": 0.11322196253027893,
      "median": 138.42966081572,
      "user": 1064.39941448,
      "system": 26.71507976,
      "min": 138.26107371022002,
      "max": 138.59736213922002,
      "times": [
        138.42697904722002,
        138.32093591722,
        138.31470164422,
        138.26107371022002,
        138.57484717522001,
        138.48175244022002,
        138.51734213222002,
        138.38158784322002,
        138.59736213922002,
        138.43234258422
      ],
      "exit_codes": [
        0,
        0,
        0,
        0,
        0,
        0,
        0,
        0,
        0,
        0
      ]
    }
  ]
}
