{
  "results": [
    {
      "command": "cargo build --jobs 16 --release --example breakout",
      "mean": 94.61895761912,
      "stddev": 1.3702235806031353,
      "median": 94.11636929382,
      "user": 1333.1312625799999,
      "system": 33.38017151999999,
      "min": 93.23407150432,
      "max": 97.23918821232,
      "times": [
        93.64635420632,
        96.11697514332,
        93.65055670331999,
        94.03674937532,
        94.19598921232,
        96.12369139732,
        93.23407150432,
        93.54307730832,
        97.23918821232,
        94.40292312832
      ],
      "exit_codes": [
        0,
        0,
        0,
        0,
        0,
        0,
        0,
        0,
        0,
        0
      ]
    }
  ]
}
