{
  "results": [
    {
      "command": "cargo build --jobs 16 --release --example breakout",
      "mean": 75.12919251242,
      "stddev": 0.3148604543225224,
      "median": 75.01217069992,
      "user": 1141.92034432,
      "system": 29.44236704,
      "min": 74.82148962442001,
      "max": 75.60153965142,
      "times": [
        75.60153965142,
        74.82148962442001,
        74.91482137342001,
        75.10244813242001,
        74.95848983542001,
        75.06585156442,
        74.84664060742,
        75.59670584442,
        75.49883501942,
        74.88510347142001
      ],
      "exit_codes": [
        0,
        0,
        0,
        0,
        0,
        0,
        0,
        0,
        0,
        0
      ]
    }
  ]
}
