{
  "results": [
    {
      "command": "cargo build --jobs 8 --release --example breakout",
      "mean": 117.26584203565999,
      "stddev": 0.1401674327886061,
      "median": 117.26914303235999,
      "user": 904.7358253,
      "system": 23.7906369,
      "min": 117.08434665736,
      "max": 117.49029583436,
      "times": [
        117.30350892535999,
        117.26596483835999,
        117.11561678736,
        117.32316756636,
        117.22490603036,
        117.27232122635999,
        117.46722704535999,
        117.11106544536,
        117.08434665736,
        117.49029583436
      ],
      "exit_codes": [
        0,
        0,
        0,
        0,
        0,
        0,
        0,
        0,
        0,
        0
      ]
    }
  ]
}
