{
  "results": [
    {
      "command": "cargo build --jobs 8 --release --example breakout",
      "mean": 117.40644210479999,
      "stddev": 0.2818617139818111,
      "median": 117.2974509819,
      "user": 906.01460178,
      "system": 24.065605859999998,
      "min": 117.1832623174,
      "max": 118.13154189539999,
      "times": [
        117.5725491374,
        117.27826214939999,
        117.2639583894,
        117.31663981439999,
        117.3862135684,
        118.13154189539999,
        117.1920347414,
        117.46487116339999,
        117.27508787139999,
        117.1832623174
      ],
      "exit_codes": [
        0,
        0,
        0,
        0,
        0,
        0,
        0,
        0,
        0,
        0
      ]
    }
  ]
}
