{
  "results": [
    {
      "command": "cargo build --jobs 8 --release --example breakout",
      "mean": 121.9089560953,
      "stddev": 0.3334977543543666,
      "median": 121.9100034313,
      "user": 936.0250450399999,
      "system": 24.3934915,
      "min": 121.4452475903,
      "max": 122.39500623730001,
      "times": [
        122.39428636230001,
        121.9608586203,
        121.4557038763,
        121.85914824230001,
        121.8156826613,
        121.4452475903,
        121.6703724693,
        122.0427652753,
        122.39500623730001,
        122.0504896183
      ],
      "exit_codes": [
        0,
        0,
        0,
        0,
        0,
        0,
        0,
        0,
        0,
        0
      ]
    }
  ]
}
