{
  "results": [
    {
      "command": "cargo build --jobs 16 --release --example breakout",
      "mean": 78.55262790193999,
      "stddev": 0.08991966697958043,
      "median": 78.56036960864,
      "user": 1182.4585275199997,
      "system": 30.05845114,
      "min": 78.42379441214,
      "max": 78.65321429913999,
      "times": [
        78.63402846513999,
        78.52365291614,
        78.46745449014,
        78.43160580914,
        78.42379441214,
        78.65321429913999,
        78.64742558814,
        78.52547507413999,
        78.62436382214,
        78.59526414314
      ],
      "exit_codes": [
        0,
        0,
        0,
        0,
        0,
        0,
        0,
        0,
        0,
        0
      ]
    }
  ]
}
