{
  "results": [
    {
      "command": "cargo build --jobs 8 --release --example breakout",
      "mean": 112.65029692656,
      "stddev": 0.1793466694035073,
      "median": 112.64067506206,
      "user": 850.94273232,
      "system": 22.729426039999996,
      "min": 112.42560689506,
      "max": 112.90817714506,
      "times": [
        112.49284271405999,
        112.76267177806,
        112.76183664506,
        112.90817714506,
        112.68948073306,
        112.59186939106,
        112.42560689506,
        112.53631538206,
        112.89526581605999,
        112.43890276606
      ],
      "exit_codes": [
        0,
        0,
        0,
        0,
        0,
        0,
        0,
        0,
        0,
        0
      ]
    }
  ]
}
