{
  "results": [
    {
      "command": "cargo build --jobs 16 --release --example breakout",
      "mean": 72.94587176982,
      "stddev": 0.43776582444381595,
      "median": 72.84691419962,
      "user": 1068.9885036800001,
      "system": 28.276149780000004,
      "min": 72.31360949412,
      "max": 73.64601894412,
      "times": [
        72.31360949412,
        72.38062108312,
        72.77268949112,
        72.86095887912,
        73.22537682412,
        73.23987518112,
        72.73470710212,
        73.45199117912,
        73.64601894412,
        72.83286952012
      ],
      "exit_codes": [
        0,
        0,
        0,
        0,
        0,
        0,
        0,
        0,
        0,
        0
      ]
    }
  ]
}
