{
  "results": [
    {
      "command": "cargo build --jobs 16 --release --example breakout",
      "mean": 91.86513719745997,
      "stddev": 1.2243163286280092,
      "median": 91.43166058076,
      "user": 1284.5893541399996,
      "system": 31.16323104,
      "min": 90.59195543176,
      "max": 94.28013204876,
      "times": [
        93.44864781676,
        94.28013204876,
        91.51960780575999,
        91.34371335576,
        90.59195543176,
        91.26475769176,
        92.77051037176,
        90.87370053676,
        91.65915585975999,
        90.89919105576
      ],
      "exit_codes": [
        0,
        0,
        0,
        0,
        0,
        0,
        0,
        0,
        0,
        0
      ]
    }
  ]
}
