{
  "results": [
    {
      "command": "cargo build --jobs 8 --release --example breakout",
      "mean": 134.09928752402,
      "stddev": 0.09947880391373641,
      "median": 134.12589034062,
      "user": 1025.3882930599998,
      "system": 24.96372216,
      "min": 133.89622699312,
      "max": 134.24228974212,
      "times": [
        134.01740915412,
        133.89622699312,
        134.14263429112,
        134.03920285211998,
        134.14210436712,
        134.20007237412,
        134.06115478512,
        134.24228974212,
        134.13868696612,
        134.11309371512
      ],
      "exit_codes": [
        0,
        0,
        0,
        0,
        0,
        0,
        0,
        0,
        0,
        0
      ]
    }
  ]
}
