{
  "results": [
    {
      "command": "cargo build --jobs 8 --release --example breakout",
      "mean": 136.08295467285998,
      "stddev": 5.215418302706813,
      "median": 134.47010757046,
      "user": 1024.40294404,
      "system": 25.14369232,
      "min": 134.25456391645997,
      "max": 150.92433409545998,
      "times": [
        134.35927803645998,
        134.25456391645997,
        134.44581421645998,
        134.49440092446,
        134.50841498845998,
        134.42420905645997,
        134.38363565946,
        134.54007030045997,
        150.92433409545998,
        134.49482553445998
      ],
      "exit_codes": [
        0,
        0,
        0,
        0,
        0,
        0,
        0,
        0,
        0,
        0
      ]
    }
  ]
}
