{
  "results": [
    {
      "command": "cargo build --jobs 16 --release --example breakout",
      "mean": 92.34108589387998,
      "stddev": 0.8514773553690657,
      "median": 92.65742879668,
      "user": 1281.4448018400003,
      "system": 31.439043539999993,
      "min": 91.02213857717999,
      "max": 93.32271377017999,
      "times": [
        91.02213857717999,
        93.32271377017999,
        91.49449590818,
        93.07452054017999,
        92.51101450318,
        93.16561127418,
        92.80384309018,
        91.30262073118,
        92.88868873018,
        91.82521181418
      ],
      "exit_codes": [
        0,
        0,
        0,
        0,
        0,
        0,
        0,
        0,
        0,
        0
      ]
    }
  ]
}
