{
  "results": [
    {
      "command": "cargo build --jobs 16 --release --example breakout",
      "mean": 75.70889054461999,
      "stddev": 0.1813132557751034,
      "median": 75.66274242661999,
      "user": 1139.26692372,
      "system": 30.616688959999998,
      "min": 75.49729246462,
      "max": 75.98123166362,
      "times": [
        75.91267760462,
        75.50926634262,
        75.84650153862,
        75.86999075562,
        75.72747782761999,
        75.54863500662,
        75.98123166362,
        75.59782521662,
        75.49729246462,
        75.59800702561999
      ],
      "exit_codes": [
        0,
        0,
        0,
        0,
        0,
        0,
        0,
        0,
        0,
        0
      ]
    }
  ]
}
