{
  "results": [
    {
      "command": "cargo build --jobs 8 --release --example breakout",
      "mean": 117.31770283462001,
      "stddev": 0.23161962216070384,
      "median": 117.27244488752,
      "user": 904.1156055199999,
      "system": 24.86974064,
      "min": 117.04300645251999,
      "max": 117.87287895552,
      "times": [
        117.25384305451999,
        117.04300645251999,
        117.40605999851999,
        117.41099338552,
        117.20724321752,
        117.19591017751999,
        117.87287895552,
        117.39138671252,
        117.29104672052,
        117.10465967152
      ],
      "exit_codes": [
        0,
        0,
        0,
        0,
        0,
        0,
        0,
        0,
        0,
        0
      ]
    }
  ]
}
