{
  "results": [
    {
      "command": "cargo build --jobs 16 --release --example breakout",
      "mean": 96.11176683241999,
      "stddev": 1.1062520117452213,
      "median": 95.90392399211999,
      "user": 1348.4302778599997,
      "system": 33.36319884,
      "min": 94.53584632262,
      "max": 97.78183594562,
      "times": [
        94.53584632262,
        96.88551612862,
        95.68286655061999,
        97.78183594562,
        96.98849006062,
        95.43318517562,
        97.34228529362,
        95.80162629061999,
        96.00622169361999,
        94.65979486261999
      ],
      "exit_codes": [
        0,
        0,
        0,
        0,
        0,
        0,
        0,
        0,
        0,
        0
      ]
    }
  ]
}
