{
  "results": [
    {
      "command": "cargo build --jobs 8 --release --example breakout",
      "mean": 131.15402880352002,
      "stddev": 0.354075698217687,
      "median": 131.08154060502,
      "user": 1005.87855318,
      "system": 24.73270856,
      "min": 130.69374367052,
      "max": 131.85029576752,
      "times": [
        131.07213425352,
        131.85029576752,
        130.84731643652,
        131.10233748152,
        130.69374367052,
        130.89695705652,
        131.58041670752002,
        131.09094695652,
        131.01393599852,
        131.39220370652
      ],
      "exit_codes": [
        0,
        0,
        0,
        0,
        0,
        0,
        0,
        0,
        0,
        0
      ]
    }
  ]
}
