{
  "results": [
    {
      "command": "cargo build --jobs 16 --release --example breakout",
      "mean": 72.9903630725,
      "stddev": 0.2979722839756212,
      "median": 73.06980874429999,
      "user": 1074.4699703399997,
      "system": 28.31559628,
      "min": 72.4969089683,
      "max": 73.4080986813,
      "times": [
        73.1959546853,
        72.5716782133,
        72.4969089683,
        72.9757956613,
        73.2092668393,
        72.7854804173,
        73.1638218273,
        73.4080986813,
        72.9130163913,
        73.1836090403
      ],
      "exit_codes": [
        0,
        0,
        0,
        0,
        0,
        0,
        0,
        0,
        0,
        0
      ]
    }
  ]
}
