{
  "results": [
    {
      "command": "cargo build --jobs 8 --release --example breakout",
      "mean": 113.05710023532001,
      "stddev": 0.3085982884876856,
      "median": 112.93841163772001,
      "user": 855.3290878199999,
      "system": 22.757063319999993,
      "min": 112.79288263272,
      "max": 113.65546030672,
      "times": [
        112.94202208772,
        112.93480118772,
        113.65546030672,
        112.92769050072,
        112.79288263272,
        113.10900797572,
        112.94969157772,
        112.79949311572,
        113.57921754972,
        112.88073541872001
      ],
      "exit_codes": [
        0,
        0,
        0,
        0,
        0,
        0,
        0,
        0,
        0,
        0
      ]
    }
  ]
}
