{
  "results": [
    {
      "command": "cargo build --jobs 8 --release --example breakout",
      "mean": 121.06074534644002,
      "stddev": 0.12957549719724779,
      "median": 121.10781902964001,
      "user": 912.8548836599999,
      "system": 24.1293589,
      "min": 120.73570460714001,
      "max": 121.16340449614,
      "times": [
        121.09806473114,
        121.11129096114,
        121.02348511814,
        120.73570460714001,
        121.10434709814001,
        120.96108990714,
        121.12199315914,
        121.13617949814001,
        121.15189388814001,
        121.16340449614
      ],
      "exit_codes": [
        0,
        0,
        0,
        0,
        0,
        0,
        0,
        0,
        0,
        0
      ]
    }
  ]
}
