{
  "results": [
    {
      "command": "cargo build --jobs 16 --release --example breakout",
      "mean": 94.79595294762001,
      "stddev": 5.197284516162352,
      "median": 93.44291675491999,
      "user": 1293.37612824,
      "system": 31.555337859999998,
      "min": 92.05088695492,
      "max": 109.47784254092,
      "times": [
        94.01950566792,
        92.66636410092,
        93.72681778892,
        92.05088695492,
        93.35409923892,
        92.29028217892,
        109.47784254092,
        93.47298050692,
        93.48789749492,
        93.41285300292
      ],
      "exit_codes": [
        0,
        0,
        0,
        0,
        0,
        0,
        0,
        0,
        0,
        0
      ]
    }
  ]
}
