{
  "results": [
    {
      "command": "cargo build --jobs 8 --release --example breakout",
      "mean": 135.12994447436,
      "stddev": 0.2851441558486979,
      "median": 135.07607081115998,
      "user": 1034.64768442,
      "system": 25.349116039999995,
      "min": 134.77500091966002,
      "max": 135.62942532966,
      "times": [
        134.86953009066,
        135.62942532966,
        134.87069012866002,
        134.96772059466,
        134.94454344166002,
        135.42589660766,
        135.29725682466,
        135.18442102766,
        134.77500091966002,
        135.33495977866
      ],
      "exit_codes": [
        0,
        0,
        0,
        0,
        0,
        0,
        0,
        0,
        0,
        0
      ]
    }
  ]
}
