{
  "results": [
    {
      "command": "cargo build --jobs 16 --release --example breakout",
      "mean": 84.80700297728,
      "stddev": 1.129805317452704,
      "median": 84.83293765438,
      "user": 1210.33841954,
      "system": 31.6354058,
      "min": 83.02011443638,
      "max": 86.62464387338001,
      "times": [
        85.36970597938,
        83.93826733538,
        86.62464387338001,
        84.30802152738,
        84.01040340338001,
        85.61653577138,
        83.89845404038,
        83.02011443638,
        85.35785378138,
        85.92602962438
      ],
      "exit_codes": [
        0,
        0,
        0,
        0,
        0,
        0,
        0,
        0,
        0,
        0
      ]
    }
  ]
}
