{
  "results": [
    {
      "command": "cargo build --jobs 8 --release --example breakout",
      "mean": 126.17448234387999,
      "stddev": 0.45357873807563864,
      "median": 126.11942502548001,
      "user": 964.92205196,
      "system": 25.505716419999995,
      "min": 125.38659056548,
      "max": 126.84712216948,
      "times": [
        125.94201790548,
        125.38659056548,
        126.16119152948,
        126.07765852148,
        126.25327878148,
        126.83252346848,
        126.84712216948,
        126.45682332148,
        126.03218325948001,
        125.75543391648
      ],
      "exit_codes": [
        0,
        0,
        0,
        0,
        0,
        0,
        0,
        0,
        0,
        0
      ]
    }
  ]
}
