{
  "results": [
    {
      "command": "cargo build --jobs 16 --release --example breakout",
      "mean": 75.40800153862,
      "stddev": 0.32665587630164633,
      "median": 75.36084848651998,
      "user": 1138.8072144399998,
      "system": 30.52087414,
      "min": 74.84010200851999,
      "max": 75.92398180251999,
      "times": [
        75.43767925851999,
        75.20632095252,
        75.28401771451999,
        75.92398180251999,
        75.71730337052,
        74.84010200851999,
        75.67409241952,
        75.60981481351999,
        75.10584896952,
        75.28085407652
      ],
      "exit_codes": [
        0,
        0,
        0,
        0,
        0,
        0,
        0,
        0,
        0,
        0
      ]
    }
  ]
}
