{
  "results": [
    {
      "command": "cargo build --jobs 8 --release --example breakout",
      "mean": 117.32894842661999,
      "stddev": 0.19770744407629298,
      "median": 117.35700763551999,
      "user": 903.6728212999999,
      "system": 24.85502396,
      "min": 117.07544761451999,
      "max": 117.73121861752,
      "times": [
        117.13932360051999,
        117.34511333751999,
        117.07544761451999,
        117.40053643252,
        117.73121861752,
        117.42105416151999,
        117.16415998651999,
        117.16851654551999,
        117.47521203651999,
        117.36890193352
      ],
      "exit_codes": [
        0,
        0,
        0,
        0,
        0,
        0,
        0,
        0,
        0,
        0
      ]
    }
  ]
}
