{
  "results": [
    {
      "command": "cargo build --jobs 16 --release --example breakout",
      "mean": 70.30421449230002,
      "stddev": 0.5601012033110004,
      "median": 70.4119560482,
      "user": 997.5939867399999,
      "system": 27.489670820000004,
      "min": 69.3572354242,
      "max": 71.1112818832,
      "times": [
        70.8902531512,
        70.4880805202,
        70.6128011822,
        70.1236612952,
        70.3358315762,
        69.3572354242,
        69.6351073782,
        71.1112818832,
        70.6403370822,
        69.8475554302
      ],
      "exit_codes": [
        0,
        0,
        0,
        0,
        0,
        0,
        0,
        0,
        0,
        0
      ]
    }
  ]
}
