{
  "results": [
    {
      "command": "cargo build --jobs 8 --release --example breakout",
      "mean": 105.70788482215998,
      "stddev": 0.51228743699667,
      "median": 105.74692713185999,
      "user": 795.96065794,
      "system": 21.77469382,
      "min": 104.83930381585999,
      "max": 106.64619623786,
      "times": [
        104.83930381585999,
        105.63531784685999,
        105.70547932186,
        105.75982063485999,
        105.88241799186,
        105.95993680686,
        105.73403362886,
        104.95830818886,
        106.64619623786,
        105.95803374786
      ],
      "exit_codes": [
        0,
        0,
        0,
        0,
        0,
        0,
        0,
        0,
        0,
        0
      ]
    }
  ]
}
