{
  "results": [
    {
      "command": "cargo build --jobs 16 --release --example breakout",
      "mean": 73.71931738551999,
      "stddev": 0.5686714326627823,
      "median": 73.79093694701999,
      "user": 1076.68991158,
      "system": 28.40166364,
      "min": 72.94724829251999,
      "max": 74.52323609951999,
      "times": [
        73.91382491351999,
        72.95884465351999,
        73.09860803651999,
        73.83193615751999,
        74.34476164552,
        73.60634650652,
        73.74993773652,
        74.21842981351999,
        72.94724829251999,
        74.52323609951999
      ],
      "exit_codes": [
        0,
        0,
        0,
        0,
        0,
        0,
        0,
        0,
        0,
        0
      ]
    }
  ]
}
