{
  "results": [
    {
      "command": "cargo build --jobs 16 --release --example breakout",
      "mean": 73.57073102142,
      "stddev": 0.624417947214165,
      "median": 73.60971159212,
      "user": 1057.91188054,
      "system": 28.0012385,
      "min": 72.86601637862,
      "max": 74.82315584462,
      "times": [
        74.82315584462,
        73.60662039662,
        72.94734394862,
        74.07233018262001,
        72.87963133762,
        72.86601637862,
        73.23229789162001,
        73.61280278762,
        74.02105058162,
        73.64606086462
      ],
      "exit_codes": [
        0,
        0,
        0,
        0,
        0,
        0,
        0,
        0,
        0,
        0
      ]
    }
  ]
}
