{
  "results": [
    {
      "command": "cargo build --jobs 8 --release --example breakout",
      "mean": 111.76532456099999,
      "stddev": 0.1258313888364319,
      "median": 111.7687845996,
      "user": 845.21425338,
      "system": 22.34907208,
      "min": 111.5625925006,
      "max": 111.9744436746,
      "times": [
        111.8918505856,
        111.6428360466,
        111.72919241059999,
        111.5625925006,
        111.9744436746,
        111.84354134259999,
        111.6441669256,
        111.7877790496,
        111.8270529246,
        111.7497901496
      ],
      "exit_codes": [
        0,
        0,
        0,
        0,
        0,
        0,
        0,
        0,
        0,
        0
      ]
    }
  ]
}
