{
  "results": [
    {
      "command": "cargo build --jobs 16 --release --example breakout",
      "mean": 77.37571837114001,
      "stddev": 0.20513674831202544,
      "median": 77.39680472514002,
      "user": 1139.85682888,
      "system": 29.787079939999995,
      "min": 77.14340890264,
      "max": 77.81770309264,
      "times": [
        77.29001396364,
        77.44465644164,
        77.44407441764001,
        77.81770309264,
        77.43733016164,
        77.16031183064,
        77.16112624564,
        77.50227936664001,
        77.35627928864001,
        77.14340890264
      ],
      "exit_codes": [
        0,
        0,
        0,
        0,
        0,
        0,
        0,
        0,
        0,
        0
      ]
    }
  ]
}
