{
  "results": [
    {
      "command": "cargo build --jobs 8 --release --example breakout",
      "mean": 120.28552391498002,
      "stddev": 0.15417889509386212,
      "median": 120.30443541718,
      "user": 905.24884076,
      "system": 24.04453036,
      "min": 119.97907232467999,
      "max": 120.58528687168,
      "times": [
        120.30201936668,
        120.25559753367999,
        120.33039302168,
        120.58528687168,
        120.13688476268,
        120.30685146767999,
        119.97907232467999,
        120.33884957468,
        120.29627392267999,
        120.32401030368
      ],
      "exit_codes": [
        0,
        0,
        0,
        0,
        0,
        0,
        0,
        0,
        0,
        0
      ]
    }
  ]
}
