{
  "results": [
    {
      "command": "cargo build --jobs 16 --release --example breakout",
      "mean": 71.06503673016,
      "stddev": 0.8234501108259926,
      "median": 71.13312599936,
      "user": 1002.8034609399998,
      "system": 27.449362519999994,
      "min": 69.24333692536,
      "max": 72.34111899135999,
      "times": [
        71.88043377736,
        70.74039908035999,
        70.62927660836,
        71.19752749135999,
        70.88323850136,
        72.34111899135999,
        71.35673796436,
        71.06872450736,
        71.30957345435999,
        69.24333692536
      ],
      "exit_codes": [
        0,
        0,
        0,
        0,
        0,
        0,
        0,
        0,
        0,
        0
      ]
    }
  ]
}
