{
  "results": [
    {
      "command": "cargo build --jobs 16 --release --example breakout",
      "mean": 77.76884852182,
      "stddev": 0.3173890088279733,
      "median": 77.89125451422,
      "user": 1143.3590413799998,
      "system": 29.97248492,
      "min": 77.22010496172,
      "max": 78.14043264672,
      "times": [
        77.22010496172,
        77.44358640472,
        78.14043264672,
        77.92899855472,
        77.88789734171999,
        77.97701806572,
        78.05086467872,
        77.89461168672,
        77.80271437272,
        77.34225650472
      ],
      "exit_codes": [
        0,
        0,
        0,
        0,
        0,
        0,
        0,
        0,
        0,
        0
      ]
    }
  ]
}
