{
  "results": [
    {
      "command": "cargo build --jobs 16 --release --example breakout",
      "mean": 72.84966746787998,
      "stddev": 0.37334313700148924,
      "median": 72.74495379268001,
      "user": 1074.81797232,
      "system": 28.269523680000002,
      "min": 72.43909047817999,
      "max": 73.58876143718,
      "times": [
        72.54455647218,
        72.76989316718,
        72.85122551418,
        72.67341557018,
        72.72001441818,
        73.44847011918,
        72.78254370118,
        73.58876143718,
        72.43909047817999,
        72.67870380117999
      ],
      "exit_codes": [
        0,
        0,
        0,
        0,
        0,
        0,
        0,
        0,
        0,
        0
      ]
    }
  ]
}
