{
  "results": [
    {
      "command": "cargo build --jobs 8 --release --example breakout",
      "mean": 113.07287702987999,
      "stddev": 0.22368315061325023,
      "median": 113.05081164318001,
      "user": 854.4303238999998,
      "system": 22.764758339999997,
      "min": 112.72742822868001,
      "max": 113.36982322368,
      "times": [
        113.33937273468001,
        113.27495340468,
        113.01024949068001,
        112.95498291968,
        112.98848584468001,
        113.36982322368,
        112.72742822868001,
        113.19886203368,
        112.77323862268001,
        113.09137379568001
      ],
      "exit_codes": [
        0,
        0,
        0,
        0,
        0,
        0,
        0,
        0,
        0,
        0
      ]
    }
  ]
}
