{
  "results": [
    {
      "command": "cargo build --jobs 16 --release --example breakout",
      "mean": 78.03823412260002,
      "stddev": 0.39513170840073203,
      "median": 78.02689156420001,
      "user": 1178.9506895399998,
      "system": 30.0192864,
      "min": 77.2670536427,
      "max": 78.8086029697,
      "times": [
        77.8057253557,
        78.07608594470001,
        77.88437907570001,
        78.1215274827,
        77.9776971837,
        78.2385882547,
        77.2670536427,
        77.90246821870001,
        78.30021309770001,
        78.8086029697
      ],
      "exit_codes": [
        0,
        0,
        0,
        0,
        0,
        0,
        0,
        0,
        0,
        0
      ]
    }
  ]
}
