{
  "results": [
    {
      "command": "cargo build --jobs 16 --release --example breakout",
      "mean": 73.59893312994,
      "stddev": 0.5171657196011656,
      "median": 73.59044665664,
      "user": 1073.4507593399999,
      "system": 28.39924808,
      "min": 72.95619999914,
      "max": 74.68526340714,
      "times": [
        73.62454057814,
        73.69203778314,
        73.26114514013999,
        72.99194327814,
        73.40365470613999,
        74.68526340714,
        74.12088996514,
        73.55635273514,
        72.95619999914,
        73.69730370714
      ],
      "exit_codes": [
        0,
        0,
        0,
        0,
        0,
        0,
        0,
        0,
        0,
        0
      ]
    }
  ]
}
