{
  "results": [
    {
      "command": "cargo build --jobs 16 --release --example breakout",
      "mean": 73.11527140652001,
      "stddev": 0.6042011781045163,
      "median": 73.12515680202,
      "user": 1036.32837826,
      "system": 27.74539858,
      "min": 72.36153044252,
      "max": 74.33246410052,
      "times": [
        73.67392829152,
        72.64857960652,
        73.33753755852001,
        72.69675707552001,
        73.17925869852,
        73.07105490552,
        73.37499308952,
        74.33246410052,
        72.36153044252,
        72.47661029652001
      ],
      "exit_codes": [
        0,
        0,
        0,
        0,
        0,
        0,
        0,
        0,
        0,
        0
      ]
    }
  ]
}
