{
  "results": [
    {
      "command": "cargo build --jobs 8 --release --example breakout",
      "mean": 109.50430870134001,
      "stddev": 0.29185341367294576,
      "median": 109.40066489754,
      "user": 825.3926609399998,
      "system": 21.854994159999997,
      "min": 109.20725906654,
      "max": 110.01987773054,
      "times": [
        109.31351995854,
        109.45377412354,
        110.01987773054,
        109.20725906654,
        109.33523068454001,
        109.37935220654,
        109.42197758854,
        109.62353788954,
        109.27738453654001,
        110.01117322854
      ],
      "exit_codes": [
        0,
        0,
        0,
        0,
        0,
        0,
        0,
        0,
        0,
        0
      ]
    }
  ]
}
