{
  "results": [
    {
      "command": "cargo build --jobs 8 --release --example breakout",
      "mean": 127.55953780964,
      "stddev": 0.3663051373802813,
      "median": 127.42571290954001,
      "user": 976.9648907199999,
      "system": 25.829937840000003,
      "min": 127.13996584254001,
      "max": 128.11474186454,
      "times": [
        127.13996584254001,
        128.07791644954,
        127.39412030554,
        127.28363752554,
        127.37548127554,
        127.45730551354,
        127.96169783454,
        127.60866197754,
        127.18184950754,
        128.11474186454
      ],
      "exit_codes": [
        0,
        0,
        0,
        0,
        0,
        0,
        0,
        0,
        0,
        0
      ]
    }
  ]
}
