{
  "results": [
    {
      "command": "cargo build --jobs 16 --release --example breakout",
      "mean": 89.81717335452,
      "stddev": 0.6607837301665651,
      "median": 89.87797092872,
      "user": 1247.2086679,
      "system": 30.450986720000003,
      "min": 88.17145422921999,
      "max": 90.71665200022,
      "times": [
        89.72562611522,
        90.17783382421999,
        89.79813616722,
        89.64827004822,
        89.73945308021999,
        89.98077078022,
        89.95780569022,
        90.71665200022,
        90.25573161022,
        88.17145422921999
      ],
      "exit_codes": [
        0,
        0,
        0,
        0,
        0,
        0,
        0,
        0,
        0,
        0
      ]
    }
  ]
}
