{
  "results": [
    {
      "command": "cargo build --jobs 16 --release --example breakout",
      "mean": 81.65615649844,
      "stddev": 0.3544034684152371,
      "median": 81.52966773924,
      "user": 1234.83146604,
      "system": 31.53999706,
      "min": 81.32947667074,
      "max": 82.46194017574,
      "times": [
        81.70564990874,
        82.46194017574,
        81.42632500374,
        81.57130378373999,
        82.09870412074,
        81.55908941674,
        81.32947667074,
        81.50024606174,
        81.43251268374,
        81.47631715874
      ],
      "exit_codes": [
        0,
        0,
        0,
        0,
        0,
        0,
        0,
        0,
        0,
        0
      ]
    }
  ]
}
