{
  "results": [
    {
      "command": "cargo build --jobs 16 --release --example breakout",
      "mean": 90.29986691928002,
      "stddev": 1.2261268426722016,
      "median": 90.16844035978,
      "user": 1276.6595416599998,
      "system": 31.221177,
      "min": 88.67964465128,
      "max": 91.86545065228,
      "times": [
        88.67964465128,
        88.84705267828001,
        91.75240400628,
        90.04803588828001,
        89.26022414828,
        91.30771241028,
        91.86545065228,
        90.28884483128,
        89.47152253528,
        91.47777739128
      ],
      "exit_codes": [
        0,
        0,
        0,
        0,
        0,
        0,
        0,
        0,
        0,
        0
      ]
    }
  ]
}
