{
  "results": [
    {
      "command": "cargo build --jobs 8 --release --example breakout",
      "mean": 132.2516266785,
      "stddev": 0.1139091320418053,
      "median": 132.2340290495,
      "user": 1015.98226356,
      "system": 25.03109606,
      "min": 132.11405437000002,
      "max": 132.409900337,
      "times": [
        132.23392291000002,
        132.30130515000002,
        132.409900337,
        132.379553417,
        132.12869798,
        132.391534035,
        132.126605882,
        132.11405437000002,
        132.234135189,
        132.196557515
      ],
      "exit_codes": [
        0,
        0,
        0,
        0,
        0,
        0,
        0,
        0,
        0,
        0
      ]
    }
  ]
}
