{
  "results": [
    {
      "command": "cargo build --jobs 16 --release --example breakout",
      "mean": 75.35179709654,
      "stddev": 0.18214941482039423,
      "median": 75.37448940634,
      "user": 1138.9937085000001,
      "system": 29.2710485,
      "min": 74.98373447034,
      "max": 75.57109071034,
      "times": [
        75.49304144034001,
        75.53327539034,
        75.37309733834,
        75.14719104634,
        75.24057786134,
        75.57109071034,
        75.36657738234,
        75.37588147434,
        75.43350385134,
        74.98373447034
      ],
      "exit_codes": [
        0,
        0,
        0,
        0,
        0,
        0,
        0,
        0,
        0,
        0
      ]
    }
  ]
}
