{
  "results": [
    {
      "command": "cargo build --jobs 8 --release --example breakout",
      "mean": 117.17761218113999,
      "stddev": 0.0964837229834854,
      "median": 117.17208909124,
      "user": 901.93069982,
      "system": 23.81450958,
      "min": 116.96547300424,
      "max": 117.32506803124,
      "times": [
        117.27085361524,
        117.23900590824,
        117.11756920924,
        117.17118194724,
        117.19306638424,
        117.32506803124,
        117.15424502324,
        117.16666245324,
        116.96547300424,
        117.17299623523999
      ],
      "exit_codes": [
        0,
        0,
        0,
        0,
        0,
        0,
        0,
        0,
        0,
        0
      ]
    }
  ]
}
