{
  "results": [
    {
      "command": "cargo build --jobs 8 --release --example breakout",
      "mean": 121.2714858262,
      "stddev": 0.17388937456884998,
      "median": 121.2938188028,
      "user": 916.6449692999998,
      "system": 24.64718008,
      "min": 120.95051674380001,
      "max": 121.5215276808,
      "times": [
        121.3023892428,
        121.2852483628,
        121.0782097408,
        121.4640203228,
        121.1823371068,
        121.4058359278,
        120.95051674380001,
        121.3116963388,
        121.5215276808,
        121.2130767948
      ],
      "exit_codes": [
        0,
        0,
        0,
        0,
        0,
        0,
        0,
        0,
        0,
        0
      ]
    }
  ]
}
