{
  "results": [
    {
      "command": "cargo build --jobs 16 --release --example breakout",
      "mean": 79.39341910002,
      "stddev": 0.6474110899596898,
      "median": 79.24368929152001,
      "user": 1155.7684832399998,
      "system": 30.159386459999997,
      "min": 78.67265325852,
      "max": 80.46565338652,
      "times": [
        79.30253079752,
        78.68471420952001,
        79.65353080652001,
        80.13485294352,
        78.82281294952,
        78.67265325852,
        79.18484778552,
        78.96750324352,
        80.04509161952001,
        80.46565338652
      ],
      "exit_codes": [
        0,
        0,
        0,
        0,
        0,
        0,
        0,
        0,
        0,
        0
      ]
    }
  ]
}
