{
  "results": [
    {
      "command": "cargo build --jobs 8 --release --example breakout",
      "mean": 124.06319677951998,
      "stddev": 0.15356913976975242,
      "median": 124.01844168922,
      "user": 953.7881672999999,
      "system": 25.047579839999997,
      "min": 123.89542702071999,
      "max": 124.32975061472,
      "times": [
        123.92932648172,
        123.92697795672,
        123.89542702071999,
        124.11998371071999,
        124.32975061472,
        123.99308181672,
        124.04380156172,
        124.21650288172,
        124.23564746272,
        123.94146828772
      ],
      "exit_codes": [
        0,
        0,
        0,
        0,
        0,
        0,
        0,
        0,
        0,
        0
      ]
    }
  ]
}
