{
  "results": [
    {
      "command": "cargo build --jobs 16 --release --example breakout",
      "mean": 71.59548674063998,
      "stddev": 0.4274428258809554,
      "median": 71.56216688104,
      "user": 1011.2189584800001,
      "system": 27.53914242,
      "min": 70.82051696354,
      "max": 72.40924011354,
      "times": [
        71.34691480254,
        70.82051696354,
        71.58931342854,
        71.54756802754,
        71.57676573454,
        71.44299941253999,
        71.65253697054,
        72.40924011354,
        71.45347941954,
        72.11553253353999
      ],
      "exit_codes": [
        0,
        0,
        0,
        0,
        0,
        0,
        0,
        0,
        0,
        0
      ]
    }
  ]
}
