{
  "results": [
    {
      "command": "cargo build --jobs 8 --release --example breakout",
      "mean": 107.29653731076,
      "stddev": 0.43906724796033925,
      "median": 107.20494319386,
      "user": 810.8243299799999,
      "system": 21.975559339999997,
      "min": 106.82555173536,
      "max": 107.97904986636,
      "times": [
        107.27165351236,
        107.79927563336,
        107.97904986636,
        106.83041931636001,
        107.13823287536,
        106.96724659836,
        107.64256065336001,
        106.85558082636,
        107.65580209036,
        106.82555173536
      ],
      "exit_codes": [
        0,
        0,
        0,
        0,
        0,
        0,
        0,
        0,
        0,
        0
      ]
    }
  ]
}
