{
  "results": [
    {
      "command": "cargo build --jobs 8 --release --example breakout",
      "mean": 134.36037912609999,
      "stddev": 0.1872363042935068,
      "median": 134.3639407957,
      "user": 1029.69929578,
      "system": 24.91794878,
      "min": 134.05838148269999,
      "max": 134.7771584337,
      "times": [
        134.3742295407,
        134.05838148269999,
        134.3884549567,
        134.4977109367,
        134.2462855537,
        134.3694724057,
        134.3584091857,
        134.7771584337,
        134.27600446969998,
        134.2576842957
      ],
      "exit_codes": [
        0,
        0,
        0,
        0,
        0,
        0,
        0,
        0,
        0,
        0
      ]
    }
  ]
}
