{
  "results": [
    {
      "command": "cargo build --jobs 16 --release --example breakout",
      "mean": 92.23210050026,
      "stddev": 1.1617029929610159,
      "median": 91.77088310366,
      "user": 1290.2795973999998,
      "system": 30.908938139999997,
      "min": 90.80558022516,
      "max": 93.75607912716,
      "times": [
        93.75607912716,
        93.40361141716001,
        93.46996708716,
        91.32029258616001,
        91.96877381116,
        90.80558022516,
        91.22047284716,
        91.57299239616,
        93.51241505916,
        91.29082044616
      ],
      "exit_codes": [
        0,
        0,
        0,
        0,
        0,
        0,
        0,
        0,
        0,
        0
      ]
    }
  ]
}
