{
  "results": [
    {
      "command": "cargo build --jobs 8 --release --example breakout",
      "mean": 115.05758763186,
      "stddev": 0.19120918298785405,
      "median": 115.04715634115999,
      "user": 869.44322132,
      "system": 22.681294200000004,
      "min": 114.78152437365999,
      "max": 115.31110434066,
      "times": [
        114.89046180865999,
        114.78152437365999,
        115.31110434066,
        115.30282740765999,
        115.03542124666,
        114.96274747865999,
        114.87458452365999,
        115.06092542366,
        115.29738827966,
        115.05889143566
      ],
      "exit_codes": [
        0,
        0,
        0,
        0,
        0,
        0,
        0,
        0,
        0,
        0
      ]
    }
  ]
}
