{
  "results": [
    {
      "command": "cargo build --jobs 16 --release --example breakout",
      "mean": 74.84651957690001,
      "stddev": 0.446155728033312,
      "median": 74.901338315,
      "user": 1095.72577418,
      "system": 28.419465479999996,
      "min": 74.0766379265,
      "max": 75.38901265450001,
      "times": [
        74.1070209575,
        74.0766379265,
        75.38901265450001,
        75.0910353995,
        74.8202192095,
        74.8698274325,
        74.7861980515,
        75.0530961085,
        74.9328491975,
        75.3392988315
      ],
      "exit_codes": [
        0,
        0,
        0,
        0,
        0,
        0,
        0,
        0,
        0,
        0
      ]
    }
  ]
}
