{
  "results": [
    {
      "command": "cargo build --jobs 16 --release --example breakout",
      "mean": 80.03120971301999,
      "stddev": 0.4254341568473195,
      "median": 80.11569217422,
      "user": 1154.72674968,
      "system": 30.133094120000003,
      "min": 79.15457847121999,
      "max": 80.54588567821999,
      "times": [
        79.46274013322,
        80.34658932122,
        79.91680652122,
        79.15457847121999,
        80.06763240122,
        80.35050571021999,
        80.12955773022,
        80.10182661822,
        80.23597454521999,
        80.54588567821999
      ],
      "exit_codes": [
        0,
        0,
        0,
        0,
        0,
        0,
        0,
        0,
        0,
        0
      ]
    }
  ]
}
