{
  "results": [
    {
      "command": "cargo build --jobs 16 --release --example breakout",
      "mean": 77.57252692713999,
      "stddev": 0.12084653696535812,
      "median": 77.55986435044,
      "user": 1147.7459164199997,
      "system": 29.63452158,
      "min": 77.41412378893999,
      "max": 77.76329718694,
      "times": [
        77.41534427094,
        77.58239623493999,
        77.54453483994,
        77.62510544093999,
        77.76329718694,
        77.41412378893999,
        77.49905048293999,
        77.56682033994,
        77.76168832494,
        77.55290836094
      ],
      "exit_codes": [
        0,
        0,
        0,
        0,
        0,
        0,
        0,
        0,
        0,
        0
      ]
    }
  ]
}
