{
  "results": [
    {
      "command": "cargo build --jobs 16 --release --example breakout",
      "mean": 91.71974578854,
      "stddev": 1.0076790434287357,
      "median": 91.46532880224,
      "user": 1283.72259596,
      "system": 31.060117819999995,
      "min": 90.47366432324,
      "max": 93.50634616324,
      "times": [
        91.44762070924,
        92.86272309723999,
        91.80922132623999,
        90.69338181424,
        91.48303689523999,
        93.50634616324,
        91.00674460724,
        91.15895694624,
        90.47366432324,
        92.75576200324
      ],
      "exit_codes": [
        0,
        0,
        0,
        0,
        0,
        0,
        0,
        0,
        0,
        0
      ]
    }
  ]
}
