{
  "results": [
    {
      "command": "cargo build --jobs 8 --release --example breakout",
      "mean": 133.95504659106,
      "stddev": 0.10319306842453509,
      "median": 133.93199102775998,
      "user": 1025.9924667199998,
      "system": 24.9390872,
      "min": 133.84417936776,
      "max": 134.14551193076,
      "times": [
        133.86330910076,
        134.09472862075998,
        133.84417936776,
        133.86637142076,
        134.14551193076,
        133.95729394276,
        133.88529229876,
        134.01910900776,
        133.96798210775998,
        133.90668811275998
      ],
      "exit_codes": [
        0,
        0,
        0,
        0,
        0,
        0,
        0,
        0,
        0,
        0
      ]
    }
  ]
}
