{
  "results": [
    {
      "command": "cargo build --jobs 8 --release --example breakout",
      "mean": 120.41854399230002,
      "stddev": 0.27684830984354347,
      "median": 120.5461592341,
      "user": 907.0115785599999,
      "system": 24.08472568,
      "min": 119.8968158396,
      "max": 120.72290619159999,
      "times": [
        120.5541081766,
        120.5851549386,
        119.8968158396,
        120.09041933259999,
        120.72290619159999,
        120.1278494366,
        120.5900874676,
        120.4579711936,
        120.5382102916,
        120.62191705459999
      ],
      "exit_codes": [
        0,
        0,
        0,
        0,
        0,
        0,
        0,
        0,
        0,
        0
      ]
    }
  ]
}
