{
  "results": [
    {
      "command": "cargo build --jobs 8 --release --example breakout",
      "mean": 117.2538046331,
      "stddev": 0.12699346863060298,
      "median": 117.24406315280001,
      "user": 904.51791486,
      "system": 23.865739399999995,
      "min": 117.0386875728,
      "max": 117.5299615888,
      "times": [
        117.0386875728,
        117.19386531980001,
        117.2720556988,
        117.5299615888,
        117.23393678980001,
        117.1702584028,
        117.2323661348,
        117.35795277380001,
        117.25477253380001,
        117.25418951580001
      ],
      "exit_codes": [
        0,
        0,
        0,
        0,
        0,
        0,
        0,
        0,
        0,
        0
      ]
    }
  ]
}
