{
  "results": [
    {
      "command": "cargo build --jobs 16 --release --example breakout",
      "mean": 75.38836032202,
      "stddev": 0.2851065212012081,
      "median": 75.40281919312,
      "user": 1141.6143657999999,
      "system": 29.346210300000003,
      "min": 74.82457541762,
      "max": 75.80136324562,
      "times": [
        75.44646941062,
        75.17710288561999,
        75.36862928561999,
        75.69719813462,
        75.43700910061999,
        75.29224973862,
        75.62665821162,
        75.80136324562,
        75.21234778962,
        74.82457541762
      ],
      "exit_codes": [
        0,
        0,
        0,
        0,
        0,
        0,
        0,
        0,
        0,
        0
      ]
    }
  ]
}
