{
  "results": [
    {
      "command": "cargo build --jobs 16 --release --example breakout",
      "mean": 82.87358573179998,
      "stddev": 1.1794817268726616,
      "median": 82.6126811277,
      "user": 1209.7899226599998,
      "system": 31.61894838,
      "min": 81.3506933302,
      "max": 85.14658420319999,
      "times": [
        82.3120538462,
        82.7363293392,
        81.3506933302,
        84.39651979119999,
        83.2907713572,
        83.1767074112,
        85.14658420319999,
        81.6507058392,
        82.1864592842,
        82.4890329162
      ],
      "exit_codes": [
        0,
        0,
        0,
        0,
        0,
        0,
        0,
        0,
        0,
        0
      ]
    }
  ]
}
