{
  "results": [
    {
      "command": "cargo build --jobs 8 --release --example breakout",
      "mean": 125.06721606321999,
      "stddev": 0.20228548755659376,
      "median": 125.07911119221998,
      "user": 963.61430566,
      "system": 25.476457840000002,
      "min": 124.80037588622,
      "max": 125.50140833821999,
      "times": [
        125.02048093421999,
        124.85271571822,
        124.87675520321999,
        125.08451256321999,
        125.16381821722,
        124.80037588622,
        125.12722801822,
        125.07370982121999,
        125.50140833821999,
        125.17115593221999
      ],
      "exit_codes": [
        0,
        0,
        0,
        0,
        0,
        0,
        0,
        0,
        0,
        0
      ]
    }
  ]
}
