{
  "results": [
    {
      "command": "cargo build --jobs 8 --release --example breakout",
      "mean": 121.06237034813998,
      "stddev": 0.3221385650298719,
      "median": 120.98788941194,
      "user": 916.3028938999998,
      "system": 24.508195680000004,
      "min": 120.77874741044,
      "max": 121.94739634844001,
      "times": [
        120.77874741044,
        120.94734567144,
        120.99502543244,
        120.98075339144,
        120.90148581444001,
        121.01906573544001,
        120.94177859944001,
        121.94739634844001,
        121.09751119444,
        121.01459388344
      ],
      "exit_codes": [
        0,
        0,
        0,
        0,
        0,
        0,
        0,
        0,
        0,
        0
      ]
    }
  ]
}
