{
  "results": [
    {
      "command": "cargo build --jobs 16 --release --example breakout",
      "mean": 96.99827266510002,
      "stddev": 2.794446587125987,
      "median": 96.48386298150001,
      "user": 1342.85048256,
      "system": 33.2984484,
      "min": 95.21642782100001,
      "max": 104.71501236200001,
      "times": [
        96.652204255,
        95.518782762,
        95.647163425,
        97.182508422,
        96.336831878,
        104.71501236200001,
        96.74350609800001,
        95.21642782100001,
        95.33939554300001,
        96.63089408500001
      ],
      "exit_codes": [
        0,
        0,
        0,
        0,
        0,
        0,
        0,
        0,
        0,
        0
      ]
    }
  ]
}
