{
  "results": [
    {
      "command": "cargo build --jobs 8 --release --example breakout",
      "mean": 139.44520447949998,
      "stddev": 0.12725500270014103,
      "median": 139.4152502247,
      "user": 1072.4321325199999,
      "system": 26.692558960000003,
      "min": 139.3429359007,
      "max": 139.7942946147,
      "times": [
        139.4360483827,
        139.3684866827,
        139.3985602007,
        139.3429359007,
        139.4304404257,
        139.4000600237,
        139.4539045877,
        139.7942946147,
        139.4355020567,
        139.3918119197
      ],
      "exit_codes": [
        0,
        0,
        0,
        0,
        0,
        0,
        0,
        0,
        0,
        0
      ]
    }
  ]
}
