{
  "results": [
    {
      "command": "cargo build --jobs 16 --release --example breakout",
      "mean": 89.97706573926,
      "stddev": 1.1279366335799184,
      "median": 89.93378601936,
      "user": 1267.27954104,
      "system": 30.872363439999997,
      "min": 88.45164816836,
      "max": 91.74152406836,
      "times": [
        90.44232737536,
        88.45164816836,
        90.39683549936,
        91.16454296636,
        91.74152406836,
        91.01829018836,
        89.26832417536,
        89.47073653936,
        89.10753914136,
        88.70888927036
      ],
      "exit_codes": [
        0,
        0,
        0,
        0,
        0,
        0,
        0,
        0,
        0,
        0
      ]
    }
  ]
}
