{
  "results": [
    {
      "command": "cargo build --jobs 8 --release --example breakout",
      "mean": 124.71676096944002,
      "stddev": 0.2477919121919694,
      "median": 124.71248041464,
      "user": 956.4437913599999,
      "system": 25.30361704,
      "min": 124.30764603664,
      "max": 125.06149540364,
      "times": [
        125.06149540364,
        124.30764603664,
        124.73101000064,
        124.59976753364,
        124.69395082864,
        124.53752635664,
        124.44417046364,
        124.96322644263999,
        124.85663712564,
        124.97217950264
      ],
      "exit_codes": [
        0,
        0,
        0,
        0,
        0,
        0,
        0,
        0,
        0,
        0
      ]
    }
  ]
}
