{
  "results": [
    {
      "command": "cargo build --jobs 16 --release --example breakout",
      "mean": 81.93478065784001,
      "stddev": 0.7971732294154167,
      "median": 81.72183362314001,
      "user": 1199.6568129799996,
      "system": 31.45563082,
      "min": 80.62554278064,
      "max": 83.42774569664,
      "times": [
        83.42774569664,
        81.95036207664,
        81.71595818664001,
        82.15576864164001,
        81.72770905964,
        81.38480430764001,
        81.70808494364,
        83.02471435164,
        81.62711653364,
        80.62554278064
      ],
      "exit_codes": [
        0,
        0,
        0,
        0,
        0,
        0,
        0,
        0,
        0,
        0
      ]
    }
  ]
}
