{
  "results": [
    {
      "command": "cargo build --jobs 16 --release --example breakout",
      "mean": 78.46583042168,
      "stddev": 0.25231523877425927,
      "median": 78.49098492718,
      "user": 1181.0643287999999,
      "system": 30.43115426,
      "min": 78.12029942718,
      "max": 78.74222085618,
      "times": [
        78.12845584518,
        78.40671744218,
        78.57525241217999,
        78.72672980317999,
        78.12029942718,
        78.26941479818,
        78.68779257118,
        78.74222085618,
        78.71230723618,
        78.28911382518
      ],
      "exit_codes": [
        0,
        0,
        0,
        0,
        0,
        0,
        0,
        0,
        0,
        0
      ]
    }
  ]
}
