{
  "results": [
    {
      "command": "cargo build --jobs 16 --release --example breakout",
      "mean": 78.29147297434,
      "stddev": 0.17937345849051814,
      "median": 78.24988016734,
      "user": 1180.65951498,
      "system": 30.373793080000002,
      "min": 77.94876929784,
      "max": 78.57082792784,
      "times": [
        78.57082792784,
        78.21904387184,
        78.27256973083999,
        78.17277151884,
        78.34128059884,
        78.22687828784,
        78.22719060384,
        77.94876929784,
        78.44032644484,
        78.49507146084
      ],
      "exit_codes": [
        0,
        0,
        0,
        0,
        0,
        0,
        0,
        0,
        0,
        0
      ]
    }
  ]
}
