{
  "results": [
    {
      "command": "cargo build --jobs 8 --release --example breakout",
      "mean": 121.67105841253999,
      "stddev": 0.17609432399789504,
      "median": 121.59386268174,
      "user": 933.6534586599998,
      "system": 24.72847066,
      "min": 121.52357500274,
      "max": 122.06106278474,
      "times": [
        121.86900348574,
        121.56649357774,
        121.69902932773999,
        121.53200060574,
        122.06106278474,
        121.59521261174,
        121.52357500274,
        121.59251275174,
        121.73731357074,
        121.53438040674
      ],
      "exit_codes": [
        0,
        0,
        0,
        0,
        0,
        0,
        0,
        0,
        0,
        0
      ]
    }
  ]
}
