{
  "results": [
    {
      "command": "cargo build --jobs 16 --release --example breakout",
      "mean": 99.59328198721998,
      "stddev": 4.764400403584872,
      "median": 97.97395091541999,
      "user": 1369.8132178,
      "system": 33.75073019999999,
      "min": 96.49315843192,
      "max": 112.71170281191999,
      "times": [
        97.71454312191999,
        101.21118055592,
        98.03705615092,
        98.47271642092,
        97.48624435091999,
        112.71170281191999,
        98.14885478992,
        97.74651755792,
        96.49315843192,
        97.91084567991999
      ],
      "exit_codes": [
        0,
        0,
        0,
        0,
        0,
        0,
        0,
        0,
        0,
        0
      ]
    }
  ]
}
