{
  "results": [
    {
      "command": "cargo build --jobs 8 --release --example breakout",
      "mean": 142.81017850651997,
      "stddev": 0.2357892676121557,
      "median": 142.85708665222,
      "user": 1095.0099682599998,
      "system": 27.22255326,
      "min": 142.38965160522,
      "max": 143.08116777022,
      "times": [
        142.74561589522,
        143.00164165622,
        142.79854605821998,
        142.98609693621998,
        142.42476965121998,
        143.08116777022,
        142.38965160522,
        142.81995018222,
        142.96012218822,
        142.89422312221998
      ],
      "exit_codes": [
        0,
        0,
        0,
        0,
        0,
        0,
        0,
        0,
        0,
        0
      ]
    }
  ]
}
