{
  "results": [
    {
      "command": "cargo build --jobs 16 --release --example breakout",
      "mean": 76.37704800838,
      "stddev": 3.019925999118412,
      "median": 75.46593409668,
      "user": 1138.4523303199999,
      "system": 30.49045136,
      "min": 74.99796510368,
      "max": 84.93115022368,
      "times": [
        74.99796510368,
        75.42116528168,
        75.90702232568,
        75.51070291168,
        75.15648233468,
        75.32971434168,
        75.61001845468,
        75.79778873568,
        75.10847037068,
        84.93115022368
      ],
      "exit_codes": [
        0,
        0,
        0,
        0,
        0,
        0,
        0,
        0,
        0,
        0
      ]
    }
  ]
}
