{
  "results": [
    {
      "command": "cargo build --jobs 8 --release --example breakout",
      "mean": 113.37186730687999,
      "stddev": 0.3235927086547394,
      "median": 113.30290974848,
      "user": 854.39336262,
      "system": 22.838187819999995,
      "min": 112.99294434698,
      "max": 113.98675144997999,
      "times": [
        113.13060182998,
        113.19419958098,
        113.78196732398,
        113.43303226398,
        112.99294434698,
        113.03439860697999,
        113.28490114098,
        113.98675144997999,
        113.55895816898,
        113.32091835598
      ],
      "exit_codes": [
        0,
        0,
        0,
        0,
        0,
        0,
        0,
        0,
        0,
        0
      ]
    }
  ]
}
