{
  "results": [
    {
      "command": "cargo build --jobs 8 --release --example breakout",
      "mean": 118.94439093439999,
      "stddev": 1.810416528472901,
      "median": 118.3656842257,
      "user": 912.11963032,
      "system": 24.1784801,
      "min": 118.2651436282,
      "max": 124.0930974272,
      "times": [
        118.4916536282,
        118.3389930382,
        118.37094833719999,
        118.2651436282,
        124.0930974272,
        118.43838313719999,
        118.3604201142,
        118.45011500519999,
        118.30278085319999,
        118.3323741752
      ],
      "exit_codes": [
        0,
        0,
        0,
        0,
        0,
        0,
        0,
        0,
        0,
        0
      ]
    }
  ]
}
