{
  "results": [
    {
      "command": "cargo build --jobs 16 --release --example breakout",
      "mean": 76.16008193712,
      "stddev": 0.3791752414773191,
      "median": 76.04992630012,
      "user": 1146.3874638999998,
      "system": 29.58496322,
      "min": 75.87507341012,
      "max": 77.18407436112,
      "times": [
        76.06033720212,
        77.18407436112,
        76.00659600912,
        76.28786440312,
        76.06846520812,
        76.17334737112,
        75.90139570612,
        75.87507341012,
        76.03951539812,
        76.00415030212
      ],
      "exit_codes": [
        0,
        0,
        0,
        0,
        0,
        0,
        0,
        0,
        0,
        0
      ]
    }
  ]
}
