{
  "results": [
    {
      "command": "cargo build --jobs 16 --release --example breakout",
      "mean": 77.76321438108,
      "stddev": 0.33141205090193726,
      "median": 77.79776169208,
      "user": 1144.25922564,
      "system": 29.953411959999993,
      "min": 77.21181707808,
      "max": 78.15278297908,
      "times": [
        77.54734177208,
        77.68901688508001,
        77.21181707808,
        78.00020547108001,
        77.65971653808,
        78.00944035808,
        78.13387951908001,
        77.90650649908001,
        77.32143671108001,
        78.15278297908
      ],
      "exit_codes": [
        0,
        0,
        0,
        0,
        0,
        0,
        0,
        0,
        0,
        0
      ]
    }
  ]
}
