{
  "results": [
    {
      "command": "cargo build --jobs 8 --release --example breakout",
      "mean": 116.98305833354,
      "stddev": 0.14696236007935606,
      "median": 116.97794000714,
      "user": 898.46222676,
      "system": 24.024688599999998,
      "min": 116.75437841364,
      "max": 117.24794106564,
      "times": [
        117.02732376364,
        116.97848586264,
        116.75437841364,
        116.97739415164,
        116.89991643964001,
        117.24794106564,
        116.82008455464,
        117.07215926564,
        117.13765685664,
        116.91524296164
      ],
      "exit_codes": [
        0,
        0,
        0,
        0,
        0,
        0,
        0,
        0,
        0,
        0
      ]
    }
  ]
}
