{
  "results": [
    {
      "command": "cargo build --jobs 16 --release --example breakout",
      "mean": 76.68843874372001,
      "stddev": 4.509121671416123,
      "median": 75.29187267922,
      "user": 1131.8249158600001,
      "system": 29.421488339999996,
      "min": 75.01644485522,
      "max": 89.51673211421999,
      "times": [
        75.29151942322,
        75.47256285921999,
        75.01644485522,
        75.31960725622,
        75.29222593522,
        89.51673211421999,
        75.21857001522,
        75.25915745422,
        75.36606600422,
        75.13150152022
      ],
      "exit_codes": [
        0,
        0,
        0,
        0,
        0,
        0,
        0,
        0,
        0,
        0
      ]
    }
  ]
}
