{
  "results": [
    {
      "command": "cargo build --jobs 16 --release --example breakout",
      "mean": 93.00866605842,
      "stddev": 1.318341669625481,
      "median": 92.90729506292,
      "user": 1285.5875723799998,
      "system": 31.45704012,
      "min": 90.97225191892001,
      "max": 94.98902046892,
      "times": [
        92.70104607392,
        94.16303025292001,
        91.77283797792,
        90.97225191892001,
        94.98902046892,
        93.80701609592,
        92.77432328792,
        91.53443755392,
        93.04026683792,
        94.33243011592
      ],
      "exit_codes": [
        0,
        0,
        0,
        0,
        0,
        0,
        0,
        0,
        0,
        0
      ]
    }
  ]
}
