{
  "results": [
    {
      "command": "cargo build --jobs 8 --release --example breakout",
      "mean": 134.66955816884004,
      "stddev": 0.17594947444956802,
      "median": 134.67908585994002,
      "user": 1029.01060856,
      "system": 25.076054719999995,
      "min": 134.48107180094001,
      "max": 135.05698745694,
      "times": [
        134.71967042494,
        134.74299334994,
        134.63850129494,
        134.76710328694,
        134.52608866694,
        134.73801387094,
        134.51783032994,
        135.05698745694,
        134.50732120594,
        134.48107180094001
      ],
      "exit_codes": [
        0,
        0,
        0,
        0,
        0,
        0,
        0,
        0,
        0,
        0
      ]
    }
  ]
}
