{
  "results": [
    {
      "command": "cargo build --jobs 8 --release --example breakout",
      "mean": 127.47286326492,
      "stddev": 0.17699821166448218,
      "median": 127.44508547652,
      "user": 976.0820642599998,
      "system": 25.749652200000003,
      "min": 127.24663947952,
      "max": 127.87426192152,
      "times": [
        127.46453477852,
        127.36984093052,
        127.52967044252,
        127.42563617452001,
        127.87426192152,
        127.52378289952,
        127.32470441452,
        127.36501250352,
        127.60454910452,
        127.24663947952
      ],
      "exit_codes": [
        0,
        0,
        0,
        0,
        0,
        0,
        0,
        0,
        0,
        0
      ]
    }
  ]
}
