{
  "results": [
    {
      "command": "cargo build --jobs 16 --release --example breakout",
      "mean": 87.63130730174,
      "stddev": 0.9158941081770684,
      "median": 87.75601208254,
      "user": 1222.2129901599997,
      "system": 32.185464100000004,
      "min": 85.23467741404,
      "max": 88.45723014504,
      "times": [
        88.04494584204,
        85.23467741404,
        88.35237875103999,
        87.72069956704,
        87.44232010003999,
        88.20440695203999,
        87.62049361604,
        88.45723014504,
        87.44459603204,
        87.79132459803999
      ],
      "exit_codes": [
        0,
        0,
        0,
        0,
        0,
        0,
        0,
        0,
        0,
        0
      ]
    }
  ]
}
