{
  "results": [
    {
      "command": "cargo build --jobs 16 --release --example breakout",
      "mean": 79.07937860490001,
      "stddev": 3.8355755411584638,
      "median": 77.9619411976,
      "user": 1140.6313153199997,
      "system": 30.2363905,
      "min": 77.2682810756,
      "max": 89.9667157786,
      "times": [
        78.1509443666,
        78.2279302646,
        89.9667157786,
        77.9892903866,
        77.2682810756,
        77.5924184646,
        77.7556544796,
        77.9345920086,
        78.0189707746,
        77.8889884496
      ],
      "exit_codes": [
        0,
        0,
        0,
        0,
        0,
        0,
        0,
        0,
        0,
        0
      ]
    }
  ]
}
