{
  "results": [
    {
      "command": "cargo build --jobs 16 --release --example breakout",
      "mean": 97.73785658811998,
      "stddev": 1.3823966300962274,
      "median": 97.30734016411999,
      "user": 1345.5721965599998,
      "system": 33.23389384,
      "min": 96.29051799112,
      "max": 101.29648669311999,
      "times": [
        96.29051799112,
        101.29648669311999,
        97.43613812011999,
        98.40175122212,
        97.03093976512,
        96.95925005311999,
        97.17854220811999,
        97.17243778512,
        98.08989737012,
        97.52260467312
      ],
      "exit_codes": [
        0,
        0,
        0,
        0,
        0,
        0,
        0,
        0,
        0,
        0
      ]
    }
  ]
}
