{
  "results": [
    {
      "command": "cargo build --jobs 8 --release --example breakout",
      "mean": 123.29951498684,
      "stddev": 0.27748990903113907,
      "median": 123.35498570434001,
      "user": 946.5722788799998,
      "system": 25.211801920000003,
      "min": 122.84875093534,
      "max": 123.63787880534,
      "times": [
        123.43910073734,
        123.63787880534,
        122.95802275134,
        123.50283239034,
        122.84875093534,
        123.27087067134,
        123.61969291034,
        123.17540470234,
        123.07437377534,
        123.46822218934
      ],
      "exit_codes": [
        0,
        0,
        0,
        0,
        0,
        0,
        0,
        0,
        0,
        0
      ]
    }
  ]
}
