{
  "results": [
    {
      "command": "cargo build --jobs 16 --release --example breakout",
      "mean": 81.60257878306001,
      "stddev": 0.8524891859560486,
      "median": 81.73479907706002,
      "user": 1188.5692362999998,
      "system": 31.315266759999993,
      "min": 80.47981503506,
      "max": 82.89591858406001,
      "times": [
        81.08456393006,
        81.61711900306001,
        80.82242683506,
        82.65551775806,
        82.89591858406001,
        80.47981503506,
        80.54441158406,
        81.86036338606,
        81.85247915106001,
        82.21317256406
      ],
      "exit_codes": [
        0,
        0,
        0,
        0,
        0,
        0,
        0,
        0,
        0,
        0
      ]
    }
  ]
}
