{
  "results": [
    {
      "command": "cargo build --jobs 16 --release --example breakout",
      "mean": 73.68952251138,
      "stddev": 0.5958346453856062,
      "median": 73.61828911607999,
      "user": 1085.43090708,
      "system": 27.97152374,
      "min": 72.92351732508,
      "max": 74.76165823407999,
      "times": [
        73.13935758208,
        73.63326242208,
        73.27261343608,
        73.60331581007999,
        72.92351732508,
        74.04788449707999,
        74.50069249008,
        74.76165823407999,
        73.26315388008,
        73.74976943707999
      ],
      "exit_codes": [
        0,
        0,
        0,
        0,
        0,
        0,
        0,
        0,
        0,
        0
      ]
    }
  ]
}
