{
  "results": [
    {
      "command": "cargo build --jobs 8 --release --example breakout",
      "mean": 113.83730157476,
      "stddev": 0.2169147192511934,
      "median": 113.79962082105999,
      "user": 858.61425908,
      "system": 22.5934827,
      "min": 113.61573280206,
      "max": 114.35454784206,
      "times": [
        113.61573280206,
        113.80145613606,
        114.35454784206,
        113.79778550606,
        113.76202549306,
        113.87105468306,
        114.00324573706,
        113.65016968105999,
        113.86386457706,
        113.65313329006
      ],
      "exit_codes": [
        0,
        0,
        0,
        0,
        0,
        0,
        0,
        0,
        0,
        0
      ]
    }
  ]
}
