{
  "results": [
    {
      "command": "cargo build --jobs 8 --release --example breakout",
      "mean": 121.33520977716,
      "stddev": 0.25065421191724824,
      "median": 121.46395553986,
      "user": 904.18492548,
      "system": 23.956065619999997,
      "min": 120.76689669986,
      "max": 121.58062063586,
      "times": [
        120.76689669986,
        121.30015297586,
        121.47351317786,
        121.48013892486,
        121.58062063586,
        121.49762883586,
        121.06327608786,
        121.47780592186,
        121.45439790186,
        121.25766660986001
      ],
      "exit_codes": [
        0,
        0,
        0,
        0,
        0,
        0,
        0,
        0,
        0,
        0
      ]
    }
  ]
}
