{
  "results": [
    {
      "command": "cargo build --jobs 8 --release --example breakout",
      "mean": 122.31270935358,
      "stddev": 0.2590912429398315,
      "median": 122.35438573308,
      "user": 936.28409884,
      "system": 24.42250544,
      "min": 121.97419992858,
      "max": 122.66363707458,
      "times": [
        121.97419992858,
        122.38954326958,
        122.01138289658,
        122.66363707458,
        122.16430019658,
        122.40581389358,
        122.55400498258,
        122.02202251758,
        122.62296057958,
        122.31922819658
      ],
      "exit_codes": [
        0,
        0,
        0,
        0,
        0,
        0,
        0,
        0,
        0,
        0
      ]
    }
  ]
}
