{
  "results": [
    {
      "command": "cargo build --jobs 16 --release --example breakout",
      "mean": 78.68868780142,
      "stddev": 0.5931293658742702,
      "median": 78.53532855402,
      "user": 1180.2302326000001,
      "system": 30.127737379999996,
      "min": 78.14582171502,
      "max": 80.28310520302,
      "times": [
        78.47386278702,
        78.59679432102,
        78.81022916502,
        78.44150829702,
        78.44515107102,
        78.14582171502,
        78.62571923002,
        80.28310520302,
        78.32410664702,
        78.74057957802
      ],
      "exit_codes": [
        0,
        0,
        0,
        0,
        0,
        0,
        0,
        0,
        0,
        0
      ]
    }
  ]
}
