{
  "results": [
    {
      "command": "cargo build --jobs 8 --release --example breakout",
      "mean": 121.46068893632,
      "stddev": 0.3600182413244823,
      "median": 121.30209559062,
      "user": 934.7117875399999,
      "system": 24.477258619999997,
      "min": 121.16198823712,
      "max": 122.26181808112,
      "times": [
        121.16198823712,
        121.26260330112,
        121.17224424812,
        121.24483051512,
        121.22175454012,
        121.40647303512,
        121.34158788012,
        121.71760405012,
        121.81598547512,
        122.26181808112
      ],
      "exit_codes": [
        0,
        0,
        0,
        0,
        0,
        0,
        0,
        0,
        0,
        0
      ]
    }
  ]
}
