{
  "results": [
    {
      "command": "cargo build --jobs 16 --release --example breakout",
      "mean": 92.65425252802001,
      "stddev": 2.7841845026807546,
      "median": 92.03246884822,
      "user": 1281.7028688,
      "system": 31.508403059999996,
      "min": 90.93672283322,
      "max": 100.44362571622,
      "times": [
        91.03992047422001,
        91.52772379522,
        90.93672283322,
        92.16362336722,
        91.60547033022,
        92.01109248522,
        100.44362571622,
        92.05384521122001,
        92.36008649322001,
        92.40041457422001
      ],
      "exit_codes": [
        0,
        0,
        0,
        0,
        0,
        0,
        0,
        0,
        0,
        0
      ]
    }
  ]
}
