{
  "results": [
    {
      "command": "cargo build --jobs 8 --release --example breakout",
      "mean": 134.61225189024,
      "stddev": 0.22800187456034351,
      "median": 134.67482314694,
      "user": 1025.27679716,
      "system": 25.29831144,
      "min": 134.24427588544,
      "max": 134.93562765444,
      "times": [
        134.65372853144,
        134.68470309444,
        134.93562765444,
        134.73801397644002,
        134.27008665044,
        134.70475087444,
        134.41737749544,
        134.66494319944002,
        134.24427588544,
        134.80901154044
      ],
      "exit_codes": [
        0,
        0,
        0,
        0,
        0,
        0,
        0,
        0,
        0,
        0
      ]
    }
  ]
}
