{
  "results": [
    {
      "command": "cargo build --jobs 8 --release --example breakout",
      "mean": 120.56333222802,
      "stddev": 0.21863393373764548,
      "median": 120.48906780882,
      "user": 903.36944972,
      "system": 23.718574260000004,
      "min": 120.27550902482,
      "max": 120.91304285182,
      "times": [
        120.37379142782,
        120.45501359682,
        120.41385374382,
        120.66810737082,
        120.91304285182,
        120.90744157682,
        120.52312202082,
        120.44265752881999,
        120.66078313782,
        120.27550902482
      ],
      "exit_codes": [
        0,
        0,
        0,
        0,
        0,
        0,
        0,
        0,
        0,
        0
      ]
    }
  ]
}
