{
  "results": [
    {
      "command": "cargo build --jobs 16 --release --example breakout",
      "mean": 70.97362085404,
      "stddev": 0.6620854413909205,
      "median": 71.19235504754,
      "user": 996.1460624000001,
      "system": 27.24410244,
      "min": 69.79017126554001,
      "max": 71.81850426254,
      "times": [
        70.97604178154,
        70.29787756754,
        71.53980265154,
        70.43735098654001,
        69.79017126554001,
        71.42840068654,
        71.81850426254,
        71.40866831354,
        71.44731362354001,
        70.59207740154001
      ],
      "exit_codes": [
        0,
        0,
        0,
        0,
        0,
        0,
        0,
        0,
        0,
        0
      ]
    }
  ]
}
