{
  "results": [
    {
      "command": "cargo build --jobs 8 --release --example breakout",
      "mean": 105.58286295524002,
      "stddev": 0.21638281914570617,
      "median": 105.51762443954001,
      "user": 795.72497368,
      "system": 21.687679059999997,
      "min": 105.23362877754,
      "max": 106.03871802354001,
      "times": [
        105.66905040354001,
        105.75991483354001,
        106.03871802354001,
        105.67109669154,
        105.45764172154,
        105.50940676254001,
        105.49295618154001,
        105.47037404054001,
        105.23362877754,
        105.52584211654
      ],
      "exit_codes": [
        0,
        0,
        0,
        0,
        0,
        0,
        0,
        0,
        0,
        0
      ]
    }
  ]
}
