{
  "results": [
    {
      "command": "cargo build --jobs 8 --release --example breakout",
      "mean": 116.47836018366002,
      "stddev": 0.25810094377897286,
      "median": 116.41070968956001,
      "user": 898.5617880999998,
      "system": 24.11235434,
      "min": 116.28197893406,
      "max": 117.18237409606,
      "times": [
        116.35788735306001,
        116.47020118806,
        116.28197893406,
        117.18237409606,
        116.36843037306001,
        116.40077747506,
        116.42064190406,
        116.44866810106001,
        116.53363068506,
        116.31901172706
      ],
      "exit_codes": [
        0,
        0,
        0,
        0,
        0,
        0,
        0,
        0,
        0,
        0
      ]
    }
  ]
}
