{
  "results": [
    {
      "command": "cargo build --jobs 16 --release --example breakout",
      "mean": 74.66756046156002,
      "stddev": 0.3923622336940731,
      "median": 74.76999139226001,
      "user": 1133.3879018599998,
      "system": 29.02719244,
      "min": 74.18670844276001,
      "max": 75.12143955676001,
      "times": [
        74.37465081376001,
        75.12143955676001,
        74.18793210176001,
        75.07850057376001,
        74.18670844276001,
        74.83248771776,
        74.70749506676,
        74.20173113676,
        75.05087138776001,
        74.93378781776
      ],
      "exit_codes": [
        0,
        0,
        0,
        0,
        0,
        0,
        0,
        0,
        0,
        0
      ]
    }
  ]
}
