{
  "results": [
    {
      "command": "cargo build --jobs 16 --release --example breakout",
      "mean": 89.96138427900001,
      "stddev": 1.1166947992870258,
      "median": 89.5561725907,
      "user": 1276.6277249799998,
      "system": 30.75068854,
      "min": 88.7604122842,
      "max": 91.69489565420001,
      "times": [
        88.8550030682,
        89.5821577472,
        90.8104435852,
        91.69489565420001,
        88.7604122842,
        88.86331391120001,
        89.39063621720001,
        91.5832868052,
        89.5301874342,
        90.5435060832
      ],
      "exit_codes": [
        0,
        0,
        0,
        0,
        0,
        0,
        0,
        0,
        0,
        0
      ]
    }
  ]
}
