{
  "results": [
    {
      "command": "cargo build --jobs 8 --release --example breakout",
      "mean": 120.42863484976002,
      "stddev": 0.5294622089571787,
      "median": 120.49388113736,
      "user": 904.87055946,
      "system": 23.76881898,
      "min": 119.69133371086001,
      "max": 121.54191428386001,
      "times": [
        120.54392534486,
        120.42571134086,
        119.86905943686001,
        120.59103347586,
        121.54191428386001,
        119.69133371086001,
        120.62618992686001,
        119.88826174186,
        120.66508230586001,
        120.44383692986001
      ],
      "exit_codes": [
        0,
        0,
        0,
        0,
        0,
        0,
        0,
        0,
        0,
        0
      ]
    }
  ]
}
