{
  "results": [
    {
      "command": "cargo build --jobs 16 --release --example breakout",
      "mean": 77.25721991308,
      "stddev": 0.14745467002491908,
      "median": 77.20377866327999,
      "user": 1144.4169207599996,
      "system": 29.391264440000004,
      "min": 77.12565493528,
      "max": 77.58329396428,
      "times": [
        77.39148092228,
        77.21221292928,
        77.37329682428,
        77.19534439728,
        77.14969542028,
        77.23082557028,
        77.18368144728,
        77.58329396428,
        77.12565493528,
        77.12671272028
      ],
      "exit_codes": [
        0,
        0,
        0,
        0,
        0,
        0,
        0,
        0,
        0,
        0
      ]
    }
  ]
}
