{
  "results": [
    {
      "command": "cargo build --jobs 8 --release --example breakout",
      "mean": 117.82543462353999,
      "stddev": 0.2971493579823858,
      "median": 117.90205458643999,
      "user": 905.2518422400001,
      "system": 24.056005759999998,
      "min": 117.19361169494,
      "max": 118.09672772494,
      "times": [
        117.77413713893999,
        118.05445332293999,
        117.42111899694,
        117.84667885494,
        118.03502116594,
        117.84738479293999,
        118.09672772494,
        117.19361169494,
        117.95672437994,
        118.02848816294
      ],
      "exit_codes": [
        0,
        0,
        0,
        0,
        0,
        0,
        0,
        0,
        0,
        0
      ]
    }
  ]
}
