{
  "results": [
    {
      "command": "cargo build --jobs 16 --release --example breakout",
      "mean": 76.13276113421999,
      "stddev": 0.5168732852601333,
      "median": 75.98683831782,
      "user": 1144.15124096,
      "system": 29.647507799999993,
      "min": 75.33575438732001,
      "max": 77.31830980432001,
      "times": [
        76.27765118932,
        75.88578730332,
        76.35570849032,
        76.39886654632001,
        77.31830980432001,
        75.33575438732001,
        75.99894515632,
        75.91665374832,
        75.86520323732,
        75.97473147932
      ],
      "exit_codes": [
        0,
        0,
        0,
        0,
        0,
        0,
        0,
        0,
        0,
        0
      ]
    }
  ]
}
