{
  "results": [
    {
      "command": "cargo build --jobs 16 --release --example breakout",
      "mean": 97.13922778295998,
      "stddev": 0.47012795306227195,
      "median": 97.06192391956,
      "user": 1335.63534898,
      "system": 32.95048088,
      "min": 96.46905817806,
      "max": 98.17450693906,
      "times": [
        97.62643279106,
        96.95975502806,
        97.11953202705999,
        97.20447843906,
        97.00431581206,
        96.46905817806,
        97.12463629406,
        96.93782851406,
        96.77173380706,
        98.17450693906
      ],
      "exit_codes": [
        0,
        0,
        0,
        0,
        0,
        0,
        0,
        0,
        0,
        0
      ]
    }
  ]
}
