{
  "results": [
    {
      "command": "cargo build --jobs 8 --release --example breakout",
      "mean": 140.56438659086,
      "stddev": 0.22377261988159072,
      "median": 140.46385548196002,
      "user": 1065.6444869400002,
      "system": 26.364249459999996,
      "min": 140.32742248446002,
      "max": 140.91835064246,
      "times": [
        140.74506513146,
        140.80773057246,
        140.91835064246,
        140.32742248446002,
        140.39200713446002,
        140.78472844446,
        140.45962496446,
        140.32795115146,
        140.41289938346,
        140.46808599946002
      ],
      "exit_codes": [
        0,
        0,
        0,
        0,
        0,
        0,
        0,
        0,
        0,
        0
      ]
    }
  ]
}
