{
  "results": [
    {
      "command": "cargo build --jobs 16 --release --example breakout",
      "mean": 70.93393832368001,
      "stddev": 1.0152658427110026,
      "median": 70.70787571247999,
      "user": 1003.3319821000001,
      "system": 27.3176298,
      "min": 69.63403784148001,
      "max": 72.36133579448,
      "times": [
        71.17278836948,
        70.15069297548,
        72.09478401548,
        72.36133579448,
        72.29345097748,
        70.36087294848001,
        70.92005520948,
        69.63403784148001,
        70.49569621548,
        69.85566888948
      ],
      "exit_codes": [
        0,
        0,
        0,
        0,
        0,
        0,
        0,
        0,
        0,
        0
      ]
    }
  ]
}
