{
  "results": [
    {
      "command": "cargo build --jobs 16 --release --example breakout",
      "mean": 74.20537047118,
      "stddev": 0.4552426519832214,
      "median": 74.09402165348,
      "user": 1093.9089861199998,
      "system": 28.26909654,
      "min": 73.70814023648,
      "max": 74.85442129648,
      "times": [
        73.74271653648,
        74.14650640148,
        74.76396987248,
        74.85210202348,
        74.17203058048,
        73.70814023648,
        74.04153690548,
        73.97868963548,
        74.85442129648,
        73.79359122347999
      ],
      "exit_codes": [
        0,
        0,
        0,
        0,
        0,
        0,
        0,
        0,
        0,
        0
      ]
    }
  ]
}
