{
  "results": [
    {
      "command": "cargo build --jobs 16 --release --example breakout",
      "mean": 70.20980250292,
      "stddev": 0.5168423749759516,
      "median": 70.31995202732,
      "user": 1004.8996734400001,
      "system": 27.31912914,
      "min": 69.24905553082,
      "max": 70.73982165282,
      "times": [
        70.61245700382,
        70.59195089482,
        69.51718985782,
        70.31681065082,
        69.24905553082,
        70.66145181182,
        70.32309340382001,
        70.29651865682,
        69.78967556582,
        70.73982165282
      ],
      "exit_codes": [
        0,
        0,
        0,
        0,
        0,
        0,
        0,
        0,
        0,
        0
      ]
    }
  ]
}
