{
  "results": [
    {
      "command": "cargo build --jobs 8 --release --example breakout",
      "mean": 106.0456737836,
      "stddev": 0.3865492125466128,
      "median": 106.1993542335,
      "user": 800.2950634,
      "system": 21.629985359999992,
      "min": 105.445362985,
      "max": 106.44820001,
      "times": [
        106.03164807,
        105.530802842,
        106.344125531,
        105.445362985,
        105.569814075,
        106.44820001,
        106.371336635,
        106.11330371,
        106.316739221,
        106.285404757
      ],
      "exit_codes": [
        0,
        0,
        0,
        0,
        0,
        0,
        0,
        0,
        0,
        0
      ]
    }
  ]
}
