{
  "results": [
    {
      "command": "cargo build --jobs 16 --release --example breakout",
      "mean": 77.38598064358001,
      "stddev": 0.24872305129323136,
      "median": 77.27065549108,
      "user": 1143.1996969799998,
      "system": 29.953862039999997,
      "min": 77.17884137208,
      "max": 77.88157246008001,
      "times": [
        77.25056470608,
        77.88157246008001,
        77.24893671708,
        77.78422398908,
        77.26965298208,
        77.17884137208,
        77.46942123308,
        77.29320171608,
        77.21173326008001,
        77.27165800008001
      ],
      "exit_codes": [
        0,
        0,
        0,
        0,
        0,
        0,
        0,
        0,
        0,
        0
      ]
    }
  ]
}
