{
  "results": [
    {
      "command": "cargo build --jobs 16 --release --example breakout",
      "mean": 82.95086873146,
      "stddev": 1.521825029022789,
      "median": 82.29053767206,
      "user": 1205.23004024,
      "system": 31.263322319999997,
      "min": 80.79791803856,
      "max": 85.67365364456,
      "times": [
        85.13641215656,
        82.30944190856,
        85.67365364456,
        82.21199511856,
        82.09648499956,
        80.79791803856,
        82.74759431056,
        82.19296440456,
        84.07058929756,
        82.27163343556
      ],
      "exit_codes": [
        0,
        0,
        0,
        0,
        0,
        0,
        0,
        0,
        0,
        0
      ]
    }
  ]
}
