{
  "results": [
    {
      "command": "cargo build --jobs 8 --release --example breakout",
      "mean": 125.21412288478,
      "stddev": 0.19319943951259355,
      "median": 125.27688192848001,
      "user": 960.4329702199999,
      "system": 25.071779420000002,
      "min": 124.78286927248,
      "max": 125.42580375248001,
      "times": [
        125.25883487448,
        125.00212750448,
        125.37073239548,
        125.42580375248001,
        125.33294842748,
        125.29492898248,
        125.31584275548,
        124.78286927248,
        125.18734487248,
        125.16979601048
      ],
      "exit_codes": [
        0,
        0,
        0,
        0,
        0,
        0,
        0,
        0,
        0,
        0
      ]
    }
  ]
}
