{
  "results": [
    {
      "command": "cargo build --jobs 8 --release --example breakout",
      "mean": 126.77077376434002,
      "stddev": 0.33419669819869186,
      "median": 126.92347296804002,
      "user": 970.67537828,
      "system": 27.837376340000002,
      "min": 126.29690391654,
      "max": 127.08623922554001,
      "times": [
        126.29690391654,
        126.52717412854001,
        127.04669699754001,
        127.08623922554001,
        126.92025568854001,
        127.07322382954001,
        126.37690761854,
        127.07932595754001,
        126.92669024754001,
        126.37432003354
      ],
      "exit_codes": [
        0,
        0,
        0,
        0,
        0,
        0,
        0,
        0,
        0,
        0
      ]
    }
  ]
}
