{
  "results": [
    {
      "command": "cargo build --jobs 8 --release --example breakout",
      "mean": 133.63369844747996,
      "stddev": 0.46060253716059424,
      "median": 133.51815598458,
      "user": 1025.88632896,
      "system": 25.22610622,
      "min": 133.28968926758,
      "max": 134.89031218658,
      "times": [
        133.28968926758,
        133.66488261958,
        134.89031218658,
        133.40301247157998,
        133.44273303658,
        133.32957561658,
        133.51998865758,
        133.67211355958,
        133.51632331158,
        133.60835374758
      ],
      "exit_codes": [
        0,
        0,
        0,
        0,
        0,
        0,
        0,
        0,
        0,
        0
      ]
    }
  ]
}
