{
  "results": [
    {
      "command": "cargo build --jobs 16 --release --example breakout",
      "mean": 90.03123035441999,
      "stddev": 1.3442801114142697,
      "median": 89.57184428542,
      "user": 1276.88520084,
      "system": 30.879275619999994,
      "min": 88.76543199692,
      "max": 92.66600040192,
      "times": [
        89.07352830992,
        92.66600040192,
        89.56475659092,
        92.14234689292,
        89.27877902792,
        90.24962907892,
        90.10369867392,
        88.88920059092,
        88.76543199692,
        89.57893197992
      ],
      "exit_codes": [
        0,
        0,
        0,
        0,
        0,
        0,
        0,
        0,
        0,
        0
      ]
    }
  ]
}
