{
  "results": [
    {
      "command": "cargo build --jobs 16 --release --example breakout",
      "mean": 82.49613049082,
      "stddev": 1.4188018120484869,
      "median": 82.12436117822,
      "user": 1200.0942237800002,
      "system": 31.584002739999995,
      "min": 81.56261348872,
      "max": 86.36224236672,
      "times": [
        81.76371033571999,
        81.65725250772,
        81.56261348872,
        86.36224236672,
        82.40387886271999,
        82.44530459972,
        81.98006074272,
        81.70348302272,
        82.26866161372,
        82.81409736772
      ],
      "exit_codes": [
        0,
        0,
        0,
        0,
        0,
        0,
        0,
        0,
        0,
        0
      ]
    }
  ]
}
