{
  "results": [
    {
      "command": "cargo build --jobs 8 --release --example breakout",
      "mean": 124.7052865927,
      "stddev": 0.24186943832906632,
      "median": 124.76489408110001,
      "user": 957.17630252,
      "system": 25.506343679999997,
      "min": 124.3757718471,
      "max": 125.0375797601,
      "times": [
        124.65212166810001,
        124.3757718471,
        124.8317636001,
        124.8661856341,
        124.3872841021,
        124.6980245621,
        125.0375797601,
        124.4091134531,
        124.8971644171,
        124.8978568831
      ],
      "exit_codes": [
        0,
        0,
        0,
        0,
        0,
        0,
        0,
        0,
        0,
        0
      ]
    }
  ]
}
