{
  "results": [
    {
      "command": "cargo build --jobs 16 --release --example breakout",
      "mean": 74.5237107163,
      "stddev": 0.4929203146768753,
      "median": 74.3928793521,
      "user": 1096.22141662,
      "system": 28.30744182,
      "min": 73.91956078609999,
      "max": 75.18369978209999,
      "times": [
        75.1325789221,
        74.1239764071,
        75.0516225741,
        74.3372072541,
        74.0527598441,
        74.8891182361,
        74.0980319071,
        74.4485514501,
        75.18369978209999,
        73.91956078609999
      ],
      "exit_codes": [
        0,
        0,
        0,
        0,
        0,
        0,
        0,
        0,
        0,
        0
      ]
    }
  ]
}
