{
  "results": [
    {
      "command": "cargo build --jobs 8 --release --example breakout",
      "mean": 119.77294458474,
      "stddev": 0.40080875857163517,
      "median": 119.65054924364,
      "user": 905.1431192399999,
      "system": 24.72482172,
      "min": 119.42496091064,
      "max": 120.53187608264,
      "times": [
        119.47487772763999,
        119.61490101764,
        120.49775203963999,
        119.52356775464,
        119.64007735364,
        119.67692415564,
        120.53187608264,
        119.42496091064,
        119.66102113363999,
        119.68348767164
      ],
      "exit_codes": [
        0,
        0,
        0,
        0,
        0,
        0,
        0,
        0,
        0,
        0
      ]
    }
  ]
}
