{
  "results": [
    {
      "command": "cargo build --jobs 16 --release --example breakout",
      "mean": 78.92113314817999,
      "stddev": 3.3339490831533007,
      "median": 78.03956466148,
      "user": 1139.8192847999999,
      "system": 30.123504319999995,
      "min": 77.30359862798,
      "max": 88.35087086498,
      "times": [
        77.30359862798,
        77.44245400397999,
        77.49719389197999,
        77.74205892597999,
        78.10778669298,
        78.26476457897999,
        78.42347457198,
        78.00854994897999,
        78.07057937398,
        88.35087086498
      ],
      "exit_codes": [
        0,
        0,
        0,
        0,
        0,
        0,
        0,
        0,
        0,
        0
      ]
    }
  ]
}
