{
  "results": [
    {
      "command": "cargo build --jobs 8 --release --example breakout",
      "mean": 132.95625393487998,
      "stddev": 0.18770686794933905,
      "median": 132.94297279927997,
      "user": 1023.34778276,
      "system": 24.6590438,
      "min": 132.70936625278,
      "max": 133.34506311878,
      "times": [
        132.81646694778,
        132.70936625278,
        132.85114051978,
        132.99148982678,
        133.18109647678,
        132.96658838978,
        132.97037541378,
        133.34506311878,
        132.91935720877999,
        132.81159519378
      ],
      "exit_codes": [
        0,
        0,
        0,
        0,
        0,
        0,
        0,
        0,
        0,
        0
      ]
    }
  ]
}
