{
  "results": [
    {
      "command": "cargo build --jobs 16 --release --example breakout",
      "mean": 88.12936797812,
      "stddev": 0.46954654479074753,
      "median": 88.28441811562001,
      "user": 1223.23242024,
      "system": 32.16593904,
      "min": 87.18197381562,
      "max": 88.87576476962,
      "times": [
        87.98611557062,
        87.75291011462001,
        87.79127974162,
        87.18197381562,
        88.34853997162,
        88.27213900562,
        88.87576476962,
        88.48479313362,
        88.30346643262,
        88.29669722562001
      ],
      "exit_codes": [
        0,
        0,
        0,
        0,
        0,
        0,
        0,
        0,
        0,
        0
      ]
    }
  ]
}
