{
  "results": [
    {
      "command": "cargo build --jobs 8 --release --example breakout",
      "mean": 119.94115225115999,
      "stddev": 0.1377607599492065,
      "median": 119.98290365195999,
      "user": 908.6171430199998,
      "system": 24.59001892,
      "min": 119.74307475396,
      "max": 120.17930534995999,
      "times": [
        119.96514036095999,
        119.83009021896,
        120.01555153396,
        119.84175300596,
        120.00066694296,
        119.77747194496,
        120.04760375696,
        120.01086464296,
        119.74307475396,
        120.17930534995999
      ],
      "exit_codes": [
        0,
        0,
        0,
        0,
        0,
        0,
        0,
        0,
        0,
        0
      ]
    }
  ]
}
