{
  "results": [
    {
      "command": "cargo build --jobs 16 --release --example breakout",
      "mean": 89.62815954894,
      "stddev": 0.3240199730219847,
      "median": 89.69239345534001,
      "user": 1247.3506543,
      "system": 30.64769174,
      "min": 88.95066112284,
      "max": 89.94741177084,
      "times": [
        89.94121418684,
        89.65297791284,
        89.48472486584001,
        89.94741177084,
        89.82734871484,
        89.26359674584,
        89.90829313684,
        89.57355803484,
        89.73180899784,
        88.95066112284
      ],
      "exit_codes": [
        0,
        0,
        0,
        0,
        0,
        0,
        0,
        0,
        0,
        0
      ]
    }
  ]
}
