{
  "results": [
    {
      "command": "cargo build --jobs 8 --release --example breakout",
      "mean": 129.77277197624002,
      "stddev": 0.09811727320255402,
      "median": 129.76496673654,
      "user": 996.5506054199999,
      "system": 24.592862559999993,
      "min": 129.63510042304,
      "max": 129.90692466804,
      "times": [
        129.64018148404,
        129.76288808504,
        129.69768344204002,
        129.85903341804,
        129.83112034804,
        129.63510042304,
        129.73602618004,
        129.89171632604,
        129.76704538804,
        129.90692466804
      ],
      "exit_codes": [
        0,
        0,
        0,
        0,
        0,
        0,
        0,
        0,
        0,
        0
      ]
    }
  ]
}
