{
  "results": [
    {
      "command": "cargo build --jobs 8 --release --example breakout",
      "mean": 120.73115673594002,
      "stddev": 0.2597729008935619,
      "median": 120.74735663574,
      "user": 903.5113455200001,
      "system": 23.75956942,
      "min": 120.19877290724,
      "max": 121.00502640824,
      "times": [
        120.71137465624,
        120.93865923823999,
        120.73149421824,
        120.95364865124,
        120.76321905324,
        121.00502640824,
        120.44155065423999,
        120.96485754924,
        120.60296402323999,
        120.19877290724
      ],
      "exit_codes": [
        0,
        0,
        0,
        0,
        0,
        0,
        0,
        0,
        0,
        0
      ]
    }
  ]
}
