{
  "results": [
    {
      "command": "cargo build --jobs 16 --release --example breakout",
      "mean": 77.32910957422,
      "stddev": 0.2507686164953269,
      "median": 77.27375894282,
      "user": 1143.40602674,
      "system": 29.313861539999998,
      "min": 77.01510850832,
      "max": 77.93979832632,
      "times": [
        77.34944204932,
        77.50536237732,
        77.01510850832,
        77.19708710532001,
        77.93979832632,
        77.21992459832,
        77.20040578132,
        77.19888029832,
        77.32759328732,
        77.33749341032001
      ],
      "exit_codes": [
        0,
        0,
        0,
        0,
        0,
        0,
        0,
        0,
        0,
        0
      ]
    }
  ]
}
