{
  "results": [
    {
      "command": "cargo build --jobs 16 --release --example breakout",
      "mean": 70.88221580391999,
      "stddev": 0.9024500459364628,
      "median": 71.02668857891999,
      "user": 1005.6476264400001,
      "system": 27.68771178,
      "min": 69.20909153692,
      "max": 71.78357527392,
      "times": [
        70.98369057692,
        70.89859359792,
        69.20909153692,
        71.78357527392,
        71.75737997291999,
        69.39088886392,
        71.23443986192,
        70.86564505691999,
        71.62916671692,
        71.06968658091999
      ],
      "exit_codes": [
        0,
        0,
        0,
        0,
        0,
        0,
        0,
        0,
        0,
        0
      ]
    }
  ]
}
