{
  "results": [
    {
      "command": "cargo build --jobs 16 --release --example breakout",
      "mean": 91.77835607296,
      "stddev": 1.1321971349391464,
      "median": 92.27628217636,
      "user": 1282.5625771399998,
      "system": 31.332311159999996,
      "min": 90.24204973536,
      "max": 93.33163010036,
      "times": [
        90.49063171036,
        92.35891434036,
        92.19365001236,
        92.46279040036,
        90.45803357336,
        92.76631322436,
        92.57805970036,
        90.90148793236,
        93.33163010036,
        90.24204973536
      ],
      "exit_codes": [
        0,
        0,
        0,
        0,
        0,
        0,
        0,
        0,
        0,
        0
      ]
    }
  ]
}
