{
  "results": [
    {
      "command": "cargo build --jobs 16 --release --example breakout",
      "mean": 96.69072726418,
      "stddev": 0.7290174154615972,
      "median": 97.04266817888,
      "user": 1365.56051552,
      "system": 33.476212520000004,
      "min": 95.46238149338001,
      "max": 97.44115247238001,
      "times": [
        95.46238149338001,
        97.26024914038001,
        97.44115247238001,
        96.26427741938001,
        97.35127424538001,
        97.10603593238001,
        95.74655193938001,
        96.97930042538,
        96.09222831138001,
        97.20382126238
      ],
      "exit_codes": [
        0,
        0,
        0,
        0,
        0,
        0,
        0,
        0,
        0,
        0
      ]
    }
  ]
}
