{
  "results": [
    {
      "command": "cargo build --jobs 8 --release --example breakout",
      "mean": 142.33410707474,
      "stddev": 0.1779174804019914,
      "median": 142.37379367704,
      "user": 1090.23983866,
      "system": 26.818309619999997,
      "min": 142.05662028704,
      "max": 142.60019001604002,
      "times": [
        142.38743330604,
        142.15836017904002,
        142.60019001604002,
        142.39436211804002,
        142.36015404804002,
        142.21583944304,
        142.05662028704,
        142.16850546504,
        142.53675885604,
        142.46284702904
      ],
      "exit_codes": [
        0,
        0,
        0,
        0,
        0,
        0,
        0,
        0,
        0,
        0
      ]
    }
  ]
}
