{
  "results": [
    {
      "command": "cargo build --jobs 8 --release --example breakout",
      "mean": 117.5567635831,
      "stddev": 0.28341995714525214,
      "median": 117.4696157024,
      "user": 905.0573930399999,
      "system": 24.073679919999996,
      "min": 117.2586300034,
      "max": 118.29020205340001,
      "times": [
        117.2586300034,
        117.4656743364,
        117.45423273040001,
        117.33747959040001,
        117.4735570684,
        117.6539925464,
        117.6100360974,
        117.4571730734,
        117.5666583314,
        118.29020205340001
      ],
      "exit_codes": [
        0,
        0,
        0,
        0,
        0,
        0,
        0,
        0,
        0,
        0
      ]
    }
  ]
}
