{
  "results": [
    {
      "command": "cargo build --jobs 16 --release --example breakout",
      "mean": 71.00402293372,
      "stddev": 0.8297575627403844,
      "median": 70.98707069452,
      "user": 1003.63334524,
      "system": 27.36836686,
      "min": 69.22012783552,
      "max": 72.17428826352,
      "times": [
        70.52906145452,
        70.81946543752001,
        72.17428826352,
        71.46488912352,
        70.60450457752,
        71.31771762252001,
        71.93603363352,
        69.22012783552,
        71.13771988252,
        70.83642150652
      ],
      "exit_codes": [
        0,
        0,
        0,
        0,
        0,
        0,
        0,
        0,
        0,
        0
      ]
    }
  ]
}
