{
  "results": [
    {
      "command": "cargo build --jobs 16 --release --example breakout",
      "mean": 72.13633233706,
      "stddev": 0.6808816963933125,
      "median": 72.41674437146,
      "user": 1024.1173181600002,
      "system": 27.498181520000003,
      "min": 70.97965428746,
      "max": 73.08500386346,
      "times": [
        71.78935885845999,
        71.11422716946,
        72.43065423345999,
        72.40283450945999,
        72.43164168546,
        70.97965428746,
        72.43718289546,
        72.76220600546,
        71.93055986246,
        73.08500386346
      ],
      "exit_codes": [
        0,
        0,
        0,
        0,
        0,
        0,
        0,
        0,
        0,
        0
      ]
    }
  ]
}
