{
  "results": [
    {
      "command": "cargo build --jobs 8 --release --example breakout",
      "mean": 108.08214140696,
      "stddev": 0.5447084682214917,
      "median": 107.78136676765999,
      "user": 818.1161617999999,
      "system": 21.812262920000002,
      "min": 107.60779768016,
      "max": 108.98355780416,
      "times": [
        107.74762744216,
        107.87227577716,
        107.79831668716,
        108.98355780416,
        107.60779768016,
        107.74330295516,
        107.76441684816,
        108.92608787316,
        108.66095963216,
        107.71707137016
      ],
      "exit_codes": [
        0,
        0,
        0,
        0,
        0,
        0,
        0,
        0,
        0,
        0
      ]
    }
  ]
}
