{
  "results": [
    {
      "command": "cargo build --jobs 16 --release --example breakout",
      "mean": 92.16558692086,
      "stddev": 1.2436212152916029,
      "median": 91.59221348806,
      "user": 1290.01461326,
      "system": 30.912918079999997,
      "min": 91.01567462056,
      "max": 94.47105217256001,
      "times": [
        91.53246906256,
        91.36570123956,
        91.43547352456001,
        91.01567462056,
        94.47105217256001,
        91.79091556956,
        92.74220904656,
        91.39320456356,
        91.65195791356,
        94.25721149556
      ],
      "exit_codes": [
        0,
        0,
        0,
        0,
        0,
        0,
        0,
        0,
        0,
        0
      ]
    }
  ]
}
