{
  "results": [
    {
      "command": "cargo build --jobs 8 --release --example breakout",
      "mean": 134.47828106432,
      "stddev": 0.19686107689044144,
      "median": 134.43303635952,
      "user": 1029.3714690799998,
      "system": 24.761070080000003,
      "min": 134.18345713652,
      "max": 134.78392280952,
      "times": [
        134.18345713652,
        134.35351354852,
        134.28511422452,
        134.56381495852,
        134.78392280952,
        134.37363550752,
        134.41332684852,
        134.63369864152,
        134.73958109752,
        134.45274587052
      ],
      "exit_codes": [
        0,
        0,
        0,
        0,
        0,
        0,
        0,
        0,
        0,
        0
      ]
    }
  ]
}
