{
  "results": [
    {
      "command": "cargo build --jobs 16 --release --example breakout",
      "mean": 78.38299854800002,
      "stddev": 0.2628575766379336,
      "median": 78.447392443,
      "user": 1178.6126479999998,
      "system": 30.3231891,
      "min": 77.9855235565,
      "max": 78.6763557335,
      "times": [
        78.3777804075,
        78.63867723749999,
        78.5170044785,
        78.0419619385,
        78.5825614285,
        78.6763557335,
        78.24873457849999,
        78.62592455949999,
        78.1354615615,
        77.9855235565
      ],
      "exit_codes": [
        0,
        0,
        0,
        0,
        0,
        0,
        0,
        0,
        0,
        0
      ]
    }
  ]
}
