{
  "results": [
    {
      "command": "cargo build --jobs 8 --release --example breakout",
      "mean": 121.86566947850001,
      "stddev": 0.24950376801540022,
      "median": 121.83038994629999,
      "user": 932.95743382,
      "system": 24.564559199999998,
      "min": 121.56683924629999,
      "max": 122.4211627883,
      "times": [
        122.0769783583,
        121.56683924629999,
        122.4211627883,
        121.8173771763,
        121.7454604223,
        121.69253867729999,
        121.6357715483,
        121.8588540703,
        121.9983097813,
        121.84340271629999
      ],
      "exit_codes": [
        0,
        0,
        0,
        0,
        0,
        0,
        0,
        0,
        0,
        0
      ]
    }
  ]
}
