{
  "results": [
    {
      "command": "cargo build --jobs 8 --release --example breakout",
      "mean": 103.11765009546,
      "stddev": 0.26555263428001824,
      "median": 103.17364465866001,
      "user": 777.66408182,
      "system": 21.646083440000005,
      "min": 102.61524893616,
      "max": 103.46927392516001,
      "times": [
        103.19871098416,
        103.11762898116001,
        102.61524893616,
        102.73434656016,
        103.46927392516001,
        103.07361557716,
        103.41676541616,
        103.16843569316,
        103.20362125716001,
        103.17885362416
      ],
      "exit_codes": [
        0,
        0,
        0,
        0,
        0,
        0,
        0,
        0,
        0,
        0
      ]
    }
  ]
}
