{
  "results": [
    {
      "command": "cargo build --jobs 16 --release --example breakout",
      "mean": 76.07848204294001,
      "stddev": 0.756600662515364,
      "median": 75.95308916374,
      "user": 1143.9352405,
      "system": 29.575032400000005,
      "min": 75.31066647374,
      "max": 78.03639600474,
      "times": [
        75.86273494374001,
        75.86536413874,
        76.21083242574001,
        75.80901152174,
        78.03639600474,
        75.31066647374,
        76.04081418874,
        76.11564083174,
        75.34853197274,
        76.18482792774
      ],
      "exit_codes": [
        0,
        0,
        0,
        0,
        0,
        0,
        0,
        0,
        0,
        0
      ]
    }
  ]
}
