{
  "results": [
    {
      "command": "cargo build --jobs 16 --release --example breakout",
      "mean": 92.71870624312,
      "stddev": 0.7948269771634318,
      "median": 93.01060565492,
      "user": 1288.32271808,
      "system": 31.39710324,
      "min": 91.68590242492,
      "max": 93.92379758492,
      "times": [
        93.15294785092,
        93.19712709192,
        91.72740505192,
        92.20045486392,
        92.98315759592,
        93.92379758492,
        91.82870187892,
        93.03805371392001,
        93.44951437392,
        91.68590242492
      ],
      "exit_codes": [
        0,
        0,
        0,
        0,
        0,
        0,
        0,
        0,
        0,
        0
      ]
    }
  ]
}
