{
  "results": [
    {
      "command": "cargo build --jobs 16 --release --example breakout",
      "mean": 83.081914436,
      "stddev": 0.9607208097542372,
      "median": 83.08418711190001,
      "user": 1226.38225182,
      "system": 31.729445879999993,
      "min": 81.3698614474,
      "max": 84.9245056324,
      "times": [
        81.3698614474,
        83.7259385434,
        83.0194033474,
        82.7910742454,
        83.3593003884,
        84.9245056324,
        82.7741770684,
        82.0795404654,
        83.6263723454,
        83.1489708764
      ],
      "exit_codes": [
        0,
        0,
        0,
        0,
        0,
        0,
        0,
        0,
        0,
        0
      ]
    }
  ]
}
