{
  "results": [
    {
      "command": "cargo build --jobs 16 --release --example breakout",
      "mean": 77.55545344600002,
      "stddev": 0.11932186437246328,
      "median": 77.5396131313,
      "user": 1145.1958560599999,
      "system": 30.19828478,
      "min": 77.44792820079999,
      "max": 77.83501482579999,
      "times": [
        77.5674523908,
        77.5775911528,
        77.83501482579999,
        77.63406254479999,
        77.51177387179999,
        77.44871795579999,
        77.44792820079999,
        77.45572064779999,
        77.4758350688,
        77.6004378008
      ],
      "exit_codes": [
        0,
        0,
        0,
        0,
        0,
        0,
        0,
        0,
        0,
        0
      ]
    }
  ]
}
