{
  "results": [
    {
      "command": "cargo build --jobs 16 --release --example breakout",
      "mean": 77.47927000476001,
      "stddev": 0.13241923909432732,
      "median": 77.47026979306,
      "user": 1144.32463562,
      "system": 30.119097139999997,
      "min": 77.27295232606,
      "max": 77.74191375705999,
      "times": [
        77.55349537005999,
        77.34960264406,
        77.74191375705999,
        77.55419465905999,
        77.41514058406,
        77.41681046206,
        77.27295232606,
        77.52233548506,
        77.54805065906,
        77.41820410106
      ],
      "exit_codes": [
        0,
        0,
        0,
        0,
        0,
        0,
        0,
        0,
        0,
        0
      ]
    }
  ]
}
