{
  "results": [
    {
      "command": "cargo build --jobs 8 --release --example breakout",
      "mean": 120.15982176426,
      "stddev": 0.17847186640740734,
      "median": 120.14832232326,
      "user": 909.1876591399999,
      "system": 24.426905799999997,
      "min": 119.84523531426,
      "max": 120.53803625226,
      "times": [
        120.04749173326,
        119.84523531426,
        120.53803625226,
        120.10863080125999,
        120.15958773726,
        120.16884469525999,
        120.27495991325999,
        120.24740044826,
        120.13705690926,
        120.07097383826
      ],
      "exit_codes": [
        0,
        0,
        0,
        0,
        0,
        0,
        0,
        0,
        0,
        0
      ]
    }
  ]
}
