{
  "results": [
    {
      "command": "cargo build --jobs 16 --release --example breakout",
      "mean": 73.18281568148,
      "stddev": 0.5157910645175969,
      "median": 73.15932983898,
      "user": 1036.892014,
      "system": 27.80283769999999,
      "min": 72.50882510548,
      "max": 74.05037816848,
      "times": [
        73.68106562548,
        72.67728924848,
        72.50882510548,
        73.00060636648,
        73.66427909848,
        73.16933622248,
        73.14932345548,
        72.56281495048,
        74.05037816848,
        73.36423857348
      ],
      "exit_codes": [
        0,
        0,
        0,
        0,
        0,
        0,
        0,
        0,
        0,
        0
      ]
    }
  ]
}
