{
  "results": [
    {
      "command": "cargo build --jobs 8 --release --example breakout",
      "mean": 121.92952861478,
      "stddev": 0.29423947698788455,
      "median": 121.88695200698001,
      "user": 933.6288542,
      "system": 24.61952826,
      "min": 121.63589443148,
      "max": 122.63343457348,
      "times": [
        122.05576271348,
        121.70189432548,
        121.94937330948,
        121.73312960448,
        121.87004845548,
        122.11265795248,
        121.90385555848,
        121.69923522348,
        122.63343457348,
        121.63589443148
      ],
      "exit_codes": [
        0,
        0,
        0,
        0,
        0,
        0,
        0,
        0,
        0,
        0
      ]
    }
  ]
}
