{
  "results": [
    {
      "command": "cargo build --jobs 8 --release --example breakout",
      "mean": 113.51765382403998,
      "stddev": 0.37270990801592097,
      "median": 113.46230790454,
      "user": 854.7026374999999,
      "system": 22.7499172,
      "min": 113.00229377053999,
      "max": 114.39965451354,
      "times": [
        113.53229295253999,
        113.46903711654,
        113.45166450554,
        113.48737127253999,
        113.45557869254,
        114.39965451354,
        113.21288304154,
        113.79920917653999,
        113.36655319853999,
        113.00229377053999
      ],
      "exit_codes": [
        0,
        0,
        0,
        0,
        0,
        0,
        0,
        0,
        0,
        0
      ]
    }
  ]
}
