{
  "results": [
    {
      "command": "cargo build --jobs 16 --release --example breakout",
      "mean": 73.23761103572,
      "stddev": 0.4331290549096327,
      "median": 73.32444695112,
      "user": 1075.11093988,
      "system": 28.3499775,
      "min": 72.65450878562,
      "max": 74.00848403462,
      "times": [
        73.52987961562,
        72.69673253462,
        73.05618491762,
        72.80312171962,
        73.32881196561999,
        73.32008193662,
        74.00848403462,
        72.65450878562,
        73.40908522462,
        73.56921962262
      ],
      "exit_codes": [
        0,
        0,
        0,
        0,
        0,
        0,
        0,
        0,
        0,
        0
      ]
    }
  ]
}
