{
  "results": [
    {
      "command": "cargo build --jobs 8 --release --example breakout",
      "mean": 119.92220723381999,
      "stddev": 0.12616723354998158,
      "median": 119.92053901182001,
      "user": 907.8544719199999,
      "system": 24.81126596,
      "min": 119.75234690982,
      "max": 120.14200179182001,
      "times": [
        119.94465821482001,
        119.84843676382,
        120.05810488482,
        119.77289836382,
        120.02925651182001,
        119.75234690982,
        119.92390710282001,
        120.14200179182001,
        119.83329087382,
        119.91717092082
      ],
      "exit_codes": [
        0,
        0,
        0,
        0,
        0,
        0,
        0,
        0,
        0,
        0
      ]
    }
  ]
}
