{
  "results": [
    {
      "command": "cargo build --jobs 16 --release --example breakout",
      "mean": 78.13730154977999,
      "stddev": 0.40109878882591365,
      "median": 78.11745845548,
      "user": 1142.87301244,
      "system": 30.124253340000003,
      "min": 77.58332964898,
      "max": 79.04490564698,
      "times": [
        78.42580979598,
        79.04490564698,
        78.08964088398,
        77.85255612298,
        78.14527602698,
        77.76848680798,
        78.24111417998,
        77.58332964898,
        78.07595098498,
        78.14594539898
      ],
      "exit_codes": [
        0,
        0,
        0,
        0,
        0,
        0,
        0,
        0,
        0,
        0
      ]
    }
  ]
}
