{
  "results": [
    {
      "command": "cargo build --jobs 16 --release --example breakout",
      "mean": 75.75654517048,
      "stddev": 0.18847995386598676,
      "median": 75.69467065668,
      "user": 1145.1396885799998,
      "system": 29.334158459999998,
      "min": 75.46023172868,
      "max": 76.12782321968001,
      "times": [
        75.70282405168,
        75.92297152868001,
        75.66909699668,
        75.78594684268,
        75.68205033968,
        75.91301411968,
        76.12782321968001,
        75.61497561568001,
        75.68651726168001,
        75.46023172868
      ],
      "exit_codes": [
        0,
        0,
        0,
        0,
        0,
        0,
        0,
        0,
        0,
        0
      ]
    }
  ]
}
