{
  "results": [
    {
      "command": "cargo build --jobs 16 --release --example breakout",
      "mean": 82.59436490002001,
      "stddev": 0.8837830648464393,
      "median": 82.26987818902,
      "user": 1234.5764507600002,
      "system": 33.7924516,
      "min": 81.88823694702,
      "max": 84.97597949802,
      "times": [
        82.23214966402,
        82.43690792802,
        82.69424476802,
        82.88160283502,
        82.30760671402,
        82.21044035702,
        82.17299922202,
        84.97597949802,
        81.88823694702,
        82.14348106702
      ],
      "exit_codes": [
        0,
        0,
        0,
        0,
        0,
        0,
        0,
        0,
        0,
        0
      ]
    }
  ]
}
