{
  "results": [
    {
      "command": "cargo build --jobs 8 --release --example breakout",
      "mean": 120.30992746609999,
      "stddev": 0.21791073425204158,
      "median": 120.2466367073,
      "user": 902.6986760399999,
      "system": 23.8121038,
      "min": 120.0819927043,
      "max": 120.7730924223,
      "times": [
        120.0819927043,
        120.1916100453,
        120.3016633693,
        120.5240898963,
        120.1623864683,
        120.7730924223,
        120.4171195403,
        120.1879187723,
        120.0883861123,
        120.3710153303
      ],
      "exit_codes": [
        0,
        0,
        0,
        0,
        0,
        0,
        0,
        0,
        0,
        0
      ]
    }
  ]
}
