{
  "results": [
    {
      "command": "cargo build --jobs 8 --release --example breakout",
      "mean": 120.44044084194002,
      "stddev": 0.156719349385605,
      "median": 120.43864672694,
      "user": 903.82204966,
      "system": 23.810940019999997,
      "min": 120.17191034094,
      "max": 120.72348424293999,
      "times": [
        120.27198656393999,
        120.43027836393999,
        120.43402218194,
        120.44327127193999,
        120.32506848794,
        120.54484586593999,
        120.17191034094,
        120.72348424293999,
        120.52182446293999,
        120.53771663693999
      ],
      "exit_codes": [
        0,
        0,
        0,
        0,
        0,
        0,
        0,
        0,
        0,
        0
      ]
    }
  ]
}
