{
  "results": [
    {
      "command": "cargo build --jobs 16 --release --example breakout",
      "mean": 77.29048198216,
      "stddev": 0.23322582697455083,
      "median": 77.31283682976,
      "user": 1141.61552438,
      "system": 29.48241848,
      "min": 76.92755267326001,
      "max": 77.61252625826,
      "times": [
        77.51792757026,
        77.53272456326,
        77.14846053326,
        77.00448544726001,
        77.25050942926,
        77.61252625826,
        76.92755267326001,
        77.14136698726,
        77.37516423026,
        77.39410212926
      ],
      "exit_codes": [
        0,
        0,
        0,
        0,
        0,
        0,
        0,
        0,
        0,
        0
      ]
    }
  ]
}
