{
  "results": [
    {
      "command": "cargo build --jobs 16 --release --example breakout",
      "mean": 90.1703552978,
      "stddev": 0.6598605167663142,
      "median": 90.28161443300002,
      "user": 1255.16844018,
      "system": 30.371538319999996,
      "min": 88.471715141,
      "max": 90.800611429,
      "times": [
        90.015566254,
        90.16924312900001,
        90.14759593000001,
        90.649447533,
        90.523354737,
        90.57359773,
        90.39398573700001,
        89.958435358,
        88.471715141,
        90.800611429
      ],
      "exit_codes": [
        0,
        0,
        0,
        0,
        0,
        0,
        0,
        0,
        0,
        0
      ]
    }
  ]
}
