{
  "results": [
    {
      "command": "cargo build --jobs 8 --release --example breakout",
      "mean": 130.8293353723,
      "stddev": 0.2903582159238588,
      "median": 130.73375928039997,
      "user": 1004.06064524,
      "system": 24.378761679999997,
      "min": 130.3745270579,
      "max": 131.44228500789998,
      "times": [
        130.3745270579,
        131.0672365269,
        130.6974205819,
        131.44228500789998,
        130.9951821649,
        130.9044635109,
        130.6777989559,
        130.76072350989998,
        130.70679505089998,
        130.6669213559
      ],
      "exit_codes": [
        0,
        0,
        0,
        0,
        0,
        0,
        0,
        0,
        0,
        0
      ]
    }
  ]
}
