{
  "results": [
    {
      "command": "cargo build --jobs 16 --release --example breakout",
      "mean": 76.23293634646,
      "stddev": 0.2307082066099466,
      "median": 76.29265037426,
      "user": 1141.70498976,
      "system": 29.365938759999995,
      "min": 75.67229120175999,
      "max": 76.44154947576,
      "times": [
        75.67229120175999,
        76.22349424075999,
        76.44154947576,
        76.25737384476,
        76.32792690376,
        76.39997455075999,
        76.35310541675999,
        76.13085632776,
        76.09242541376,
        76.43036608876
      ],
      "exit_codes": [
        0,
        0,
        0,
        0,
        0,
        0,
        0,
        0,
        0,
        0
      ]
    }
  ]
}
