{
  "results": [
    {
      "command": "cargo build --jobs 8 --release --example breakout",
      "mean": 117.25878899913998,
      "stddev": 0.19553973158136811,
      "median": 117.27069307834,
      "user": 904.1903917,
      "system": 23.810787480000002,
      "min": 116.94269391434,
      "max": 117.49861222734,
      "times": [
        116.94269391434,
        117.26030927534,
        117.17815414934,
        117.49861222734,
        117.48120472834,
        117.30645874734,
        117.46319830034,
        116.97000248634,
        117.28107688134,
        117.20617928134
      ],
      "exit_codes": [
        0,
        0,
        0,
        0,
        0,
        0,
        0,
        0,
        0,
        0
      ]
    }
  ]
}
