{
  "results": [
    {
      "command": "cargo build --jobs 16 --release --example breakout",
      "mean": 81.69109006436,
      "stddev": 0.5598763190251387,
      "median": 81.58881645676001,
      "user": 1204.0102134599997,
      "system": 30.867933519999998,
      "min": 80.58384138226,
      "max": 82.54184366726,
      "times": [
        81.53718648926001,
        81.28708928226,
        81.55183276226,
        81.62580015126001,
        81.53384540226,
        81.78450528626,
        82.54184366726,
        80.58384138226,
        82.37593448926,
        82.08902173126
      ],
      "exit_codes": [
        0,
        0,
        0,
        0,
        0,
        0,
        0,
        0,
        0,
        0
      ]
    }
  ]
}
