{
  "results": [
    {
      "command": "cargo build --jobs 8 --release --example breakout",
      "mean": 124.92528085133999,
      "stddev": 0.29613616204594884,
      "median": 124.90227320334,
      "user": 958.1092521,
      "system": 24.772875040000002,
      "min": 124.43629142434,
      "max": 125.43370140233999,
      "times": [
        124.74129159834,
        125.43370140233999,
        125.04798230333999,
        124.43629142434,
        125.08559899034,
        124.68008917633999,
        124.81574963034,
        124.76066844633999,
        124.98879677634,
        125.26263876534
      ],
      "exit_codes": [
        0,
        0,
        0,
        0,
        0,
        0,
        0,
        0,
        0,
        0
      ]
    }
  ]
}
