{
  "results": [
    {
      "command": "cargo build --jobs 16 --release --example breakout",
      "mean": 77.5347656962,
      "stddev": 0.10785817145294832,
      "median": 77.5559302241,
      "user": 1147.19356726,
      "system": 29.659291959999997,
      "min": 77.3776504701,
      "max": 77.7130546261,
      "times": [
        77.3861728071,
        77.7130546261,
        77.5955280201,
        77.4482203111,
        77.5691274311,
        77.5427330171,
        77.6294981331,
        77.3776504701,
        77.4947860181,
        77.5908861281
      ],
      "exit_codes": [
        0,
        0,
        0,
        0,
        0,
        0,
        0,
        0,
        0,
        0
      ]
    }
  ]
}
