{
  "results": [
    {
      "command": "cargo build --jobs 16 --release --example breakout",
      "mean": 80.14079947820001,
      "stddev": 0.2170268343810365,
      "median": 80.1842735845,
      "user": 1201.3775930799998,
      "system": 30.7462264,
      "min": 79.70442276050001,
      "max": 80.4254600205,
      "times": [
        80.2583371555,
        80.2112221205,
        80.4254600205,
        80.24104020850001,
        80.36145934550001,
        80.1573250485,
        79.70442276050001,
        80.1041581405,
        80.0631865185,
        79.8813834635
      ],
      "exit_codes": [
        0,
        0,
        0,
        0,
        0,
        0,
        0,
        0,
        0,
        0
      ]
    }
  ]
}
