{
  "results": [
    {
      "command": "cargo build --jobs 16 --release --example breakout",
      "mean": 91.23455851796,
      "stddev": 4.273244339183942,
      "median": 89.84509107676001,
      "user": 1250.0370002999998,
      "system": 30.73759334,
      "min": 89.22256893176001,
      "max": 103.34757517376,
      "times": [
        89.22256893176001,
        90.37963804376001,
        103.34757517376,
        90.53353112676001,
        89.65717212876001,
        89.93076420676,
        89.69995410076001,
        90.14051430276001,
        89.67444921776,
        89.75941794676001
      ],
      "exit_codes": [
        0,
        0,
        0,
        0,
        0,
        0,
        0,
        0,
        0,
        0
      ]
    }
  ]
}
