{
  "results": [
    {
      "command": "cargo build --jobs 16 --release --example breakout",
      "mean": 75.1015796943,
      "stddev": 0.2411623432854845,
      "median": 75.1016401217,
      "user": 1136.8401804999999,
      "system": 30.43432578,
      "min": 74.6100808382,
      "max": 75.4131269402,
      "times": [
        75.0899606152,
        75.1133196282,
        74.8834671202,
        74.6100808382,
        75.4131269402,
        75.3578439832,
        75.1609595962,
        75.3318604092,
        74.9841210632,
        75.0710567492
      ],
      "exit_codes": [
        0,
        0,
        0,
        0,
        0,
        0,
        0,
        0,
        0,
        0
      ]
    }
  ]
}
