{
  "results": [
    {
      "command": "cargo build --jobs 8 --release --example breakout",
      "mean": 105.27385109724,
      "stddev": 0.3122870086389114,
      "median": 105.32031442854,
      "user": 793.65088782,
      "system": 21.83713348,
      "min": 104.75198784354001,
      "max": 105.77947785554001,
      "times": [
        105.13605270954001,
        105.32065531954001,
        105.56370046954001,
        105.31997353754001,
        104.75198784354001,
        105.77947785554001,
        105.34369865554001,
        105.41499903354,
        104.80811252554001,
        105.29985302254
      ],
      "exit_codes": [
        0,
        0,
        0,
        0,
        0,
        0,
        0,
        0,
        0,
        0
      ]
    }
  ]
}
