{
  "results": [
    {
      "command": "cargo build --jobs 16 --release --example breakout",
      "mean": 69.85129008252001,
      "stddev": 0.47276765407388,
      "median": 69.98146876412,
      "user": 991.0497152599999,
      "system": 27.350763640000004,
      "min": 68.57289814312,
      "max": 70.20025522912,
      "times": [
        70.17415784412,
        69.97574119812,
        70.10164257912,
        69.78101701112,
        68.57289814312,
        69.87216280912,
        69.98719633012,
        70.06305403312,
        69.78477564812,
        70.20025522912
      ],
      "exit_codes": [
        0,
        0,
        0,
        0,
        0,
        0,
        0,
        0,
        0,
        0
      ]
    }
  ]
}
