{
  "results": [
    {
      "command": "cargo build --jobs 16 --release --example breakout",
      "mean": 87.15596613194,
      "stddev": 0.9368412496274842,
      "median": 87.54275389253999,
      "user": 1217.54908148,
      "system": 31.85072478,
      "min": 85.33758672053999,
      "max": 88.18412153653999,
      "times": [
        87.63862977654,
        87.72534089253999,
        87.61661067153999,
        88.18412153653999,
        87.67027413154,
        86.97732875554,
        85.62431589754,
        87.46889711354,
        85.33758672053999,
        87.31655582354
      ],
      "exit_codes": [
        0,
        0,
        0,
        0,
        0,
        0,
        0,
        0,
        0,
        0
      ]
    }
  ]
}
