{
  "results": [
    {
      "command": "cargo build --jobs 8 --release --example breakout",
      "mean": 114.68765337443999,
      "stddev": 0.2868226381545579,
      "median": 114.68528506114,
      "user": 865.6216806599999,
      "system": 22.797866640000002,
      "min": 114.23466445113999,
      "max": 115.10362376814,
      "times": [
        114.50667161014,
        115.10362376814,
        114.67698643013999,
        115.00031450214,
        114.73234975214,
        114.38700483513999,
        114.52032317314,
        115.02101153014,
        114.69358369214,
        114.23466445113999
      ],
      "exit_codes": [
        0,
        0,
        0,
        0,
        0,
        0,
        0,
        0,
        0,
        0
      ]
    }
  ]
}
