{
  "results": [
    {
      "command": "cargo build --jobs 16 --release --example breakout",
      "mean": 82.05861061943999,
      "stddev": 0.5104319262530128,
      "median": 81.85594002984,
      "user": 1233.9162842800001,
      "system": 31.36770952,
      "min": 81.58417138684,
      "max": 82.78738091684,
      "times": [
        82.75578916383999,
        82.78738091684,
        81.95628692384,
        82.76683205284,
        82.02539917083999,
        81.58417138684,
        81.63397244584,
        81.66682193284,
        81.75559313584,
        81.65385906483999
      ],
      "exit_codes": [
        0,
        0,
        0,
        0,
        0,
        0,
        0,
        0,
        0,
        0
      ]
    }
  ]
}
