{
  "results": [
    {
      "command": "cargo build --jobs 8 --release --example breakout",
      "mean": 127.47236570446,
      "stddev": 0.4428421549822713,
      "median": 127.61812206565999,
      "user": 976.0621464,
      "system": 25.45963902,
      "min": 126.74382744965999,
      "max": 127.94155834365999,
      "times": [
        126.74382744965999,
        127.88798558266,
        127.72030350966,
        126.82181303766,
        127.62195410765999,
        127.02057980766,
        127.55874535666,
        127.61429002365999,
        127.94155834365999,
        127.79259982565999
      ],
      "exit_codes": [
        0,
        0,
        0,
        0,
        0,
        0,
        0,
        0,
        0,
        0
      ]
    }
  ]
}
