{
  "results": [
    {
      "command": "cargo build --jobs 16 --release --example breakout",
      "mean": 75.0858520732,
      "stddev": 0.37721540730986053,
      "median": 75.15564821909999,
      "user": 1135.72165034,
      "system": 29.20617428,
      "min": 74.4265180111,
      "max": 75.60819270309999,
      "times": [
        75.1428293371,
        75.5373137541,
        75.00778846009999,
        74.5539003781,
        75.16846710109999,
        74.9427678061,
        74.4265180111,
        75.2849746071,
        75.60819270309999,
        75.1857685741
      ],
      "exit_codes": [
        0,
        0,
        0,
        0,
        0,
        0,
        0,
        0,
        0,
        0
      ]
    }
  ]
}
