{
  "results": [
    {
      "command": "cargo build --jobs 16 --release --example breakout",
      "mean": 77.92769223514,
      "stddev": 0.19304287903790926,
      "median": 77.95848754694,
      "user": 1155.9277323399997,
      "system": 29.8176174,
      "min": 77.70995780194,
      "max": 78.16485764094,
      "times": [
        78.16485764094,
        77.70995780194,
        77.73549559994001,
        77.71848807394001,
        78.06686613694,
        78.10012363194001,
        77.90088720994001,
        78.14812962594,
        78.01608788394,
        77.71602874594001
      ],
      "exit_codes": [
        0,
        0,
        0,
        0,
        0,
        0,
        0,
        0,
        0,
        0
      ]
    }
  ]
}
