{
  "results": [
    {
      "command": "cargo build --jobs 8 --release --example breakout",
      "mean": 121.32677146260001,
      "stddev": 0.09641687075684599,
      "median": 121.3108952101,
      "user": 917.0591808799998,
      "system": 24.66361706,
      "min": 121.1948897796,
      "max": 121.4869596706,
      "times": [
        121.4412612956,
        121.2252998976,
        121.2996015606,
        121.3221888596,
        121.4869596706,
        121.3455651706,
        121.2760207076,
        121.4194190166,
        121.2565086676,
        121.1948897796
      ],
      "exit_codes": [
        0,
        0,
        0,
        0,
        0,
        0,
        0,
        0,
        0,
        0
      ]
    }
  ]
}
