{
  "results": [
    {
      "command": "cargo build --jobs 16 --release --example breakout",
      "mean": 79.25352114542,
      "stddev": 0.4791161995025994,
      "median": 79.22089770241999,
      "user": 1154.82446488,
      "system": 30.114358419999995,
      "min": 78.43692762991999,
      "max": 79.97257042192,
      "times": [
        78.99719125192,
        79.68360168592,
        79.97257042192,
        78.43692762991999,
        78.97439652492,
        79.84007127891999,
        79.10265663592,
        78.84064253192,
        79.34801472391999,
        79.33913876892
      ],
      "exit_codes": [
        0,
        0,
        0,
        0,
        0,
        0,
        0,
        0,
        0,
        0
      ]
    }
  ]
}
