{
  "results": [
    {
      "command": "cargo build --jobs 16 --release --example breakout",
      "mean": 81.27609685531999,
      "stddev": 0.4398072936288731,
      "median": 81.17923288672,
      "user": 1203.9781177999998,
      "system": 30.9543818,
      "min": 80.54099574621999,
      "max": 81.96204348122,
      "times": [
        81.06565846321999,
        81.53930790222,
        81.19429317021999,
        80.54099574621999,
        81.16417260322,
        81.68383184622,
        81.96204348122,
        80.90051444422,
        80.98264476621999,
        81.72750613022
      ],
      "exit_codes": [
        0,
        0,
        0,
        0,
        0,
        0,
        0,
        0,
        0,
        0
      ]
    }
  ]
}
