{
  "results": [
    {
      "command": "cargo build --jobs 8 --release --example breakout",
      "mean": 125.00067568424001,
      "stddev": 0.28204759422251924,
      "median": 124.95804586143998,
      "user": 958.2858242,
      "system": 24.93759978,
      "min": 124.57801181593999,
      "max": 125.37958881694,
      "times": [
        125.33700166694,
        125.30922863794,
        125.37958881694,
        124.83096980194,
        125.04216369593999,
        124.87392802693999,
        124.79518575494,
        124.57801181593999,
        125.13855888094,
        124.72211974394
      ],
      "exit_codes": [
        0,
        0,
        0,
        0,
        0,
        0,
        0,
        0,
        0,
        0
      ]
    }
  ]
}
