{
  "results": [
    {
      "command": "cargo build --jobs 16 --release --example breakout",
      "mean": 89.83110885578,
      "stddev": 0.42763124045742706,
      "median": 89.82535805968,
      "user": 1247.3085548999998,
      "system": 30.70861813999999,
      "min": 89.27989923418,
      "max": 90.60193688018,
      "times": [
        89.39790961618,
        89.89533254118,
        89.37699622218,
        89.96619107118,
        90.60193688018,
        89.92242365718,
        89.72965813218,
        89.75538357818,
        89.27989923418,
        90.38535762518
      ],
      "exit_codes": [
        0,
        0,
        0,
        0,
        0,
        0,
        0,
        0,
        0,
        0
      ]
    }
  ]
}
