{
  "results": [
    {
      "command": "cargo build --jobs 16 --release --example breakout",
      "mean": 87.04769043814,
      "stddev": 1.1956871761902124,
      "median": 87.44959352394,
      "user": 1221.7994190599998,
      "system": 31.951414379999996,
      "min": 85.61045080094,
      "max": 88.63853891794,
      "times": [
        87.68212545594,
        87.21706159194,
        85.71347765494,
        88.63853891794,
        87.81831828893999,
        85.95126544493999,
        85.62889658294,
        88.10133444194,
        85.61045080094,
        88.11543520094
      ],
      "exit_codes": [
        0,
        0,
        0,
        0,
        0,
        0,
        0,
        0,
        0,
        0
      ]
    }
  ]
}
