{
  "results": [
    {
      "command": "cargo build --jobs 16 --release --example breakout",
      "mean": 75.54512180778002,
      "stddev": 0.12708120661855196,
      "median": 75.57644028788,
      "user": 1134.2864938399998,
      "system": 29.29722135999999,
      "min": 75.38229327588,
      "max": 75.72686333388,
      "times": [
        75.44329352988001,
        75.62449340788,
        75.39053517088,
        75.67075514588001,
        75.38229327588,
        75.41462496588001,
        75.56245187788001,
        75.59042869788,
        75.64547867188,
        75.72686333388
      ],
      "exit_codes": [
        0,
        0,
        0,
        0,
        0,
        0,
        0,
        0,
        0,
        0
      ]
    }
  ]
}
