{
  "results": [
    {
      "command": "cargo build --jobs 8 --release --example breakout",
      "mean": 115.80221318674,
      "stddev": 0.22009384231510357,
      "median": 115.72052891734,
      "user": 868.7439655799999,
      "system": 22.631337419999998,
      "min": 115.43302770934001,
      "max": 116.08631577734,
      "times": [
        115.60973698434,
        115.68796064434001,
        115.70676606934,
        115.99030928534,
        115.43302770934001,
        116.08631577734,
        116.07845199234,
        115.72288476234,
        115.98850557034001,
        115.71817307234001
      ],
      "exit_codes": [
        0,
        0,
        0,
        0,
        0,
        0,
        0,
        0,
        0,
        0
      ]
    }
  ]
}
