{
  "results": [
    {
      "command": "cargo build --jobs 16 --release --example breakout",
      "mean": 74.78759850910001,
      "stddev": 0.2330063084330132,
      "median": 74.77863543930002,
      "user": 1096.66785596,
      "system": 28.46422554,
      "min": 74.26610608280001,
      "max": 75.1285602228,
      "times": [
        74.6888504848,
        74.9918170808,
        74.9459698628,
        74.26610608280001,
        74.7738054318,
        74.78168338280001,
        74.77558749580001,
        74.6564935348,
        74.8671115118,
        75.1285602228
      ],
      "exit_codes": [
        0,
        0,
        0,
        0,
        0,
        0,
        0,
        0,
        0,
        0
      ]
    }
  ]
}
