{
  "results": [
    {
      "command": "cargo build --jobs 8 --release --example breakout",
      "mean": 116.84786916924,
      "stddev": 0.1895782261121614,
      "median": 116.77243634674,
      "user": 902.3297331,
      "system": 24.040988839999997,
      "min": 116.64234344824,
      "max": 117.24787929924,
      "times": [
        116.79199429724,
        116.89335902024,
        116.72883782624,
        117.24787929924,
        117.02776767824,
        116.64234344824,
        116.75287839623999,
        116.72680845924,
        116.68276309724,
        116.98406017024
      ],
      "exit_codes": [
        0,
        0,
        0,
        0,
        0,
        0,
        0,
        0,
        0,
        0
      ]
    }
  ]
}
