{
  "results": [
    {
      "command": "cargo build --jobs 16 --release --example breakout",
      "mean": 75.60518780852,
      "stddev": 0.2559713158603707,
      "median": 75.61294367782,
      "user": 1141.6153639,
      "system": 29.64165564,
      "min": 75.22159411682,
      "max": 75.94185349882,
      "times": [
        75.55193011381999,
        75.72402041181999,
        75.94185349882,
        75.35488270181999,
        75.93062937482,
        75.43198762482,
        75.67395724181999,
        75.22159411682,
        75.37716918481999,
        75.84385381582
      ],
      "exit_codes": [
        0,
        0,
        0,
        0,
        0,
        0,
        0,
        0,
        0,
        0
      ]
    }
  ]
}
