{
  "results": [
    {
      "command": "cargo build --jobs 8 --release --example breakout",
      "mean": 121.14675973932,
      "stddev": 0.07854914268056906,
      "median": 121.15427672322,
      "user": 912.71960466,
      "system": 24.19909764,
      "min": 120.98115795222,
      "max": 121.22217210522001,
      "times": [
        121.15332793822,
        121.22037570622001,
        121.14322224622,
        121.05616971522001,
        121.22217210522001,
        121.20926891922001,
        121.20921036322001,
        121.15522550822,
        120.98115795222,
        121.11746693922001
      ],
      "exit_codes": [
        0,
        0,
        0,
        0,
        0,
        0,
        0,
        0,
        0,
        0
      ]
    }
  ]
}
