{
  "results": [
    {
      "command": "cargo build --jobs 16 --release --example breakout",
      "mean": 77.71855739624002,
      "stddev": 0.5187930505352518,
      "median": 77.61754688464,
      "user": 1144.94669284,
      "system": 29.85864828,
      "min": 77.20212099264,
      "max": 79.07784433264001,
      "times": [
        77.56897159864,
        79.07784433264001,
        77.20212099264,
        77.38573361064,
        77.90791746564001,
        77.76353633564001,
        77.66612217064001,
        77.67467187564,
        77.40602526164001,
        77.53263031864
      ],
      "exit_codes": [
        0,
        0,
        0,
        0,
        0,
        0,
        0,
        0,
        0,
        0
      ]
    }
  ]
}
