{
  "results": [
    {
      "command": "cargo build --jobs 8 --release --example breakout",
      "mean": 120.46913781926,
      "stddev": 0.1690835643962295,
      "median": 120.43962337235999,
      "user": 911.8599123199999,
      "system": 24.303653880000002,
      "min": 120.25012766185999,
      "max": 120.67129464786,
      "times": [
        120.43605932186,
        120.64081136486,
        120.65360096786,
        120.41629813386,
        120.62879114286,
        120.67129464786,
        120.25012766185999,
        120.27808236586,
        120.44318742285999,
        120.27312516286
      ],
      "exit_codes": [
        0,
        0,
        0,
        0,
        0,
        0,
        0,
        0,
        0,
        0
      ]
    }
  ]
}
