{
  "results": [
    {
      "command": "cargo build --jobs 8 --release --example breakout",
      "mean": 123.7798524422,
      "stddev": 0.21643738940789248,
      "median": 123.81977687790001,
      "user": 950.0418994400001,
      "system": 25.11609638,
      "min": 123.4073098219,
      "max": 124.1340322379,
      "times": [
        123.6917569069,
        123.4073098219,
        123.4930571929,
        123.90686464390001,
        123.86557242490001,
        123.9610764849,
        124.1340322379,
        123.6993009529,
        123.8458919099,
        123.7936618459
      ],
      "exit_codes": [
        0,
        0,
        0,
        0,
        0,
        0,
        0,
        0,
        0,
        0
      ]
    }
  ]
}
