{
  "results": [
    {
      "command": "cargo build --jobs 8 --release --example breakout",
      "mean": 117.58842014082002,
      "stddev": 1.0345471366785548,
      "median": 117.22152710512,
      "user": 905.3859399399998,
      "system": 24.009886719999994,
      "min": 117.10199450062,
      "max": 120.49398470562,
      "times": [
        120.49398470562,
        117.21755072862,
        117.10199450062,
        117.10554691061999,
        117.62955712862,
        117.22550348162,
        117.46303687262,
        117.14017965762,
        117.18831796162,
        117.31852946062
      ],
      "exit_codes": [
        0,
        0,
        0,
        0,
        0,
        0,
        0,
        0,
        0,
        0
      ]
    }
  ]
}
