{
  "results": [
    {
      "command": "cargo build --jobs 16 --release --example breakout",
      "mean": 75.90554953252001,
      "stddev": 0.3208283950376328,
      "median": 76.00700724822,
      "user": 1144.48530924,
      "system": 29.753939420000002,
      "min": 75.29475422972,
      "max": 76.25297088872,
      "times": [
        75.99162989572001,
        75.44544275472,
        76.03420289372,
        76.18512180772001,
        76.02238460072,
        76.25297088872,
        76.17653549672,
        75.29475422972,
        75.92399308872001,
        75.72845966872
      ],
      "exit_codes": [
        0,
        0,
        0,
        0,
        0,
        0,
        0,
        0,
        0,
        0
      ]
    }
  ]
}
