{
  "results": [
    {
      "command": "cargo build --jobs 8 --release --example breakout",
      "mean": 132.99790118634002,
      "stddev": 0.5751225430726904,
      "median": 132.92303714374003,
      "user": 1018.2509971399999,
      "system": 25.187204379999997,
      "min": 132.31445599974,
      "max": 134.28089236274002,
      "times": [
        132.31445599974,
        132.62674169874,
        133.14663768674,
        133.31839185274,
        134.28089236274002,
        132.83696197874002,
        133.00911230874001,
        133.36953277674002,
        132.62252423674002,
        132.45376096174002
      ],
      "exit_codes": [
        0,
        0,
        0,
        0,
        0,
        0,
        0,
        0,
        0,
        0
      ]
    }
  ]
}
