{
  "results": [
    {
      "command": "cargo build --jobs 8 --release --example breakout",
      "mean": 117.19948441217998,
      "stddev": 0.12314416809531108,
      "median": 117.22875793047999,
      "user": 903.47629734,
      "system": 24.832716140000002,
      "min": 116.99606540898,
      "max": 117.34363686898,
      "times": [
        116.99606540898,
        117.28213462197999,
        117.33715785698,
        117.27630174998,
        117.16311366097999,
        117.22481664697999,
        117.12309787298,
        117.01582021998,
        117.23269921398,
        117.34363686898
      ],
      "exit_codes": [
        0,
        0,
        0,
        0,
        0,
        0,
        0,
        0,
        0,
        0
      ]
    }
  ]
}
