{
  "results": [
    {
      "command": "cargo build --jobs 16 --release --example breakout",
      "mean": 75.42874560264,
      "stddev": 0.271051522028901,
      "median": 75.41842472934,
      "user": 1139.25204522,
      "system": 30.686582339999994,
      "min": 75.08715602084,
      "max": 75.79047775884,
      "times": [
        75.71983294284,
        75.74214071784,
        75.79047775884,
        75.10124209784,
        75.08715602084,
        75.56358181484,
        75.48668013084,
        75.35016932784,
        75.14832798284,
        75.29784723184
      ],
      "exit_codes": [
        0,
        0,
        0,
        0,
        0,
        0,
        0,
        0,
        0,
        0
      ]
    }
  ]
}
