{
  "results": [
    {
      "command": "cargo build --jobs 8 --release --example breakout",
      "mean": 120.49225816324,
      "stddev": 0.28550996111326904,
      "median": 120.51459031383999,
      "user": 905.2256465199998,
      "system": 23.805783920000003,
      "min": 119.81637352534,
      "max": 120.97071304834,
      "times": [
        120.56768594734,
        120.48000240334,
        120.55003711734,
        120.54917822434,
        120.65915609334,
        120.97071304834,
        120.42977693633999,
        119.81637352534,
        120.44185411133999,
        120.45780422534
      ],
      "exit_codes": [
        0,
        0,
        0,
        0,
        0,
        0,
        0,
        0,
        0,
        0
      ]
    }
  ]
}
