{
  "results": [
    {
      "command": "cargo build --jobs 16 --release --example breakout",
      "mean": 89.47990502414,
      "stddev": 1.1481875685649767,
      "median": 88.75877125994,
      "user": 1271.22636472,
      "system": 31.0774409,
      "min": 88.37694117294,
      "max": 91.39516276394,
      "times": [
        91.07567041694,
        91.39516276394,
        88.37694117294,
        88.70407965593999,
        88.67707253294,
        88.56187262294,
        88.66381523494,
        90.27417286094,
        88.81346286394,
        90.25680011594
      ],
      "exit_codes": [
        0,
        0,
        0,
        0,
        0,
        0,
        0,
        0,
        0,
        0
      ]
    }
  ]
}
