{
  "results": [
    {
      "command": "cargo build --jobs 8 --release --example breakout",
      "mean": 133.22095925692,
      "stddev": 3.4131805550945544,
      "median": 132.14783309361997,
      "user": 1015.5862620600001,
      "system": 25.003872259999994,
      "min": 131.96628717861998,
      "max": 142.93105816462,
      "times": [
        132.22095345062,
        131.96628717861998,
        132.17449346461999,
        132.09176844761998,
        142.93105816462,
        132.25171973762,
        132.12117272261997,
        132.08621666162,
        132.29772393962,
        132.06819880161999
      ],
      "exit_codes": [
        0,
        0,
        0,
        0,
        0,
        0,
        0,
        0,
        0,
        0
      ]
    }
  ]
}
