{
  "results": [
    {
      "command": "cargo build --jobs 8 --release --example breakout",
      "mean": 120.38085628055998,
      "stddev": 0.12561496179765072,
      "median": 120.39404229025999,
      "user": 910.53874254,
      "system": 24.138874280000003,
      "min": 120.19818922626,
      "max": 120.56188842126,
      "times": [
        120.56188842126,
        120.45969509426,
        120.22651458525999,
        120.53210330326,
        120.36593437926,
        120.19818922626,
        120.25404495325999,
        120.34604216225999,
        120.44200047926,
        120.42215020126
      ],
      "exit_codes": [
        0,
        0,
        0,
        0,
        0,
        0,
        0,
        0,
        0,
        0
      ]
    }
  ]
}
