{
  "results": [
    {
      "command": "cargo build --jobs 16 --release --example breakout",
      "mean": 77.65653272458,
      "stddev": 0.23723178617209684,
      "median": 77.62101878118,
      "user": 1146.61422492,
      "system": 29.635365679999996,
      "min": 77.29458180968,
      "max": 78.10474571467999,
      "times": [
        77.53547119468,
        77.41547239068,
        77.74737014468,
        78.10474571467999,
        77.66921849968,
        77.57281906268,
        77.53763693968,
        77.87556630768,
        77.29458180968,
        77.81244518168
      ],
      "exit_codes": [
        0,
        0,
        0,
        0,
        0,
        0,
        0,
        0,
        0,
        0
      ]
    }
  ]
}
