{
  "results": [
    {
      "command": "cargo build --jobs 8 --release --example breakout",
      "mean": 117.52059517493998,
      "stddev": 0.3438868127925014,
      "median": 117.51012436324001,
      "user": 905.4678897999999,
      "system": 23.756601599999996,
      "min": 117.12865451524,
      "max": 118.22582883324,
      "times": [
        117.21753407524,
        117.75066887724,
        117.12865451524,
        117.58536968124,
        118.22582883324,
        117.70497517624,
        117.43487904524001,
        117.32435866324,
        117.70231815524001,
        117.13136472724
      ],
      "exit_codes": [
        0,
        0,
        0,
        0,
        0,
        0,
        0,
        0,
        0,
        0
      ]
    }
  ]
}
