{
  "results": [
    {
      "command": "cargo build --jobs 8 --release --example breakout",
      "mean": 121.88105626238,
      "stddev": 0.09556262887475231,
      "median": 121.83739523477999,
      "user": 921.5835174800001,
      "system": 24.96185698,
      "min": 121.78452528528,
      "max": 122.06389537828,
      "times": [
        121.84441695528,
        121.88949831828,
        122.06389537828,
        121.96408471128,
        121.83037351428,
        121.81915962928001,
        121.81306080028,
        121.99909300028,
        121.78452528528,
        121.80245503128
      ],
      "exit_codes": [
        0,
        0,
        0,
        0,
        0,
        0,
        0,
        0,
        0,
        0
      ]
    }
  ]
}
