{
  "results": [
    {
      "command": "cargo build --jobs 16 --release --example breakout",
      "mean": 79.57581020971999,
      "stddev": 0.413420835505594,
      "median": 79.59481310682,
      "user": 1160.1117223200001,
      "system": 30.290724779999994,
      "min": 78.94639757131999,
      "max": 80.16256119031999,
      "times": [
        80.16256119031999,
        79.82387896531999,
        80.10358682831999,
        79.83364065031999,
        79.65802516632,
        79.13280454532,
        79.19742988632,
        79.36817624631999,
        79.53160104732,
        78.94639757131999
      ],
      "exit_codes": [
        0,
        0,
        0,
        0,
        0,
        0,
        0,
        0,
        0,
        0
      ]
    }
  ]
}
