{
  "results": [
    {
      "command": "cargo build --jobs 16 --release --example breakout",
      "mean": 80.07812955839998,
      "stddev": 0.24622444825147546,
      "median": 80.1500577106,
      "user": 1201.22459136,
      "system": 30.816456199999998,
      "min": 79.6294749591,
      "max": 80.3151006481,
      "times": [
        80.1829498331,
        80.3151006481,
        80.28214774109999,
        80.2956291191,
        79.90032400509999,
        80.29080277009999,
        80.0150336111,
        79.6294749591,
        79.75266730909999,
        80.1171655881
      ],
      "exit_codes": [
        0,
        0,
        0,
        0,
        0,
        0,
        0,
        0,
        0,
        0
      ]
    }
  ]
}
