{
  "results": [
    {
      "command": "cargo build --jobs 8 --release --example breakout",
      "mean": 124.0295928927,
      "stddev": 0.1885111716582082,
      "median": 124.01684052249999,
      "user": 950.9825534199997,
      "system": 25.227298779999995,
      "min": 123.76015858299999,
      "max": 124.415862187,
      "times": [
        123.82081465499999,
        124.072692803,
        123.919450895,
        124.22743306,
        124.011216414,
        124.002500016,
        124.043335683,
        124.02246463099999,
        123.76015858299999,
        124.415862187
      ],
      "exit_codes": [
        0,
        0,
        0,
        0,
        0,
        0,
        0,
        0,
        0,
        0
      ]
    }
  ]
}
