{
  "results": [
    {
      "command": "cargo build --jobs 16 --release --example breakout",
      "mean": 75.35745252655998,
      "stddev": 0.17871240143314665,
      "median": 75.36545144586,
      "user": 1140.0178279999996,
      "system": 29.299140180000002,
      "min": 75.12739631635999,
      "max": 75.69606589236,
      "times": [
        75.14677597336,
        75.69606589236,
        75.15976920435999,
        75.40939637036,
        75.34629913136,
        75.38460376036,
        75.12739631635999,
        75.49195524235999,
        75.47685958836,
        75.33540378635999
      ],
      "exit_codes": [
        0,
        0,
        0,
        0,
        0,
        0,
        0,
        0,
        0,
        0
      ]
    }
  ]
}
