{
  "results": [
    {
      "command": "cargo build --jobs 16 --release --example breakout",
      "mean": 73.34377377053998,
      "stddev": 0.5130633927844273,
      "median": 73.28012742044,
      "user": 1034.7657316599998,
      "system": 27.8381434,
      "min": 72.88374313894,
      "max": 74.52860777994,
      "times": [
        73.43548250394,
        73.27491485194,
        73.72523697094,
        72.93953756394,
        72.90489585294,
        73.28533998894,
        72.88374313894,
        72.90622153494,
        73.55375751894,
        74.52860777994
      ],
      "exit_codes": [
        0,
        0,
        0,
        0,
        0,
        0,
        0,
        0,
        0,
        0
      ]
    }
  ]
}
