{
  "results": [
    {
      "command": "cargo build --jobs 8 --release --example breakout",
      "mean": 110.02829537005998,
      "stddev": 0.13303660530981687,
      "median": 110.06286133686,
      "user": 828.98299368,
      "system": 22.2478798,
      "min": 109.79949952336,
      "max": 110.22301925036,
      "times": [
        110.13599866636,
        109.92263914936,
        110.04850346735999,
        110.11620270136,
        110.22301925036,
        110.00340340036,
        110.10091059836,
        110.07721920636,
        109.79949952336,
        109.85555773736
      ],
      "exit_codes": [
        0,
        0,
        0,
        0,
        0,
        0,
        0,
        0,
        0,
        0
      ]
    }
  ]
}
