{
  "results": [
    {
      "command": "cargo build --jobs 16 --release --example breakout",
      "mean": 92.61858693970001,
      "stddev": 0.7605832434275567,
      "median": 92.71854772359998,
      "user": 1286.1359059399997,
      "system": 31.552567739999994,
      "min": 91.5924534001,
      "max": 94.0443998251,
      "times": [
        92.97866775109999,
        91.5924534001,
        94.0443998251,
        92.0425218091,
        92.77986584809999,
        92.65722959909999,
        92.17223006809999,
        92.9147438311,
        91.6903088511,
        93.3134484141
      ],
      "exit_codes": [
        0,
        0,
        0,
        0,
        0,
        0,
        0,
        0,
        0,
        0
      ]
    }
  ]
}
