{
  "results": [
    {
      "command": "cargo build --jobs 16 --release --example breakout",
      "mean": 78.49977203998,
      "stddev": 0.4226797603431167,
      "median": 78.54309570238,
      "user": 1179.27784694,
      "system": 30.094873820000004,
      "min": 77.65752229788,
      "max": 79.01657409988,
      "times": [
        78.51785901188,
        78.12400127088,
        78.91249288588,
        78.97402310388,
        79.01657409988,
        77.65752229788,
        78.28011740688,
        78.33139282888,
        78.56833239288,
        78.61540510088
      ],
      "exit_codes": [
        0,
        0,
        0,
        0,
        0,
        0,
        0,
        0,
        0,
        0
      ]
    }
  ]
}
