{
  "results": [
    {
      "command": "cargo build --jobs 8 --release --example breakout",
      "mean": 121.86150060646,
      "stddev": 0.10688644070588527,
      "median": 121.85250680045999,
      "user": 932.35998876,
      "system": 24.4378608,
      "min": 121.70010317546,
      "max": 122.03193269746,
      "times": [
        121.93046001846,
        121.75779563146,
        121.76128059546,
        121.99563079846,
        121.82888058246,
        121.82861242346,
        121.90417712346,
        121.87613301846,
        122.03193269746,
        121.70010317546
      ],
      "exit_codes": [
        0,
        0,
        0,
        0,
        0,
        0,
        0,
        0,
        0,
        0
      ]
    }
  ]
}
