{
  "results": [
    {
      "command": "cargo build --jobs 16 --release --example breakout",
      "mean": 97.98377201131999,
      "stddev": 4.440444645200482,
      "median": 96.70728198632,
      "user": 1333.99183012,
      "system": 33.49197177999999,
      "min": 95.46871178782,
      "max": 110.52420193382,
      "times": [
        96.68138279182,
        110.52420193382,
        96.71134474682,
        97.61456631482,
        96.22948957882,
        96.85068352382,
        96.70321922581999,
        96.23278589682,
        96.82133431282,
        95.46871178782
      ],
      "exit_codes": [
        0,
        0,
        0,
        0,
        0,
        0,
        0,
        0,
        0,
        0
      ]
    }
  ]
}
