{
  "results": [
    {
      "command": "cargo build --jobs 8 --release --example breakout",
      "mean": 125.09866751301999,
      "stddev": 0.2971741279705203,
      "median": 125.13035615372,
      "user": 959.5957336199999,
      "system": 25.443494659999995,
      "min": 124.63507673672,
      "max": 125.63553698972,
      "times": [
        124.70281729972,
        125.22711478472,
        124.94734698872,
        125.37066493372001,
        125.00986644172,
        125.19753864772,
        125.63553698972,
        125.09936538272,
        124.63507673672,
        125.16134692472001
      ],
      "exit_codes": [
        0,
        0,
        0,
        0,
        0,
        0,
        0,
        0,
        0,
        0
      ]
    }
  ]
}
