{
  "results": [
    {
      "command": "cargo build --jobs 16 --release --example breakout",
      "mean": 72.0020007369,
      "stddev": 0.43479688441118924,
      "median": 71.83085541279999,
      "user": 1030.1744318799997,
      "system": 27.46390876,
      "min": 71.6064797493,
      "max": 72.97756739329999,
      "times": [
        71.8095922773,
        71.6743776943,
        71.8928445703,
        71.7592925423,
        71.6064797493,
        72.5563960833,
        72.97756739329999,
        72.0904488663,
        71.8521185483,
        71.8008896443
      ],
      "exit_codes": [
        0,
        0,
        0,
        0,
        0,
        0,
        0,
        0,
        0,
        0
      ]
    }
  ]
}
