{
  "results": [
    {
      "command": "cargo build --jobs 8 --release --example breakout",
      "mean": 109.14623373381998,
      "stddev": 0.6745757322254856,
      "median": 109.41291336681999,
      "user": 821.10970548,
      "system": 21.790054500000004,
      "min": 108.05456165682,
      "max": 109.77261789581999,
      "times": [
        109.54315186782,
        109.66920709182,
        109.27407947982,
        108.05456165682,
        109.30473766781999,
        109.52108906582,
        109.76613351082,
        108.34050657782,
        109.77261789581999,
        108.21625252381999
      ],
      "exit_codes": [
        0,
        0,
        0,
        0,
        0,
        0,
        0,
        0,
        0,
        0
      ]
    }
  ]
}
