{
  "results": [
    {
      "command": "cargo build --jobs 8 --release --example breakout",
      "mean": 121.13079193690001,
      "stddev": 0.08538998017700375,
      "median": 121.14221772760001,
      "user": 914.03438024,
      "system": 24.21813476,
      "min": 121.02062378810001,
      "max": 121.2758137751,
      "times": [
        121.1676892631,
        121.2758137751,
        121.22546869610001,
        121.02062378810001,
        121.0340601071,
        121.02492044510001,
        121.1560239101,
        121.1578583311,
        121.12841154510001,
        121.11704950810001
      ],
      "exit_codes": [
        0,
        0,
        0,
        0,
        0,
        0,
        0,
        0,
        0,
        0
      ]
    }
  ]
}
