{
  "results": [
    {
      "command": "cargo build --jobs 16 --release --example breakout",
      "mean": 75.59893148201999,
      "stddev": 0.24587542926943157,
      "median": 75.65518741742,
      "user": 1135.75905656,
      "system": 29.58374366,
      "min": 75.19483059692,
      "max": 75.87337808592001,
      "times": [
        75.51778819492,
        75.65239114492,
        75.19483059692,
        75.87337808592001,
        75.69584935292,
        75.87220655592,
        75.65798368992,
        75.36814837992,
        75.30055115292001,
        75.85618766592
      ],
      "exit_codes": [
        0,
        0,
        0,
        0,
        0,
        0,
        0,
        0,
        0,
        0
      ]
    }
  ]
}
