{
  "results": [
    {
      "command": "cargo build --jobs 8 --release --example breakout",
      "mean": 120.29889246190001,
      "stddev": 0.25772555812615866,
      "median": 120.39583984679999,
      "user": 903.9263691,
      "system": 23.852732659999997,
      "min": 119.7524061348,
      "max": 120.5816342628,
      "times": [
        120.4607272878,
        120.3754878108,
        120.5816342628,
        120.4538393168,
        119.9368322748,
        120.2988900898,
        119.7524061348,
        120.4328507998,
        120.2800647588,
        120.41619188279999
      ],
      "exit_codes": [
        0,
        0,
        0,
        0,
        0,
        0,
        0,
        0,
        0,
        0
      ]
    }
  ]
}
