{
  "results": [
    {
      "command": "cargo build --jobs 16 --release --example breakout",
      "mean": 74.23033893179999,
      "stddev": 0.41634212158862594,
      "median": 74.07217365330001,
      "user": 1086.59173462,
      "system": 28.422750960000002,
      "min": 73.65134095580001,
      "max": 74.9890615088,
      "times": [
        74.9890615088,
        74.00117878980001,
        74.0600157108,
        73.65134095580001,
        74.08433159580001,
        74.05757124780001,
        74.8858331528,
        74.1134484888,
        74.4215381068,
        74.0390697608
      ],
      "exit_codes": [
        0,
        0,
        0,
        0,
        0,
        0,
        0,
        0,
        0,
        0
      ]
    }
  ]
}
