{
  "results": [
    {
      "command": "cargo build --jobs 16 --release --example breakout",
      "mean": 70.67523241613999,
      "stddev": 0.6806292053036683,
      "median": 70.78959336904,
      "user": 1002.66818214,
      "system": 27.53094936,
      "min": 69.50659928553999,
      "max": 71.99767117153999,
      "times": [
        70.84804114754,
        70.76603347954,
        71.99767117153999,
        70.06517679854,
        70.81315325854,
        70.84711570654,
        70.64776965354,
        70.08671904154,
        71.17404461854,
        69.50659928553999
      ],
      "exit_codes": [
        0,
        0,
        0,
        0,
        0,
        0,
        0,
        0,
        0,
        0
      ]
    }
  ]
}
