{
  "results": [
    {
      "command": "cargo build --jobs 8 --release --example breakout",
      "mean": 106.39668451165998,
      "stddev": 0.3754895119579098,
      "median": 106.53219518515999,
      "user": 800.29807122,
      "system": 22.00272802,
      "min": 105.78551077766,
      "max": 106.73959643666,
      "times": [
        106.73959643666,
        105.81095453466,
        105.78551077766,
        106.71207265065999,
        106.65963043266,
        106.43382189665999,
        106.63056847365999,
        106.71334087666,
        106.41544467765999,
        106.06590435966
      ],
      "exit_codes": [
        0,
        0,
        0,
        0,
        0,
        0,
        0,
        0,
        0,
        0
      ]
    }
  ]
}
