{
  "results": [
    {
      "command": "cargo build --jobs 16 --release --example breakout",
      "mean": 77.29610814155998,
      "stddev": 0.4575900162489559,
      "median": 77.37334685895999,
      "user": 1167.1501435999999,
      "system": 29.685840839999997,
      "min": 76.45403046246,
      "max": 77.83792845945999,
      "times": [
        77.72371315246,
        77.64568130145999,
        77.01153601445999,
        77.42007419945999,
        77.32661951845999,
        77.83792845945999,
        76.45403046246,
        76.91437144045999,
        76.90541273446,
        77.72171413246
      ],
      "exit_codes": [
        0,
        0,
        0,
        0,
        0,
        0,
        0,
        0,
        0,
        0
      ]
    }
  ]
}
