{
  "results": [
    {
      "command": "cargo build --jobs 8 --release --example breakout",
      "mean": 120.54195617565999,
      "stddev": 0.30938691175157335,
      "median": 120.51459989666,
      "user": 923.30455164,
      "system": 24.20102792,
      "min": 120.09587554766,
      "max": 120.97684560265999,
      "times": [
        120.21871874765999,
        120.48448417066,
        120.97684560265999,
        120.41319387166,
        120.84886052466,
        120.09587554766,
        120.95673972466,
        120.61612232066,
        120.26400562366,
        120.54471562266
      ],
      "exit_codes": [
        0,
        0,
        0,
        0,
        0,
        0,
        0,
        0,
        0,
        0
      ]
    }
  ]
}
