{
  "results": [
    {
      "command": "cargo build --jobs 8 --release --example breakout",
      "mean": 142.51157300778002,
      "stddev": 3.9938206527078557,
      "median": 141.22724873658,
      "user": 1076.25903354,
      "system": 26.66393246,
      "min": 141.06095139508,
      "max": 153.86695298308,
      "times": [
        141.07169215808,
        153.86695298308,
        141.13084730108,
        141.59209396508,
        141.27038880308,
        141.18410867008,
        141.33734074408,
        141.06095139508,
        141.48413248608,
        141.11722157208
      ],
      "exit_codes": [
        0,
        0,
        0,
        0,
        0,
        0,
        0,
        0,
        0,
        0
      ]
    }
  ]
}
