{
  "results": [
    {
      "command": "cargo build --jobs 16 --release --example breakout",
      "mean": 98.37987958664,
      "stddev": 0.6306452160696646,
      "median": 98.59360881384,
      "user": 1347.15500398,
      "system": 33.20971226,
      "min": 97.28246217584001,
      "max": 99.04914514684,
      "times": [
        99.04914514684,
        97.88460475484001,
        98.58297709084,
        98.87773103184,
        98.59420938884,
        97.28246217584001,
        97.39822673284,
        98.63374613184001,
        98.59300823884,
        98.90268517384001
      ],
      "exit_codes": [
        0,
        0,
        0,
        0,
        0,
        0,
        0,
        0,
        0,
        0
      ]
    }
  ]
}
