{
  "results": [
    {
      "command": "cargo build --jobs 16 --release --example breakout",
      "mean": 76.75285936453999,
      "stddev": 0.41918028133516616,
      "median": 76.83024005844001,
      "user": 1117.4078519,
      "system": 29.652733639999997,
      "min": 75.95316829044,
      "max": 77.55090413444,
      "times": [
        76.85810036844,
        76.86251593844,
        76.88734692144,
        76.68441701344,
        76.80237974844,
        76.88685877744,
        76.26488870944,
        75.95316829044,
        76.77801374344,
        77.55090413444
      ],
      "exit_codes": [
        0,
        0,
        0,
        0,
        0,
        0,
        0,
        0,
        0,
        0
      ]
    }
  ]
}
