{
  "results": [
    {
      "command": "cargo build --jobs 16 --release --example breakout",
      "mean": 86.88475153120001,
      "stddev": 0.8795509590870014,
      "median": 87.2001674259,
      "user": 1220.942908,
      "system": 30.443161679999996,
      "min": 85.48415528390001,
      "max": 87.8137368789,
      "times": [
        87.8137368789,
        87.0100431939,
        87.6688329689,
        87.0142496099,
        87.3860852419,
        87.4156943329,
        87.4932072489,
        85.48415528390001,
        85.5073651169,
        86.0541454359
      ],
      "exit_codes": [
        0,
        0,
        0,
        0,
        0,
        0,
        0,
        0,
        0,
        0
      ]
    }
  ]
}
