{
  "results": [
    {
      "command": "cargo build --jobs 8 --release --example breakout",
      "mean": 108.22267077556,
      "stddev": 0.19489903566173536,
      "median": 108.18987269906,
      "user": 815.1054008,
      "system": 21.990992600000002,
      "min": 108.01543008356,
      "max": 108.64752466356,
      "times": [
        108.42362937556001,
        108.29476798756001,
        108.64752466356,
        108.01543008356,
        108.09408458456001,
        108.22137551656,
        108.15836988156,
        108.03430842256,
        108.24223710956001,
        108.09498013056
      ],
      "exit_codes": [
        0,
        0,
        0,
        0,
        0,
        0,
        0,
        0,
        0,
        0
      ]
    }
  ]
}
