{
  "results": [
    {
      "command": "cargo build --jobs 16 --release --example breakout",
      "mean": 72.19822365297999,
      "stddev": 0.4397503619901648,
      "median": 72.26544786258,
      "user": 1018.89440928,
      "system": 27.745622199999993,
      "min": 71.52832222958,
      "max": 72.76428889358,
      "times": [
        72.57104189158,
        71.78155040758,
        72.74307201858,
        72.23352035058,
        72.29737537458,
        71.52832222958,
        71.67402910558,
        72.76428889358,
        72.38928924358,
        71.99974701458
      ],
      "exit_codes": [
        0,
        0,
        0,
        0,
        0,
        0,
        0,
        0,
        0,
        0
      ]
    }
  ]
}
