{
  "results": [
    {
      "command": "cargo build --jobs 8 --release --example breakout",
      "mean": 116.92792423306,
      "stddev": 0.22533537717540011,
      "median": 116.93100784996,
      "user": 898.54506496,
      "system": 24.082027740000004,
      "min": 116.65142547046,
      "max": 117.39837030546,
      "times": [
        117.12256208746,
        116.93729310246,
        116.73035395946,
        116.65183309846,
        116.65142547046,
        116.98201178446,
        117.39837030546,
        116.90333865646,
        116.97733126846,
        116.92472259746
      ],
      "exit_codes": [
        0,
        0,
        0,
        0,
        0,
        0,
        0,
        0,
        0,
        0
      ]
    }
  ]
}
