{
  "results": [
    {
      "command": "cargo build --jobs 16 --release --example breakout",
      "mean": 75.10003488274,
      "stddev": 0.7690128161870395,
      "median": 74.86190116814001,
      "user": 1133.0560714999997,
      "system": 29.41500954,
      "min": 74.64377021614,
      "max": 77.19258990714,
      "times": [
        77.19258990714,
        74.77840947714,
        74.64488552514,
        74.74554450514,
        75.32944859214,
        75.11715691414,
        74.64377021614,
        74.95023792514,
        74.94539285914,
        74.65291290614
      ],
      "exit_codes": [
        0,
        0,
        0,
        0,
        0,
        0,
        0,
        0,
        0,
        0
      ]
    }
  ]
}
