{
  "results": [
    {
      "command": "cargo build --jobs 16 --release --example breakout",
      "mean": 81.45961181638,
      "stddev": 0.6533352877465891,
      "median": 81.55880314818,
      "user": 1204.28797364,
      "system": 30.97729218,
      "min": 80.35107383418,
      "max": 82.33674064918,
      "times": [
        82.33674064918,
        81.56350276018,
        81.62142312118,
        81.55410353618001,
        81.37673157618,
        80.35107383418,
        80.37949624918001,
        82.16477222018001,
        81.81466205918001,
        81.43361215818001
      ],
      "exit_codes": [
        0,
        0,
        0,
        0,
        0,
        0,
        0,
        0,
        0,
        0
      ]
    }
  ]
}
