{
  "results": [
    {
      "command": "cargo build --jobs 16 --release --example breakout",
      "mean": 74.60579373802,
      "stddev": 0.35319278121375264,
      "median": 74.64623659792,
      "user": 1097.7317066199998,
      "system": 28.18080716,
      "min": 73.94953766242,
      "max": 75.09241211842,
      "times": [
        74.18636317142,
        74.65820467942,
        75.09241211842,
        74.88563607642,
        74.68562074041999,
        74.98395004742,
        74.63426851642,
        73.94953766242,
        74.38680212142,
        74.59514224642
      ],
      "exit_codes": [
        0,
        0,
        0,
        0,
        0,
        0,
        0,
        0,
        0,
        0
      ]
    }
  ]
}
