{
  "results": [
    {
      "command": "cargo build --jobs 8 --release --example breakout",
      "mean": 117.87680720901999,
      "stddev": 3.001400389904344,
      "median": 116.92331863092,
      "user": 900.4404841600001,
      "system": 24.04950478,
      "min": 116.72555773842,
      "max": 126.40778872242,
      "times": [
        116.82388406941999,
        117.11280442841999,
        116.77641845341999,
        116.72555773842,
        116.82298340842,
        126.40778872242,
        117.06370000241999,
        117.18829800542,
        116.87135139941999,
        116.97528586242
      ],
      "exit_codes": [
        0,
        0,
        0,
        0,
        0,
        0,
        0,
        0,
        0,
        0
      ]
    }
  ]
}
