{
  "results": [
    {
      "command": "cargo build --jobs 8 --release --example breakout",
      "mean": 126.88769749714,
      "stddev": 0.2057536690239621,
      "median": 126.92373942594,
      "user": 970.1436602799998,
      "system": 27.570647599999994,
      "min": 126.52635172594,
      "max": 127.11181861294,
      "times": [
        126.91650036094,
        127.05580692994,
        126.60936286694,
        127.11181861294,
        126.52635172594,
        127.07127934694,
        126.73401213094,
        126.93097849094,
        127.06968914294,
        126.85117536294
      ],
      "exit_codes": [
        0,
        0,
        0,
        0,
        0,
        0,
        0,
        0,
        0,
        0
      ]
    }
  ]
}
