{
  "results": [
    {
      "command": "cargo build --jobs 16 --release --example breakout",
      "mean": 77.42215924402,
      "stddev": 0.15273223840126335,
      "median": 77.41163658252,
      "user": 1143.68353454,
      "system": 30.1122707,
      "min": 77.19474743852,
      "max": 77.73779128052,
      "times": [
        77.38661154352,
        77.73779128052,
        77.41764268752,
        77.45843963652,
        77.51286129952,
        77.40563047751999,
        77.51149463252,
        77.23191091252,
        77.36446253152,
        77.19474743852
      ],
      "exit_codes": [
        0,
        0,
        0,
        0,
        0,
        0,
        0,
        0,
        0,
        0
      ]
    }
  ]
}
