{
  "results": [
    {
      "command": "cargo build --jobs 16 --release --example breakout",
      "mean": 76.1534224259,
      "stddev": 2.7223366305368994,
      "median": 75.4023741593,
      "user": 1138.91154884,
      "system": 29.2013368,
      "min": 74.8819097548,
      "max": 83.8682271828,
      "times": [
        75.2018146098,
        74.8819097548,
        75.2272496998,
        75.6445675748,
        74.91158243080001,
        83.8682271828,
        75.4041393308,
        75.4006089878,
        75.5707852328,
        75.4233394548
      ],
      "exit_codes": [
        0,
        0,
        0,
        0,
        0,
        0,
        0,
        0,
        0,
        0
      ]
    }
  ]
}
