{
  "results": [
    {
      "command": "cargo build --jobs 8 --release --example breakout",
      "mean": 117.24949953142,
      "stddev": 0.1585941015467526,
      "median": 117.27505393582,
      "user": 903.1665317199999,
      "system": 23.747612659999998,
      "min": 116.86291112181999,
      "max": 117.43472913981999,
      "times": [
        117.29370385582,
        117.20816057681999,
        117.24984540282,
        117.16943808181999,
        117.29558273882,
        117.25640401582,
        117.41211845682,
        116.86291112181999,
        117.31210192382,
        117.43472913981999
      ],
      "exit_codes": [
        0,
        0,
        0,
        0,
        0,
        0,
        0,
        0,
        0,
        0
      ]
    }
  ]
}
