{
  "results": [
    {
      "command": "cargo build --jobs 8 --release --example breakout",
      "mean": 125.42404966088,
      "stddev": 0.3377862023496299,
      "median": 125.42819954208,
      "user": 960.5929477,
      "system": 25.060801299999994,
      "min": 124.62631795708,
      "max": 125.99576926708001,
      "times": [
        125.33864524408,
        125.37226403408,
        125.40438052808,
        125.56490128808001,
        125.54021596608,
        125.45201855608,
        124.62631795708,
        125.38817675008,
        125.99576926708001,
        125.55780701808
      ],
      "exit_codes": [
        0,
        0,
        0,
        0,
        0,
        0,
        0,
        0,
        0,
        0
      ]
    }
  ]
}
