{
  "results": [
    {
      "command": "cargo build --jobs 16 --release --example breakout",
      "mean": 83.71909090384,
      "stddev": 3.402539149972565,
      "median": 82.09522343114,
      "user": 1204.9894406999997,
      "system": 31.13445488,
      "min": 81.68239711564,
      "max": 92.54374522364,
      "times": [
        92.54374522364,
        82.16579955064,
        81.68239711564,
        82.02464731164,
        81.93486219164,
        85.01632049663999,
        81.75536045164,
        82.48179525664,
        85.61296579564,
        81.97301564464
      ],
      "exit_codes": [
        0,
        0,
        0,
        0,
        0,
        0,
        0,
        0,
        0,
        0
      ]
    }
  ]
}
