{
  "results": [
    {
      "command": "cargo build --jobs 16 --release --example breakout",
      "mean": 96.70370206601999,
      "stddev": 0.8490116482018901,
      "median": 96.66336173532,
      "user": 1336.4181426799998,
      "system": 33.44436983999999,
      "min": 94.79483523382,
      "max": 97.69104136482,
      "times": [
        96.39512705982,
        94.79483523382,
        96.53573352482,
        96.23499688082,
        97.60927984082,
        96.65101987482,
        97.50684059782,
        96.94244268682,
        96.67570359582,
        97.69104136482
      ],
      "exit_codes": [
        0,
        0,
        0,
        0,
        0,
        0,
        0,
        0,
        0,
        0
      ]
    }
  ]
}
