{
  "results": [
    {
      "command": "cargo build --jobs 16 --release --example breakout",
      "mean": 92.42438817060001,
      "stddev": 1.0998833175770144,
      "median": 92.371639908,
      "user": 1280.5181461799998,
      "system": 31.19909956,
      "min": 90.9502873685,
      "max": 93.7885480515,
      "times": [
        93.6366626225,
        91.1300915855,
        93.1437389575,
        93.7132974925,
        90.9502873685,
        92.4037425945,
        92.33953722150001,
        93.7885480515,
        91.3969798905,
        91.7409959215
      ],
      "exit_codes": [
        0,
        0,
        0,
        0,
        0,
        0,
        0,
        0,
        0,
        0
      ]
    }
  ]
}
