{
  "results": [
    {
      "command": "cargo build --jobs 16 --release --example breakout",
      "mean": 90.28839423558,
      "stddev": 0.8660837384492205,
      "median": 90.46001501458,
      "user": 1285.5035807399997,
      "system": 31.031075939999994,
      "min": 89.07127628758,
      "max": 91.30380040058,
      "times": [
        91.30380040058,
        89.22393888558,
        89.30523590958,
        89.07127628758,
        90.98236916958,
        89.91178622658,
        90.76577718358,
        90.15425284558,
        91.02158040658,
        91.14392504058
      ],
      "exit_codes": [
        0,
        0,
        0,
        0,
        0,
        0,
        0,
        0,
        0,
        0
      ]
    }
  ]
}
