{
  "results": [
    {
      "command": "cargo build --jobs 8 --release --example breakout",
      "mean": 133.51300643053997,
      "stddev": 0.31783689808965965,
      "median": 133.48384426714,
      "user": 1025.32663672,
      "system": 24.84611836,
      "min": 133.13521005064,
      "max": 134.27685373264,
      "times": [
        133.49043599564,
        133.26128158564,
        133.47725253864,
        133.63902090764,
        133.28693790864,
        134.27685373264,
        133.52813363464,
        133.67649945964,
        133.13521005064,
        133.35843849164
      ],
      "exit_codes": [
        0,
        0,
        0,
        0,
        0,
        0,
        0,
        0,
        0,
        0
      ]
    }
  ]
}
