{
  "results": [
    {
      "command": "cargo build --jobs 8 --release --example breakout",
      "mean": 120.55085895426001,
      "stddev": 0.39935619941308925,
      "median": 120.69785735756,
      "user": 910.2643708400001,
      "system": 24.238695559999996,
      "min": 120.07062017156001,
      "max": 120.93610155056,
      "times": [
        120.15548531256,
        120.87946294056,
        120.07778862456,
        120.51625177456,
        120.13422059456,
        120.93610155056,
        120.91962182956,
        120.07062017156001,
        120.89986454756,
        120.91917219656
      ],
      "exit_codes": [
        0,
        0,
        0,
        0,
        0,
        0,
        0,
        0,
        0,
        0
      ]
    }
  ]
}
