{
  "results": [
    {
      "command": "cargo build --jobs 16 --release --example breakout",
      "mean": 77.88087280785999,
      "stddev": 0.4340202959254489,
      "median": 77.71694337566001,
      "user": 1144.8891500999998,
      "system": 29.626163479999995,
      "min": 77.43739278966,
      "max": 78.83411792366,
      "times": [
        78.01215225566,
        77.92881877566,
        78.83411792366,
        77.74116026066,
        77.47500170366,
        78.37889717966,
        77.69272649066001,
        77.66000964566,
        77.64845105366,
        77.43739278966
      ],
      "exit_codes": [
        0,
        0,
        0,
        0,
        0,
        0,
        0,
        0,
        0,
        0
      ]
    }
  ]
}
