{
  "results": [
    {
      "command": "cargo build --jobs 8 --release --example breakout",
      "mean": 127.44934236924,
      "stddev": 0.31002419941266046,
      "median": 127.44631952404,
      "user": 975.29732694,
      "system": 25.86527418,
      "min": 126.92939416454,
      "max": 127.94663105754,
      "times": [
        127.14293781154001,
        127.41933053954,
        126.92939416454,
        127.27524214754,
        127.47330850854,
        127.57734229554,
        127.28483475254001,
        127.94663105754,
        127.60101435054,
        127.84338806454001
      ],
      "exit_codes": [
        0,
        0,
        0,
        0,
        0,
        0,
        0,
        0,
        0,
        0
      ]
    }
  ]
}
