{
  "results": [
    {
      "command": "cargo build --jobs 16 --release --example breakout",
      "mean": 87.29259567644,
      "stddev": 0.9774376842861602,
      "median": 87.54594006464,
      "user": 1221.6856223400002,
      "system": 32.20664294,
      "min": 85.44766222314,
      "max": 88.36641021714,
      "times": [
        87.36940407414001,
        87.21169285814001,
        88.36641021714,
        87.63295718314001,
        85.68133980414001,
        88.04039373614,
        88.08421653914,
        87.50763731414,
        87.58424281514,
        85.44766222314
      ],
      "exit_codes": [
        0,
        0,
        0,
        0,
        0,
        0,
        0,
        0,
        0,
        0
      ]
    }
  ]
}
