{
  "results": [
    {
      "command": "cargo build --jobs 16 --release --example breakout",
      "mean": 81.40844498355997,
      "stddev": 0.715878061704217,
      "median": 81.40240454986,
      "user": 1191.45426,
      "system": 29.809382140000004,
      "min": 80.46287894535999,
      "max": 83.01600267635999,
      "times": [
        80.71831011136,
        81.48668794736,
        81.40001447735999,
        81.40479462236,
        83.01600267635999,
        81.11709106336,
        81.96633544635999,
        81.57942981736,
        80.93290472836,
        80.46287894535999
      ],
      "exit_codes": [
        0,
        0,
        0,
        0,
        0,
        0,
        0,
        0,
        0,
        0
      ]
    }
  ]
}
