{
  "results": [
    {
      "command": "cargo build --jobs 8 --release --example breakout",
      "mean": 117.16351871101999,
      "stddev": 0.06691178891413105,
      "median": 117.14765659302,
      "user": 903.90075982,
      "system": 23.906203099999992,
      "min": 117.08823497952,
      "max": 117.31943941552,
      "times": [
        117.08823497952,
        117.13542566752,
        117.20909886252,
        117.31943941552,
        117.10547624952,
        117.20109265251999,
        117.16279582851999,
        117.11831026851999,
        117.13988665052,
        117.15542653552
      ],
      "exit_codes": [
        0,
        0,
        0,
        0,
        0,
        0,
        0,
        0,
        0,
        0
      ]
    }
  ]
}
