{
  "results": [
    {
      "command": "cargo build --jobs 16 --release --example breakout",
      "mean": 70.81207251554,
      "stddev": 0.7635207989663891,
      "median": 70.70594286404001,
      "user": 1000.5195531599999,
      "system": 27.37389314,
      "min": 69.27736228954001,
      "max": 72.24933842154,
      "times": [
        70.82636107854,
        71.29035849854,
        72.24933842154,
        70.72673470154001,
        70.40875431254001,
        70.68515102654001,
        70.62981198254,
        69.27736228954001,
        71.39831784454,
        70.62853499954001
      ],
      "exit_codes": [
        0,
        0,
        0,
        0,
        0,
        0,
        0,
        0,
        0,
        0
      ]
    }
  ]
}
