{
  "results": [
    {
      "command": "cargo build --jobs 16 --release --example breakout",
      "mean": 98.52723035894,
      "stddev": 3.4223504267176375,
      "median": 97.67519722354001,
      "user": 1374.3325678199997,
      "system": 33.555518979999995,
      "min": 96.33558900354001,
      "max": 108.14065470054001,
      "times": [
        98.17927410154,
        97.42345862454,
        96.92278990654,
        98.08325604454001,
        108.14065470054001,
        97.64491937554,
        97.70811826754,
        97.70547507154001,
        97.12876849354001,
        96.33558900354001
      ],
      "exit_codes": [
        0,
        0,
        0,
        0,
        0,
        0,
        0,
        0,
        0,
        0
      ]
    }
  ]
}
