{
  "results": [
    {
      "command": "cargo build --jobs 16 --release --example breakout",
      "mean": 80.46532910124002,
      "stddev": 0.36474654165874343,
      "median": 80.57303451274001,
      "user": 1162.3406518,
      "system": 30.27193808,
      "min": 79.93105051324001,
      "max": 80.93892528224,
      "times": [
        80.64374013524001,
        80.73034319724,
        80.93892528224,
        80.10909939924001,
        80.62838090024,
        80.84017505824,
        79.93489522624,
        79.93105051324001,
        80.37899317524,
        80.51768812524
      ],
      "exit_codes": [
        0,
        0,
        0,
        0,
        0,
        0,
        0,
        0,
        0,
        0
      ]
    }
  ]
}
