{
  "results": [
    {
      "command": "cargo build --jobs 8 --release --example breakout",
      "mean": 114.86274612168002,
      "stddev": 0.3903619434126293,
      "median": 114.75670469978,
      "user": 867.6462423,
      "system": 22.56683192,
      "min": 114.51681238878,
      "max": 115.85856186378,
      "times": [
        114.85294875778,
        114.79835694178,
        114.69090152278,
        115.15103121878,
        114.57243021478,
        114.74139193178,
        114.67300890878,
        114.51681238878,
        114.77201746778,
        115.85856186378
      ],
      "exit_codes": [
        0,
        0,
        0,
        0,
        0,
        0,
        0,
        0,
        0,
        0
      ]
    }
  ]
}
