{
  "results": [
    {
      "command": "cargo build --jobs 16 --release --example breakout",
      "mean": 74.48913101216,
      "stddev": 0.4838851197102574,
      "median": 74.43826813736,
      "user": 1095.54772018,
      "system": 28.303069060000002,
      "min": 73.94440931535999,
      "max": 75.21234019436,
      "times": [
        75.21234019436,
        74.62813447636,
        74.24840179835999,
        75.19900229136,
        74.79431793136,
        74.68089678736,
        73.95982673435999,
        73.94440931535999,
        74.18884684236,
        74.03513375036
      ],
      "exit_codes": [
        0,
        0,
        0,
        0,
        0,
        0,
        0,
        0,
        0,
        0
      ]
    }
  ]
}
