{
  "results": [
    {
      "command": "cargo build --jobs 8 --release --example breakout",
      "mean": 132.95807967838,
      "stddev": 0.3248992082052209,
      "median": 132.86168017468,
      "user": 1021.77880382,
      "system": 24.55997694,
      "min": 132.60445783368002,
      "max": 133.52663227568002,
      "times": [
        132.81992478168002,
        133.51068509068003,
        132.72542877968002,
        132.89082646368,
        132.67682972168,
        133.52663227568002,
        132.85733466368,
        132.60445783368002,
        132.86602568568,
        133.10265148768002
      ],
      "exit_codes": [
        0,
        0,
        0,
        0,
        0,
        0,
        0,
        0,
        0,
        0
      ]
    }
  ]
}
