{
  "results": [
    {
      "command": "cargo build --jobs 8 --release --example breakout",
      "mean": 117.07232437319999,
      "stddev": 0.16195376804118936,
      "median": 117.02614578640001,
      "user": 902.92338528,
      "system": 24.878579119999994,
      "min": 116.8639233889,
      "max": 117.4538360729,
      "times": [
        117.0129554879,
        117.0105406199,
        117.1732945209,
        117.4538360729,
        116.9481084979,
        116.9996730869,
        117.0618631819,
        117.0393360849,
        117.1597127899,
        116.8639233889
      ],
      "exit_codes": [
        0,
        0,
        0,
        0,
        0,
        0,
        0,
        0,
        0,
        0
      ]
    }
  ]
}
