{
  "results": [
    {
      "command": "cargo build --jobs 16 --release --example breakout",
      "mean": 81.63171404980001,
      "stddev": 0.14506447538518888,
      "median": 81.58016465540001,
      "user": 1235.68483546,
      "system": 31.180988820000003,
      "min": 81.4998916074,
      "max": 81.9832895984,
      "times": [
        81.5966627284,
        81.5636665824,
        81.4998916074,
        81.6210404144,
        81.5546108884,
        81.9832895984,
        81.6469373794,
        81.5431157834,
        81.7710556824,
        81.5368698334
      ],
      "exit_codes": [
        0,
        0,
        0,
        0,
        0,
        0,
        0,
        0,
        0,
        0
      ]
    }
  ]
}
