{
  "results": [
    {
      "command": "cargo build --jobs 8 --release --example breakout",
      "mean": 127.36126386826001,
      "stddev": 0.17421805146712147,
      "median": 127.38546668966,
      "user": 977.06186684,
      "system": 25.448595360000006,
      "min": 127.02289596366,
      "max": 127.63524977766001,
      "times": [
        127.02289596366,
        127.49950510166,
        127.63524977766001,
        127.20987630366001,
        127.36963794966,
        127.38219243266,
        127.20464255166,
        127.38874094666001,
        127.44475201966,
        127.45514563566
      ],
      "exit_codes": [
        0,
        0,
        0,
        0,
        0,
        0,
        0,
        0,
        0,
        0
      ]
    }
  ]
}
