{
  "results": [
    {
      "command": "cargo build --jobs 8 --release --example breakout",
      "mean": 121.03422570257999,
      "stddev": 0.10506025377001547,
      "median": 121.03508081248,
      "user": 911.6008078999997,
      "system": 24.206162319999997,
      "min": 120.84224771948,
      "max": 121.23645811148,
      "times": [
        121.02266564148,
        121.09540430648,
        120.94902348848,
        121.11257059648,
        121.04374005948,
        121.02826792448,
        121.04189370048,
        120.96998547748,
        121.23645811148,
        120.84224771948
      ],
      "exit_codes": [
        0,
        0,
        0,
        0,
        0,
        0,
        0,
        0,
        0,
        0
      ]
    }
  ]
}
