{
  "results": [
    {
      "command": "cargo build --jobs 16 --release --example breakout",
      "mean": 77.84002412172,
      "stddev": 0.2220491126862917,
      "median": 77.85513458712,
      "user": 1153.67237286,
      "system": 29.80369,
      "min": 77.52688019812,
      "max": 78.22455221312,
      "times": [
        78.22455221312,
        77.84244141112,
        77.86782776312,
        77.53747201412,
        78.00970101612,
        77.68259322712001,
        78.03186512612,
        77.92543690012,
        77.52688019812,
        77.75147134812
      ],
      "exit_codes": [
        0,
        0,
        0,
        0,
        0,
        0,
        0,
        0,
        0,
        0
      ]
    }
  ]
}
