{
  "results": [
    {
      "command": "cargo build --jobs 8 --release --example breakout",
      "mean": 126.74338570998,
      "stddev": 0.2297760098758768,
      "median": 126.73454283618001,
      "user": 972.177367,
      "system": 25.64264701999999,
      "min": 126.36744173618001,
      "max": 127.09220532118,
      "times": [
        126.69917087718001,
        126.85615841718001,
        126.76991479518001,
        126.51901916018001,
        126.96257758318,
        126.95805847318,
        126.52151189018001,
        126.68779884618,
        126.36744173618001,
        127.09220532118
      ],
      "exit_codes": [
        0,
        0,
        0,
        0,
        0,
        0,
        0,
        0,
        0,
        0
      ]
    }
  ]
}
