{
  "results": [
    {
      "command": "cargo build --jobs 16 --release --example breakout",
      "mean": 87.14947672462,
      "stddev": 0.6546025077504852,
      "median": 87.19294302082,
      "user": 1217.0682702399997,
      "system": 31.966765779999992,
      "min": 85.59312821232001,
      "max": 87.91626842832001,
      "times": [
        87.20955833332,
        86.91385750632,
        87.17632770832,
        87.91626842832001,
        86.80244840732,
        87.32898941332,
        87.13542845932001,
        87.65164153632,
        87.76711924132,
        85.59312821232001
      ],
      "exit_codes": [
        0,
        0,
        0,
        0,
        0,
        0,
        0,
        0,
        0,
        0
      ]
    }
  ]
}
