{
  "results": [
    {
      "command": "cargo build --jobs 16 --release --example breakout",
      "mean": 91.90493496408001,
      "stddev": 1.3604717741146513,
      "median": 91.68919189808,
      "user": 1285.2518353,
      "system": 31.44650692,
      "min": 90.13412917558,
      "max": 94.00772315758,
      "times": [
        94.00772315758,
        90.63880086857999,
        93.67391635358,
        93.29135826758,
        91.35766065858,
        92.08081396957999,
        91.61636064657999,
        91.76202314958,
        90.48656339358,
        90.13412917558
      ],
      "exit_codes": [
        0,
        0,
        0,
        0,
        0,
        0,
        0,
        0,
        0,
        0
      ]
    }
  ]
}
