{
  "results": [
    {
      "command": "cargo build --jobs 8 --release --example breakout",
      "mean": 143.09587282912,
      "stddev": 0.21597680764073887,
      "median": 143.15095746582,
      "user": 1096.2968903999997,
      "system": 27.2504299,
      "min": 142.57955784682,
      "max": 143.32594433482,
      "times": [
        143.25641080882,
        143.32594433482,
        142.96175929682,
        142.57955784682,
        142.99151956481998,
        143.13333540582,
        143.19034909581998,
        143.08260013182,
        143.26867227981998,
        143.16857952582
      ],
      "exit_codes": [
        0,
        0,
        0,
        0,
        0,
        0,
        0,
        0,
        0,
        0
      ]
    }
  ]
}
