{
  "results": [
    {
      "command": "cargo build --jobs 16 --release --example breakout",
      "mean": 97.48442484237998,
      "stddev": 0.8132109072397239,
      "median": 97.70390281008,
      "user": 1372.7753742,
      "system": 33.99493316,
      "min": 95.86668009558,
      "max": 98.53453520058,
      "times": [
        95.86668009558,
        97.76140345757999,
        97.95819870358,
        97.92142713157999,
        96.40338709058,
        98.14456373658,
        97.64640216257999,
        97.45203680457999,
        97.15561404057999,
        98.53453520058
      ],
      "exit_codes": [
        0,
        0,
        0,
        0,
        0,
        0,
        0,
        0,
        0,
        0
      ]
    }
  ]
}
