{
  "results": [
    {
      "command": "cargo build --jobs 8 --release --example breakout",
      "mean": 143.75657653605998,
      "stddev": 0.19448414317369322,
      "median": 143.77184826906,
      "user": 1096.7522069399997,
      "system": 26.993979040000006,
      "min": 143.48561857006,
      "max": 144.00838801006,
      "times": [
        143.56154382906,
        143.48561857006,
        144.00838801006,
        143.98506820606,
        143.71756470806,
        143.60041863606,
        143.87242544306,
        143.94026924606,
        143.82613183006,
        143.56833688206
      ],
      "exit_codes": [
        0,
        0,
        0,
        0,
        0,
        0,
        0,
        0,
        0,
        0
      ]
    }
  ]
}
