{
  "results": [
    {
      "command": "cargo build --jobs 8 --release --example breakout",
      "mean": 120.07285655934,
      "stddev": 0.13491013743199384,
      "median": 120.08488329584,
      "user": 907.7708815,
      "system": 24.66099038,
      "min": 119.81997759933999,
      "max": 120.27943805833999,
      "times": [
        120.10872634434,
        120.27943805833999,
        120.09952041134,
        119.98772039933999,
        120.03734354434,
        120.16338638134,
        119.81997759933999,
        120.07024618033999,
        120.21955477034,
        119.94265190434
      ],
      "exit_codes": [
        0,
        0,
        0,
        0,
        0,
        0,
        0,
        0,
        0,
        0
      ]
    }
  ]
}
