{
  "results": [
    {
      "command": "cargo build --jobs 16 --release --example breakout",
      "mean": 79.17260192645999,
      "stddev": 3.686628241144151,
      "median": 78.07514686706,
      "user": 1141.1770578800001,
      "system": 30.11307634,
      "min": 77.77870568755999,
      "max": 89.65575898255999,
      "times": [
        78.17064755156,
        78.09777133056,
        77.94220053555999,
        78.06259524456,
        78.24766539356,
        77.84835151956,
        89.65575898255999,
        77.83462452955999,
        78.08769848956,
        77.77870568755999
      ],
      "exit_codes": [
        0,
        0,
        0,
        0,
        0,
        0,
        0,
        0,
        0,
        0
      ]
    }
  ]
}
