{
  "results": [
    {
      "command": "cargo build --jobs 16 --release --example breakout",
      "mean": 78.89436308934,
      "stddev": 4.380081514425417,
      "median": 77.35702290674001,
      "user": 1142.5685939999998,
      "system": 29.7382869,
      "min": 77.17740336074,
      "max": 91.31526143374,
      "times": [
        77.82744999574001,
        77.31300363774001,
        77.33736998574001,
        77.19997972374,
        77.34180939374001,
        77.37223641974,
        91.31526143374,
        78.40514458374001,
        77.17740336074,
        77.65397235874
      ],
      "exit_codes": [
        0,
        0,
        0,
        0,
        0,
        0,
        0,
        0,
        0,
        0
      ]
    }
  ]
}
