{
  "results": [
    {
      "command": "cargo build --jobs 8 --release --example breakout",
      "mean": 120.08612355446,
      "stddev": 0.123765452179876,
      "median": 120.03695883066001,
      "user": 908.57492974,
      "system": 24.20001888,
      "min": 119.95067561466,
      "max": 120.31843607466,
      "times": [
        120.31843607466,
        120.08171130166001,
        119.99790941766001,
        120.23991247266001,
        120.02075671966,
        120.00720595066001,
        119.95067561466,
        119.99008918966001,
        120.20137786166,
        120.05316094166001
      ],
      "exit_codes": [
        0,
        0,
        0,
        0,
        0,
        0,
        0,
        0,
        0,
        0
      ]
    }
  ]
}
