{
  "results": [
    {
      "command": "cargo build --jobs 16 --release --example breakout",
      "mean": 76.60791453395998,
      "stddev": 2.594302817559476,
      "median": 75.84216021126,
      "user": 1144.51894542,
      "system": 29.330408839999997,
      "min": 75.34014886775999,
      "max": 83.92242166176,
      "times": [
        76.16349355176,
        75.40497924476,
        76.32298310776,
        75.38615672176,
        75.67791188376,
        75.94797557976,
        83.92242166176,
        75.73634484275999,
        76.17672987776,
        75.34014886775999
      ],
      "exit_codes": [
        0,
        0,
        0,
        0,
        0,
        0,
        0,
        0,
        0,
        0
      ]
    }
  ]
}
