{
  "results": [
    {
      "command": "cargo build --jobs 16 --release --example breakout",
      "mean": 74.84895216789998,
      "stddev": 0.2990496676272355,
      "median": 74.88084555969999,
      "user": 1132.95632984,
      "system": 29.480535300000003,
      "min": 74.42197390419999,
      "max": 75.28425335419999,
      "times": [
        74.69667714319999,
        75.06375804519999,
        74.77812912719999,
        74.51220731919999,
        74.5395259142,
        74.42197390419999,
        75.1226111372,
        74.9835619922,
        75.0868237422,
        75.28425335419999
      ],
      "exit_codes": [
        0,
        0,
        0,
        0,
        0,
        0,
        0,
        0,
        0,
        0
      ]
    }
  ]
}
