{
  "results": [
    {
      "command": "cargo build --jobs 16 --release --example breakout",
      "mean": 91.1571400881,
      "stddev": 1.0215581687366855,
      "median": 90.99431269329999,
      "user": 1282.4823546,
      "system": 30.88854674,
      "min": 89.8208369563,
      "max": 93.01130853929999,
      "times": [
        90.78604254129999,
        90.46289432229999,
        90.96334877829999,
        91.46752937129999,
        90.1876072683,
        92.7244270313,
        91.12212946429999,
        93.01130853929999,
        89.8208369563,
        91.02527660829999
      ],
      "exit_codes": [
        0,
        0,
        0,
        0,
        0,
        0,
        0,
        0,
        0,
        0
      ]
    }
  ]
}
