{
  "results": [
    {
      "command": "cargo build --jobs 8 --release --example breakout",
      "mean": 133.59444485551998,
      "stddev": 0.39801636301513693,
      "median": 133.51162853912,
      "user": 1025.4361501199999,
      "system": 24.76186984,
      "min": 133.17886895162,
      "max": 134.67369528262,
      "times": [
        133.46455417662,
        133.62766466861999,
        133.43905031862,
        133.56397198762,
        134.67369528262,
        133.53681025762,
        133.17886895162,
        133.48644682062,
        133.54590022861998,
        133.42748586262
      ],
      "exit_codes": [
        0,
        0,
        0,
        0,
        0,
        0,
        0,
        0,
        0,
        0
      ]
    }
  ]
}
