{
  "results": [
    {
      "command": "cargo build --jobs 8 --release --example breakout",
      "mean": 140.99900838274,
      "stddev": 0.2674609187303849,
      "median": 141.03693165424,
      "user": 1076.1753038599998,
      "system": 26.658481419999998,
      "min": 140.46237004873998,
      "max": 141.47524780074,
      "times": [
        140.46237004873998,
        141.15040165774,
        141.07515675474,
        141.03414794474,
        141.16403120174,
        141.03971536374,
        140.76565864674,
        140.89610547174,
        140.92724893674,
        141.47524780074
      ],
      "exit_codes": [
        0,
        0,
        0,
        0,
        0,
        0,
        0,
        0,
        0,
        0
      ]
    }
  ]
}
