{
  "results": [
    {
      "command": "cargo build --jobs 16 --release --example breakout",
      "mean": 97.57129299996002,
      "stddev": 0.5274744236079297,
      "median": 97.32832570606,
      "user": 1347.23478072,
      "system": 33.270709239999995,
      "min": 97.04805677606,
      "max": 98.77323291905999,
      "times": [
        98.77323291905999,
        97.04805677606,
        97.66440974906,
        97.29722939906,
        97.30969395906,
        97.34695745306,
        97.22060344906,
        97.57341801806,
        98.18877451106,
        97.29055376606
      ],
      "exit_codes": [
        0,
        0,
        0,
        0,
        0,
        0,
        0,
        0,
        0,
        0
      ]
    }
  ]
}
