{
  "results": [
    {
      "command": "cargo build --jobs 8 --release --example breakout",
      "mean": 131.22740278722,
      "stddev": 0.4150315948334633,
      "median": 131.12106309601998,
      "user": 1006.0013952799998,
      "system": 24.80457014,
      "min": 130.65872336151998,
      "max": 132.25781895051998,
      "times": [
        131.22214638652,
        130.65872336151998,
        131.48560220651999,
        131.08231465152,
        131.19378078352,
        131.14704330851998,
        131.06386071251998,
        131.06765462752,
        132.25781895051998,
        131.09508288351998
      ],
      "exit_codes": [
        0,
        0,
        0,
        0,
        0,
        0,
        0,
        0,
        0,
        0
      ]
    }
  ]
}
