{
  "results": [
    {
      "command": "cargo build --jobs 16 --release --example breakout",
      "mean": 90.67895162972,
      "stddev": 0.5441764943216048,
      "median": 90.89424298222,
      "user": 1261.0349541199998,
      "system": 30.96086712,
      "min": 89.58508101222,
      "max": 91.14633243722001,
      "times": [
        90.61041737422,
        91.14633243722001,
        90.98601540722001,
        90.90383578722,
        90.88465017722001,
        90.72180829822001,
        91.06358271822,
        89.58508101222,
        91.07556311822,
        89.81222996722
      ],
      "exit_codes": [
        0,
        0,
        0,
        0,
        0,
        0,
        0,
        0,
        0,
        0
      ]
    }
  ]
}
