{
  "results": [
    {
      "command": "cargo build --jobs 16 --release --example breakout",
      "mean": 92.34806827861999,
      "stddev": 1.7303631717320287,
      "median": 91.81358879792,
      "user": 1285.08189784,
      "system": 31.49427596,
      "min": 90.86374250492,
      "max": 96.42815294392,
      "times": [
        91.21918196992,
        91.01738373392,
        96.42815294392,
        91.24115643292,
        92.43524214292,
        92.53220703192,
        92.02186865892,
        90.86374250492,
        94.11643842992,
        91.60530893692
      ],
      "exit_codes": [
        0,
        0,
        0,
        0,
        0,
        0,
        0,
        0,
        0,
        0
      ]
    }
  ]
}
