{
  "results": [
    {
      "command": "cargo build --jobs 8 --release --example breakout",
      "mean": 134.14483838482,
      "stddev": 0.18316319584595975,
      "median": 134.09358778632,
      "user": 1026.88195484,
      "system": 25.24922554,
      "min": 133.90107641731998,
      "max": 134.42461552132,
      "times": [
        134.07924572232,
        134.01500615432,
        134.41686479432,
        134.19291395332,
        133.90107641731998,
        134.30231168032,
        134.02725762932,
        134.42461552132,
        133.98116212532,
        134.10792985032
      ],
      "exit_codes": [
        0,
        0,
        0,
        0,
        0,
        0,
        0,
        0,
        0,
        0
      ]
    }
  ]
}
