{
  "results": [
    {
      "command": "cargo build --jobs 16 --release --example breakout",
      "mean": 97.73197784612,
      "stddev": 5.397399009053529,
      "median": 95.84813530522,
      "user": 1335.23304416,
      "system": 33.003636959999994,
      "min": 95.51126318372,
      "max": 113.02456087972,
      "times": [
        95.61577513872,
        95.86548516772,
        95.83078544272,
        95.68615824972001,
        95.51126318372,
        96.80166579572,
        96.09908827972001,
        97.06428243372,
        95.82071388972,
        113.02456087972
      ],
      "exit_codes": [
        0,
        0,
        0,
        0,
        0,
        0,
        0,
        0,
        0,
        0
      ]
    }
  ]
}
