{
  "results": [
    {
      "command": "cargo build --jobs 8 --release --example breakout",
      "mean": 139.61056146721998,
      "stddev": 0.23451427599236174,
      "median": 139.63771753781998,
      "user": 1067.09438236,
      "system": 26.605735239999994,
      "min": 139.18279153082,
      "max": 139.93441130882,
      "times": [
        139.48399904182,
        139.93441130882,
        139.81333952582,
        139.39837913982,
        139.78004188582,
        139.73993942482,
        139.18279153082,
        139.53549565082,
        139.78250136182,
        139.45471580182002
      ],
      "exit_codes": [
        0,
        0,
        0,
        0,
        0,
        0,
        0,
        0,
        0,
        0
      ]
    }
  ]
}
