{
  "results": [
    {
      "command": "cargo build --jobs 16 --release --example breakout",
      "mean": 98.17288272176002,
      "stddev": 5.906721711876057,
      "median": 96.05570917605999,
      "user": 1333.81133476,
      "system": 32.569411380000005,
      "min": 95.73338819306,
      "max": 114.86732439306,
      "times": [
        97.73650029006,
        95.86795034706,
        96.25044920606,
        96.16269001206,
        114.86732439306,
        95.73338819306,
        97.41763272406,
        95.82553397206,
        95.94872834006,
        95.91862974006
      ],
      "exit_codes": [
        0,
        0,
        0,
        0,
        0,
        0,
        0,
        0,
        0,
        0
      ]
    }
  ]
}
