{
  "results": [
    {
      "command": "cargo build --jobs 8 --release --example breakout",
      "mean": 117.31305294478003,
      "stddev": 0.24759098258659093,
      "median": 117.22126880498,
      "user": 905.31723338,
      "system": 23.807492319999994,
      "min": 117.11362543498,
      "max": 117.79758843697999,
      "times": [
        117.14189687998,
        117.31299220998,
        117.18227310098,
        117.15161895798,
        117.79758843697999,
        117.11362543498,
        117.14480743098,
        117.72937721898,
        117.26026450898,
        117.29608526798
      ],
      "exit_codes": [
        0,
        0,
        0,
        0,
        0,
        0,
        0,
        0,
        0,
        0
      ]
    }
  ]
}
