{
  "results": [
    {
      "command": "cargo build --jobs 8 --release --example breakout",
      "mean": 120.35064759596,
      "stddev": 0.16724487475909244,
      "median": 120.36633432136,
      "user": 907.29452688,
      "system": 24.727173119999996,
      "min": 120.10165628636001,
      "max": 120.58941653136,
      "times": [
        120.10165628636001,
        120.37432063536001,
        120.24352609336,
        120.58941653136,
        120.39180152036,
        120.23809790236001,
        120.47955164636001,
        120.57612881736,
        120.15362851936001,
        120.35834800736001
      ],
      "exit_codes": [
        0,
        0,
        0,
        0,
        0,
        0,
        0,
        0,
        0,
        0
      ]
    }
  ]
}
