{
  "results": [
    {
      "command": "cargo build --jobs 16 --release --example breakout",
      "mean": 77.64447296671999,
      "stddev": 0.2900013814824384,
      "median": 77.70106750322,
      "user": 1142.6755738400002,
      "system": 30.15743747999999,
      "min": 77.19727171372,
      "max": 78.10448967372,
      "times": [
        77.19727171372,
        77.40590967071999,
        78.10448967372,
        77.78168516072,
        77.78842323072,
        77.61333278572,
        77.75749172472,
        77.23984652572,
        77.91163589972,
        77.64464328172
      ],
      "exit_codes": [
        0,
        0,
        0,
        0,
        0,
        0,
        0,
        0,
        0,
        0
      ]
    }
  ]
}
