{
  "results": [
    {
      "command": "cargo build --jobs 16 --release --example breakout",
      "mean": 78.5079324562,
      "stddev": 0.33529673754374706,
      "median": 78.4356512631,
      "user": 1181.0454342,
      "system": 30.058160539999996,
      "min": 78.17897269710001,
      "max": 79.2325172431,
      "times": [
        78.2294484231,
        78.6584020411,
        78.3472167861,
        78.3023960261,
        79.2325172431,
        78.2073021721,
        78.5240857401,
        78.85160825610001,
        78.5473751771,
        78.17897269710001
      ],
      "exit_codes": [
        0,
        0,
        0,
        0,
        0,
        0,
        0,
        0,
        0,
        0
      ]
    }
  ]
}
