{
  "results": [
    {
      "command": "cargo build --jobs 8 --release --example breakout",
      "mean": 120.2033051528,
      "stddev": 0.15960361195553222,
      "median": 120.2149881702,
      "user": 909.6654070599998,
      "system": 24.10923786,
      "min": 119.82809195520001,
      "max": 120.42570775520001,
      "times": [
        120.1244350052,
        120.2162169802,
        120.2325721502,
        119.82809195520001,
        120.42570775520001,
        120.1614216472,
        120.1851779422,
        120.34521295820001,
        120.2137593602,
        120.3004557742
      ],
      "exit_codes": [
        0,
        0,
        0,
        0,
        0,
        0,
        0,
        0,
        0,
        0
      ]
    }
  ]
}
