{
  "results": [
    {
      "command": "cargo build --jobs 16 --release --example breakout",
      "mean": 70.81654164648,
      "stddev": 0.5621983108642672,
      "median": 70.82117491758,
      "user": 1003.2245096199998,
      "system": 27.475763240000003,
      "min": 69.45072863008,
      "max": 71.44380350108,
      "times": [
        70.89303279308,
        70.64862525808,
        71.01007225108,
        71.24792715208,
        70.74931704208,
        71.44380350108,
        70.63034079608,
        70.74262533507999,
        69.45072863008,
        71.34894370608
      ],
      "exit_codes": [
        0,
        0,
        0,
        0,
        0,
        0,
        0,
        0,
        0,
        0
      ]
    }
  ]
}
