{
  "results": [
    {
      "command": "cargo build --jobs 8 --release --example breakout",
      "mean": 106.30908899650004,
      "stddev": 0.47016301509778,
      "median": 106.4535741304,
      "user": 800.6800948,
      "system": 21.887018660000003,
      "min": 105.6820677024,
      "max": 106.7855049364,
      "times": [
        106.5910663674,
        105.83479243340001,
        106.31608189340001,
        106.7855049364,
        106.7407057374,
        106.71367450640001,
        106.7824650464,
        105.7306881174,
        105.6820677024,
        105.91384322440001
      ],
      "exit_codes": [
        0,
        0,
        0,
        0,
        0,
        0,
        0,
        0,
        0,
        0
      ]
    }
  ]
}
