{
  "results": [
    {
      "command": "cargo build --jobs 16 --release --example breakout",
      "mean": 96.24623070856,
      "stddev": 0.8289154256454704,
      "median": 95.99151152286001,
      "user": 1337.58672286,
      "system": 32.93407188,
      "min": 95.57586084086,
      "max": 98.30024841086001,
      "times": [
        96.11523684486001,
        95.57586084086,
        95.58947262186001,
        97.02043464086,
        95.99129451886,
        95.78043947786,
        95.99172852686,
        98.30024841086001,
        95.90224573886,
        96.19534546386001
      ],
      "exit_codes": [
        0,
        0,
        0,
        0,
        0,
        0,
        0,
        0,
        0,
        0
      ]
    }
  ]
}
