{
  "results": [
    {
      "command": "cargo build --jobs 8 --release --example breakout",
      "mean": 141.20598968381995,
      "stddev": 2.860335707471018,
      "median": 140.33773976662,
      "user": 1067.9104518199997,
      "system": 26.57375862,
      "min": 139.83002418511998,
      "max": 149.30774406211998,
      "times": [
        140.09891606611998,
        140.62033602812,
        149.30774406211998,
        140.13075694812,
        140.16689360612,
        140.50858592711998,
        140.51344347612,
        139.83002418511998,
        140.72703579612,
        140.15616074311998
      ],
      "exit_codes": [
        0,
        0,
        0,
        0,
        0,
        0,
        0,
        0,
        0,
        0
      ]
    }
  ]
}
