{
  "results": [
    {
      "command": "cargo build --jobs 16 --release --example breakout",
      "mean": 92.48152193714,
      "stddev": 1.356948712652057,
      "median": 92.54751172684001,
      "user": 1289.2960765,
      "system": 30.98981488,
      "min": 90.70778484484,
      "max": 94.25693349084,
      "times": [
        90.70778484484,
        94.25693349084,
        92.41507715484,
        91.05743126984001,
        91.25486786384,
        93.62830329484001,
        93.42674358184,
        92.67994629884001,
        91.21113692284,
        94.17699464884001
      ],
      "exit_codes": [
        0,
        0,
        0,
        0,
        0,
        0,
        0,
        0,
        0,
        0
      ]
    }
  ]
}
