{
  "results": [
    {
      "command": "cargo build --jobs 8 --release --example breakout",
      "mean": 135.26919719302,
      "stddev": 2.446676974233888,
      "median": 134.52551264852,
      "user": 1028.8904301599998,
      "system": 24.79705892,
      "min": 134.26650876152,
      "max": 142.21772411752,
      "times": [
        134.44710344452,
        134.31791618751998,
        142.21772411752,
        134.66436197552,
        134.33850311952,
        134.71452640151998,
        134.46163770552,
        134.67430262552,
        134.58938759152,
        134.26650876152
      ],
      "exit_codes": [
        0,
        0,
        0,
        0,
        0,
        0,
        0,
        0,
        0,
        0
      ]
    }
  ]
}
