{
  "results": [
    {
      "command": "cargo build --jobs 16 --release --example breakout",
      "mean": 70.71879276211999,
      "stddev": 0.9734202697528943,
      "median": 70.66558209092,
      "user": 1000.9708149799999,
      "system": 27.210062419999996,
      "min": 69.00516204642,
      "max": 72.22663090341999,
      "times": [
        69.00516204642,
        72.22663090341999,
        71.67054282142,
        70.77622868341999,
        70.55493549842,
        71.28946901942,
        70.41572767342,
        71.33249050442,
        70.42270376041999,
        69.49403671041999
      ],
      "exit_codes": [
        0,
        0,
        0,
        0,
        0,
        0,
        0,
        0,
        0,
        0
      ]
    }
  ]
}
