{
  "results": [
    {
      "command": "cargo build --jobs 8 --release --example breakout",
      "mean": 117.30321280229998,
      "stddev": 0.29975190931973017,
      "median": 117.1989652246,
      "user": 904.0041266200002,
      "system": 23.855850179999997,
      "min": 117.0248989231,
      "max": 117.9282299301,
      "times": [
        117.0813379561,
        117.0248989231,
        117.9282299301,
        117.0366007991,
        117.5483981731,
        117.2908910391,
        117.1070394101,
        117.0786033111,
        117.55942156809999,
        117.3767069131
      ],
      "exit_codes": [
        0,
        0,
        0,
        0,
        0,
        0,
        0,
        0,
        0,
        0
      ]
    }
  ]
}
