{
  "results": [
    {
      "command": "cargo build --jobs 16 --release --example breakout",
      "mean": 77.43880802320001,
      "stddev": 0.1339422054011887,
      "median": 77.4326811985,
      "user": 1146.7659753599999,
      "system": 29.541772480000002,
      "min": 77.2385450645,
      "max": 77.6617488835,
      "times": [
        77.6297685775,
        77.4094523305,
        77.4559100665,
        77.4669876645,
        77.3564057605,
        77.3710365355,
        77.4958285955,
        77.3023967535,
        77.6617488835,
        77.2385450645
      ],
      "exit_codes": [
        0,
        0,
        0,
        0,
        0,
        0,
        0,
        0,
        0,
        0
      ]
    }
  ]
}
