{
  "results": [
    {
      "command": "cargo build --jobs 8 --release --example breakout",
      "mean": 120.31477484377999,
      "stddev": 0.163648515265245,
      "median": 120.36963925277999,
      "user": 910.5945279,
      "system": 24.143446540000003,
      "min": 119.96746451028,
      "max": 120.49569519427999,
      "times": [
        120.20929934028,
        120.40104402927999,
        120.14022952827999,
        120.35929199028,
        120.45833401527999,
        120.37998651528,
        119.96746451028,
        120.42336026327999,
        120.49569519427999,
        120.31304305127999
      ],
      "exit_codes": [
        0,
        0,
        0,
        0,
        0,
        0,
        0,
        0,
        0,
        0
      ]
    }
  ]
}
