{
  "results": [
    {
      "command": "cargo build --jobs 16 --release --example breakout",
      "mean": 75.95854362926002,
      "stddev": 0.41962845808426813,
      "median": 75.93457609626,
      "user": 1142.8050222400002,
      "system": 29.33996474,
      "min": 75.23100099726,
      "max": 76.53902756526,
      "times": [
        76.15939655326,
        75.93859642826,
        76.40228410126,
        75.83633831526,
        76.53902756526,
        75.75183018526,
        75.23100099726,
        76.35380019826,
        75.93055576425999,
        75.44260618426
      ],
      "exit_codes": [
        0,
        0,
        0,
        0,
        0,
        0,
        0,
        0,
        0,
        0
      ]
    }
  ]
}
