{
  "results": [
    {
      "command": "cargo build --jobs 8 --release --example breakout",
      "mean": 117.32834676872001,
      "stddev": 0.4085621248385925,
      "median": 117.16753629722,
      "user": 904.0867917399999,
      "system": 23.847514639999996,
      "min": 116.98034231672,
      "max": 118.28461211072,
      "times": [
        117.68034733972,
        117.09548856772,
        117.08344138572,
        116.98034231672,
        117.00683881972,
        117.23958402672,
        117.05427168071999,
        117.53395110972,
        117.32459032972,
        118.28461211072
      ],
      "exit_codes": [
        0,
        0,
        0,
        0,
        0,
        0,
        0,
        0,
        0,
        0
      ]
    }
  ]
}
