{
  "results": [
    {
      "command": "cargo build --jobs 8 --release --example breakout",
      "mean": 117.26422412407999,
      "stddev": 0.19087305277786473,
      "median": 117.23845937898,
      "user": 902.99174712,
      "system": 23.63757902,
      "min": 116.93059508198,
      "max": 117.58871650997999,
      "times": [
        117.22371242397999,
        117.27142482398,
        117.08539507098,
        117.58871650997999,
        117.21103428298,
        117.18933151297999,
        117.39902015397999,
        117.25320633397999,
        117.48980504597999,
        116.93059508198
      ],
      "exit_codes": [
        0,
        0,
        0,
        0,
        0,
        0,
        0,
        0,
        0,
        0
      ]
    }
  ]
}
