{
  "results": [
    {
      "command": "cargo build --jobs 16 --release --example breakout",
      "mean": 75.80116669946,
      "stddev": 0.31851571822165703,
      "median": 75.82770831266001,
      "user": 1143.1715714000002,
      "system": 29.303784260000004,
      "min": 75.28562413316,
      "max": 76.16011882816001,
      "times": [
        75.78833209716001,
        75.86708452816,
        75.70203239716001,
        76.04735823016,
        75.29348285016,
        76.16011882816001,
        76.13540205416001,
        75.68500981016001,
        76.04722206616,
        75.28562413316
      ],
      "exit_codes": [
        0,
        0,
        0,
        0,
        0,
        0,
        0,
        0,
        0,
        0
      ]
    }
  ]
}
