{
  "results": [
    {
      "command": "cargo build --jobs 8 --release --example breakout",
      "mean": 121.81392760132,
      "stddev": 0.3013139353975504,
      "median": 121.89445825202,
      "user": 933.63458186,
      "system": 24.66634148,
      "min": 121.32901745852,
      "max": 122.18040151352001,
      "times": [
        122.05344228452,
        121.76366884752001,
        122.03755278952,
        122.02524765652001,
        122.18040151352001,
        121.62308797952001,
        121.32901745852,
        121.58660243552,
        122.08728585352,
        121.45296919452001
      ],
      "exit_codes": [
        0,
        0,
        0,
        0,
        0,
        0,
        0,
        0,
        0,
        0
      ]
    }
  ]
}
