{
  "results": [
    {
      "command": "cargo build --jobs 16 --release --example breakout",
      "mean": 78.21513276116,
      "stddev": 0.24108362297791291,
      "median": 78.18675784076001,
      "user": 1180.3842132999998,
      "system": 30.40956592,
      "min": 77.84594574926,
      "max": 78.71347247226,
      "times": [
        78.26370167326,
        78.17510776626,
        78.10388447326,
        78.19840791526,
        77.84594574926,
        78.23404299326,
        78.16417617226,
        78.46984104626,
        78.71347247226,
        77.98274735026
      ],
      "exit_codes": [
        0,
        0,
        0,
        0,
        0,
        0,
        0,
        0,
        0,
        0
      ]
    }
  ]
}
