{
  "results": [
    {
      "command": "cargo build --jobs 8 --release --example breakout",
      "mean": 126.85437789794,
      "stddev": 0.15702308227175107,
      "median": 126.83921651594,
      "user": 972.53509634,
      "system": 25.6836599,
      "min": 126.63565932544,
      "max": 127.14380893144,
      "times": [
        126.87154571444,
        126.93085261644,
        126.80688731744,
        126.75294438244,
        127.14380893144,
        127.03404834744,
        126.67756289844,
        126.90807841244,
        126.78239103344,
        126.63565932544
      ],
      "exit_codes": [
        0,
        0,
        0,
        0,
        0,
        0,
        0,
        0,
        0,
        0
      ]
    }
  ]
}
