{
  "results": [
    {
      "command": "cargo build --jobs 16 --release --example breakout",
      "mean": 86.93161424531999,
      "stddev": 1.1322969416285649,
      "median": 87.24119635022001,
      "user": 1218.1362392400001,
      "system": 31.92601254,
      "min": 84.61354907372001,
      "max": 88.09077044472001,
      "times": [
        87.69297059172001,
        86.82743653772,
        87.51288281772001,
        85.20089202772,
        87.17095201772001,
        84.61354907372001,
        88.09077044472001,
        87.31144068272,
        87.16133239072,
        87.73391586872
      ],
      "exit_codes": [
        0,
        0,
        0,
        0,
        0,
        0,
        0,
        0,
        0,
        0
      ]
    }
  ]
}
