{
  "results": [
    {
      "command": "cargo build --jobs 8 --release --example breakout",
      "mean": 116.04265428488,
      "stddev": 0.43442046786143695,
      "median": 116.07237598858,
      "user": 870.8488088,
      "system": 22.871327399999995,
      "min": 115.23455284708,
      "max": 116.73403193508,
      "times": [
        115.65975073808,
        115.97807592008,
        115.23455284708,
        116.16667605708,
        115.80184845408,
        116.17686473708,
        115.89166509008,
        116.21970382508,
        116.73403193508,
        116.56337324508
      ],
      "exit_codes": [
        0,
        0,
        0,
        0,
        0,
        0,
        0,
        0,
        0,
        0
      ]
    }
  ]
}
