{
  "results": [
    {
      "command": "cargo build --jobs 16 --release --example breakout",
      "mean": 74.81001934641998,
      "stddev": 0.2315965040591397,
      "median": 74.86190613852,
      "user": 1134.9142116799999,
      "system": 29.45493056,
      "min": 74.34866675602,
      "max": 75.04865862001999,
      "times": [
        74.80681918602,
        75.04865862001999,
        74.66394854702,
        74.81519928302,
        74.90861299401999,
        74.98188697402,
        74.52987843902,
        74.34866675602,
        75.03670344502,
        74.95981922002
      ],
      "exit_codes": [
        0,
        0,
        0,
        0,
        0,
        0,
        0,
        0,
        0,
        0
      ]
    }
  ]
}
