{
  "results": [
    {
      "command": "cargo build --jobs 8 --release --example breakout",
      "mean": 116.69502578082002,
      "stddev": 0.2333293733519058,
      "median": 116.68778928422,
      "user": 899.77522432,
      "system": 24.04370498,
      "min": 116.29327119922,
      "max": 117.13797785322,
      "times": [
        116.60079571122,
        116.68571056822,
        116.79031826022,
        116.55980586022,
        117.13797785322,
        116.94995992022,
        116.52091931622,
        116.68986800022,
        116.29327119922,
        116.72163111921999
      ],
      "exit_codes": [
        0,
        0,
        0,
        0,
        0,
        0,
        0,
        0,
        0,
        0
      ]
    }
  ]
}
