{
  "results": [
    {
      "command": "cargo build --jobs 8 --release --example breakout",
      "mean": 125.30677956614002,
      "stddev": 0.183895407766577,
      "median": 125.31175988724002,
      "user": 961.43576954,
      "system": 25.207726779999998,
      "min": 124.95437312874,
      "max": 125.54337458474001,
      "times": [
        125.32407727574001,
        125.38583602574,
        125.54337458474001,
        124.95437312874,
        125.25359710374,
        125.29944249874,
        125.08657645074001,
        125.26511407074001,
        125.53294846774001,
        125.42245605474001
      ],
      "exit_codes": [
        0,
        0,
        0,
        0,
        0,
        0,
        0,
        0,
        0,
        0
      ]
    }
  ]
}
