{
  "results": [
    {
      "command": "cargo build --jobs 16 --release --example breakout",
      "mean": 75.83093750393999,
      "stddev": 0.6950202960230455,
      "median": 75.68573636533999,
      "user": 1140.95423158,
      "system": 29.57516492,
      "min": 75.26727329184,
      "max": 77.73703798384,
      "times": [
        75.26727329184,
        77.73703798384,
        75.57662741684,
        75.74176513584,
        75.88066127783999,
        75.66992424984,
        75.34352263183999,
        75.64795728483999,
        75.70154848083999,
        75.74305728584
      ],
      "exit_codes": [
        0,
        0,
        0,
        0,
        0,
        0,
        0,
        0,
        0,
        0
      ]
    }
  ]
}
