{
  "results": [
    {
      "command": "cargo build --jobs 8 --release --example breakout",
      "mean": 117.7119332888,
      "stddev": 0.23970956985707365,
      "median": 117.6111385515,
      "user": 903.73173328,
      "system": 24.024715559999997,
      "min": 117.4547091535,
      "max": 118.06835567050001,
      "times": [
        117.5889449425,
        117.95468867250001,
        118.0609055295,
        117.5251232925,
        117.5908793185,
        117.4547091535,
        117.7894245895,
        117.45490393450001,
        118.06835567050001,
        117.63139778450001
      ],
      "exit_codes": [
        0,
        0,
        0,
        0,
        0,
        0,
        0,
        0,
        0,
        0
      ]
    }
  ]
}
