{
  "results": [
    {
      "command": "cargo build --jobs 8 --release --example breakout",
      "mean": 128.20462249902002,
      "stddev": 0.4043472371423885,
      "median": 128.34153848302,
      "user": 977.5154084,
      "system": 25.653788059999993,
      "min": 127.51058996952001,
      "max": 128.63899389752,
      "times": [
        128.36605490452,
        128.30254567052,
        128.31702206152,
        128.46164275852001,
        127.63477126252,
        128.45516432352,
        127.79369793052001,
        127.51058996952001,
        128.63899389752,
        128.56574221152002
      ],
      "exit_codes": [
        0,
        0,
        0,
        0,
        0,
        0,
        0,
        0,
        0,
        0
      ]
    }
  ]
}
