{
  "results": [
    {
      "command": "cargo build --jobs 16 --release --example breakout",
      "mean": 82.29648483266,
      "stddev": 0.45572196555034605,
      "median": 82.13123058546,
      "user": 1234.9299980199999,
      "system": 31.56301928,
      "min": 81.84486185996,
      "max": 83.21196642296,
      "times": [
        82.04162292395999,
        83.21196642296,
        81.84486185996,
        82.03955313396,
        82.24880527396,
        82.03318449396,
        82.06212448696,
        82.20033668396,
        82.23952358396,
        83.04286946296
      ],
      "exit_codes": [
        0,
        0,
        0,
        0,
        0,
        0,
        0,
        0,
        0,
        0
      ]
    }
  ]
}
