{
  "results": [
    {
      "command": "cargo build --jobs 16 --release --example breakout",
      "mean": 78.45425236544,
      "stddev": 0.20499909761954757,
      "median": 78.43887811194,
      "user": 1180.83697868,
      "system": 30.095688939999995,
      "min": 78.18363257344,
      "max": 78.72980505844,
      "times": [
        78.68343220544,
        78.57063225044,
        78.72980505844,
        78.23272622943999,
        78.24440275843999,
        78.44968303044,
        78.18363257344,
        78.33266762644,
        78.42807319344,
        78.68746872844
      ],
      "exit_codes": [
        0,
        0,
        0,
        0,
        0,
        0,
        0,
        0,
        0,
        0
      ]
    }
  ]
}
