{
  "results": [
    {
      "command": "cargo build --jobs 16 --release --example breakout",
      "mean": 75.90258029809999,
      "stddev": 0.6047478355873203,
      "median": 75.781575605,
      "user": 1143.0951509399997,
      "system": 29.452573839999996,
      "min": 75.1847583375,
      "max": 77.10790809150001,
      "times": [
        76.3063055355,
        75.4278185495,
        77.10790809150001,
        75.2616971365,
        76.3535144275,
        76.25228258150001,
        75.56836711150001,
        75.95136375450001,
        75.61178745550001,
        75.1847583375
      ],
      "exit_codes": [
        0,
        0,
        0,
        0,
        0,
        0,
        0,
        0,
        0,
        0
      ]
    }
  ]
}
