{
  "results": [
    {
      "command": "cargo build --jobs 8 --release --example breakout",
      "mean": 117.42599095154,
      "stddev": 0.35253488991426346,
      "median": 117.25951052944,
      "user": 905.6407881399998,
      "system": 23.887871479999998,
      "min": 117.08595021444,
      "max": 118.04096038944,
      "times": [
        117.22628688244001,
        117.95762820644,
        117.13737459844,
        117.21030418044,
        117.24538892944,
        117.27363212944,
        117.32906043444,
        117.75332355044,
        117.08595021444,
        118.04096038944
      ],
      "exit_codes": [
        0,
        0,
        0,
        0,
        0,
        0,
        0,
        0,
        0,
        0
      ]
    }
  ]
}
