{
  "results": [
    {
      "command": "cargo build --jobs 8 --release --example breakout",
      "mean": 106.53931286184002,
      "stddev": 0.5187342836939125,
      "median": 106.80034580934,
      "user": 801.7021009,
      "system": 21.78022572,
      "min": 105.72390587884,
      "max": 107.00921104084,
      "times": [
        105.74799179684,
        106.86208595784,
        106.64741634584,
        107.00921104084,
        105.72390587884,
        106.84994260584,
        105.94662190784,
        106.92830504484,
        106.92689902684,
        106.75074901284
      ],
      "exit_codes": [
        0,
        0,
        0,
        0,
        0,
        0,
        0,
        0,
        0,
        0
      ]
    }
  ]
}
