{
  "results": [
    {
      "command": "cargo build --jobs 8 --release --example breakout",
      "mean": 134.66099783022,
      "stddev": 0.24350165511152955,
      "median": 134.68036639962,
      "user": 1029.82132188,
      "system": 24.66612136,
      "min": 134.31561027562,
      "max": 135.04402684062,
      "times": [
        134.78247279862,
        134.42746204562,
        135.04402684062,
        134.47257527562,
        134.59802467162,
        134.78061260162,
        134.31561027562,
        134.76270812762,
        134.45951251162,
        134.96697315362
      ],
      "exit_codes": [
        0,
        0,
        0,
        0,
        0,
        0,
        0,
        0,
        0,
        0
      ]
    }
  ]
}
