{
  "results": [
    {
      "command": "cargo build --jobs 8 --release --example breakout",
      "mean": 130.72118879058002,
      "stddev": 0.36090659488730376,
      "median": 130.60863323358,
      "user": 1002.8170605199999,
      "system": 24.56951994,
      "min": 130.29530182758,
      "max": 131.30253898358,
      "times": [
        131.30253898358,
        130.51919561258,
        130.64460250758,
        130.74080745858,
        131.12738457558,
        130.57266395958,
        130.29530182758,
        131.18720808158,
        130.47941039358,
        130.34277450558
      ],
      "exit_codes": [
        0,
        0,
        0,
        0,
        0,
        0,
        0,
        0,
        0,
        0
      ]
    }
  ]
}
