{
  "results": [
    {
      "command": "cargo build --jobs 16 --release --example breakout",
      "mean": 90.65454929984,
      "stddev": 2.2066976830391085,
      "median": 90.16048360744,
      "user": 1253.4830108,
      "system": 30.535565679999998,
      "min": 89.19098191344,
      "max": 96.84705551144,
      "times": [
        96.84705551144,
        89.65126275344001,
        90.25143108744,
        90.27515325244,
        90.40442413444,
        90.12495048844,
        90.19601672644,
        89.71034875944,
        89.19098191344,
        89.89386837144
      ],
      "exit_codes": [
        0,
        0,
        0,
        0,
        0,
        0,
        0,
        0,
        0,
        0
      ]
    }
  ]
}
