{
  "results": [
    {
      "command": "cargo build --jobs 16 --release --example breakout",
      "mean": 79.9499069693,
      "stddev": 0.36320508448687916,
      "median": 79.9462331829,
      "user": 1153.3670699199997,
      "system": 29.410284019999995,
      "min": 79.17865615390001,
      "max": 80.4344854909,
      "times": [
        80.1053094999,
        79.9591573159,
        79.8936928579,
        80.1210654989,
        80.4344854909,
        79.7422800529,
        80.40525691490001,
        79.7258568579,
        79.9333090499,
        79.17865615390001
      ],
      "exit_codes": [
        0,
        0,
        0,
        0,
        0,
        0,
        0,
        0,
        0,
        0
      ]
    }
  ]
}
