{
  "results": [
    {
      "command": "cargo build --jobs 8 --release --example breakout",
      "mean": 125.13675724236,
      "stddev": 0.4074860879062595,
      "median": 125.21438232366,
      "user": 958.7497067800001,
      "system": 25.08048684,
      "min": 124.41900726666,
      "max": 125.61676161266,
      "times": [
        125.17102815766,
        124.73700048666,
        125.61676161266,
        125.20621393266,
        125.51324856166,
        124.62426822266,
        125.40920400066,
        125.44828946766,
        124.41900726666,
        125.22255071466
      ],
      "exit_codes": [
        0,
        0,
        0,
        0,
        0,
        0,
        0,
        0,
        0,
        0
      ]
    }
  ]
}
