{
  "results": [
    {
      "command": "cargo build --jobs 16 --release --example breakout",
      "mean": 83.01338756604,
      "stddev": 1.4229091835495982,
      "median": 83.12551973993999,
      "user": 1204.0075288799999,
      "system": 31.139909420000002,
      "min": 80.86888487194,
      "max": 84.66282206294,
      "times": [
        84.34177903394,
        84.38217409993999,
        84.45601302694,
        84.66282206294,
        80.86888487194,
        83.29479159494,
        81.63535919294,
        82.95624788494,
        81.99067539794,
        81.54512849394
      ],
      "exit_codes": [
        0,
        0,
        0,
        0,
        0,
        0,
        0,
        0,
        0,
        0
      ]
    }
  ]
}
