{
  "results": [
    {
      "command": "cargo build --jobs 16 --release --example breakout",
      "mean": 80.21063190586,
      "stddev": 0.19703880235053334,
      "median": 80.24857653555999,
      "user": 1201.1571411399996,
      "system": 30.72178948,
      "min": 79.84032388905999,
      "max": 80.55554502406,
      "times": [
        80.24869692105999,
        80.26111025205999,
        80.12084065206,
        80.31806391306,
        80.24845615006,
        80.30173081506,
        79.96792601605999,
        80.24362542605999,
        80.55554502406,
        79.84032388905999
      ],
      "exit_codes": [
        0,
        0,
        0,
        0,
        0,
        0,
        0,
        0,
        0,
        0
      ]
    }
  ]
}
