{
  "results": [
    {
      "command": "cargo build --jobs 8 --release --example breakout",
      "mean": 124.00413006685999,
      "stddev": 0.2927310600318225,
      "median": 123.93807149455999,
      "user": 951.0674380800001,
      "system": 25.181165799999995,
      "min": 123.68576582106,
      "max": 124.65034407505999,
      "times": [
        123.68576582106,
        123.97792540105999,
        123.77590938505999,
        123.89821758805999,
        124.18473101106,
        124.14741042905999,
        124.65034407505999,
        123.75042705205999,
        123.79811571505999,
        124.17245419106
      ],
      "exit_codes": [
        0,
        0,
        0,
        0,
        0,
        0,
        0,
        0,
        0,
        0
      ]
    }
  ]
}
