{
  "results": [
    {
      "command": "cargo build --jobs 8 --release --example breakout",
      "mean": 117.32421380779999,
      "stddev": 0.3830767064815364,
      "median": 117.2280646152,
      "user": 902.2531959999999,
      "system": 23.89799956,
      "min": 116.7186158977,
      "max": 118.0207852007,
      "times": [
        117.1529660347,
        117.25441332070001,
        117.2017159097,
        117.1893856487,
        118.0207852007,
        117.8946842747,
        117.42853985170001,
        117.3115869347,
        116.7186158977,
        117.0694450047
      ],
      "exit_codes": [
        0,
        0,
        0,
        0,
        0,
        0,
        0,
        0,
        0,
        0
      ]
    }
  ]
}
