{
  "results": [
    {
      "command": "cargo build --jobs 8 --release --example breakout",
      "mean": 124.95385121075999,
      "stddev": 0.2155546507837765,
      "median": 125.02841107236,
      "user": 958.3992927400001,
      "system": 24.038025819999994,
      "min": 124.63239243635999,
      "max": 125.28999660736,
      "times": [
        125.05103431335999,
        125.02352374636,
        125.03329839835999,
        125.28999660736,
        125.15019894736,
        124.70576373236,
        124.63239243635999,
        125.08368427635999,
        124.84257260935999,
        124.72604704036
      ],
      "exit_codes": [
        0,
        0,
        0,
        0,
        0,
        0,
        0,
        0,
        0,
        0
      ]
    }
  ]
}
