{
  "results": [
    {
      "command": "cargo build --jobs 16 --release --example breakout",
      "mean": 81.43527258590002,
      "stddev": 0.5839874392407632,
      "median": 81.57441201110001,
      "user": 1204.2039278799998,
      "system": 29.96611863999999,
      "min": 80.18955255860001,
      "max": 82.13715024960001,
      "times": [
        82.13715024960001,
        81.5570201476,
        81.74617642560001,
        81.3644235056,
        81.3130873056,
        80.18955255860001,
        81.7327691996,
        80.7401849796,
        81.5918038746,
        81.98055761260001
      ],
      "exit_codes": [
        0,
        0,
        0,
        0,
        0,
        0,
        0,
        0,
        0,
        0
      ]
    }
  ]
}
