{
  "results": [
    {
      "command": "cargo build --jobs 8 --release --example breakout",
      "mean": 133.16842592340004,
      "stddev": 0.30192002812651064,
      "median": 133.1432899144,
      "user": 1023.1827798,
      "system": 24.62033632,
      "min": 132.77310307940002,
      "max": 133.6950877164,
      "times": [
        132.9930738024,
        133.0378464444,
        133.1292291084,
        133.1703000274,
        133.1573507204,
        133.6950877164,
        132.8810232174,
        133.1741875524,
        132.77310307940002,
        133.6730575654
      ],
      "exit_codes": [
        0,
        0,
        0,
        0,
        0,
        0,
        0,
        0,
        0,
        0
      ]
    }
  ]
}
