{
  "results": [
    {
      "command": "cargo build --jobs 16 --release --example breakout",
      "mean": 90.93065690579999,
      "stddev": 2.4085360271469103,
      "median": 89.8986511227,
      "user": 1277.96322158,
      "system": 30.66827172,
      "min": 89.28374518620001,
      "max": 97.3111669442,
      "times": [
        91.3681037142,
        89.9417936282,
        89.8213347992,
        89.4828776822,
        89.8555086172,
        97.3111669442,
        91.7287713582,
        89.3653508862,
        89.28374518620001,
        91.1479162422
      ],
      "exit_codes": [
        0,
        0,
        0,
        0,
        0,
        0,
        0,
        0,
        0,
        0
      ]
    }
  ]
}
