{
  "results": [
    {
      "command": "cargo build --jobs 16 --release --example breakout",
      "mean": 83.59095280337998,
      "stddev": 2.807646321749709,
      "median": 82.74438329127999,
      "user": 1233.0923558000002,
      "system": 33.5422714,
      "min": 81.99258308428,
      "max": 91.38908180028,
      "times": [
        91.38908180028,
        82.24180808428,
        81.99258308428,
        83.08597401927999,
        82.48001316528,
        83.08535520528,
        82.65455306227999,
        84.08024249127999,
        82.06570360127999,
        82.83421352027999
      ],
      "exit_codes": [
        0,
        0,
        0,
        0,
        0,
        0,
        0,
        0,
        0,
        0
      ]
    }
  ]
}
