{
  "results": [
    {
      "command": "cargo build --jobs 8 --release --example breakout",
      "mean": 106.35591304683999,
      "stddev": 0.1982624528292047,
      "median": 106.33307037954,
      "user": 801.2572397,
      "system": 21.76625978,
      "min": 106.01149278854,
      "max": 106.66298635353999,
      "times": [
        106.17282320353999,
        106.66298635353999,
        106.23885112354,
        106.24991690454,
        106.52352509453999,
        106.01149278854,
        106.35894627953999,
        106.52700659354,
        106.50638764754,
        106.30719447954
      ],
      "exit_codes": [
        0,
        0,
        0,
        0,
        0,
        0,
        0,
        0,
        0,
        0
      ]
    }
  ]
}
