{
  "results": [
    {
      "command": "cargo build --jobs 8 --release --example breakout",
      "mean": 126.89438857772,
      "stddev": 0.3178972666502266,
      "median": 126.85395044032,
      "user": 972.7470438800001,
      "system": 25.730839179999997,
      "min": 126.57424930132001,
      "max": 127.74544876432,
      "times": [
        126.82776431932,
        126.88519921232,
        126.86267919832001,
        126.77411993532,
        126.84930023532,
        126.65148527532,
        126.57424930132001,
        126.85860064532001,
        126.91503889032,
        127.74544876432
      ],
      "exit_codes": [
        0,
        0,
        0,
        0,
        0,
        0,
        0,
        0,
        0,
        0
      ]
    }
  ]
}
