{
  "results": [
    {
      "command": "cargo build --jobs 8 --release --example breakout",
      "mean": 123.98514369714003,
      "stddev": 0.24652371368469123,
      "median": 123.94943973374001,
      "user": 950.92136326,
      "system": 25.1580612,
      "min": 123.74336278474,
      "max": 124.64471300674,
      "times": [
        123.85184513774,
        123.74336278474,
        124.64471300674,
        123.98646436974,
        123.97338003674,
        123.96026273374,
        123.93861673374,
        124.01076910073999,
        123.92612220274,
        123.81590086474
      ],
      "exit_codes": [
        0,
        0,
        0,
        0,
        0,
        0,
        0,
        0,
        0,
        0
      ]
    }
  ]
}
