{
  "results": [
    {
      "command": "cargo build --jobs 8 --release --example breakout",
      "mean": 121.3923367107,
      "stddev": 0.2784705676907996,
      "median": 121.38419235820001,
      "user": 903.5490171999998,
      "system": 23.885048039999997,
      "min": 121.0087035242,
      "max": 122.0341920272,
      "times": [
        121.1632534162,
        121.4022778522,
        121.4209957212,
        121.55485896820001,
        122.0341920272,
        121.3221853462,
        121.0087035242,
        121.3661068642,
        121.1764401752,
        121.4743532122
      ],
      "exit_codes": [
        0,
        0,
        0,
        0,
        0,
        0,
        0,
        0,
        0,
        0
      ]
    }
  ]
}
