{
  "results": [
    {
      "command": "cargo build --jobs 16 --release --example breakout",
      "mean": 75.84739687205999,
      "stddev": 0.3239320780460538,
      "median": 75.94938112036,
      "user": 1147.0033164400002,
      "system": 29.250226880000003,
      "min": 75.32193200136,
      "max": 76.24388119836,
      "times": [
        75.95645512036,
        76.24388119836,
        75.55824161936,
        76.15308112836,
        76.15963273936,
        75.32193200136,
        75.97598189236,
        75.75064216736,
        75.94230712036,
        75.41181373336
      ],
      "exit_codes": [
        0,
        0,
        0,
        0,
        0,
        0,
        0,
        0,
        0,
        0
      ]
    }
  ]
}
