{
  "results": [
    {
      "command": "cargo build --jobs 8 --release --example breakout",
      "mean": 117.56125334738002,
      "stddev": 0.15019131874404068,
      "median": 117.56006757878001,
      "user": 906.2549206999998,
      "system": 23.788781639999996,
      "min": 117.21773971228,
      "max": 117.76835719128,
      "times": [
        117.76835719128,
        117.54544595628,
        117.57468920128,
        117.63919003828,
        117.47962552528,
        117.51688035128,
        117.62142143228,
        117.53700520128,
        117.71217886428,
        117.21773971228
      ],
      "exit_codes": [
        0,
        0,
        0,
        0,
        0,
        0,
        0,
        0,
        0,
        0
      ]
    }
  ]
}
