{
  "results": [
    {
      "command": "cargo build --jobs 8 --release --example breakout",
      "mean": 116.60805634178,
      "stddev": 0.20472031825880066,
      "median": 116.61611131568,
      "user": 898.56858692,
      "system": 23.907776899999998,
      "min": 116.37788527668,
      "max": 116.98011188968,
      "times": [
        116.42670781668001,
        116.88642881068,
        116.48006396468,
        116.61149647468,
        116.68007911968,
        116.63864577768,
        116.98011188968,
        116.37841813068,
        116.62072615668,
        116.37788527668
      ],
      "exit_codes": [
        0,
        0,
        0,
        0,
        0,
        0,
        0,
        0,
        0,
        0
      ]
    }
  ]
}
