{
  "results": [
    {
      "command": "cargo build --jobs 16 --release --example breakout",
      "mean": 74.88816778181999,
      "stddev": 0.4309046806143905,
      "median": 74.96403625552,
      "user": 1133.97066724,
      "system": 29.291757219999994,
      "min": 74.34011949552,
      "max": 75.48835496251999,
      "times": [
        74.68607797451999,
        74.37426584351999,
        74.40221794851999,
        75.48835496251999,
        75.10596300652,
        75.06909791252,
        74.34011949552,
        75.06035310051999,
        74.86771941052,
        75.48750816351999
      ],
      "exit_codes": [
        0,
        0,
        0,
        0,
        0,
        0,
        0,
        0,
        0,
        0
      ]
    }
  ]
}
