{
  "results": [
    {
      "command": "cargo build --jobs 16 --release --example breakout",
      "mean": 92.40161976542,
      "stddev": 1.0191732741559025,
      "median": 92.27549518152,
      "user": 1289.14786846,
      "system": 29.859057939999996,
      "min": 91.07532036351999,
      "max": 94.46014929852,
      "times": [
        91.82083011552,
        92.77648050852,
        91.39667582752,
        93.19802783252,
        91.73947824852,
        94.46014929852,
        92.99824509652,
        91.82627908351999,
        91.07532036351999,
        92.72471127952
      ],
      "exit_codes": [
        0,
        0,
        0,
        0,
        0,
        0,
        0,
        0,
        0,
        0
      ]
    }
  ]
}
