{
  "results": [
    {
      "command": "cargo build --jobs 8 --release --example breakout",
      "mean": 134.48487676594002,
      "stddev": 0.38174773131233314,
      "median": 134.39803910764,
      "user": 1029.06702508,
      "system": 23.80377272,
      "min": 134.09372165214,
      "max": 135.47627258414002,
      "times": [
        134.39579111614,
        134.09372165214,
        134.50938219814,
        135.47627258414002,
        134.21340109214,
        134.39937602114,
        134.54311209914002,
        134.58930476014,
        134.23170394214,
        134.39670219414
      ],
      "exit_codes": [
        0,
        0,
        0,
        0,
        0,
        0,
        0,
        0,
        0,
        0
      ]
    }
  ]
}
