{
  "results": [
    {
      "command": "cargo build --jobs 8 --release --example breakout",
      "mean": 125.72186975150001,
      "stddev": 0.1771031470192268,
      "median": 125.731048481,
      "user": 961.0107217199999,
      "system": 25.535587220000004,
      "min": 125.411814641,
      "max": 126.027280492,
      "times": [
        125.749551341,
        125.712545621,
        125.665540816,
        125.411814641,
        126.027280492,
        125.890002347,
        125.76728195800001,
        125.559311159,
        125.59106998600001,
        125.84429915400001
      ],
      "exit_codes": [
        0,
        0,
        0,
        0,
        0,
        0,
        0,
        0,
        0,
        0
      ]
    }
  ]
}
