{
  "results": [
    {
      "command": "cargo build --jobs 8 --release --example breakout",
      "mean": 121.31995198684001,
      "stddev": 0.2739659995901908,
      "median": 121.31172877314,
      "user": 904.7971926600001,
      "system": 24.003475379999998,
      "min": 120.88808255564001,
      "max": 121.66506346364001,
      "times": [
        121.46730733664,
        121.56840972064,
        121.14733115164,
        121.16800118064,
        121.65428339764,
        121.45545636564,
        121.10350231264,
        121.08208238364001,
        121.66506346364001,
        120.88808255564001
      ],
      "exit_codes": [
        0,
        0,
        0,
        0,
        0,
        0,
        0,
        0,
        0,
        0
      ]
    }
  ]
}
