{
  "results": [
    {
      "command": "cargo build --jobs 16 --release --example breakout",
      "mean": 78.18161422848,
      "stddev": 0.32255452211289637,
      "median": 78.24502641568,
      "user": 1138.99963332,
      "system": 29.732224479999996,
      "min": 77.70315489918,
      "max": 78.65567949618,
      "times": [
        78.24395744618,
        78.39434485818,
        77.81629484118,
        78.58870354118,
        78.65567949618,
        77.86305054118,
        78.03614090818,
        78.26872036818,
        78.24609538518,
        77.70315489918
      ],
      "exit_codes": [
        0,
        0,
        0,
        0,
        0,
        0,
        0,
        0,
        0,
        0
      ]
    }
  ]
}
