{
  "results": [
    {
      "command": "cargo build --jobs 8 --release --example breakout",
      "mean": 126.8044156335,
      "stddev": 0.30610439140883444,
      "median": 126.8005431988,
      "user": 970.76797168,
      "system": 27.8017336,
      "min": 126.4272840108,
      "max": 127.2324439418,
      "times": [
        126.7527275458,
        126.8483588518,
        127.0095765168,
        126.5235934258,
        127.09815019679999,
        126.47200139179999,
        126.5293700368,
        126.4272840108,
        127.15065041679999,
        127.2324439418
      ],
      "exit_codes": [
        0,
        0,
        0,
        0,
        0,
        0,
        0,
        0,
        0,
        0
      ]
    }
  ]
}
