{
  "results": [
    {
      "command": "cargo build --jobs 16 --release --example breakout",
      "mean": 81.42870406770001,
      "stddev": 0.2504045484608296,
      "median": 81.4043206748,
      "user": 1226.66356786,
      "system": 33.89383752,
      "min": 81.13721554530001,
      "max": 81.82623479930001,
      "times": [
        81.82623479930001,
        81.14228922630001,
        81.5647957963,
        81.51270969330001,
        81.2959316563,
        81.2029266743,
        81.13721554530001,
        81.6987343273,
        81.6415206683,
        81.2646822903
      ],
      "exit_codes": [
        0,
        0,
        0,
        0,
        0,
        0,
        0,
        0,
        0,
        0
      ]
    }
  ]
}
