{
  "results": [
    {
      "command": "cargo build --jobs 16 --release --example breakout",
      "mean": 81.62895739004,
      "stddev": 0.49040836369052543,
      "median": 81.52603090614,
      "user": 1234.58705856,
      "system": 31.280396000000003,
      "min": 81.04668888213999,
      "max": 82.86500637514,
      "times": [
        82.86500637514,
        81.38775769214,
        81.51740310714,
        81.54893620514,
        81.27090728713999,
        81.82701260214,
        81.04668888213999,
        81.49769533914,
        81.79350770514,
        81.53465870513999
      ],
      "exit_codes": [
        0,
        0,
        0,
        0,
        0,
        0,
        0,
        0,
        0,
        0
      ]
    }
  ]
}
