{
  "results": [
    {
      "command": "cargo build --jobs 8 --release --example breakout",
      "mean": 127.34721475156002,
      "stddev": 0.1317524759166636,
      "median": 127.38219014975999,
      "user": 976.32632868,
      "system": 25.44362726,
      "min": 127.10986183526,
      "max": 127.47988471626,
      "times": [
        127.46610601926001,
        127.43743463426,
        127.10986183526,
        127.47988471626,
        127.34026768026,
        127.32653709726,
        127.20479400326,
        127.47056969226,
        127.21257921826,
        127.42411261926
      ],
      "exit_codes": [
        0,
        0,
        0,
        0,
        0,
        0,
        0,
        0,
        0,
        0
      ]
    }
  ]
}
