{
  "results": [
    {
      "command": "cargo build --jobs 16 --release --example breakout",
      "mean": 82.56285127167999,
      "stddev": 1.0599061427901275,
      "median": 82.61133725798,
      "user": 1231.28085844,
      "system": 30.196706559999996,
      "min": 81.35641666698,
      "max": 84.14400752498,
      "times": [
        81.64921525397999,
        84.13518461998,
        82.85003984997999,
        83.20437384198,
        81.63379415998,
        84.14400752498,
        82.88288964498,
        81.39995648797999,
        81.35641666698,
        82.37263466598
      ],
      "exit_codes": [
        0,
        0,
        0,
        0,
        0,
        0,
        0,
        0,
        0,
        0
      ]
    }
  ]
}
