{
  "results": [
    {
      "command": "cargo build --jobs 8 --release --example breakout",
      "mean": 139.66798333624,
      "stddev": 0.14576503099297936,
      "median": 139.66050404514,
      "user": 1068.2538288599999,
      "system": 26.93954824,
      "min": 139.48749621864,
      "max": 139.88358262864,
      "times": [
        139.69545545364,
        139.82376910464,
        139.81387603064002,
        139.52764612264,
        139.48749621864,
        139.51047826564,
        139.75414455864,
        139.88358262864,
        139.55783234264,
        139.62555263664
      ],
      "exit_codes": [
        0,
        0,
        0,
        0,
        0,
        0,
        0,
        0,
        0,
        0
      ]
    }
  ]
}
