{
  "results": [
    {
      "command": "cargo build --jobs 16 --release --example breakout",
      "mean": 96.75430917983999,
      "stddev": 0.7721505683643114,
      "median": 96.76365518674,
      "user": 1336.8679844,
      "system": 33.44096526,
      "min": 95.62322866224,
      "max": 97.84492012524,
      "times": [
        97.10680945124,
        95.62322866224,
        97.25815498524,
        95.80537092424,
        96.42050092224,
        97.51361615124,
        96.30720124424,
        96.23217398724,
        97.43111534524,
        97.84492012524
      ],
      "exit_codes": [
        0,
        0,
        0,
        0,
        0,
        0,
        0,
        0,
        0,
        0
      ]
    }
  ]
}
