{
  "results": [
    {
      "command": "cargo build --jobs 16 --release --example breakout",
      "mean": 87.76617561393999,
      "stddev": 0.7984430092950294,
      "median": 87.84414835344,
      "user": 1219.66459692,
      "system": 30.54665986,
      "min": 86.09382585194,
      "max": 88.84337399694,
      "times": [
        87.48220021394,
        88.07211864994,
        87.36676157294,
        88.84337399694,
        86.09382585194,
        87.74679887794,
        88.77198540494,
        88.11094830994,
        87.23224543194,
        87.94149782894
      ],
      "exit_codes": [
        0,
        0,
        0,
        0,
        0,
        0,
        0,
        0,
        0,
        0
      ]
    }
  ]
}
