{
  "results": [
    {
      "command": "cargo build --jobs 8 --release --example breakout",
      "mean": 126.83889414216,
      "stddev": 0.4043094609845843,
      "median": 126.72987773855999,
      "user": 973.9487161799998,
      "system": 24.462456539999998,
      "min": 126.36022826006,
      "max": 127.60950508606,
      "times": [
        126.36022826006,
        126.68062026206,
        127.49976578806,
        126.64657675405999,
        127.60950508606,
        126.59195694206,
        126.85678804206,
        126.77913521506,
        126.81533418005999,
        126.54903089206
      ],
      "exit_codes": [
        0,
        0,
        0,
        0,
        0,
        0,
        0,
        0,
        0,
        0
      ]
    }
  ]
}
