{
  "results": [
    {
      "command": "cargo build --jobs 8 --release --example breakout",
      "mean": 113.95019952338001,
      "stddev": 0.23070284755288567,
      "median": 113.86840635748,
      "user": 861.7864769999999,
      "system": 22.34039714,
      "min": 113.68816440348,
      "max": 114.34370065048,
      "times": [
        113.78108805448001,
        114.05043925848,
        113.82078685448,
        113.90134774948,
        113.68816440348,
        114.00899236248,
        113.74757702848,
        113.83546496548,
        114.32443390648,
        114.34370065048
      ],
      "exit_codes": [
        0,
        0,
        0,
        0,
        0,
        0,
        0,
        0,
        0,
        0
      ]
    }
  ]
}
