{
  "results": [
    {
      "command": "cargo build --jobs 16 --release --example breakout",
      "mean": 75.98639524096,
      "stddev": 1.0878894776593029,
      "median": 75.66639416456,
      "user": 1081.05407892,
      "system": 28.231596099999997,
      "min": 74.88969958456,
      "max": 78.09400694056,
      "times": [
        76.82857280356001,
        74.88969958456,
        76.38012349556,
        75.04978698356,
        75.27072546356,
        78.09400694056,
        75.36253744456,
        75.97025088456,
        74.92225561356,
        77.09599319556
      ],
      "exit_codes": [
        0,
        0,
        0,
        0,
        0,
        0,
        0,
        0,
        0,
        0
      ]
    }
  ]
}
