{
  "results": [
    {
      "command": "cargo build --jobs 8 --release --example breakout",
      "mean": 137.4121272704,
      "stddev": 0.3189617711465523,
      "median": 137.4059224348,
      "user": 1055.7157408599999,
      "system": 25.837353200000003,
      "min": 136.9129305673,
      "max": 137.8200353673,
      "times": [
        137.0854901573,
        137.8200353673,
        137.7274854793,
        137.0426142283,
        137.4240159663,
        137.5854278143,
        137.3878289033,
        137.7654293543,
        136.9129305673,
        137.3700148663
      ],
      "exit_codes": [
        0,
        0,
        0,
        0,
        0,
        0,
        0,
        0,
        0,
        0
      ]
    }
  ]
}
