{
  "results": [
    {
      "command": "cargo build --jobs 16 --release --example breakout",
      "mean": 81.74924994363998,
      "stddev": 0.560557726048449,
      "median": 81.62148229024,
      "user": 1227.76749738,
      "system": 31.000899959999998,
      "min": 81.15717256474,
      "max": 82.97570984373999,
      "times": [
        81.29141288574,
        81.15717256474,
        82.03551836074,
        82.97570984373999,
        81.98363794774,
        81.75942310773999,
        81.32110459873999,
        82.17414817474,
        81.48354147274,
        81.31083047973999
      ],
      "exit_codes": [
        0,
        0,
        0,
        0,
        0,
        0,
        0,
        0,
        0,
        0
      ]
    }
  ]
}
