{
  "results": [
    {
      "command": "cargo build --jobs 8 --release --example breakout",
      "mean": 127.46423393586,
      "stddev": 0.28631239182522494,
      "median": 127.61724538406,
      "user": 975.71032878,
      "system": 24.115158679999997,
      "min": 126.98845629056,
      "max": 127.77173011156,
      "times": [
        127.62904029856,
        127.62143289956,
        127.61305786856,
        127.16378263856,
        127.62467547356,
        127.08889077956,
        127.74853482156,
        126.98845629056,
        127.77173011156,
        127.39273817656
      ],
      "exit_codes": [
        0,
        0,
        0,
        0,
        0,
        0,
        0,
        0,
        0,
        0
      ]
    }
  ]
}
