{
  "results": [
    {
      "command": "cargo build --jobs 16 --release --example breakout",
      "mean": 79.77453246223999,
      "stddev": 0.18491770401100963,
      "median": 79.79478766654,
      "user": 1202.3512742799999,
      "system": 30.74373086,
      "min": 79.49305633504,
      "max": 80.00717305704,
      "times": [
        79.72389014604,
        80.00717305704,
        79.64377633304,
        79.92120945904,
        79.49305633504,
        79.94129926604,
        79.59672391104,
        79.86568518704,
        79.59530961104,
        79.95720131704
      ],
      "exit_codes": [
        0,
        0,
        0,
        0,
        0,
        0,
        0,
        0,
        0,
        0
      ]
    }
  ]
}
