{
  "results": [
    {
      "command": "cargo build --jobs 8 --release --example breakout",
      "mean": 117.32824997504001,
      "stddev": 0.18374186874793577,
      "median": 117.39800973343999,
      "user": 903.8934913999998,
      "system": 24.863846219999996,
      "min": 116.97317535843999,
      "max": 117.54757891044,
      "times": [
        117.20405354344,
        117.37590095643999,
        117.44288267344,
        117.23016278044,
        117.44115001844,
        117.13937143844,
        116.97317535843999,
        117.54757891044,
        117.42011851043999,
        117.50810556043999
      ],
      "exit_codes": [
        0,
        0,
        0,
        0,
        0,
        0,
        0,
        0,
        0,
        0
      ]
    }
  ]
}
