{
  "results": [
    {
      "command": "cargo build --jobs 16 --release --example breakout",
      "mean": 75.48179057396,
      "stddev": 0.18425740191815698,
      "median": 75.53119547675999,
      "user": 1139.63980358,
      "system": 30.555029099999995,
      "min": 75.11868742426,
      "max": 75.65035508326,
      "times": [
        75.62577647126,
        75.43163851326,
        75.20011549026,
        75.11868742426,
        75.54520834425999,
        75.61648103126,
        75.62031119225999,
        75.65035508326,
        75.49214958025999,
        75.51718260925999
      ],
      "exit_codes": [
        0,
        0,
        0,
        0,
        0,
        0,
        0,
        0,
        0,
        0
      ]
    }
  ]
}
