{
  "results": [
    {
      "command": "cargo build --jobs 8 --release --example breakout",
      "mean": 117.4144787421,
      "stddev": 0.32382842243550297,
      "median": 117.45624994030001,
      "user": 903.73913096,
      "system": 23.88973922,
      "min": 116.9241419913,
      "max": 117.9018072063,
      "times": [
        117.48392413330001,
        117.4924372473,
        117.72186907230001,
        116.9434556943,
        117.71788912730001,
        116.9241419913,
        117.4285757473,
        117.9018072063,
        117.2959506073,
        117.2347365943
      ],
      "exit_codes": [
        0,
        0,
        0,
        0,
        0,
        0,
        0,
        0,
        0,
        0
      ]
    }
  ]
}
