{
  "results": [
    {
      "command": "cargo build --jobs 8 --release --example breakout",
      "mean": 125.2244085542,
      "stddev": 0.31084404930096826,
      "median": 125.16452044370001,
      "user": 959.8881623399999,
      "system": 25.52112424,
      "min": 124.7949877347,
      "max": 125.6289090887,
      "times": [
        125.4050782577,
        124.8434605587,
        125.5476518137,
        125.0302393227,
        125.1830225637,
        124.7949877347,
        125.0404016887,
        125.6289090887,
        125.6243161897,
        125.1460183237
      ],
      "exit_codes": [
        0,
        0,
        0,
        0,
        0,
        0,
        0,
        0,
        0,
        0
      ]
    }
  ]
}
