{
  "results": [
    {
      "command": "cargo build --jobs 16 --release --example breakout",
      "mean": 82.78516813544,
      "stddev": 0.5660477573233204,
      "median": 82.79282795264,
      "user": 1204.2451320799998,
      "system": 31.724901720000002,
      "min": 81.83878524064,
      "max": 83.62515680663999,
      "times": [
        82.94797257063999,
        82.85362120664,
        83.62515680663999,
        83.50537086064,
        82.36094866863999,
        82.73203469863999,
        82.28735462563999,
        81.83878524064,
        82.46712612863999,
        83.23331054763999
      ],
      "exit_codes": [
        0,
        0,
        0,
        0,
        0,
        0,
        0,
        0,
        0,
        0
      ]
    }
  ]
}
