{
  "results": [
    {
      "command": "cargo build --jobs 16 --release --example breakout",
      "mean": 82.6121147077,
      "stddev": 1.6051202701916598,
      "median": 81.99143796800001,
      "user": 1203.27006724,
      "system": 31.18516144,
      "min": 81.13697286700001,
      "max": 85.43756704500001,
      "times": [
        81.28711484,
        82.58863952700001,
        82.002318481,
        85.43756704500001,
        83.81449819500001,
        81.98055745500001,
        81.13697286700001,
        81.54427359900001,
        85.07576544700001,
        81.25343962100001
      ],
      "exit_codes": [
        0,
        0,
        0,
        0,
        0,
        0,
        0,
        0,
        0,
        0
      ]
    }
  ]
}
