{
  "results": [
    {
      "command": "cargo build --jobs 8 --release --example breakout",
      "mean": 122.37280015141998,
      "stddev": 0.16337851268263992,
      "median": 122.41448672482,
      "user": 922.6688683400001,
      "system": 24.79278904,
      "min": 121.98270219282,
      "max": 122.53972591282,
      "times": [
        122.49179669582,
        122.47133694882,
        122.42111061182,
        122.30710171782,
        122.50612841882,
        122.29300568981999,
        122.30723048782,
        122.53972591282,
        121.98270219282,
        122.40786283782
      ],
      "exit_codes": [
        0,
        0,
        0,
        0,
        0,
        0,
        0,
        0,
        0,
        0
      ]
    }
  ]
}
