{
  "results": [
    {
      "command": "cargo build --jobs 8 --release --example breakout",
      "mean": 136.11823120166,
      "stddev": 0.18044466187885452,
      "median": 136.07194582495998,
      "user": 1043.5623926599997,
      "system": 24.36474964,
      "min": 135.93342964096001,
      "max": 136.41398144896002,
      "times": [
        135.97744278796,
        136.27417547996,
        136.26496429896,
        136.41398144896002,
        136.28833928996,
        135.99781324696,
        135.93342964096001,
        135.95193287596,
        135.93415454396,
        136.14607840296
      ],
      "exit_codes": [
        0,
        0,
        0,
        0,
        0,
        0,
        0,
        0,
        0,
        0
      ]
    }
  ]
}
