{
  "results": [
    {
      "command": "cargo build --jobs 16 --release --example breakout",
      "mean": 75.5137435663,
      "stddev": 0.08049694304303806,
      "median": 75.5253847946,
      "user": 1138.27358446,
      "system": 30.330160319999997,
      "min": 75.37774256109999,
      "max": 75.62564161709999,
      "times": [
        75.62564161709999,
        75.46274878809999,
        75.41594930709999,
        75.54943845109999,
        75.5782275301,
        75.5436653171,
        75.37774256109999,
        75.5071042721,
        75.4770472061,
        75.5998706131
      ],
      "exit_codes": [
        0,
        0,
        0,
        0,
        0,
        0,
        0,
        0,
        0,
        0
      ]
    }
  ]
}
