{
  "results": [
    {
      "command": "cargo build --jobs 16 --release --example breakout",
      "mean": 78.43515257112,
      "stddev": 0.2374805292931291,
      "median": 78.39966757572,
      "user": 1182.72599134,
      "system": 30.379267359999993,
      "min": 77.99665931672,
      "max": 78.81319091872001,
      "times": [
        78.32040269372001,
        78.66184735372,
        78.24425978672001,
        78.81319091872001,
        78.66836268172001,
        78.50663952072,
        78.38429233772001,
        78.34082828772,
        78.41504281372,
        77.99665931672
      ],
      "exit_codes": [
        0,
        0,
        0,
        0,
        0,
        0,
        0,
        0,
        0,
        0
      ]
    }
  ]
}
