{
  "results": [
    {
      "command": "cargo build --jobs 8 --release --example breakout",
      "mean": 121.76725479086,
      "stddev": 0.22241413615935623,
      "median": 121.77585827706,
      "user": 933.54446904,
      "system": 24.670713759999998,
      "min": 121.38047491156,
      "max": 122.10431196156,
      "times": [
        121.66099998055999,
        122.10431196156,
        121.72889431856,
        121.91375543555999,
        121.83947471956,
        122.03435742955999,
        121.38047491156,
        121.53083125655999,
        121.82282223556,
        121.65662565955999
      ],
      "exit_codes": [
        0,
        0,
        0,
        0,
        0,
        0,
        0,
        0,
        0,
        0
      ]
    }
  ]
}
