{
  "results": [
    {
      "command": "cargo build --jobs 16 --release --example breakout",
      "mean": 78.20204476520001,
      "stddev": 0.18498065953065726,
      "median": 78.1545617612,
      "user": 1180.58831416,
      "system": 30.035346919999995,
      "min": 77.9693373022,
      "max": 78.5898587142,
      "times": [
        78.1364224552,
        78.5898587142,
        78.2288337332,
        78.0982787712,
        77.9693373022,
        78.1015665522,
        78.1789214422,
        78.1727010672,
        78.09024207819999,
        78.4542855362
      ],
      "exit_codes": [
        0,
        0,
        0,
        0,
        0,
        0,
        0,
        0,
        0,
        0
      ]
    }
  ]
}
