{
  "results": [
    {
      "command": "cargo build --jobs 8 --release --example breakout",
      "mean": 114.92661208392,
      "stddev": 0.161054425012242,
      "median": 114.95715046262,
      "user": 868.9120539400001,
      "system": 22.661363200000004,
      "min": 114.64920139062001,
      "max": 115.10863707362,
      "times": [
        114.70599606462001,
        115.00043159362001,
        114.91222090462,
        115.10863707362,
        115.05956539162001,
        114.79906229562,
        115.05163076362001,
        115.06550602962001,
        114.64920139062001,
        114.91386933162
      ],
      "exit_codes": [
        0,
        0,
        0,
        0,
        0,
        0,
        0,
        0,
        0,
        0
      ]
    }
  ]
}
