{
  "results": [
    {
      "command": "cargo build --jobs 16 --release --example breakout",
      "mean": 75.46478550123999,
      "stddev": 0.20390890773338588,
      "median": 75.51000375534,
      "user": 1139.88630454,
      "system": 29.35896014,
      "min": 75.04130359934,
      "max": 75.78248764234,
      "times": [
        75.47447639234,
        75.78248764234,
        75.62220038634,
        75.04130359934,
        75.27797088134,
        75.56626680934,
        75.54553111834,
        75.54626561634,
        75.41971232734,
        75.37164023934
      ],
      "exit_codes": [
        0,
        0,
        0,
        0,
        0,
        0,
        0,
        0,
        0,
        0
      ]
    }
  ]
}
