{
  "results": [
    {
      "command": "cargo build --jobs 8 --release --example breakout",
      "mean": 117.2623031775,
      "stddev": 0.1252972676559078,
      "median": 117.26287134980001,
      "user": 903.4485947999998,
      "system": 23.7797323,
      "min": 117.07464903329999,
      "max": 117.50821384929999,
      "times": [
        117.2726883533,
        117.1748188723,
        117.3238021363,
        117.2530543463,
        117.1148138243,
        117.3141281233,
        117.07464903329999,
        117.35508629729999,
        117.23177693929999,
        117.50821384929999
      ],
      "exit_codes": [
        0,
        0,
        0,
        0,
        0,
        0,
        0,
        0,
        0,
        0
      ]
    }
  ]
}
