{
  "results": [
    {
      "command": "cargo build --jobs 16 --release --example breakout",
      "mean": 69.11180746779999,
      "stddev": 1.110677954223294,
      "median": 69.4979667091,
      "user": 973.0559461199998,
      "system": 27.014804159999994,
      "min": 67.40962794459999,
      "max": 70.5021229756,
      "times": [
        67.40962794459999,
        70.5021229756,
        69.04470001259999,
        69.7014167426,
        70.1191413916,
        67.7348652896,
        69.7858463596,
        69.8301734186,
        67.69566386759999,
        69.2945166756
      ],
      "exit_codes": [
        0,
        0,
        0,
        0,
        0,
        0,
        0,
        0,
        0,
        0
      ]
    }
  ]
}
