{
  "results": [
    {
      "command": "cargo build --jobs 16 --release --example breakout",
      "mean": 94.770383291,
      "stddev": 1.016960918196125,
      "median": 94.99852855419999,
      "user": 1326.60033648,
      "system": 30.7552415,
      "min": 93.0817054977,
      "max": 96.0223229007,
      "times": [
        95.0569388927,
        95.3478981807,
        94.8021245087,
        93.0817054977,
        93.8611312487,
        94.9401182157,
        96.0223229007,
        95.7325767807,
        95.5382233747,
        93.3207933097
      ],
      "exit_codes": [
        0,
        0,
        0,
        0,
        0,
        0,
        0,
        0,
        0,
        0
      ]
    }
  ]
}
