{
  "results": [
    {
      "command": "cargo build --jobs 8 --release --example breakout",
      "mean": 138.25430016407998,
      "stddev": 0.1764958138201597,
      "median": 138.22817319418,
      "user": 1059.71808766,
      "system": 24.687449119999997,
      "min": 137.98271378767998,
      "max": 138.55344962668,
      "times": [
        138.07519205667998,
        138.21132617568,
        138.23648624468,
        137.98271378767998,
        138.21986014368,
        138.45037150368,
        138.14410747268,
        138.23949088768,
        138.43000374168,
        138.55344962668
      ],
      "exit_codes": [
        0,
        0,
        0,
        0,
        0,
        0,
        0,
        0,
        0,
        0
      ]
    }
  ]
}
