{
  "results": [
    {
      "command": "cargo build --jobs 8 --release --example breakout",
      "mean": 138.82053684158,
      "stddev": 0.20951240502862029,
      "median": 138.78560199338,
      "user": 1062.7008364600001,
      "system": 26.663357219999995,
      "min": 138.49141659338,
      "max": 139.14314681938,
      "times": [
        138.49141659338,
        138.83321805738,
        138.69473255838,
        138.73798592938002,
        138.64075528038,
        138.92723590938002,
        138.97349062738002,
        139.08818583838,
        139.14314681938,
        138.67520080238
      ],
      "exit_codes": [
        0,
        0,
        0,
        0,
        0,
        0,
        0,
        0,
        0,
        0
      ]
    }
  ]
}
