{
  "results": [
    {
      "command": "cargo build --jobs 16 --release --example breakout",
      "mean": 91.85514466857998,
      "stddev": 1.2309491560298207,
      "median": 91.86902808188,
      "user": 1282.6406729799996,
      "system": 31.0622876,
      "min": 90.01737074537999,
      "max": 93.89817765638,
      "times": [
        90.59524854537999,
        90.89192297438,
        92.95309000238,
        90.99943471438,
        93.89817765638,
        92.85476889238,
        92.06057727838,
        92.60337699137999,
        91.67747888538,
        90.01737074537999
      ],
      "exit_codes": [
        0,
        0,
        0,
        0,
        0,
        0,
        0,
        0,
        0,
        0
      ]
    }
  ]
}
