{
  "results": [
    {
      "command": "cargo build --jobs 8 --release --example breakout",
      "mean": 116.92091288193998,
      "stddev": 0.10637459193009835,
      "median": 116.92980539354,
      "user": 903.2575639,
      "system": 24.05287414,
      "min": 116.74573468204001,
      "max": 117.04403552604,
      "times": [
        116.74573468204001,
        117.04403552604,
        117.01874737304,
        116.81163736904,
        116.91606312104,
        117.02660715104,
        116.94354766604,
        116.82528694304,
        117.01933846304,
        116.85813052504
      ],
      "exit_codes": [
        0,
        0,
        0,
        0,
        0,
        0,
        0,
        0,
        0,
        0
      ]
    }
  ]
}
