{
  "results": [
    {
      "command": "cargo build --jobs 16 --release --example breakout",
      "mean": 75.79192017844,
      "stddev": 0.3347434054464074,
      "median": 75.93143340824,
      "user": 1141.7523253999998,
      "system": 29.639600199999997,
      "min": 75.02119262924,
      "max": 76.12102428924,
      "times": [
        75.91262573624,
        76.05069823924,
        76.04052615424,
        75.95024108024,
        76.12102428924,
        75.70361704924,
        75.58969294724,
        75.97404802524,
        75.55553563424,
        75.02119262924
      ],
      "exit_codes": [
        0,
        0,
        0,
        0,
        0,
        0,
        0,
        0,
        0,
        0
      ]
    }
  ]
}
