{
  "results": [
    {
      "command": "cargo build --jobs 8 --release --example breakout",
      "mean": 140.94301332534,
      "stddev": 3.705210441691484,
      "median": 139.79248206274,
      "user": 1073.50553556,
      "system": 26.71206416,
      "min": 139.50778128174,
      "max": 151.47139688273998,
      "times": [
        139.88825431973999,
        139.74281115873998,
        139.56908564673998,
        139.65134177474,
        140.19178171174,
        151.47139688273998,
        139.97356908374,
        139.50778128174,
        139.84215296674,
        139.59195842673998
      ],
      "exit_codes": [
        0,
        0,
        0,
        0,
        0,
        0,
        0,
        0,
        0,
        0
      ]
    }
  ]
}
