{
  "results": [
    {
      "command": "cargo build --jobs 16 --release --example breakout",
      "mean": 76.36223381878001,
      "stddev": 3.043340796980727,
      "median": 75.43110810307999,
      "user": 1139.756565,
      "system": 30.402765199999997,
      "min": 75.08293198957999,
      "max": 85.00134022057999,
      "times": [
        75.62362574158,
        75.27595642258,
        85.00134022057999,
        75.08293198957999,
        75.69955966757999,
        75.35145937557999,
        75.51075683058,
        75.21310643458,
        75.68007036457999,
        75.18353114058
      ],
      "exit_codes": [
        0,
        0,
        0,
        0,
        0,
        0,
        0,
        0,
        0,
        0
      ]
    }
  ]
}
