{
  "results": [
    {
      "command": "cargo build --jobs 8 --release --example breakout",
      "mean": 117.47833709979997,
      "stddev": 0.3178578291938007,
      "median": 117.38593043539998,
      "user": 906.2250752399999,
      "system": 23.932552979999997,
      "min": 117.2443606734,
      "max": 118.0869581814,
      "times": [
        118.04184134239999,
        117.35892667339999,
        117.2680126264,
        117.4353249284,
        118.0869581814,
        117.25172598239999,
        117.41293419739999,
        117.2443606734,
        117.42305237939999,
        117.2602340134
      ],
      "exit_codes": [
        0,
        0,
        0,
        0,
        0,
        0,
        0,
        0,
        0,
        0
      ]
    }
  ]
}
