{
  "results": [
    {
      "command": "cargo build --jobs 16 --release --example breakout",
      "mean": 76.74490578784,
      "stddev": 2.692684750386555,
      "median": 75.87493425224,
      "user": 1143.5082066,
      "system": 29.543788619999997,
      "min": 75.38433439524,
      "max": 84.37060132924,
      "times": [
        75.70193348624,
        76.16484208624,
        75.90198171224,
        75.75067847524,
        75.83662804624,
        75.84788679224,
        84.37060132924,
        76.24997426824,
        75.38433439524,
        76.24019728724
      ],
      "exit_codes": [
        0,
        0,
        0,
        0,
        0,
        0,
        0,
        0,
        0,
        0
      ]
    }
  ]
}
