{
  "results": [
    {
      "command": "cargo build --jobs 16 --release --example breakout",
      "mean": 70.06301988122,
      "stddev": 0.6600885731255043,
      "median": 70.03188452392001,
      "user": 984.8835575399999,
      "system": 27.33171138,
      "min": 68.78067164242,
      "max": 71.26639865042,
      "times": [
        69.65125292642,
        68.78067164242,
        69.84023636242,
        69.87687604842,
        70.10272907142,
        70.25835118142001,
        70.08206399542,
        70.78991388142,
        71.26639865042,
        69.98170505242001
      ],
      "exit_codes": [
        0,
        0,
        0,
        0,
        0,
        0,
        0,
        0,
        0,
        0
      ]
    }
  ]
}
