{
  "results": [
    {
      "command": "cargo build --jobs 8 --release --example breakout",
      "mean": 121.17096906891997,
      "stddev": 0.18717811831192901,
      "median": 121.13387892602,
      "user": 928.6772790399998,
      "system": 24.286390479999998,
      "min": 120.86569966102,
      "max": 121.50773832301999,
      "times": [
        120.86569966102,
        121.50773832301999,
        121.07478205902,
        121.06851804802,
        121.06475626401999,
        121.40843367302,
        121.14383682901999,
        121.12392102302,
        121.14760557401999,
        121.30439923502
      ],
      "exit_codes": [
        0,
        0,
        0,
        0,
        0,
        0,
        0,
        0,
        0,
        0
      ]
    }
  ]
}
