{
  "results": [
    {
      "command": "cargo build --jobs 16 --release --example breakout",
      "mean": 91.54530122675999,
      "stddev": 1.1444089982315477,
      "median": 90.83471970676001,
      "user": 1275.3834946,
      "system": 31.477043579999997,
      "min": 90.57929873326,
      "max": 93.69963531126001,
      "times": [
        90.67551631926,
        90.64932997126,
        92.13601843926,
        90.85509474026,
        90.81434467326001,
        90.80662034926,
        93.69963531126001,
        92.14723769726001,
        93.08991603326001,
        90.57929873326
      ],
      "exit_codes": [
        0,
        0,
        0,
        0,
        0,
        0,
        0,
        0,
        0,
        0
      ]
    }
  ]
}
