{
  "results": [
    {
      "command": "cargo build --jobs 8 --release --example breakout",
      "mean": 133.40085609336,
      "stddev": 0.3426863855268676,
      "median": 133.26220074876,
      "user": 1019.1375607799998,
      "system": 25.15031854,
      "min": 133.07152745226,
      "max": 133.94080930726,
      "times": [
        133.07152745226,
        133.09881214326,
        133.90892523626002,
        133.28006004926002,
        133.16546777326002,
        133.15516327026,
        133.24434144826,
        133.35461075526,
        133.94080930726,
        133.78884349826
      ],
      "exit_codes": [
        0,
        0,
        0,
        0,
        0,
        0,
        0,
        0,
        0,
        0
      ]
    }
  ]
}
