{
  "results": [
    {
      "command": "cargo build --jobs 8 --release --example breakout",
      "mean": 142.57737196429997,
      "stddev": 0.153827924050574,
      "median": 142.51447481969998,
      "user": 1091.6435799199996,
      "system": 27.080244139999998,
      "min": 142.4026735967,
      "max": 142.83190520969998,
      "times": [
        142.8050002787,
        142.50561834369998,
        142.5233312957,
        142.47934818169998,
        142.83190520969998,
        142.4745837957,
        142.4026735967,
        142.57245854069998,
        142.4528546297,
        142.72594577069998
      ],
      "exit_codes": [
        0,
        0,
        0,
        0,
        0,
        0,
        0,
        0,
        0,
        0
      ]
    }
  ]
}
