{
  "results": [
    {
      "command": "cargo build --jobs 16 --release --example breakout",
      "mean": 97.36258461271998,
      "stddev": 1.983797085668532,
      "median": 96.84529011222,
      "user": 1365.27804144,
      "system": 33.776851320000006,
      "min": 96.03320712022,
      "max": 102.89085423622001,
      "times": [
        97.00221760322,
        96.78380208522,
        96.90677813922001,
        102.89085423622001,
        96.74237945522,
        96.41512736722001,
        97.22513770322,
        97.31938445922,
        96.03320712022,
        96.30695795822001
      ],
      "exit_codes": [
        0,
        0,
        0,
        0,
        0,
        0,
        0,
        0,
        0,
        0
      ]
    }
  ]
}
