{
  "results": [
    {
      "command": "cargo build --jobs 8 --release --example breakout",
      "mean": 124.73059274587999,
      "stddev": 0.28144699694443526,
      "median": 124.65421817378001,
      "user": 951.6252388399998,
      "system": 25.036591619999996,
      "min": 124.38630564328,
      "max": 125.28908520828,
      "times": [
        124.41973487327999,
        124.93991321928,
        124.60805797628,
        125.28908520828,
        124.64664453428,
        125.04364458628,
        124.70970719828,
        124.38630564328,
        124.60104240628,
        124.66179181328
      ],
      "exit_codes": [
        0,
        0,
        0,
        0,
        0,
        0,
        0,
        0,
        0,
        0
      ]
    }
  ]
}
