{
  "results": [
    {
      "command": "cargo build --jobs 8 --release --example breakout",
      "mean": 119.77975993757998,
      "stddev": 0.14745230679515697,
      "median": 119.75348274247999,
      "user": 904.84100072,
      "system": 23.749309099999998,
      "min": 119.57682426148,
      "max": 120.08571077948,
      "times": [
        119.91831046947999,
        119.69420918748,
        119.75225542547999,
        120.08571077948,
        119.70458145347999,
        119.63718607147999,
        119.82139382748,
        119.75471005947999,
        119.85241784047999,
        119.57682426148
      ],
      "exit_codes": [
        0,
        0,
        0,
        0,
        0,
        0,
        0,
        0,
        0,
        0
      ]
    }
  ]
}
