{
  "results": [
    {
      "command": "cargo build --jobs 16 --release --example breakout",
      "mean": 79.24269993300001,
      "stddev": 0.48998731365596143,
      "median": 78.9533913962,
      "user": 1168.27924932,
      "system": 29.865072000000005,
      "min": 78.7979431497,
      "max": 80.0500041507,
      "times": [
        78.85574579370001,
        78.9134854807,
        78.99021875070001,
        80.0500041507,
        78.9165640417,
        79.4767269407,
        78.7979431497,
        79.96815550570001,
        78.8407564817,
        79.6173990347
      ],
      "exit_codes": [
        0,
        0,
        0,
        0,
        0,
        0,
        0,
        0,
        0,
        0
      ]
    }
  ]
}
