{
  "results": [
    {
      "command": "cargo build --jobs 8 --release --example breakout",
      "mean": 122.171711717,
      "stddev": 0.17767485426284868,
      "median": 122.2078303437,
      "user": 926.67969404,
      "system": 24.39993214,
      "min": 121.77129383469999,
      "max": 122.3865102347,
      "times": [
        122.08672554569999,
        122.2103457847,
        122.1615997317,
        121.77129383469999,
        122.34983164169999,
        122.0276622377,
        122.2610707977,
        122.3865102347,
        122.2567624587,
        122.2053149027
      ],
      "exit_codes": [
        0,
        0,
        0,
        0,
        0,
        0,
        0,
        0,
        0,
        0
      ]
    }
  ]
}
