{
  "results": [
    {
      "command": "cargo build --jobs 8 --release --example breakout",
      "mean": 121.40412186109998,
      "stddev": 0.1648820507412921,
      "median": 121.40345893840001,
      "user": 917.40330106,
      "system": 24.7325008,
      "min": 121.1098012914,
      "max": 121.67539982539999,
      "times": [
        121.2156876194,
        121.4023164144,
        121.3583276454,
        121.4046014624,
        121.4940913674,
        121.4196654894,
        121.1098012914,
        121.67539982539999,
        121.5964156024,
        121.36491189339999
      ],
      "exit_codes": [
        0,
        0,
        0,
        0,
        0,
        0,
        0,
        0,
        0,
        0
      ]
    }
  ]
}
