{
  "results": [
    {
      "command": "cargo build --jobs 16 --release --example breakout",
      "mean": 92.70101459874,
      "stddev": 1.2781597619325853,
      "median": 92.39484212404,
      "user": 1288.91879226,
      "system": 30.918034520000003,
      "min": 91.49698767554,
      "max": 94.51299989254,
      "times": [
        94.30539703354,
        91.59303264154,
        94.51299989254,
        91.52698704154,
        91.50772948054,
        92.97455290854,
        91.81513133954,
        91.49698767554,
        93.02697057654,
        94.25035739754
      ],
      "exit_codes": [
        0,
        0,
        0,
        0,
        0,
        0,
        0,
        0,
        0,
        0
      ]
    }
  ]
}
