{
  "results": [
    {
      "command": "cargo build --jobs 8 --release --example breakout",
      "mean": 117.239288195,
      "stddev": 0.18891704673347992,
      "median": 117.2225877449,
      "user": 902.62823318,
      "system": 24.992299080000002,
      "min": 116.9962281234,
      "max": 117.5450061034,
      "times": [
        117.3376528414,
        117.10889499139999,
        117.0710910064,
        117.3099112324,
        116.9962281234,
        117.5450061034,
        117.1352642574,
        117.4917258374,
        117.0743664404,
        117.3227411164
      ],
      "exit_codes": [
        0,
        0,
        0,
        0,
        0,
        0,
        0,
        0,
        0,
        0
      ]
    }
  ]
}
