{
  "results": [
    {
      "command": "cargo build --jobs 8 --release --example breakout",
      "mean": 117.75532596042001,
      "stddev": 0.16553502365600137,
      "median": 117.76040715902,
      "user": 902.42500888,
      "system": 23.82174442,
      "min": 117.47897073102,
      "max": 118.06024348802,
      "times": [
        117.74576884402,
        118.06024348802,
        117.53056559602,
        117.77504547402,
        117.86372811702,
        117.79800894502,
        117.70432671802,
        117.47897073102,
        117.74171110702,
        117.85489058402
      ],
      "exit_codes": [
        0,
        0,
        0,
        0,
        0,
        0,
        0,
        0,
        0,
        0
      ]
    }
  ]
}
