{
  "results": [
    {
      "command": "cargo build --jobs 16 --release --example breakout",
      "mean": 76.0732089054,
      "stddev": 1.9502936438400922,
      "median": 75.4907146405,
      "user": 1138.4064771999997,
      "system": 29.26304312,
      "min": 75.1834708475,
      "max": 81.5923274825,
      "times": [
        75.5967360045,
        75.3332271375,
        75.4505416935,
        81.5923274825,
        75.8477590525,
        75.1851123135,
        75.5308875875,
        75.6493891315,
        75.3626378035,
        75.1834708475
      ],
      "exit_codes": [
        0,
        0,
        0,
        0,
        0,
        0,
        0,
        0,
        0,
        0
      ]
    }
  ]
}
