{
  "results": [
    {
      "command": "cargo build --jobs 16 --release --example breakout",
      "mean": 71.21215359851999,
      "stddev": 0.7704137933012988,
      "median": 70.94149130182001,
      "user": 1011.51491362,
      "system": 27.508554819999993,
      "min": 70.00062773882,
      "max": 72.56977534582,
      "times": [
        70.99747565182001,
        72.03315978182,
        70.86045413282001,
        70.88550695182,
        70.83202136182,
        70.73019607782,
        71.16281318782,
        72.04950575482,
        72.56977534582,
        70.00062773882
      ],
      "exit_codes": [
        0,
        0,
        0,
        0,
        0,
        0,
        0,
        0,
        0,
        0
      ]
    }
  ]
}
