{
  "results": [
    {
      "command": "cargo build --jobs 8 --release --example breakout",
      "mean": 107.22019571115997,
      "stddev": 0.3850091747727487,
      "median": 107.06777865176,
      "user": 810.10375748,
      "system": 21.9305162,
      "min": 106.78616321925999,
      "max": 107.86465311226,
      "times": [
        107.10314152526,
        107.03241577825999,
        107.19511574126,
        106.95381150125999,
        106.78616321925999,
        106.90797178225999,
        106.99034908825999,
        107.56380724926,
        107.80452811426,
        107.86465311226
      ],
      "exit_codes": [
        0,
        0,
        0,
        0,
        0,
        0,
        0,
        0,
        0,
        0
      ]
    }
  ]
}
