{
  "results": [
    {
      "command": "cargo build --jobs 16 --release --example breakout",
      "mean": 70.48486058213999,
      "stddev": 0.8156286537929989,
      "median": 70.53031508744,
      "user": 1001.4013637599999,
      "system": 27.4203719,
      "min": 69.36199021494,
      "max": 72.05664287694,
      "times": [
        69.51360027694,
        69.36199021494,
        70.43088443994,
        70.91782690094,
        72.05664287694,
        70.59084453894,
        71.06570887294,
        69.65774619294,
        70.46978563594,
        70.78357587094
      ],
      "exit_codes": [
        0,
        0,
        0,
        0,
        0,
        0,
        0,
        0,
        0,
        0
      ]
    }
  ]
}
