{
  "results": [
    {
      "command": "cargo build --jobs 16 --release --example breakout",
      "mean": 75.92061121101999,
      "stddev": 0.2895799557958407,
      "median": 75.87609674871999,
      "user": 1146.4912042,
      "system": 29.263229939999995,
      "min": 75.42796675472,
      "max": 76.36957809472,
      "times": [
        75.88808495372,
        75.70874547572,
        76.12441067972,
        76.11662996272,
        75.42796675472,
        76.36957809472,
        76.24277638971999,
        75.78818157472,
        75.86410854372,
        75.67562968072
      ],
      "exit_codes": [
        0,
        0,
        0,
        0,
        0,
        0,
        0,
        0,
        0,
        0
      ]
    }
  ]
}
