{
  "results": [
    {
      "command": "cargo build --jobs 8 --release --example breakout",
      "mean": 117.51250934555999,
      "stddev": 0.28800131317792765,
      "median": 117.45907188056,
      "user": 906.5549722999998,
      "system": 23.64919406,
      "min": 117.14302523956,
      "max": 118.18711584956,
      "times": [
        117.34892591156,
        117.25751823056,
        117.46322053355999,
        117.45492322756,
        117.61157358356,
        117.43642320056,
        117.14302523956,
        118.18711584956,
        117.71675058356,
        117.50561709556
      ],
      "exit_codes": [
        0,
        0,
        0,
        0,
        0,
        0,
        0,
        0,
        0,
        0
      ]
    }
  ]
}
