{
  "results": [
    {
      "command": "cargo build --jobs 16 --release --example breakout",
      "mean": 89.32882003114,
      "stddev": 0.730138005184108,
      "median": 89.38670070063999,
      "user": 1272.3904163000002,
      "system": 31.016287479999995,
      "min": 88.28999273164,
      "max": 91.00174115864,
      "times": [
        89.50072502164,
        91.00174115864,
        89.39851805864,
        89.37488334263999,
        89.57995302063999,
        88.93601262864,
        88.28999273164,
        88.95493923763999,
        88.65460089263999,
        89.59683421864
      ],
      "exit_codes": [
        0,
        0,
        0,
        0,
        0,
        0,
        0,
        0,
        0,
        0
      ]
    }
  ]
}
