{
  "results": [
    {
      "command": "cargo build --jobs 16 --release --example breakout",
      "mean": 75.23933631318,
      "stddev": 0.2853841181818835,
      "median": 75.32109975758,
      "user": 1140.04216412,
      "system": 29.33132704,
      "min": 74.79894121507999,
      "max": 75.57493364608,
      "times": [
        75.45866865808,
        75.57493364608,
        74.79894121507999,
        75.52411693708,
        75.29398011808,
        74.86464743908,
        75.45844729708,
        75.11000713407999,
        75.34821939708,
        74.96140129008
      ],
      "exit_codes": [
        0,
        0,
        0,
        0,
        0,
        0,
        0,
        0,
        0,
        0
      ]
    }
  ]
}
