{
  "results": [
    {
      "command": "cargo build --jobs 8 --release --example breakout",
      "mean": 117.28039454936001,
      "stddev": 0.12111579919812117,
      "median": 117.28020435416,
      "user": 903.55846426,
      "system": 24.836517779999998,
      "min": 117.05489409866,
      "max": 117.45156711166,
      "times": [
        117.05489409866,
        117.33973569966001,
        117.39978172066,
        117.18431418666,
        117.21856601866,
        117.22749427566,
        117.38368408366,
        117.33291443266,
        117.21099386566,
        117.45156711166
      ],
      "exit_codes": [
        0,
        0,
        0,
        0,
        0,
        0,
        0,
        0,
        0,
        0
      ]
    }
  ]
}
