{
  "results": [
    {
      "command": "cargo build --jobs 16 --release --example breakout",
      "mean": 75.68017038458001,
      "stddev": 0.22602783865477205,
      "median": 75.65485363158,
      "user": 1138.53962456,
      "system": 30.438344079999997,
      "min": 75.29605428907999,
      "max": 76.15222072108,
      "times": [
        75.63588334708,
        75.53154464608,
        75.51467753608,
        75.75234838108,
        76.15222072108,
        75.81537362508,
        75.64308077407999,
        75.66662648908,
        75.29605428907999,
        75.79389403708
      ],
      "exit_codes": [
        0,
        0,
        0,
        0,
        0,
        0,
        0,
        0,
        0,
        0
      ]
    }
  ]
}
