{
  "results": [
    {
      "command": "cargo build --jobs 8 --release --example breakout",
      "mean": 117.7479108436,
      "stddev": 0.14716642214890363,
      "median": 117.73770360259999,
      "user": 888.7408160199999,
      "system": 24.172291119999997,
      "min": 117.5967919151,
      "max": 118.1074176651,
      "times": [
        117.59858066509999,
        118.1074176651,
        117.64590205009999,
        117.77450360809999,
        117.8152585891,
        117.7629914881,
        117.7124157171,
        117.77094166309999,
        117.69430507509999,
        117.5967919151
      ],
      "exit_codes": [
        0,
        0,
        0,
        0,
        0,
        0,
        0,
        0,
        0,
        0
      ]
    }
  ]
}
