{
  "results": [
    {
      "command": "cargo build --jobs 16 --release --example breakout",
      "mean": 76.47582548448001,
      "stddev": 0.4555155716334017,
      "median": 76.31996500388,
      "user": 1118.8279114599998,
      "system": 29.692665139999995,
      "min": 76.04519578888001,
      "max": 77.66891717188,
      "times": [
        76.30431447088,
        76.73238434888,
        76.44308084588,
        76.44736151688001,
        77.66891717188,
        76.04519578888001,
        76.28848312788,
        76.27326563988,
        76.33561553688,
        76.21963639688
      ],
      "exit_codes": [
        0,
        0,
        0,
        0,
        0,
        0,
        0,
        0,
        0,
        0
      ]
    }
  ]
}
