{
  "results": [
    {
      "command": "cargo build --jobs 8 --release --example breakout",
      "mean": 124.06222247884,
      "stddev": 0.22892486248181115,
      "median": 124.08282672284,
      "user": 950.62553608,
      "system": 25.080302819999996,
      "min": 123.68511667784,
      "max": 124.39688620183999,
      "times": [
        123.90269756484,
        123.80422893484,
        124.09204332483999,
        124.39688620183999,
        124.07361012084,
        124.14259583884,
        123.68511667784,
        124.16367724284,
        123.98118068884,
        124.38018819284
      ],
      "exit_codes": [
        0,
        0,
        0,
        0,
        0,
        0,
        0,
        0,
        0,
        0
      ]
    }
  ]
}
