{
  "results": [
    {
      "command": "cargo build --jobs 8 --release --example breakout",
      "mean": 121.56058320224,
      "stddev": 0.19239576440552542,
      "median": 121.62647510004001,
      "user": 935.5035637599998,
      "system": 24.3716722,
      "min": 121.31102402254001,
      "max": 121.83795285854,
      "times": [
        121.32197760054001,
        121.60878249754,
        121.31102402254001,
        121.68443868254,
        121.83795285854,
        121.74005427854,
        121.31876758554,
        121.67304288454001,
        121.64416770254,
        121.46562390954
      ],
      "exit_codes": [
        0,
        0,
        0,
        0,
        0,
        0,
        0,
        0,
        0,
        0
      ]
    }
  ]
}
