{
  "results": [
    {
      "command": "cargo build --jobs 8 --release --example breakout",
      "mean": 117.15668542372,
      "stddev": 0.20086026827725875,
      "median": 117.14279242332,
      "user": 901.7385028599998,
      "system": 24.758254779999998,
      "min": 116.87992620682,
      "max": 117.40165556582001,
      "times": [
        116.91595519882,
        117.28154797182,
        117.39957285082001,
        117.11447058682,
        117.35655408482,
        117.40165556582001,
        116.93158692482001,
        117.16704786682,
        117.11853697982,
        116.87992620682
      ],
      "exit_codes": [
        0,
        0,
        0,
        0,
        0,
        0,
        0,
        0,
        0,
        0
      ]
    }
  ]
}
