{
  "results": [
    {
      "command": "cargo build --jobs 16 --release --example breakout",
      "mean": 75.19146021872001,
      "stddev": 0.4268726005636879,
      "median": 75.26635916672001,
      "user": 1137.5184605399998,
      "system": 30.471087439999998,
      "min": 74.60799081622001,
      "max": 75.81908793722,
      "times": [
        74.60799081622001,
        75.24310123722,
        74.70955177422,
        75.81908793722,
        75.61649202922,
        75.03012919222,
        75.49925862622,
        74.65001656122,
        75.28961709622,
        75.44935691722
      ],
      "exit_codes": [
        0,
        0,
        0,
        0,
        0,
        0,
        0,
        0,
        0,
        0
      ]
    }
  ]
}
