{
  "results": [
    {
      "command": "cargo build --jobs 8 --release --example breakout",
      "mean": 118.49157568391999,
      "stddev": 3.1422690213517863,
      "median": 117.46632612651999,
      "user": 906.0893881599999,
      "system": 23.887048680000003,
      "min": 117.16078422001999,
      "max": 127.40165261701999,
      "times": [
        117.24586284602,
        117.40126169502,
        117.63596026902,
        117.49909795602,
        118.14413044802,
        127.40165261701999,
        117.38061973402,
        117.61283275702,
        117.16078422001999,
        117.43355429702
      ],
      "exit_codes": [
        0,
        0,
        0,
        0,
        0,
        0,
        0,
        0,
        0,
        0
      ]
    }
  ]
}
