{
  "results": [
    {
      "command": "cargo build --jobs 16 --release --example breakout",
      "mean": 88.1312022777,
      "stddev": 0.8705540793053355,
      "median": 88.2208056145,
      "user": 1225.2345136,
      "system": 30.5605838,
      "min": 86.557823545,
      "max": 89.62857049600001,
      "times": [
        87.843568257,
        89.136419515,
        87.575615247,
        89.62857049600001,
        88.360806516,
        86.557823545,
        88.38793272000001,
        88.190835279,
        87.379675252,
        88.25077595
      ],
      "exit_codes": [
        0,
        0,
        0,
        0,
        0,
        0,
        0,
        0,
        0,
        0
      ]
    }
  ]
}
