{
  "results": [
    {
      "command": "cargo build --jobs 8 --release --example breakout",
      "mean": 127.42044806761999,
      "stddev": 0.13814173216442557,
      "median": 127.38277703672,
      "user": 979.5043451999998,
      "system": 24.643854120000004,
      "min": 127.26709781222,
      "max": 127.74035539121999,
      "times": [
        127.36657546622,
        127.39660115022,
        127.34818909822,
        127.50027179122,
        127.27235463322,
        127.74035539121999,
        127.49348893122,
        127.26709781222,
        127.45059347922,
        127.36895292322
      ],
      "exit_codes": [
        0,
        0,
        0,
        0,
        0,
        0,
        0,
        0,
        0,
        0
      ]
    }
  ]
}
