{
  "results": [
    {
      "command": "cargo build --jobs 8 --release --example breakout",
      "mean": 135.22325793134002,
      "stddev": 0.19112694564798557,
      "median": 135.21558426773998,
      "user": 1033.5537197400004,
      "system": 25.683156999999994,
      "min": 134.93827491424,
      "max": 135.50734795923998,
      "times": [
        135.04396917923998,
        135.13279883924,
        135.29382113224,
        135.03846587223998,
        135.13734740324,
        135.50734795923998,
        135.41669442824,
        135.40737469523998,
        135.31648489024,
        134.93827491424
      ],
      "exit_codes": [
        0,
        0,
        0,
        0,
        0,
        0,
        0,
        0,
        0,
        0
      ]
    }
  ]
}
