{
  "results": [
    {
      "command": "cargo build --jobs 16 --release --example breakout",
      "mean": 92.32123454834,
      "stddev": 1.397435893515553,
      "median": 93.12274812304,
      "user": 1295.5563784199999,
      "system": 31.894707420000003,
      "min": 90.15402856604,
      "max": 93.54481767104,
      "times": [
        90.67799209904,
        90.15402856604,
        90.33719344904,
        93.03696875604,
        93.20852749004,
        92.10340163404,
        93.42965360503999,
        93.54481767104,
        93.43623514904,
        93.28352706404
      ],
      "exit_codes": [
        0,
        0,
        0,
        0,
        0,
        0,
        0,
        0,
        0,
        0
      ]
    }
  ]
}
