{
  "results": [
    {
      "command": "cargo build --jobs 8 --release --example breakout",
      "mean": 135.10607014038004,
      "stddev": 0.25657210924700763,
      "median": 135.05063903668002,
      "user": 1031.8176252,
      "system": 25.571222879999997,
      "min": 134.74329111618002,
      "max": 135.48008672218,
      "times": [
        134.97330293818,
        134.74329111618002,
        135.04546106918002,
        135.34551914218002,
        134.78927645418003,
        135.05581700418003,
        135.01768407818003,
        135.46696974218003,
        135.14329313718002,
        135.48008672218
      ],
      "exit_codes": [
        0,
        0,
        0,
        0,
        0,
        0,
        0,
        0,
        0,
        0
      ]
    }
  ]
}
