{
  "results": [
    {
      "command": "cargo build --jobs 16 --release --example breakout",
      "mean": 94.25456663450001,
      "stddev": 6.010856420107307,
      "median": 93.3028196306,
      "user": 1293.7742894199998,
      "system": 31.908292239999998,
      "min": 90.19342508060001,
      "max": 110.86981284560001,
      "times": [
        93.85090659560001,
        90.81598897960001,
        93.9360133336,
        110.86981284560001,
        90.19342508060001,
        90.3863177316,
        93.31963528360001,
        93.3401184896,
        93.2860039776,
        92.54744402760001
      ],
      "exit_codes": [
        0,
        0,
        0,
        0,
        0,
        0,
        0,
        0,
        0,
        0
      ]
    }
  ]
}
