{
  "results": [
    {
      "command": "cargo build --jobs 8 --release --example breakout",
      "mean": 123.64802614158,
      "stddev": 0.2216980179478363,
      "median": 123.69349612028,
      "user": 949.7552324999999,
      "system": 25.001253379999998,
      "min": 123.22445195728,
      "max": 123.93438385528,
      "times": [
        123.52401460728,
        123.93438385528,
        123.68408374028,
        123.55681094328,
        123.79095191328,
        123.70290850028,
        123.40525712528,
        123.89301407928001,
        123.22445195728,
        123.76438469428
      ],
      "exit_codes": [
        0,
        0,
        0,
        0,
        0,
        0,
        0,
        0,
        0,
        0
      ]
    }
  ]
}
