{
  "results": [
    {
      "command": "cargo build --jobs 8 --release --example breakout",
      "mean": 124.94502464518,
      "stddev": 0.20896602408932627,
      "median": 124.88207496127998,
      "user": 956.8681831199998,
      "system": 27.428413939999995,
      "min": 124.75357745977999,
      "max": 125.45255281378,
      "times": [
        125.45255281378,
        124.75357745977999,
        124.84961059978,
        124.99000555778,
        124.95772935277999,
        124.76382008178,
        125.11144449378,
        124.88787150377999,
        124.80735616978,
        124.87627841877999
      ],
      "exit_codes": [
        0,
        0,
        0,
        0,
        0,
        0,
        0,
        0,
        0,
        0
      ]
    }
  ]
}
