{
  "results": [
    {
      "command": "cargo build --jobs 16 --release --example breakout",
      "mean": 80.27127835517999,
      "stddev": 0.1429255663452593,
      "median": 80.24472871188,
      "user": 1210.1988934400001,
      "system": 33.38138286,
      "min": 80.03062856337999,
      "max": 80.55902694637999,
      "times": [
        80.18905267438,
        80.35332428038,
        80.16413856938,
        80.24848306938,
        80.37687981938,
        80.32780137537999,
        80.03062856337999,
        80.22247389937999,
        80.55902694637999,
        80.24097435438
      ],
      "exit_codes": [
        0,
        0,
        0,
        0,
        0,
        0,
        0,
        0,
        0,
        0
      ]
    }
  ]
}
