{
  "results": [
    {
      "command": "cargo build --jobs 8 --release --example breakout",
      "mean": 120.36593688683999,
      "stddev": 0.16582740774978239,
      "median": 120.36903698344,
      "user": 909.9589130999999,
      "system": 24.809755899999995,
      "min": 119.98020915644001,
      "max": 120.58640811644001,
      "times": [
        120.58640811644001,
        120.43372270844,
        120.31011209544,
        119.98020915644001,
        120.38015174944,
        120.39209429444,
        120.31242224144,
        120.34510615044,
        120.35792221744,
        120.56122013844
      ],
      "exit_codes": [
        0,
        0,
        0,
        0,
        0,
        0,
        0,
        0,
        0,
        0
      ]
    }
  ]
}
