{
  "results": [
    {
      "command": "cargo build --jobs 16 --release --example breakout",
      "mean": 78.05349855236001,
      "stddev": 0.23518552947368493,
      "median": 78.14302552556,
      "user": 1145.2817001199999,
      "system": 30.185121779999996,
      "min": 77.67400160556001,
      "max": 78.29014957656001,
      "times": [
        78.24235183656,
        77.84053193456,
        78.13054069856001,
        78.21926635556001,
        77.67400160556001,
        78.22166192856001,
        77.67457133956,
        78.08639989556,
        78.15551035256,
        78.29014957656001
      ],
      "exit_codes": [
        0,
        0,
        0,
        0,
        0,
        0,
        0,
        0,
        0,
        0
      ]
    }
  ]
}
