{
  "results": [
    {
      "command": "cargo build --jobs 8 --release --example breakout",
      "mean": 126.90257134800001,
      "stddev": 0.16242315788539274,
      "median": 126.93067660010001,
      "user": 972.8386831800001,
      "system": 25.564992779999997,
      "min": 126.56850504910001,
      "max": 127.1413661151,
      "times": [
        126.56850504910001,
        127.1413661151,
        126.98063851410001,
        126.88667134010001,
        126.92254590910001,
        126.81344280510001,
        126.9388072911,
        126.9688704561,
        127.05801172710001,
        126.7468542731
      ],
      "exit_codes": [
        0,
        0,
        0,
        0,
        0,
        0,
        0,
        0,
        0,
        0
      ]
    }
  ]
}
