{
  "results": [
    {
      "command": "cargo build --jobs 8 --release --example breakout",
      "mean": 106.00711445212,
      "stddev": 0.2571034981860613,
      "median": 105.82716127582,
      "user": 801.3027083,
      "system": 21.875267759999996,
      "min": 105.77109897032,
      "max": 106.33282430932,
      "times": [
        105.77109897032,
        105.83238647032,
        106.33282430932,
        105.79838391832,
        106.25894773531999,
        105.81427819532,
        106.29397787332,
        105.81579072932,
        105.82193608132,
        106.33152023832
      ],
      "exit_codes": [
        0,
        0,
        0,
        0,
        0,
        0,
        0,
        0,
        0,
        0
      ]
    }
  ]
}
