{
  "results": [
    {
      "command": "cargo build --jobs 8 --release --example breakout",
      "mean": 114.41716441079998,
      "stddev": 0.21051735596942436,
      "median": 114.48103912959999,
      "user": 862.6931342000001,
      "system": 22.60535246,
      "min": 114.1092801066,
      "max": 114.7577239896,
      "times": [
        114.2571880216,
        114.2362503836,
        114.4849071766,
        114.1757998586,
        114.6090909526,
        114.1092801066,
        114.4771710826,
        114.5270306916,
        114.53720184459999,
        114.7577239896
      ],
      "exit_codes": [
        0,
        0,
        0,
        0,
        0,
        0,
        0,
        0,
        0,
        0
      ]
    }
  ]
}
