{
  "results": [
    {
      "command": "cargo build --jobs 16 --release --example breakout",
      "mean": 73.94484179252001,
      "stddev": 0.4732425545158276,
      "median": 73.81495406812002,
      "user": 1087.95305782,
      "system": 28.25431674,
      "min": 73.33481461162,
      "max": 74.90237793862,
      "times": [
        74.29821779062,
        73.76452259262001,
        73.55686629662,
        73.51100050462,
        74.15947782262,
        73.86538554362001,
        74.31450731162,
        73.33481461162,
        74.90237793862,
        73.74124751262
      ],
      "exit_codes": [
        0,
        0,
        0,
        0,
        0,
        0,
        0,
        0,
        0,
        0
      ]
    }
  ]
}
