{
  "results": [
    {
      "command": "cargo build --jobs 16 --release --example breakout",
      "mean": 86.73852179056,
      "stddev": 0.22483944511500692,
      "median": 86.76713103076,
      "user": 1215.8363403600001,
      "system": 30.42807904,
      "min": 86.41863606276,
      "max": 87.09970563476,
      "times": [
        86.87061957176,
        86.56145093876,
        86.42467036676,
        86.71936388275999,
        87.09970563476,
        86.81489817876,
        86.83588879176,
        86.97153782776,
        86.41863606276,
        86.66844664976
      ],
      "exit_codes": [
        0,
        0,
        0,
        0,
        0,
        0,
        0,
        0,
        0,
        0
      ]
    }
  ]
}
