{
  "results": [
    {
      "command": "cargo build --jobs 8 --release --example breakout",
      "mean": 126.2677962159,
      "stddev": 0.20983702377794172,
      "median": 126.24052977299999,
      "user": 969.6368701200001,
      "system": 24.390279539999998,
      "min": 126.0149781785,
      "max": 126.7423113235,
      "times": [
        126.2092111375,
        126.7423113235,
        126.1423728115,
        126.2979281195,
        126.0149781785,
        126.2471352275,
        126.4617866075,
        126.2339243185,
        126.2791418475,
        126.0491725875
      ],
      "exit_codes": [
        0,
        0,
        0,
        0,
        0,
        0,
        0,
        0,
        0,
        0
      ]
    }
  ]
}
