{
  "results": [
    {
      "command": "cargo build --jobs 16 --release --example breakout",
      "mean": 75.4379431117,
      "stddev": 0.24155027825015057,
      "median": 75.5021841419,
      "user": 1138.1163751,
      "system": 29.328163819999997,
      "min": 75.0455609784,
      "max": 75.7452972494,
      "times": [
        75.0455609784,
        75.6653280134,
        75.5650293684,
        75.4393389154,
        75.6392382624,
        75.58920026439999,
        75.3136384654,
        75.2405435024,
        75.1362560974,
        75.7452972494
      ],
      "exit_codes": [
        0,
        0,
        0,
        0,
        0,
        0,
        0,
        0,
        0,
        0
      ]
    }
  ]
}
