{
  "results": [
    {
      "command": "cargo build --jobs 16 --release --example breakout",
      "mean": 73.82567622698001,
      "stddev": 0.6159129771245662,
      "median": 73.72377722448,
      "user": 1042.1749668799998,
      "system": 27.92139064,
      "min": 72.97961605398,
      "max": 74.84317280598,
      "times": [
        74.84317280598,
        73.08550447398,
        73.72163746298,
        74.63695807498,
        72.97961605398,
        73.52440869598,
        73.83036834998,
        74.34967962398,
        73.55949974198,
        73.72591698598
      ],
      "exit_codes": [
        0,
        0,
        0,
        0,
        0,
        0,
        0,
        0,
        0,
        0
      ]
    }
  ]
}
