{
  "results": [
    {
      "command": "cargo build --jobs 8 --release --example breakout",
      "mean": 110.9114154377,
      "stddev": 0.23755351756943474,
      "median": 110.8455898614,
      "user": 834.0339002800001,
      "system": 22.280691299999997,
      "min": 110.66776390940001,
      "max": 111.26703871640001,
      "times": [
        110.9919610364,
        110.9068874914,
        110.7641079034,
        110.66776390940001,
        111.26703871640001,
        110.6710269734,
        110.7842922314,
        111.25814720640001,
        110.6784447384,
        111.12448417040001
      ],
      "exit_codes": [
        0,
        0,
        0,
        0,
        0,
        0,
        0,
        0,
        0,
        0
      ]
    }
  ]
}
