{
  "results": [
    {
      "command": "cargo build --jobs 16 --release --example breakout",
      "mean": 75.2723553962,
      "stddev": 0.291975164230544,
      "median": 75.3029811677,
      "user": 1141.0145392400002,
      "system": 29.31254118,
      "min": 74.88056721619999,
      "max": 75.7312232792,
      "times": [
        75.6352816772,
        75.00109198919999,
        75.7312232792,
        74.9365018102,
        75.3817058212,
        75.39076752119999,
        75.2242565142,
        75.4395947882,
        75.1025633452,
        74.88056721619999
      ],
      "exit_codes": [
        0,
        0,
        0,
        0,
        0,
        0,
        0,
        0,
        0,
        0
      ]
    }
  ]
}
