{
  "results": [
    {
      "command": "cargo build --jobs 8 --release --example breakout",
      "mean": 117.15789641596002,
      "stddev": 0.0794194149441519,
      "median": 117.14434871396,
      "user": 903.9722773999999,
      "system": 23.75734448,
      "min": 117.06415177546,
      "max": 117.28465286246,
      "times": [
        117.13459188846001,
        117.08802453646001,
        117.23517235946001,
        117.28465286246,
        117.07178316046,
        117.21720052046001,
        117.06415177546,
        117.23347814746,
        117.09580336946,
        117.15410553946
      ],
      "exit_codes": [
        0,
        0,
        0,
        0,
        0,
        0,
        0,
        0,
        0,
        0
      ]
    }
  ]
}
