{
  "results": [
    {
      "command": "cargo build --jobs 8 --release --example breakout",
      "mean": 125.43835471904,
      "stddev": 0.09280282272697868,
      "median": 125.46195737534,
      "user": 960.8908574399999,
      "system": 25.239725019999998,
      "min": 125.32354508984001,
      "max": 125.60667896584,
      "times": [
        125.32354508984001,
        125.47302363684001,
        125.49674326484,
        125.45165312284,
        125.60667896584,
        125.47226162784001,
        125.34670598984,
        125.51153584184,
        125.37235118684,
        125.32904846384001
      ],
      "exit_codes": [
        0,
        0,
        0,
        0,
        0,
        0,
        0,
        0,
        0,
        0
      ]
    }
  ]
}
