{
  "results": [
    {
      "command": "cargo build --jobs 16 --release --example breakout",
      "mean": 88.11519019736001,
      "stddev": 0.673171821189534,
      "median": 88.23862100596,
      "user": 1234.30949238,
      "system": 32.3078216,
      "min": 86.44247884546,
      "max": 88.71005334146,
      "times": [
        88.12546101746,
        88.38798057246,
        86.44247884546,
        88.71005334146,
        88.67285412946,
        88.70704547746,
        88.02355791146,
        88.35178099446,
        87.89361482646,
        87.83707485746
      ],
      "exit_codes": [
        0,
        0,
        0,
        0,
        0,
        0,
        0,
        0,
        0,
        0
      ]
    }
  ]
}
