{
  "results": [
    {
      "command": "cargo build --jobs 8 --release --example breakout",
      "mean": 117.05379975331998,
      "stddev": 0.13166684213468272,
      "median": 117.06986201621999,
      "user": 902.0685565199999,
      "system": 24.670509600000003,
      "min": 116.86561876521999,
      "max": 117.25366724522,
      "times": [
        117.07920388021999,
        117.21156695021999,
        117.03043569921999,
        117.07226272321999,
        117.25366724522,
        116.94341154221999,
        117.14416204122,
        116.86561876521999,
        116.87020737722,
        117.06746130922
      ],
      "exit_codes": [
        0,
        0,
        0,
        0,
        0,
        0,
        0,
        0,
        0,
        0
      ]
    }
  ]
}
