{
  "results": [
    {
      "command": "cargo build --jobs 16 --release --example breakout",
      "mean": 75.30774754284,
      "stddev": 0.4032903758356274,
      "median": 75.46478743123998,
      "user": 1137.9373203999999,
      "system": 30.41203552,
      "min": 74.54413424824,
      "max": 75.65172613124,
      "times": [
        75.65172613124,
        75.64944057924,
        75.58426732123999,
        75.14413186223999,
        74.68027441023999,
        75.54488430523999,
        74.54413424824,
        75.38469055723999,
        75.29247076124,
        75.60145525223999
      ],
      "exit_codes": [
        0,
        0,
        0,
        0,
        0,
        0,
        0,
        0,
        0,
        0
      ]
    }
  ]
}
