{
  "results": [
    {
      "command": "cargo build --jobs 8 --release --example breakout",
      "mean": 117.05988529048,
      "stddev": 0.11913508863854527,
      "median": 117.02656286898,
      "user": 903.2503881800001,
      "system": 23.990391619999997,
      "min": 116.89888928747999,
      "max": 117.31505527348,
      "times": [
        116.89888928747999,
        117.07594717347999,
        117.11706518048,
        117.31505527348,
        117.01767896148,
        117.03544677648,
        116.95069986448,
        117.17450057848,
        117.01397963647999,
        116.99959017248
      ],
      "exit_codes": [
        0,
        0,
        0,
        0,
        0,
        0,
        0,
        0,
        0,
        0
      ]
    }
  ]
}
