{
  "results": [
    {
      "command": "cargo build --jobs 8 --release --example breakout",
      "mean": 121.62534018852,
      "stddev": 0.2661716538328676,
      "median": 121.63999828761999,
      "user": 933.1767762000002,
      "system": 24.348235380000002,
      "min": 121.18717313462,
      "max": 122.03314704761999,
      "times": [
        121.86022400062,
        121.60294261861999,
        121.81845365061999,
        121.83394424362,
        121.35375222661999,
        121.67705395662,
        121.43393110362,
        122.03314704761999,
        121.18717313462,
        121.45277990262
      ],
      "exit_codes": [
        0,
        0,
        0,
        0,
        0,
        0,
        0,
        0,
        0,
        0
      ]
    }
  ]
}
