{
  "results": [
    {
      "command": "cargo build --jobs 16 --release --example breakout",
      "mean": 79.04352903884,
      "stddev": 2.4517570378446054,
      "median": 78.30707877074,
      "user": 1178.1561085400003,
      "system": 30.090370739999997,
      "min": 77.93284773874001,
      "max": 85.95989983574,
      "times": [
        78.12369958674,
        77.99397929174,
        78.69357728874,
        85.95989983574,
        77.95078237774001,
        78.49045795474001,
        77.93284773874001,
        78.63765948974,
        78.69105934674,
        77.96132747774
      ],
      "exit_codes": [
        0,
        0,
        0,
        0,
        0,
        0,
        0,
        0,
        0,
        0
      ]
    }
  ]
}
