{
  "results": [
    {
      "command": "cargo build --jobs 16 --release --example breakout",
      "mean": 75.9576232688,
      "stddev": 0.2156794468607923,
      "median": 75.99200730109999,
      "user": 1145.8569468199998,
      "system": 29.236805899999997,
      "min": 75.6168268461,
      "max": 76.2135108471,
      "times": [
        76.1556929141,
        75.6862173831,
        76.1031729061,
        75.8823902331,
        75.7831947271,
        76.1016243691,
        76.1566847871,
        75.6168268461,
        76.2135108471,
        75.8769176751
      ],
      "exit_codes": [
        0,
        0,
        0,
        0,
        0,
        0,
        0,
        0,
        0,
        0
      ]
    }
  ]
}
