{
  "results": [
    {
      "command": "cargo build --jobs 8 --release --example breakout",
      "mean": 117.58632689026001,
      "stddev": 0.3580733811124967,
      "median": 117.54370206296001,
      "user": 906.4103977799999,
      "system": 23.655872959999996,
      "min": 117.25710190196001,
      "max": 118.50754235196001,
      "times": [
        117.57582972696001,
        117.25710190196001,
        117.77143651396001,
        117.55180325596001,
        117.56412702296001,
        117.27258300096001,
        118.50754235196001,
        117.53560086996,
        117.40364236096,
        117.42360189696001
      ],
      "exit_codes": [
        0,
        0,
        0,
        0,
        0,
        0,
        0,
        0,
        0,
        0
      ]
    }
  ]
}
