{
  "results": [
    {
      "command": "cargo build --jobs 16 --release --example breakout",
      "mean": 92.95527717777999,
      "stddev": 0.9103650133298997,
      "median": 92.86411317578,
      "user": 1293.6002316600002,
      "system": 31.518033359999997,
      "min": 91.81829797178,
      "max": 94.59030624178,
      "times": [
        92.86848688578,
        93.76012704578,
        92.85973946578,
        91.88582258378,
        92.67278739378,
        93.84931833178,
        92.08265415078,
        94.59030624178,
        93.16523170678,
        91.81829797178
      ],
      "exit_codes": [
        0,
        0,
        0,
        0,
        0,
        0,
        0,
        0,
        0,
        0
      ]
    }
  ]
}
