{
  "results": [
    {
      "command": "cargo build --jobs 16 --release --example breakout",
      "mean": 70.89533285826,
      "stddev": 0.5751130183495844,
      "median": 70.81648320226,
      "user": 1006.08545858,
      "system": 27.39413834,
      "min": 69.86291467576,
      "max": 71.91234794176,
      "times": [
        70.80521011476,
        70.81156068576,
        71.64816455076,
        70.53731215276,
        70.53029078576,
        69.86291467576,
        71.02851938076,
        71.91234794176,
        70.82140571876,
        70.99560257576
      ],
      "exit_codes": [
        0,
        0,
        0,
        0,
        0,
        0,
        0,
        0,
        0,
        0
      ]
    }
  ]
}
