{
  "results": [
    {
      "command": "cargo build --jobs 8 --release --example breakout",
      "mean": 106.47799868374,
      "stddev": 0.22053612889447616,
      "median": 106.45986525544,
      "user": 802.7559016399999,
      "system": 21.68926766,
      "min": 106.07408031893999,
      "max": 106.84727228594,
      "times": [
        106.43556398694,
        106.66183573693999,
        106.48421312094,
        106.42222949494,
        106.24563844494,
        106.45218757693999,
        106.46754293394,
        106.68942293693999,
        106.84727228594,
        106.07408031893999
      ],
      "exit_codes": [
        0,
        0,
        0,
        0,
        0,
        0,
        0,
        0,
        0,
        0
      ]
    }
  ]
}
