{
  "results": [
    {
      "command": "cargo build --jobs 16 --release --example breakout",
      "mean": 96.58945012954,
      "stddev": 1.1409044671703452,
      "median": 96.47824257724,
      "user": 1343.8394903199996,
      "system": 33.27257394,
      "min": 95.35546607274,
      "max": 99.44897432373999,
      "times": [
        96.74928512574,
        96.36878402074,
        96.58770113374,
        99.44897432373999,
        96.83185596274,
        96.99091729074,
        95.66492609673999,
        96.09710526474,
        95.35546607274,
        95.79948600374
      ],
      "exit_codes": [
        0,
        0,
        0,
        0,
        0,
        0,
        0,
        0,
        0,
        0
      ]
    }
  ]
}
