{
  "results": [
    {
      "command": "cargo build --jobs 8 --release --example breakout",
      "mean": 120.01919303817996,
      "stddev": 0.13450116297136835,
      "median": 119.99603586618,
      "user": 908.70051322,
      "system": 24.701631719999998,
      "min": 119.81011627818,
      "max": 120.23449773418,
      "times": [
        119.91112701918,
        120.00553356118,
        119.94127818418,
        119.81011627818,
        120.22285606518,
        120.23449773418,
        119.98653817118,
        119.94852386218,
        120.10406941018,
        120.02739009618
      ],
      "exit_codes": [
        0,
        0,
        0,
        0,
        0,
        0,
        0,
        0,
        0,
        0
      ]
    }
  ]
}
