{
  "results": [
    {
      "command": "cargo build --jobs 16 --release --example breakout",
      "mean": 77.97730758354,
      "stddev": 0.2576423364298859,
      "median": 78.01861224664,
      "user": 1144.2274168399997,
      "system": 30.2015096,
      "min": 77.47981646363999,
      "max": 78.30243235463999,
      "times": [
        78.12989392364,
        77.87865476364,
        77.83075190564,
        77.93622468564,
        77.47981646363999,
        78.10099980764,
        78.30243235463999,
        77.71819500964,
        78.13427763263999,
        78.26182928863999
      ],
      "exit_codes": [
        0,
        0,
        0,
        0,
        0,
        0,
        0,
        0,
        0,
        0
      ]
    }
  ]
}
