{
  "results": [
    {
      "command": "cargo build --jobs 8 --release --example breakout",
      "mean": 117.5864167023,
      "stddev": 0.1472779337648416,
      "median": 117.59868547529999,
      "user": 905.2952521200001,
      "system": 24.840032,
      "min": 117.3734154208,
      "max": 117.7952895528,
      "times": [
        117.6793703128,
        117.7205263298,
        117.6213049008,
        117.7952895528,
        117.7064993808,
        117.3734154208,
        117.57606604979999,
        117.4246171028,
        117.5743767458,
        117.3927012268
      ],
      "exit_codes": [
        0,
        0,
        0,
        0,
        0,
        0,
        0,
        0,
        0,
        0
      ]
    }
  ]
}
