{
  "results": [
    {
      "command": "cargo build --jobs 16 --release --example breakout",
      "mean": 78.10107775885999,
      "stddev": 0.24326997711625273,
      "median": 78.13966964546,
      "user": 1140.09832938,
      "system": 30.15098138,
      "min": 77.59839809546,
      "max": 78.42931455146001,
      "times": [
        78.24667018046,
        77.99446773546,
        77.90982317646001,
        78.42931455146001,
        78.15776650046,
        78.12157279046001,
        78.30808854146001,
        78.28916728346,
        77.95550873346001,
        77.59839809546
      ],
      "exit_codes": [
        0,
        0,
        0,
        0,
        0,
        0,
        0,
        0,
        0,
        0
      ]
    }
  ]
}
