{
  "results": [
    {
      "command": "cargo build --jobs 8 --release --example breakout",
      "mean": 121.8535720373,
      "stddev": 0.24898327283301874,
      "median": 121.7902345219,
      "user": 933.6583130199999,
      "system": 24.740448,
      "min": 121.5355274609,
      "max": 122.2271902089,
      "times": [
        121.6711609759,
        121.9401375029,
        121.6574576359,
        121.6245105339,
        121.8187831469,
        121.76168589689999,
        122.2271902089,
        121.5355274609,
        122.1332686159,
        122.1659983949
      ],
      "exit_codes": [
        0,
        0,
        0,
        0,
        0,
        0,
        0,
        0,
        0,
        0
      ]
    }
  ]
}
