{
  "results": [
    {
      "command": "cargo build --jobs 16 --release --example breakout",
      "mean": 78.40502364465999,
      "stddev": 0.39733718419530517,
      "median": 78.24650412796001,
      "user": 1180.6244218599998,
      "system": 30.493109339999997,
      "min": 78.13417947896,
      "max": 79.41486946996,
      "times": [
        78.46838856896,
        78.71632916595999,
        78.21782363295999,
        79.41486946996,
        78.30870276696,
        78.22920646896,
        78.13417947896,
        78.14925597496,
        78.26380178696,
        78.14767913195999
      ],
      "exit_codes": [
        0,
        0,
        0,
        0,
        0,
        0,
        0,
        0,
        0,
        0
      ]
    }
  ]
}
