{
  "results": [
    {
      "command": "cargo build --jobs 16 --release --example breakout",
      "mean": 76.05228176958,
      "stddev": 0.17051289731977753,
      "median": 76.00364616508,
      "user": 1140.41603738,
      "system": 29.30692362,
      "min": 75.84028520558,
      "max": 76.36171014358,
      "times": [
        75.93161767658,
        76.00730426258,
        75.99998806758,
        75.98339421858,
        75.84028520558,
        76.34548771758,
        76.04738004458,
        76.05775596658,
        76.36171014358,
        75.94789439258
      ],
      "exit_codes": [
        0,
        0,
        0,
        0,
        0,
        0,
        0,
        0,
        0,
        0
      ]
    }
  ]
}
