{
  "results": [
    {
      "command": "cargo build --jobs 16 --release --example breakout",
      "mean": 78.06570099062,
      "stddev": 0.19370413234525552,
      "median": 78.08099429432,
      "user": 1178.85459824,
      "system": 30.048325659999996,
      "min": 77.66226863782,
      "max": 78.40532817182,
      "times": [
        78.17688281982001,
        77.66226863782,
        78.02441235082,
        78.00355076182001,
        78.40532817182,
        78.09650327482001,
        77.91499671282001,
        78.06548531382,
        78.18899212982001,
        78.11858973282001
      ],
      "exit_codes": [
        0,
        0,
        0,
        0,
        0,
        0,
        0,
        0,
        0,
        0
      ]
    }
  ]
}
