{
  "results": [
    {
      "command": "cargo build --jobs 8 --release --example breakout",
      "mean": 121.74362631544,
      "stddev": 0.3044602392992627,
      "median": 121.69820713223999,
      "user": 932.3596797999999,
      "system": 24.374744019999998,
      "min": 121.15458298323999,
      "max": 122.18062429624,
      "times": [
        121.99419880923999,
        121.66166132224,
        121.72752723624,
        122.12719472623999,
        121.63741621423999,
        122.18062429624,
        121.49726020624,
        121.15458298323999,
        121.66888702824,
        121.78691033224
      ],
      "exit_codes": [
        0,
        0,
        0,
        0,
        0,
        0,
        0,
        0,
        0,
        0
      ]
    }
  ]
}
