{
  "results": [
    {
      "command": "cargo build --jobs 8 --release --example breakout",
      "mean": 116.7574316399,
      "stddev": 0.22282849155412982,
      "median": 116.74870524250001,
      "user": 898.9525281399999,
      "system": 23.991802919999998,
      "min": 116.38071456050001,
      "max": 117.08681723650001,
      "times": [
        117.0157605295,
        117.08681723650001,
        116.46619571250001,
        116.7603152775,
        116.7478558205,
        116.9525927945,
        116.7357564385,
        116.38071456050001,
        116.67875336450001,
        116.74955466450001
      ],
      "exit_codes": [
        0,
        0,
        0,
        0,
        0,
        0,
        0,
        0,
        0,
        0
      ]
    }
  ]
}
