{
  "results": [
    {
      "command": "cargo build --jobs 8 --release --example breakout",
      "mean": 120.38356451684001,
      "stddev": 0.10718835396921662,
      "median": 120.36865928153999,
      "user": 911.3060733599999,
      "system": 24.044546720000003,
      "min": 120.25069155803999,
      "max": 120.56955944203999,
      "times": [
        120.28464871204,
        120.51180751903999,
        120.44621207303999,
        120.56955944203999,
        120.34071450203999,
        120.26300625203999,
        120.25069155803999,
        120.43334438704,
        120.39660406104,
        120.33905666204
      ],
      "exit_codes": [
        0,
        0,
        0,
        0,
        0,
        0,
        0,
        0,
        0,
        0
      ]
    }
  ]
}
