{
  "results": [
    {
      "command": "cargo build --jobs 8 --release --example breakout",
      "mean": 131.58575770288002,
      "stddev": 0.08369661980111368,
      "median": 131.57786189598002,
      "user": 1000.1918966999999,
      "system": 24.71126648,
      "min": 131.48946661398,
      "max": 131.76195129598003,
      "times": [
        131.56855809398002,
        131.76195129598003,
        131.58716569798003,
        131.67789455298,
        131.54275183698002,
        131.49478114098002,
        131.61525424398002,
        131.58822305698,
        131.53153049498002,
        131.48946661398
      ],
      "exit_codes": [
        0,
        0,
        0,
        0,
        0,
        0,
        0,
        0,
        0,
        0
      ]
    }
  ]
}
