{
  "results": [
    {
      "command": "cargo build --jobs 16 --release --example breakout",
      "mean": 91.13285066378,
      "stddev": 0.5395082955909354,
      "median": 91.19562503428,
      "user": 1251.52791424,
      "system": 30.680893919999995,
      "min": 89.89539344178,
      "max": 91.81508709078,
      "times": [
        91.20817772078,
        91.59077078678,
        91.24466043577999,
        91.18307234778,
        91.02161589578,
        90.76914032378,
        90.99065408878,
        89.89539344178,
        91.81508709078,
        91.60993450578
      ],
      "exit_codes": [
        0,
        0,
        0,
        0,
        0,
        0,
        0,
        0,
        0,
        0
      ]
    }
  ]
}
