{
  "results": [
    {
      "command": "cargo build --jobs 16 --release --example breakout",
      "mean": 76.05941120152002,
      "stddev": 0.21004834613643,
      "median": 75.97305313232,
      "user": 1145.8243793200002,
      "system": 29.628495739999998,
      "min": 75.83684137282,
      "max": 76.43132229482,
      "times": [
        76.43132229482,
        76.41687990182001,
        75.92670224882,
        75.93558757982001,
        76.05405025082001,
        75.83684137282,
        75.93555104982,
        76.14193663482,
        76.01051868482,
        75.90472199682
      ],
      "exit_codes": [
        0,
        0,
        0,
        0,
        0,
        0,
        0,
        0,
        0,
        0
      ]
    }
  ]
}
