{
  "results": [
    {
      "command": "cargo build --jobs 8 --release --example breakout",
      "mean": 134.0676384597,
      "stddev": 0.16912204253935328,
      "median": 134.0233658129,
      "user": 1027.35826108,
      "system": 25.13490042,
      "min": 133.8654813489,
      "max": 134.3443942909,
      "times": [
        134.1029391149,
        134.33441755790003,
        133.8654813489,
        134.3443942909,
        133.91500480590003,
        134.0129319899,
        134.0337996359,
        133.9631077889,
        133.9323609099,
        134.17194715390002
      ],
      "exit_codes": [
        0,
        0,
        0,
        0,
        0,
        0,
        0,
        0,
        0,
        0
      ]
    }
  ]
}
