{
  "results": [
    {
      "command": "cargo build --jobs 8 --release --example breakout",
      "mean": 131.75730265802,
      "stddev": 0.1243862075466221,
      "median": 131.74984056362,
      "user": 1001.5356801999999,
      "system": 24.721853,
      "min": 131.55971076312,
      "max": 131.93291071412,
      "times": [
        131.65797449312,
        131.92224049512,
        131.87815538712,
        131.55971076312,
        131.93291071412,
        131.62869465812,
        131.72666484511998,
        131.74801411112,
        131.76699409712,
        131.75166701612
      ],
      "exit_codes": [
        0,
        0,
        0,
        0,
        0,
        0,
        0,
        0,
        0,
        0
      ]
    }
  ]
}
