{
  "results": [
    {
      "command": "cargo build --jobs 16 --release --example breakout",
      "mean": 91.39422360092,
      "stddev": 0.42194719242500583,
      "median": 91.46376536032,
      "user": 1251.90087112,
      "system": 30.75458808,
      "min": 90.62543107632,
      "max": 91.97090872932,
      "times": [
        91.35456591932,
        91.88690088232,
        91.66424428032,
        91.09250631832,
        91.60090387832,
        91.57296480132,
        90.62543107632,
        91.97090872932,
        91.14583116632,
        91.02797895732
      ],
      "exit_codes": [
        0,
        0,
        0,
        0,
        0,
        0,
        0,
        0,
        0,
        0
      ]
    }
  ]
}
