{
  "results": [
    {
      "command": "cargo build --jobs 8 --release --example breakout",
      "mean": 117.13322809116,
      "stddev": 0.4913174651371284,
      "median": 116.98285312176,
      "user": 900.5806842200002,
      "system": 24.157652679999995,
      "min": 116.82751677026,
      "max": 118.48840829126,
      "times": [
        116.89611124126,
        117.01306852326,
        116.95263772026,
        116.88381997926,
        117.02643156426,
        118.48840829126,
        116.90748075126,
        117.09016955826,
        116.82751677026,
        117.24663651226
      ],
      "exit_codes": [
        0,
        0,
        0,
        0,
        0,
        0,
        0,
        0,
        0,
        0
      ]
    }
  ]
}
