{
  "results": [
    {
      "command": "cargo build --jobs 8 --release --example breakout",
      "mean": 116.91467254585999,
      "stddev": 0.14425863667692354,
      "median": 116.91639356316,
      "user": 900.3934704400001,
      "system": 23.660668519999998,
      "min": 116.72684994766,
      "max": 117.14180215066,
      "times": [
        116.89282747566,
        116.88913013765999,
        116.72684994766,
        116.95459652065999,
        116.93995965066,
        117.14180215066,
        117.01333781966,
        116.73175150365999,
        116.76467475765999,
        117.09179549465999
      ],
      "exit_codes": [
        0,
        0,
        0,
        0,
        0,
        0,
        0,
        0,
        0,
        0
      ]
    }
  ]
}
