{
  "results": [
    {
      "command": "cargo build --jobs 16 --release --example breakout",
      "mean": 77.43758147388,
      "stddev": 0.25874517701725674,
      "median": 77.33750804238,
      "user": 1150.41045046,
      "system": 29.81225366,
      "min": 77.21871012838,
      "max": 77.94587655737999,
      "times": [
        77.89754759137999,
        77.33352667738,
        77.32133808738,
        77.34148940738,
        77.36043865138,
        77.35970249438,
        77.28312289937999,
        77.21871012838,
        77.94587655737999,
        77.31406224438
      ],
      "exit_codes": [
        0,
        0,
        0,
        0,
        0,
        0,
        0,
        0,
        0,
        0
      ]
    }
  ]
}
