{
  "results": [
    {
      "command": "cargo build --jobs 16 --release --example breakout",
      "mean": 75.57052772436,
      "stddev": 0.3524611046149188,
      "median": 75.47381486226,
      "user": 1137.44142598,
      "system": 30.56423676,
      "min": 75.05187614126,
      "max": 76.33704164626,
      "times": [
        75.41184129626001,
        76.33704164626,
        75.48331366226,
        75.76095454426,
        75.35173361726,
        75.54068050326,
        75.05187614126,
        75.89591803426,
        75.46431606226,
        75.40760173626
      ],
      "exit_codes": [
        0,
        0,
        0,
        0,
        0,
        0,
        0,
        0,
        0,
        0
      ]
    }
  ]
}
