{
  "results": [
    {
      "command": "cargo build --jobs 8 --release --example breakout",
      "mean": 117.07888859234,
      "stddev": 0.19285055458706976,
      "median": 117.11484385444001,
      "user": 901.88774302,
      "system": 24.799535560000002,
      "min": 116.77622677194,
      "max": 117.43183325494,
      "times": [
        116.77622677194,
        117.07978925294,
        116.96496567994001,
        117.14206457694,
        116.80678768694,
        117.43183325494,
        117.22813726494,
        117.12939372594,
        117.12281473294,
        117.10687297594001
      ],
      "exit_codes": [
        0,
        0,
        0,
        0,
        0,
        0,
        0,
        0,
        0,
        0
      ]
    }
  ]
}
