{
  "results": [
    {
      "command": "cargo build --jobs 16 --release --example breakout",
      "mean": 74.78645051103999,
      "stddev": 0.3388939666902246,
      "median": 74.82758359734,
      "user": 1131.7651212199999,
      "system": 29.413830540000003,
      "min": 74.28170458583999,
      "max": 75.24849291183999,
      "times": [
        74.28170458583999,
        74.79838569083999,
        75.24849291183999,
        74.57324427284,
        75.12727860883999,
        75.06108140383999,
        75.00547277684,
        74.62475449284,
        74.28730886283999,
        74.85678150384
      ],
      "exit_codes": [
        0,
        0,
        0,
        0,
        0,
        0,
        0,
        0,
        0,
        0
      ]
    }
  ]
}
