{
  "results": [
    {
      "command": "cargo build --jobs 8 --release --example breakout",
      "mean": 116.54356165060001,
      "stddev": 0.15607709040235263,
      "median": 116.610000442,
      "user": 897.15035022,
      "system": 23.841354340000002,
      "min": 116.34492677349999,
      "max": 116.7404443905,
      "times": [
        116.34492677349999,
        116.6520739275,
        116.6140764605,
        116.6091601535,
        116.7259989905,
        116.36370729949999,
        116.7404443905,
        116.6108407305,
        116.3658364425,
        116.4085513375
      ],
      "exit_codes": [
        0,
        0,
        0,
        0,
        0,
        0,
        0,
        0,
        0,
        0
      ]
    }
  ]
}
