{
  "results": [
    {
      "command": "cargo build --jobs 16 --release --example breakout",
      "mean": 79.02894976818001,
      "stddev": 0.6728513050173779,
      "median": 79.21569135308,
      "user": 1156.11930214,
      "system": 30.23340276,
      "min": 78.22515688008001,
      "max": 79.90441621608001,
      "times": [
        78.29841248508001,
        79.66219476308001,
        79.90441621608001,
        79.12558955008001,
        79.79369255608,
        78.22515688008001,
        79.30579315608,
        79.31324563308,
        78.32574704008,
        78.33524940208001
      ],
      "exit_codes": [
        0,
        0,
        0,
        0,
        0,
        0,
        0,
        0,
        0,
        0
      ]
    }
  ]
}
