{
  "results": [
    {
      "command": "cargo build --jobs 16 --release --example breakout",
      "mean": 71.40664313426001,
      "stddev": 0.7573710991496392,
      "median": 71.28618061865998,
      "user": 1010.55659148,
      "system": 27.446557639999998,
      "min": 70.56235230716,
      "max": 73.11699864316,
      "times": [
        71.32102621915999,
        70.66206865916,
        71.92155441016,
        71.71924335716,
        70.71248678315999,
        73.11699864316,
        71.61614475216,
        71.18322119316,
        70.56235230716,
        71.25133501815999
      ],
      "exit_codes": [
        0,
        0,
        0,
        0,
        0,
        0,
        0,
        0,
        0,
        0
      ]
    }
  ]
}
