{
  "results": [
    {
      "command": "cargo build --jobs 16 --release --example breakout",
      "mean": 76.32096601314001,
      "stddev": 0.37293484170033436,
      "median": 76.25295831164,
      "user": 1147.2156586399997,
      "system": 29.343876479999995,
      "min": 75.86743775564,
      "max": 77.14592223264,
      "times": [
        76.20654418264,
        76.01195602364,
        75.86743775564,
        76.50737439064,
        76.29937244064,
        77.14592223264,
        76.18985577964,
        76.42367083863999,
        76.58729906364,
        75.97022742364
      ],
      "exit_codes": [
        0,
        0,
        0,
        0,
        0,
        0,
        0,
        0,
        0,
        0
      ]
    }
  ]
}
