{
  "results": [
    {
      "command": "cargo build --jobs 8 --release --example breakout",
      "mean": 118.05606028254002,
      "stddev": 0.30511034654025054,
      "median": 118.15731411854,
      "user": 907.07658412,
      "system": 23.79193158,
      "min": 117.55524382054,
      "max": 118.43553240254,
      "times": [
        117.83414174654,
        118.18210150554,
        118.31158486454,
        118.23192959954,
        117.82815839854,
        118.13252673154,
        118.43553240254,
        117.55524382054,
        117.69159782354,
        118.35778593254
      ],
      "exit_codes": [
        0,
        0,
        0,
        0,
        0,
        0,
        0,
        0,
        0,
        0
      ]
    }
  ]
}
