{
  "results": [
    {
      "command": "cargo build --jobs 8 --release --example breakout",
      "mean": 119.94310000042,
      "stddev": 0.3418106651944144,
      "median": 119.91262636012,
      "user": 907.9091754000001,
      "system": 24.7124032,
      "min": 119.33259069112,
      "max": 120.70697987012,
      "times": [
        119.90162461012,
        119.99933615112,
        119.85294842112,
        119.96269384612,
        119.92362811012,
        119.74172080812,
        120.13387310212,
        119.33259069112,
        120.70697987012,
        119.87560439412
      ],
      "exit_codes": [
        0,
        0,
        0,
        0,
        0,
        0,
        0,
        0,
        0,
        0
      ]
    }
  ]
}
