{
  "results": [
    {
      "command": "cargo build --jobs 8 --release --example breakout",
      "mean": 120.65244154356,
      "stddev": 0.06813682105196955,
      "median": 120.63776932876002,
      "user": 909.2744412400001,
      "system": 24.226729979999998,
      "min": 120.54861502126,
      "max": 120.79197378826001,
      "times": [
        120.54861502126,
        120.71729192726,
        120.59746885426,
        120.68507950426,
        120.79197378826001,
        120.63553771326,
        120.67079628626,
        120.62892974226,
        120.64000094426001,
        120.60872165426001
      ],
      "exit_codes": [
        0,
        0,
        0,
        0,
        0,
        0,
        0,
        0,
        0,
        0
      ]
    }
  ]
}
