{
  "results": [
    {
      "command": "cargo build --jobs 16 --release --example breakout",
      "mean": 70.95854106431999,
      "stddev": 0.7260428950468256,
      "median": 70.80550890512,
      "user": 1004.02142802,
      "system": 27.57271578,
      "min": 69.50126021212,
      "max": 72.10392281812,
      "times": [
        70.76057543512,
        69.50126021212,
        70.83092631012,
        70.78009150012,
        71.35945830412,
        71.03110931912,
        72.10392281812,
        70.72822115512,
        71.89233322312,
        70.59751236612
      ],
      "exit_codes": [
        0,
        0,
        0,
        0,
        0,
        0,
        0,
        0,
        0,
        0
      ]
    }
  ]
}
