{
  "results": [
    {
      "command": "cargo build --jobs 8 --release --example breakout",
      "mean": 131.68961581262,
      "stddev": 0.07766023660884679,
      "median": 131.69222915172,
      "user": 1000.7956296599999,
      "system": 24.58417388,
      "min": 131.55801375122,
      "max": 131.80832742121999,
      "times": [
        131.55801375122,
        131.69360912922,
        131.72278710722,
        131.71388457321999,
        131.68417541922,
        131.67692384522,
        131.80832742121999,
        131.57262484922,
        131.77496285622,
        131.69084917422
      ],
      "exit_codes": [
        0,
        0,
        0,
        0,
        0,
        0,
        0,
        0,
        0,
        0
      ]
    }
  ]
}
