{
  "results": [
    {
      "command": "cargo build --jobs 16 --release --example breakout",
      "mean": 74.6809907398,
      "stddev": 0.2563514876582747,
      "median": 74.6999305507,
      "user": 1132.3762763,
      "system": 29.285321500000002,
      "min": 74.2571834037,
      "max": 74.9701283157,
      "times": [
        74.9701283157,
        74.6756963357,
        74.65524518769999,
        74.27147994469999,
        74.9528111307,
        74.7241647657,
        74.88541330669999,
        74.8516259817,
        74.56615902569999,
        74.2571834037
      ],
      "exit_codes": [
        0,
        0,
        0,
        0,
        0,
        0,
        0,
        0,
        0,
        0
      ]
    }
  ]
}
