{
  "results": [
    {
      "command": "cargo build --jobs 16 --release --example breakout",
      "mean": 72.77388080166,
      "stddev": 0.4371588483014644,
      "median": 72.84613185236,
      "user": 1035.18699882,
      "system": 27.653775299999996,
      "min": 72.15470584036,
      "max": 73.35161779536,
      "times": [
        72.15470584036,
        72.42709126936,
        72.87606060136,
        72.33851536536,
        73.25025139536,
        73.07128063736,
        73.15134531936,
        72.30173668936,
        72.81620310336,
        73.35161779536
      ],
      "exit_codes": [
        0,
        0,
        0,
        0,
        0,
        0,
        0,
        0,
        0,
        0
      ]
    }
  ]
}
