{
  "results": [
    {
      "command": "cargo build --jobs 8 --release --example breakout",
      "mean": 109.92290854526,
      "stddev": 0.14769478286529292,
      "median": 109.91446782695999,
      "user": 826.7580445,
      "system": 22.172422740000002,
      "min": 109.75202651596,
      "max": 110.26390896996,
      "times": [
        109.97127633896,
        109.75202651596,
        110.26390896996,
        109.92024462396,
        109.90291337296,
        109.90869102996,
        109.98877146196,
        109.80782026295999,
        109.75292031296,
        109.96051256295999
      ],
      "exit_codes": [
        0,
        0,
        0,
        0,
        0,
        0,
        0,
        0,
        0,
        0
      ]
    }
  ]
}
