{
  "results": [
    {
      "command": "cargo build --jobs 16 --release --example breakout",
      "mean": 90.45328093948,
      "stddev": 1.271704532020487,
      "median": 90.19552149897999,
      "user": 1277.90160608,
      "system": 30.584242359999998,
      "min": 88.73536514397999,
      "max": 92.85219314097999,
      "times": [
        91.14365953798,
        89.43408592098,
        89.59475842798,
        89.64505565798,
        92.10371688997999,
        90.03072746998,
        88.73536514397999,
        90.63293167698,
        92.85219314097999,
        90.36031552797999
      ],
      "exit_codes": [
        0,
        0,
        0,
        0,
        0,
        0,
        0,
        0,
        0,
        0
      ]
    }
  ]
}
