{
  "results": [
    {
      "command": "cargo build --jobs 8 --release --example breakout",
      "mean": 132.92489191090002,
      "stddev": 0.1783108635946538,
      "median": 132.98844965630002,
      "user": 1022.30849436,
      "system": 24.61820482,
      "min": 132.6928910423,
      "max": 133.1738340823,
      "times": [
        133.1738340823,
        132.6928910423,
        133.04504622130003,
        133.06235594830002,
        132.73976206830002,
        133.0350427463,
        132.7758479123,
        132.9418565663,
        132.7097074463,
        133.07257507530002
      ],
      "exit_codes": [
        0,
        0,
        0,
        0,
        0,
        0,
        0,
        0,
        0,
        0
      ]
    }
  ]
}
