{
  "results": [
    {
      "command": "cargo build --jobs 8 --release --example breakout",
      "mean": 117.21079186756,
      "stddev": 0.15027979325039145,
      "median": 117.17698805786,
      "user": 903.6971044600001,
      "system": 24.85970004,
      "min": 117.04532173986,
      "max": 117.47425097186,
      "times": [
        117.04619355386,
        117.20974267086,
        117.04532173986,
        117.14423344485999,
        117.28278548786,
        117.36836179085999,
        117.47425097186,
        117.34605053886,
        117.10026895386,
        117.09070952286
      ],
      "exit_codes": [
        0,
        0,
        0,
        0,
        0,
        0,
        0,
        0,
        0,
        0
      ]
    }
  ]
}
