{
  "results": [
    {
      "command": "cargo build --jobs 16 --release --example breakout",
      "mean": 75.87627424332,
      "stddev": 0.8966621193916523,
      "median": 75.62917386352,
      "user": 1138.5711152,
      "system": 30.607534580000003,
      "min": 75.27009893852,
      "max": 78.38222581251999,
      "times": [
        75.40834507352,
        75.64271448752,
        75.71848418552,
        75.83983143352,
        75.27009893852,
        75.61563323952,
        78.38222581251999,
        75.56417023352,
        75.53673525052,
        75.78450377851999
      ],
      "exit_codes": [
        0,
        0,
        0,
        0,
        0,
        0,
        0,
        0,
        0,
        0
      ]
    }
  ]
}
