{
  "results": [
    {
      "command": "cargo build --jobs 8 --release --example breakout",
      "mean": 118.42596593265998,
      "stddev": 4.877701229376486,
      "median": 116.97049679146001,
      "user": 899.1432075199998,
      "system": 24.060502879999998,
      "min": 116.45472775746,
      "max": 132.29254162345998,
      "times": [
        116.45472775746,
        116.59435916846,
        117.00560626746001,
        116.78004411546,
        116.93538731546,
        117.13252030046,
        116.81305082446,
        132.29254162345998,
        117.14928433646,
        117.10213761746
      ],
      "exit_codes": [
        0,
        0,
        0,
        0,
        0,
        0,
        0,
        0,
        0,
        0
      ]
    }
  ]
}
