{
  "results": [
    {
      "command": "cargo build --jobs 8 --release --example breakout",
      "mean": 120.99439466209999,
      "stddev": 0.1887249885117624,
      "median": 120.93529450829999,
      "user": 911.6115719,
      "system": 24.15686772,
      "min": 120.82415677979999,
      "max": 121.46459785879999,
      "times": [
        120.9430325108,
        121.46459785879999,
        120.82415677979999,
        120.9825151038,
        120.8730326278,
        121.0655781608,
        120.88963220779999,
        120.9275565058,
        120.85973575679999,
        121.1141091088
      ],
      "exit_codes": [
        0,
        0,
        0,
        0,
        0,
        0,
        0,
        0,
        0,
        0
      ]
    }
  ]
}
