{
  "results": [
    {
      "command": "cargo build --jobs 16 --release --example breakout",
      "mean": 77.84005369344,
      "stddev": 0.3950945291033416,
      "median": 77.72799612754,
      "user": 1153.2859736399998,
      "system": 29.75722222,
      "min": 77.46627263104,
      "max": 78.80702217903999,
      "times": [
        77.98580708504,
        77.58780930804,
        77.72242637404,
        78.80702217903999,
        78.09679466703999,
        77.55438614703999,
        77.73356588104,
        77.46627263104,
        77.87370986203999,
        77.57274280003999
      ],
      "exit_codes": [
        0,
        0,
        0,
        0,
        0,
        0,
        0,
        0,
        0,
        0
      ]
    }
  ]
}
