{
  "results": [
    {
      "command": "cargo build --jobs 16 --release --example breakout",
      "mean": 75.38810067653999,
      "stddev": 0.33423557281905836,
      "median": 75.44059354204,
      "user": 1139.76450454,
      "system": 29.456073160000006,
      "min": 74.71734223954,
      "max": 75.88523576554,
      "times": [
        75.88523576554,
        75.38182722554,
        75.58825874454,
        75.49212002654,
        75.20484508654,
        75.63958034354,
        74.71734223954,
        75.02500367754,
        75.38906705754,
        75.55772659854
      ],
      "exit_codes": [
        0,
        0,
        0,
        0,
        0,
        0,
        0,
        0,
        0,
        0
      ]
    }
  ]
}
