{
  "results": [
    {
      "command": "cargo build --jobs 8 --release --example breakout",
      "mean": 117.16262327807999,
      "stddev": 0.11645949384882942,
      "median": 117.13863282008,
      "user": 903.4082708399999,
      "system": 24.02259348,
      "min": 117.00116697557999,
      "max": 117.31507930458,
      "times": [
        117.08737037358,
        117.00116697557999,
        117.31014490657999,
        117.27970282458,
        117.12430307558,
        117.00490847457999,
        117.31507930458,
        117.13254969958,
        117.22629120558,
        117.14471594058
      ],
      "exit_codes": [
        0,
        0,
        0,
        0,
        0,
        0,
        0,
        0,
        0,
        0
      ]
    }
  ]
}
