{
  "results": [
    {
      "command": "cargo build --jobs 8 --release --example breakout",
      "mean": 139.20689124057998,
      "stddev": 0.26500939431731674,
      "median": 139.05921275737998,
      "user": 1069.292957,
      "system": 26.68707706,
      "min": 138.98208712887998,
      "max": 139.77244876988,
      "times": [
        139.44070615788,
        139.13571462387998,
        139.77244876988,
        139.05078472088,
        138.98208712887998,
        139.04552979087998,
        139.03591416188,
        139.48730153687998,
        139.05399977687998,
        139.06442573788
      ],
      "exit_codes": [
        0,
        0,
        0,
        0,
        0,
        0,
        0,
        0,
        0,
        0
      ]
    }
  ]
}
