{
  "results": [
    {
      "command": "cargo build --jobs 16 --release --example breakout",
      "mean": 95.71270774086001,
      "stddev": 0.7727822287522482,
      "median": 95.53847951396,
      "user": 1338.3161153799997,
      "system": 33.33225034,
      "min": 94.86518831046001,
      "max": 97.23368717546,
      "times": [
        95.18249292046,
        96.76451010346001,
        97.23368717546,
        94.98141929046001,
        95.22062770746001,
        94.86518831046001,
        95.76982958346001,
        96.03236328946001,
        95.45920566946,
        95.61775335846
      ],
      "exit_codes": [
        0,
        0,
        0,
        0,
        0,
        0,
        0,
        0,
        0,
        0
      ]
    }
  ]
}
