{
  "results": [
    {
      "command": "cargo build --jobs 16 --release --example breakout",
      "mean": 76.87580996908,
      "stddev": 3.4461095093532257,
      "median": 75.80582992958,
      "user": 1144.7668832199997,
      "system": 29.65238942,
      "min": 75.32803444058001,
      "max": 86.66148319958,
      "times": [
        75.60369853958001,
        75.78867299758001,
        75.80526267358,
        75.32803444058001,
        86.66148319958,
        76.04845716058,
        75.66562658058001,
        75.88352903658,
        75.80639718558001,
        76.16693787658001
      ],
      "exit_codes": [
        0,
        0,
        0,
        0,
        0,
        0,
        0,
        0,
        0,
        0
      ]
    }
  ]
}
