{
  "results": [
    {
      "command": "cargo build --jobs 16 --release --example breakout",
      "mean": 95.2444418566,
      "stddev": 6.336904298891708,
      "median": 93.36873621870001,
      "user": 1280.11125838,
      "system": 31.380127439999995,
      "min": 92.3148657977,
      "max": 113.15727473269999,
      "times": [
        113.15727473269999,
        93.0728801617,
        92.3148657977,
        94.0722735517,
        92.60521735569999,
        94.12621359869999,
        92.7627239217,
        92.41314991969999,
        93.6645922757,
        94.2552272507
      ],
      "exit_codes": [
        0,
        0,
        0,
        0,
        0,
        0,
        0,
        0,
        0,
        0
      ]
    }
  ]
}
