{
  "results": [
    {
      "command": "cargo build --jobs 8 --release --example breakout",
      "mean": 127.46206321740001,
      "stddev": 1.3149607089081696,
      "median": 127.07892699890002,
      "user": 971.7049572999998,
      "system": 25.638329219999996,
      "min": 126.71604591740001,
      "max": 131.17878576639998,
      "times": [
        127.13391450040001,
        131.17878576639998,
        126.95978932640001,
        126.71604591740001,
        127.24322525240001,
        126.96034410040001,
        127.02393949740001,
        127.0228531604,
        127.1917660704,
        127.18996858240001
      ],
      "exit_codes": [
        0,
        0,
        0,
        0,
        0,
        0,
        0,
        0,
        0,
        0
      ]
    }
  ]
}
