{
  "results": [
    {
      "command": "cargo build --jobs 8 --release --example breakout",
      "mean": 125.27077445777999,
      "stddev": 0.2544724382409196,
      "median": 125.37825610208,
      "user": 961.5945505399999,
      "system": 25.227251260000003,
      "min": 124.82403328808,
      "max": 125.61280484208001,
      "times": [
        124.82403328808,
        125.61280484208001,
        125.43432495208,
        125.32535969108001,
        124.95696592008001,
        125.43115251308001,
        125.44361821008,
        125.15789049508001,
        125.07438184108,
        125.44721282508
      ],
      "exit_codes": [
        0,
        0,
        0,
        0,
        0,
        0,
        0,
        0,
        0,
        0
      ]
    }
  ]
}
