{
  "results": [
    {
      "command": "cargo build --jobs 16 --release --example breakout",
      "mean": 80.60453973284,
      "stddev": 0.322853099973704,
      "median": 80.65723695464,
      "user": 1215.2252341600001,
      "system": 31.010775719999998,
      "min": 80.19881444314,
      "max": 81.20936338514,
      "times": [
        80.28121773914,
        80.41430364813999,
        80.70765977614,
        80.64192737714,
        80.91628011914,
        80.67254653214,
        80.24479474714,
        81.20936338514,
        80.75848956114,
        80.19881444314
      ],
      "exit_codes": [
        0,
        0,
        0,
        0,
        0,
        0,
        0,
        0,
        0,
        0
      ]
    }
  ]
}
