{
  "results": [
    {
      "command": "cargo build --jobs 16 --release --example breakout",
      "mean": 96.1109180758,
      "stddev": 0.7387634939985998,
      "median": 95.7810240064,
      "user": 1335.72578648,
      "system": 32.75272656,
      "min": 95.3958735134,
      "max": 97.5162835304,
      "times": [
        95.9211215564,
        95.7826829334,
        95.5744184614,
        95.77936507940001,
        95.61573857740001,
        97.1025628834,
        95.6468027814,
        95.3958735134,
        96.77433144140001,
        97.5162835304
      ],
      "exit_codes": [
        0,
        0,
        0,
        0,
        0,
        0,
        0,
        0,
        0,
        0
      ]
    }
  ]
}
