{
  "results": [
    {
      "command": "cargo build --jobs 8 --release --example breakout",
      "mean": 139.5734658197,
      "stddev": 0.1982222932968759,
      "median": 139.62913136999998,
      "user": 1066.7022049799998,
      "system": 26.363824299999997,
      "min": 139.120974706,
      "max": 139.799657262,
      "times": [
        139.660758398,
        139.380708373,
        139.633371372,
        139.680275335,
        139.120974706,
        139.605661253,
        139.624891368,
        139.489783293,
        139.738576837,
        139.799657262
      ],
      "exit_codes": [
        0,
        0,
        0,
        0,
        0,
        0,
        0,
        0,
        0,
        0
      ]
    }
  ]
}
