{
  "results": [
    {
      "command": "cargo build --jobs 8 --release --example breakout",
      "mean": 107.095305535,
      "stddev": 0.22027528380183922,
      "median": 107.1071384413,
      "user": 807.3828128600001,
      "system": 21.674113239999993,
      "min": 106.63542734379999,
      "max": 107.3316182868,
      "times": [
        106.95007899779999,
        107.3316182868,
        106.9866002048,
        107.25446373679999,
        107.3119440448,
        107.0392126038,
        106.63542734379999,
        106.9736440888,
        107.1750642788,
        107.2950017638
      ],
      "exit_codes": [
        0,
        0,
        0,
        0,
        0,
        0,
        0,
        0,
        0,
        0
      ]
    }
  ]
}
