{
  "results": [
    {
      "command": "cargo build --jobs 8 --release --example breakout",
      "mean": 113.45355041972,
      "stddev": 0.3823156647233764,
      "median": 113.35766121162,
      "user": 854.2880866200001,
      "system": 22.756177340000004,
      "min": 113.03656218062,
      "max": 114.17637537361999,
      "times": [
        113.22254638062,
        113.49277604262,
        113.95678700462,
        114.17637537361999,
        113.21116829162,
        113.54947552061999,
        113.62048730261999,
        113.03656218062,
        113.05789465462,
        113.21143144562
      ],
      "exit_codes": [
        0,
        0,
        0,
        0,
        0,
        0,
        0,
        0,
        0,
        0
      ]
    }
  ]
}
