{
  "results": [
    {
      "command": "cargo build --jobs 16 --release --example breakout",
      "mean": 73.51432932163999,
      "stddev": 0.36157148802281713,
      "median": 73.39878965814,
      "user": 1073.0192923399998,
      "system": 28.436312880000003,
      "min": 73.12682674814,
      "max": 74.11420024714,
      "times": [
        73.24200010714,
        73.12682674814,
        73.28589054913999,
        73.75868159014,
        73.50417042014,
        74.11420024714,
        73.29340889614,
        73.54523278814,
        73.18874682214,
        74.08413504814
      ],
      "exit_codes": [
        0,
        0,
        0,
        0,
        0,
        0,
        0,
        0,
        0,
        0
      ]
    }
  ]
}
