{
  "results": [
    {
      "command": "cargo build --jobs 16 --release --example breakout",
      "mean": 87.78856751956,
      "stddev": 0.8515647205310944,
      "median": 87.98501817446,
      "user": 1221.7876385599998,
      "system": 32.03563604,
      "min": 85.50272637996,
      "max": 88.61625908196,
      "times": [
        88.61625908196,
        87.89209052096,
        87.79195793996,
        88.07794582796,
        87.59156896496,
        85.50272637996,
        87.88848322196,
        88.11748459696,
        88.30458250096,
        88.10257615996
      ],
      "exit_codes": [
        0,
        0,
        0,
        0,
        0,
        0,
        0,
        0,
        0,
        0
      ]
    }
  ]
}
