{
  "results": [
    {
      "command": "cargo build --jobs 8 --release --example breakout",
      "mean": 134.52643492524,
      "stddev": 0.5639051663323824,
      "median": 134.33441332554,
      "user": 1028.38056698,
      "system": 24.971259260000004,
      "min": 134.00012412754,
      "max": 136.02529868554,
      "times": [
        134.26169372254,
        134.39913129554,
        134.33259306554,
        134.23516431654,
        134.32246786954,
        136.02529868554,
        134.73576571054,
        134.00012412754,
        134.61587687354,
        134.33623358554
      ],
      "exit_codes": [
        0,
        0,
        0,
        0,
        0,
        0,
        0,
        0,
        0,
        0
      ]
    }
  ]
}
