{
  "results": [
    {
      "command": "cargo build --jobs 16 --release --example breakout",
      "mean": 75.2710131424,
      "stddev": 0.3783871014744834,
      "median": 75.2749527447,
      "user": 1137.6828870999998,
      "system": 30.51715764,
      "min": 74.6989403462,
      "max": 75.8640429762,
      "times": [
        75.2493575222,
        75.6349610272,
        75.8640429762,
        75.3005479672,
        75.5402947522,
        75.2279115772,
        75.4598377222,
        74.6989403462,
        75.0077491312,
        74.7264884022
      ],
      "exit_codes": [
        0,
        0,
        0,
        0,
        0,
        0,
        0,
        0,
        0,
        0
      ]
    }
  ]
}
