{
  "results": [
    {
      "command": "cargo build --jobs 8 --release --example breakout",
      "mean": 117.266664788,
      "stddev": 1.247471270414789,
      "median": 116.83021709100001,
      "user": 900.9382345,
      "system": 24.67236646,
      "min": 116.722234539,
      "max": 120.79624274700001,
      "times": [
        116.844604359,
        116.79604020400001,
        116.86565803900001,
        116.783294184,
        116.722234539,
        117.08795584800001,
        117.142796702,
        116.81199143500001,
        116.815829823,
        120.79624274700001
      ],
      "exit_codes": [
        0,
        0,
        0,
        0,
        0,
        0,
        0,
        0,
        0,
        0
      ]
    }
  ]
}
