{
  "results": [
    {
      "command": "cargo build --jobs 16 --release --example breakout",
      "mean": 89.5839893027,
      "stddev": 1.092521346006672,
      "median": 89.32243524859999,
      "user": 1269.1433454,
      "system": 30.909282379999997,
      "min": 88.0562591381,
      "max": 91.1497998391,
      "times": [
        89.6057975631,
        89.03907293409999,
        88.6139760911,
        91.1497998391,
        88.0562591381,
        88.7435320891,
        91.1309231671,
        90.7042265931,
        89.7822062851,
        89.0140993271
      ],
      "exit_codes": [
        0,
        0,
        0,
        0,
        0,
        0,
        0,
        0,
        0,
        0
      ]
    }
  ]
}
