{
  "results": [
    {
      "command": "cargo build --jobs 8 --release --example breakout",
      "mean": 124.62279799722,
      "stddev": 0.25111236315894236,
      "median": 124.63973194482,
      "user": 957.50312782,
      "system": 25.4451338,
      "min": 124.22904970932,
      "max": 125.15117857532,
      "times": [
        124.66107289432,
        125.15117857532,
        124.56632479732,
        124.61839099532,
        124.67707627832,
        124.22904970932,
        124.67384786932,
        124.75321754432,
        124.59988136932,
        124.29793993932
      ],
      "exit_codes": [
        0,
        0,
        0,
        0,
        0,
        0,
        0,
        0,
        0,
        0
      ]
    }
  ]
}
