{
  "results": [
    {
      "command": "cargo build --jobs 8 --release --example breakout",
      "mean": 123.81961705577999,
      "stddev": 0.31474562933559036,
      "median": 123.94354713767999,
      "user": 950.52363516,
      "system": 25.03222768,
      "min": 123.26502720968,
      "max": 124.18133636367999,
      "times": [
        123.26502720968,
        124.18133636367999,
        123.58568282668,
        123.43308464168,
        123.64634173767999,
        123.99771647067999,
        124.07668939768,
        124.04750100867999,
        123.88937780468,
        124.07341309668
      ],
      "exit_codes": [
        0,
        0,
        0,
        0,
        0,
        0,
        0,
        0,
        0,
        0
      ]
    }
  ]
}
