{
  "results": [
    {
      "command": "cargo build --jobs 8 --release --example breakout",
      "mean": 120.24291160601999,
      "stddev": 0.38399035861841163,
      "median": 120.16200554651999,
      "user": 904.6075444,
      "system": 23.723586719999997,
      "min": 119.77042979652,
      "max": 120.91619827652,
      "times": [
        120.63980250852,
        120.26019887752,
        120.91619827652,
        120.60988620452001,
        120.06381221552,
        119.92771162452,
        120.01044541452,
        120.37985490452,
        119.85077623752001,
        119.77042979652
      ],
      "exit_codes": [
        0,
        0,
        0,
        0,
        0,
        0,
        0,
        0,
        0,
        0
      ]
    }
  ]
}
