{
  "results": [
    {
      "command": "cargo build --jobs 16 --release --example breakout",
      "mean": 77.26609758258,
      "stddev": 0.17057555199803429,
      "median": 77.26778784248,
      "user": 1143.7076343800002,
      "system": 29.36341056,
      "min": 76.95413923648,
      "max": 77.50958593148,
      "times": [
        77.14251449848,
        77.17520098348,
        77.41249423048,
        77.45124163848,
        77.20659606548,
        77.32897961948,
        77.14745866048,
        76.95413923648,
        77.50958593148,
        77.33276496148
      ],
      "exit_codes": [
        0,
        0,
        0,
        0,
        0,
        0,
        0,
        0,
        0,
        0
      ]
    }
  ]
}
