{
  "results": [
    {
      "command": "cargo build --jobs 8 --release --example breakout",
      "mean": 120.07031490995999,
      "stddev": 0.3140286934300993,
      "median": 120.03367715825999,
      "user": 904.3368445600001,
      "system": 23.85120808,
      "min": 119.61001208975999,
      "max": 120.58897514975999,
      "times": [
        119.61001208975999,
        120.41948579176,
        119.71403683675999,
        120.58897514975999,
        119.93284858876,
        119.86885077775999,
        119.92607995275999,
        120.30786651276,
        120.13450572776,
        120.20048767175999
      ],
      "exit_codes": [
        0,
        0,
        0,
        0,
        0,
        0,
        0,
        0,
        0,
        0
      ]
    }
  ]
}
