{
  "results": [
    {
      "command": "cargo build --jobs 16 --release --example breakout",
      "mean": 77.52439108162,
      "stddev": 0.24734787272387398,
      "median": 77.61467179512,
      "user": 1133.56917868,
      "system": 29.626651359999993,
      "min": 77.14337060562,
      "max": 77.77512979762,
      "times": [
        77.77512979762,
        77.30734175062,
        77.14337060562,
        77.35855664562,
        77.75583813162,
        77.71312662062,
        77.21473250162,
        77.74647117262,
        77.70760374362,
        77.52173984662001
      ],
      "exit_codes": [
        0,
        0,
        0,
        0,
        0,
        0,
        0,
        0,
        0,
        0
      ]
    }
  ]
}
