{
  "results": [
    {
      "command": "cargo build --jobs 16 --release --example breakout",
      "mean": 75.8843492444,
      "stddev": 0.22352872675099936,
      "median": 75.90509182390001,
      "user": 1144.13837686,
      "system": 29.3340869,
      "min": 75.56006321640001,
      "max": 76.33821209640001,
      "times": [
        75.6268575104,
        75.7350413414,
        75.96374755340001,
        75.99119415640001,
        76.33821209640001,
        75.7944085374,
        75.86135316340001,
        76.0237843844,
        75.56006321640001,
        75.9488304844
      ],
      "exit_codes": [
        0,
        0,
        0,
        0,
        0,
        0,
        0,
        0,
        0,
        0
      ]
    }
  ]
}
