{
  "results": [
    {
      "command": "cargo build --jobs 8 --release --example breakout",
      "mean": 117.38705370958,
      "stddev": 0.2730002538000075,
      "median": 117.41556357688,
      "user": 904.3499042999998,
      "system": 23.812798419999996,
      "min": 116.97844509338,
      "max": 117.84504949138001,
      "times": [
        117.45914842638001,
        117.37236068738001,
        117.02935652938001,
        116.97844509338,
        117.26164608938001,
        117.84504949138001,
        117.61619189038001,
        117.45876646638001,
        117.63028405038001,
        117.21928837138
      ],
      "exit_codes": [
        0,
        0,
        0,
        0,
        0,
        0,
        0,
        0,
        0,
        0
      ]
    }
  ]
}
