{
  "results": [
    {
      "command": "cargo build --jobs 8 --release --example breakout",
      "mean": 121.38113411269998,
      "stddev": 0.23147544554433958,
      "median": 121.41553521350001,
      "user": 916.8599828999999,
      "system": 24.6748211,
      "min": 121.00735073700001,
      "max": 121.652705979,
      "times": [
        121.38900196600001,
        121.00735073700001,
        121.55001375900001,
        121.442068461,
        121.27283811400001,
        121.60033356000001,
        121.01172218,
        121.31487090200001,
        121.652705979,
        121.570435469
      ],
      "exit_codes": [
        0,
        0,
        0,
        0,
        0,
        0,
        0,
        0,
        0,
        0
      ]
    }
  ]
}
