{
  "results": [
    {
      "command": "cargo build --jobs 16 --release --example breakout",
      "mean": 79.98278780852,
      "stddev": 0.43686566387165726,
      "median": 80.16188682912,
      "user": 1153.14856038,
      "system": 29.9260086,
      "min": 79.06457931662,
      "max": 80.35579862162,
      "times": [
        79.81810612762,
        80.31495332162,
        79.06457931662,
        80.21577017861999,
        80.34922378662,
        79.98806278962,
        80.19928335262,
        80.12449030562,
        80.35579862162,
        79.39761028462
      ],
      "exit_codes": [
        0,
        0,
        0,
        0,
        0,
        0,
        0,
        0,
        0,
        0
      ]
    }
  ]
}
