{
  "results": [
    {
      "command": "cargo build --jobs 16 --release --example breakout",
      "mean": 80.14684774174,
      "stddev": 0.2335703168512133,
      "median": 80.20277336724,
      "user": 1154.6784481,
      "system": 30.22011384,
      "min": 79.78595301474,
      "max": 80.47937391274,
      "times": [
        80.27007183474,
        79.83672883874,
        79.90890596474,
        80.13547489974,
        80.27879371774,
        80.33855954974,
        79.78595301474,
        80.31212668674,
        80.12248899773999,
        80.47937391274
      ],
      "exit_codes": [
        0,
        0,
        0,
        0,
        0,
        0,
        0,
        0,
        0,
        0
      ]
    }
  ]
}
