{
  "results": [
    {
      "command": "cargo build --jobs 16 --release --example breakout",
      "mean": 98.30265004834,
      "stddev": 5.871732376927458,
      "median": 96.19513959904,
      "user": 1338.2000875199997,
      "system": 32.958689719999995,
      "min": 95.97843509154,
      "max": 114.92384499154001,
      "times": [
        114.92384499154001,
        96.18785422154001,
        96.15937698254001,
        95.97843509154,
        96.00367625254,
        96.10146871354,
        96.44162347354,
        96.20242497654,
        97.11767342954,
        97.91012235054001
      ],
      "exit_codes": [
        0,
        0,
        0,
        0,
        0,
        0,
        0,
        0,
        0,
        0
      ]
    }
  ]
}
