{
  "results": [
    {
      "command": "cargo build --jobs 8 --release --example breakout",
      "mean": 139.73045172546,
      "stddev": 0.14067732653853893,
      "median": 139.73608114176,
      "user": 1069.83025158,
      "system": 26.411494599999997,
      "min": 139.52203537026,
      "max": 139.97737144726,
      "times": [
        139.59612479926,
        139.78815253526,
        139.73557303026,
        139.61650617826,
        139.65724547926,
        139.76321957226,
        139.97737144726,
        139.52203537026,
        139.73658925326,
        139.91169958926
      ],
      "exit_codes": [
        0,
        0,
        0,
        0,
        0,
        0,
        0,
        0,
        0,
        0
      ]
    }
  ]
}
