{
  "results": [
    {
      "command": "cargo build --jobs 8 --release --example breakout",
      "mean": 123.54941466503999,
      "stddev": 0.3393926316466771,
      "median": 123.43541935784,
      "user": 949.5681504800001,
      "system": 23.95639214,
      "min": 123.30315837834,
      "max": 124.43039992834,
      "times": [
        123.31683158934,
        123.40017321134,
        123.39461410334,
        123.30315837834,
        123.32403697834,
        123.55986338934,
        123.53915648934,
        123.75524707833999,
        123.47066550433999,
        124.43039992834
      ],
      "exit_codes": [
        0,
        0,
        0,
        0,
        0,
        0,
        0,
        0,
        0,
        0
      ]
    }
  ]
}
