{
  "results": [
    {
      "command": "cargo build --jobs 16 --release --example breakout",
      "mean": 81.19055015432,
      "stddev": 0.5753213170342782,
      "median": 81.18830370412,
      "user": 1192.4290403599998,
      "system": 29.70972574,
      "min": 80.04579792312,
      "max": 81.93496024812,
      "times": [
        80.80429576712,
        80.04579792312,
        80.86153740312,
        80.83429350712,
        81.68025890112,
        81.64662725212,
        81.72112313312,
        81.20630518212,
        81.93496024812,
        81.17030222612
      ],
      "exit_codes": [
        0,
        0,
        0,
        0,
        0,
        0,
        0,
        0,
        0,
        0
      ]
    }
  ]
}
