{
  "results": [
    {
      "command": "cargo build --jobs 16 --release --example breakout",
      "mean": 75.57073396432,
      "stddev": 0.16694084850206062,
      "median": 75.54528185532,
      "user": 1136.16503562,
      "system": 29.650581659999993,
      "min": 75.39074063682,
      "max": 75.97866711882,
      "times": [
        75.58574296482,
        75.43370191582,
        75.46806341982,
        75.39074063682,
        75.52621434582,
        75.97866711882,
        75.48207565382,
        75.56434936482,
        75.67949845882,
        75.59828576382
      ],
      "exit_codes": [
        0,
        0,
        0,
        0,
        0,
        0,
        0,
        0,
        0,
        0
      ]
    }
  ]
}
