{
  "results": [
    {
      "command": "cargo build --jobs 8 --release --example breakout",
      "mean": 116.83799570424,
      "stddev": 0.11332573430403449,
      "median": 116.83975955484001,
      "user": 900.2412546399999,
      "system": 23.618529379999995,
      "min": 116.63256289134,
      "max": 117.01497101334,
      "times": [
        116.83702218634001,
        116.99741662234,
        117.01497101334,
        116.78104236634,
        116.75440828734,
        116.88806966934,
        116.63256289134,
        116.85418268034,
        116.84249692334001,
        116.77778440234
      ],
      "exit_codes": [
        0,
        0,
        0,
        0,
        0,
        0,
        0,
        0,
        0,
        0
      ]
    }
  ]
}
