{
  "results": [
    {
      "command": "cargo build --jobs 8 --release --example breakout",
      "mean": 116.93197469504,
      "stddev": 0.23785932376975247,
      "median": 116.86373397574,
      "user": 900.2831215999998,
      "system": 24.162975759999995,
      "min": 116.70570005074,
      "max": 117.51521350874,
      "times": [
        116.76821344074001,
        116.97522602974,
        116.78937697874001,
        117.01552798474,
        117.06196016474,
        116.76106084074,
        116.92030581474,
        117.51521350874,
        116.80716213674,
        116.70570005074
      ],
      "exit_codes": [
        0,
        0,
        0,
        0,
        0,
        0,
        0,
        0,
        0,
        0
      ]
    }
  ]
}
