{
  "results": [
    {
      "command": "cargo build --jobs 16 --release --example breakout",
      "mean": 91.29328065726,
      "stddev": 2.209365116775576,
      "median": 91.27574249765999,
      "user": 1276.09808434,
      "system": 30.82914082,
      "min": 88.92362977716,
      "max": 96.71887855816,
      "times": [
        89.23456091916,
        88.92362977716,
        91.69946116016,
        96.71887855816,
        92.17980150216,
        89.88484662516,
        91.58992601416,
        91.62840034316,
        90.11174269215999,
        90.96155898116
      ],
      "exit_codes": [
        0,
        0,
        0,
        0,
        0,
        0,
        0,
        0,
        0,
        0
      ]
    }
  ]
}
